child_dgroup_id,parent_type,parent_id,parent_label,child_name
DG00003,dgroup,DG01447,Aminoglycoside antibiotic,Neomycin
DG00004,dgroup,DG01883,Imidazole antifungal,Miconazole
DG00004,dgroup,DG01643,CYP2C9 inhibitor,Miconazole
DG00004,dgroup,DG02852,CYP3A/CYP3A4 inhibitor,Miconazole
DG00005,dgroup,DG01197,Tetracycline antibiotic,Tetracycline
DG00006,dgroup,DG01884,Imidazole antiprotozoal,Metronidazole
DG00006,dgroup,DG01638,CYP2A6 substrate,Metronidazole
DG00006,dgroup,DG01643,CYP2C9 inhibitor,Metronidazole
DG00007,dgroup,DG01197,Tetracycline antibiotic,Chlortetracycline
DG00008,dgroup,DG01197,Tetracycline antibiotic,Doxycycline
DG00009,dgroup,DG01197,Tetracycline antibiotic,Minocycline
DG00010,dgroup,DG01955,Corticosteroid,Triamcinolone
DG00010,dgroup,DG02068,Glucocorticoid,Triamcinolone
DG00011,dgroup,DG01955,Corticosteroid,Dexamethasone
DG00011,dgroup,DG02068,Glucocorticoid,Dexamethasone
DG00011,dgroup,DG01633,CYP3A/CYP3A4 substrate,Dexamethasone
DG00011,dgroup,DG02913,CYP3A4 substrate,Dexamethasone
DG00011,dgroup,DG02853,CYP3A/CYP3A4 inducer,Dexamethasone
DG00011,dgroup,DG01635,CYP3A4 inducer,Dexamethasone
DG00012,dgroup,DG01955,Corticosteroid,Hydrocortisone
DG00012,dgroup,DG02068,Glucocorticoid,Hydrocortisone
DG00012,dgroup,DG01633,CYP3A/CYP3A4 substrate,Hydrocortisone
DG00013,dgroup,DG01703,Cardiotonic,Epinephrine
DG00013,dgroup,DG01699,Catecholamine cardiotonic,Epinephrine
DG00013,dgroup,DG01456,Adrenergic receptor agonist,Epinephrine
DG00013,dgroup,DG01951,Catecholamine adrenergic receptor agonist,Epinephrine
DG00013,dgroup,DG01592,COMT substrate,Epinephrine
DG00013,dgroup,DG02917,MAO substrate,Epinephrine
DG00014,dgroup,DG01504,Nonsteroidal anti-inflammatory drug (NSAID),Benzydamine
DG00015,dgroup,DG01950,Antithrombotic agent,Acetylsalicylic acid
DG00015,dgroup,DG01712,Antiplatelet agent,Acetylsalicylic acid
DG00015,dgroup,DG01504,Nonsteroidal anti-inflammatory drug (NSAID),Acetylsalicylic acid
DG00015,dgroup,DG01909,"Anti-inflammatory drug, salicylic acid derivatives",Acetylsalicylic acid
DG00016,dgroup,DG01456,Adrenergic receptor agonist,Adrenalone
DG00016,dgroup,DG01450,alpha-Adrenergic receptor agonist,Adrenalone
DG00016,dgroup,DG01448,alpha1-Adrenergic receptor agonist,Adrenalone
DG00016,dgroup,DG01951,Catecholamine adrenergic receptor agonist,Adrenalone
DG00017,dgroup,DG01975,Agents for peptic ulcer,Cimetidine
DG00017,dgroup,DG01481,Histamine receptor H2 antagonist,Cimetidine
DG00017,dgroup,DG01645,CYP2D6 inhibitor,Cimetidine
DG00017,dgroup,DG02852,CYP3A/CYP3A4 inhibitor,Cimetidine
DG00017,dgroup,DG01522,CYP3A4 inhibitor,Cimetidine
DG00018,dgroup,DG01975,Agents for peptic ulcer,Ranitidine
DG00018,dgroup,DG01481,Histamine receptor H2 antagonist,Ranitidine
DG00018,dgroup,DG01645,CYP2D6 inhibitor,Ranitidine
DG00018,dgroup,DG02852,CYP3A/CYP3A4 inhibitor,Ranitidine
DG00018,dgroup,DG02854,SLC22A2 substrate,Ranitidine
DG00018,dgroup,DG02863,SLC22A2 inhibitor,Ranitidine
DG00019,dgroup,DG01975,Agents for peptic ulcer,Roxatidine
DG00019,dgroup,DG01481,Histamine receptor H2 antagonist,Roxatidine
DG00020,dgroup,DG01975,Agents for peptic ulcer,Omeprazole
DG00020,dgroup,DG01646,Proton pump inhibitor (PPI),Omeprazole
DG00020,dgroup,DG01639,CYP2C19 substrate,Omeprazole
DG00020,dgroup,DG01633,CYP3A/CYP3A4 substrate,Omeprazole
DG00020,dgroup,DG02913,CYP3A4 substrate,Omeprazole
DG00021,dgroup,DG01975,Agents for peptic ulcer,Pantoprazole
DG00021,dgroup,DG01646,Proton pump inhibitor (PPI),Pantoprazole
DG00021,dgroup,DG01639,CYP2C19 substrate,Pantoprazole
DG00021,dgroup,DG01633,CYP3A/CYP3A4 substrate,Pantoprazole
DG00021,dgroup,DG02913,CYP3A4 substrate,Pantoprazole
DG00022,dgroup,DG01975,Agents for peptic ulcer,Rabeprazole
DG00022,dgroup,DG01646,Proton pump inhibitor (PPI),Rabeprazole
DG00022,dgroup,DG01639,CYP2C19 substrate,Rabeprazole
DG00022,dgroup,DG01633,CYP3A/CYP3A4 substrate,Rabeprazole
DG00022,dgroup,DG02913,CYP3A4 substrate,Rabeprazole
DG00023,dgroup,DG01975,Agents for peptic ulcer,Esomeprazole
DG00023,dgroup,DG01646,Proton pump inhibitor (PPI),Esomeprazole
DG00023,dgroup,DG01639,CYP2C19 substrate,Esomeprazole
DG00023,dgroup,DG01633,CYP3A/CYP3A4 substrate,Esomeprazole
DG00023,dgroup,DG02913,CYP3A4 substrate,Esomeprazole
DG00025,dgroup,DG01975,Agents for peptic ulcer,Sucralfate
DG00025,dgroup,DG02008,Gastric mucosal protectant,Sucralfate
DG00026,dgroup,DG01491,Muscarinic cholinergic receptor antagonist,Pirenzepine
DG00026,dgroup,DG01975,Agents for peptic ulcer,Pirenzepine
DG00028,dgroup,DG01975,Agents for peptic ulcer,Alginic acid
DG00028,dgroup,DG02008,Gastric mucosal protectant,Alginic acid
DG00029,dgroup,DG01491,Muscarinic cholinergic receptor antagonist,Oxyphencyclimine
DG00030,dgroup,DG01491,Muscarinic cholinergic receptor antagonist,Mebeverine
DG00031,dgroup,DG01587,Opioid receptor agonist/antagonist,Trimebutine
DG00032,dgroup,DG01491,Muscarinic cholinergic receptor antagonist,Dicycloverine
DG00033,dgroup,DG01491,Muscarinic cholinergic receptor antagonist,Dihexyverine
DG00034,dgroup,DG01491,Muscarinic cholinergic receptor antagonist,Piperidolate
DG00034,dgroup,DG01975,Agents for peptic ulcer,Piperidolate
DG00035,dgroup,DG01491,Muscarinic cholinergic receptor antagonist,Propantheline
DG00035,dgroup,DG01975,Agents for peptic ulcer,Propantheline
DG00036,dgroup,DG01491,Muscarinic cholinergic receptor antagonist,Methantheline
DG00037,dgroup,DG01491,Muscarinic cholinergic receptor antagonist,Tridihexethyl
DG00038,dgroup,DG01491,Muscarinic cholinergic receptor antagonist,Isopropamide
DG00039,dgroup,DG01491,Muscarinic cholinergic receptor antagonist,Hexocyclium
DG00040,dgroup,DG01491,Muscarinic cholinergic receptor antagonist,Mepenzolate
DG00041,dgroup,DG01491,Muscarinic cholinergic receptor antagonist,Timepidium bromide
DG00041,dgroup,DG01975,Agents for peptic ulcer,Timepidium bromide
DG00046,dgroup,DG01489,5-HT3-receptor antagonist,Alosetron
DG00046,dgroup,DG01892,CYP1A2 substrate,Alosetron
DG00046,dgroup,DG01642,CYP2C9 substrate,Alosetron
DG00046,dgroup,DG01633,CYP3A/CYP3A4 substrate,Alosetron
DG00046,dgroup,DG02913,CYP3A4 substrate,Alosetron
DG00047,dgroup,DG01489,5-HT3-receptor antagonist,Cilansetron
DG00050,dgroup,DG01497,Catechol O-methyltransferase inhibitor,Phloroglucinol
DG00052,dgroup,DG01491,Muscarinic cholinergic receptor antagonist,Atropine
DG00053,dgroup,DG01491,Muscarinic cholinergic receptor antagonist,Hyoscyamine
DG00055,dgroup,DG01478,Dopamine antagonist,Metoclopramide
DG00055,dgroup,DG01474,Dopamine D2-receptor antagonist,Metoclopramide
DG00055,dgroup,DG01763,Propulsive,Metoclopramide
DG00055,dgroup,DG01489,5-HT3-receptor antagonist,Metoclopramide
DG00055,dgroup,DG01762,Antiemetic,Metoclopramide
DG00055,dgroup,DG01783,Benzamide type antiemetic,Metoclopramide
DG00055,dgroup,DG01644,CYP2D6 substrate,Metoclopramide
DG00055,dgroup,DG01645,CYP2D6 inhibitor,Metoclopramide
DG00056,dgroup,DG01763,Propulsive,Cisapride
DG00056,dgroup,DG01633,CYP3A/CYP3A4 substrate,Cisapride
DG00057,dgroup,DG01478,Dopamine antagonist,Domperidone
DG00057,dgroup,DG01474,Dopamine D2-receptor antagonist,Domperidone
DG00057,dgroup,DG01763,Propulsive,Domperidone
DG00057,dgroup,DG01762,Antiemetic,Domperidone
DG00057,dgroup,DG01633,CYP3A/CYP3A4 substrate,Domperidone
DG00057,dgroup,DG02913,CYP3A4 substrate,Domperidone
DG00058,dgroup,DG01478,Dopamine antagonist,Alizapride
DG00058,dgroup,DG01474,Dopamine D2-receptor antagonist,Alizapride
DG00058,dgroup,DG01763,Propulsive,Alizapride
DG00058,dgroup,DG01762,Antiemetic,Alizapride
DG00058,dgroup,DG01783,Benzamide type antiemetic,Alizapride
DG00059,dgroup,DG01478,Dopamine antagonist,Clebopride
DG00059,dgroup,DG01474,Dopamine D2-receptor antagonist,Clebopride
DG00059,dgroup,DG01763,Propulsive,Clebopride
DG00059,dgroup,DG01762,Antiemetic,Clebopride
DG00059,dgroup,DG01783,Benzamide type antiemetic,Clebopride
DG00060,dgroup,DG01489,5-HT3-receptor antagonist,Ondansetron
DG00060,dgroup,DG01762,Antiemetic,Ondansetron
DG00060,dgroup,DG01892,CYP1A2 substrate,Ondansetron
DG00060,dgroup,DG01644,CYP2D6 substrate,Ondansetron
DG00060,dgroup,DG01633,CYP3A/CYP3A4 substrate,Ondansetron
DG00060,dgroup,DG02913,CYP3A4 substrate,Ondansetron
DG00061,dgroup,DG01489,5-HT3-receptor antagonist,Granisetron
DG00061,dgroup,DG01762,Antiemetic,Granisetron
DG00061,dgroup,DG01891,CYP1A1 substrate,Granisetron
DG00061,dgroup,DG01633,CYP3A/CYP3A4 substrate,Granisetron
DG00061,dgroup,DG02913,CYP3A4 substrate,Granisetron
DG00062,dgroup,DG01489,5-HT3-receptor antagonist,Tropisetron
DG00062,dgroup,DG01762,Antiemetic,Tropisetron
DG00063,dgroup,DG01489,5-HT3-receptor antagonist,Dolasetron
DG00063,dgroup,DG01762,Antiemetic,Dolasetron
DG00063,dgroup,DG01644,CYP2D6 substrate,Dolasetron
DG00063,dgroup,DG01633,CYP3A/CYP3A4 substrate,Dolasetron
DG00064,dgroup,DG01489,5-HT3-receptor antagonist,Palonosetron
DG00064,dgroup,DG01762,Antiemetic,Palonosetron
DG00064,dgroup,DG01892,CYP1A2 substrate,Palonosetron
DG00064,dgroup,DG01644,CYP2D6 substrate,Palonosetron
DG00064,dgroup,DG01633,CYP3A/CYP3A4 substrate,Palonosetron
DG00064,dgroup,DG02913,CYP3A4 substrate,Palonosetron
DG00065,dgroup,DG01491,Muscarinic cholinergic receptor antagonist,Scopolamine
DG00065,dgroup,DG01762,Antiemetic,Scopolamine
DG00066,dgroup,DG01762,Antiemetic,Aprepitant
DG00066,dgroup,DG01633,CYP3A/CYP3A4 substrate,Aprepitant
DG00066,dgroup,DG02913,CYP3A4 substrate,Aprepitant
DG00066,dgroup,DG02852,CYP3A/CYP3A4 inhibitor,Aprepitant
DG00066,dgroup,DG01522,CYP3A4 inhibitor,Aprepitant
DG00066,dgroup,DG02886,CYP2C9 inducer,Aprepitant
DG00066,dgroup,DG02853,CYP3A/CYP3A4 inducer,Aprepitant
DG00066,dgroup,DG01635,CYP3A4 inducer,Aprepitant
DG00068,dgroup,DG01770,Laxative,Oxyphenisatine
DG00069,dgroup,DG01770,Laxative,Bisacodyl
DG00070,dgroup,DG01770,Laxative,Phenolphthalein
DG00071,dgroup,DG01770,Laxative,Castor oil
DG00072,dgroup,DG01770,Laxative,Sodium picosulfate
DG00075,dgroup,DG01770,Laxative,Sodium sulfate
DG00078,dgroup,DG01586,Opioid receptor antagonist,Naloxegol
DG00078,dgroup,DG01770,Laxative,Naloxegol
DG00078,dgroup,DG01633,CYP3A/CYP3A4 substrate,Naloxegol
DG00079,dgroup,DG01770,Laxative,Linaclotide
DG00080,dgroup,DG01770,Laxative,Prucalopride
DG00081,dgroup,DG02924,UGT substrate,Tegaserod
DG00082,dgroup,DG01447,Aminoglycoside antibiotic,Streptomycin
DG00082,dgroup,DG01966,Antitubercular,Streptomycin
DG00083,dgroup,DG01579,Polypeptide antibiotic,Polymyxin B
DG00084,dgroup,DG01447,Aminoglycoside antibiotic,Paromomycin
DG00085,dgroup,DG01447,Aminoglycoside antibiotic,Kanamycin
DG00085,dgroup,DG01966,Antitubercular,Kanamycin
DG00086,dgroup,DG01580,Glycopeptide antibiotic,Vancomycin
DG00087,dgroup,DG01579,Polypeptide antibiotic,Colistin
DG00088,dgroup,DG01787,Sulfonamide antibacterial,Succinylsulfathiazole
DG00088,dgroup,DG01784,Short-acting sulfonamide,Succinylsulfathiazole
DG00090,dgroup,DG01564,Opioid receptor agonist,Diphenoxylate
DG00090,dgroup,DG01563,mu-Opioid receptor agonist,Diphenoxylate
DG00091,dgroup,DG01984,Opioid analgesics,Opium
DG00092,dgroup,DG01564,Opioid receptor agonist,Loperamide
DG00092,dgroup,DG02918,CYP2C8 substrate,Loperamide
DG00092,dgroup,DG01633,CYP3A/CYP3A4 substrate,Loperamide
DG00092,dgroup,DG02913,CYP3A4 substrate,Loperamide
DG00092,dgroup,DG01665,ABCB1 substrate,Loperamide
DG00093,dgroup,DG01955,Corticosteroid,Prednisolone
DG00093,dgroup,DG02068,Glucocorticoid,Prednisolone
DG00094,dgroup,DG01955,Corticosteroid,Prednisone
DG00094,dgroup,DG02068,Glucocorticoid,Prednisone
DG00095,dgroup,DG01955,Corticosteroid,Betamethasone
DG00095,dgroup,DG02068,Glucocorticoid,Betamethasone
DG00096,dgroup,DG01955,Corticosteroid,Tixocortol
DG00096,dgroup,DG02068,Glucocorticoid,Tixocortol
DG00097,dgroup,DG01955,Corticosteroid,Beclometasone
DG00097,dgroup,DG02068,Glucocorticoid,Beclometasone
DG00098,dgroup,DG01805,Mediator release inhibitor,Cromoglicic acid
DG00099,dgroup,DG01504,Nonsteroidal anti-inflammatory drug (NSAID),Olsalazine
DG00099,dgroup,DG01909,"Anti-inflammatory drug, salicylic acid derivatives",Olsalazine
DG00100,dgroup,DG01504,Nonsteroidal anti-inflammatory drug (NSAID),Balsalazide
DG00100,dgroup,DG01909,"Anti-inflammatory drug, salicylic acid derivatives",Balsalazide
DG00102,dgroup,DG01705,Anoretic,Phentermine
DG00102,dgroup,DG01704,Phenethylamine anorexic,Phentermine
DG00103,dgroup,DG01705,Anoretic,Fenfluramine
DG00103,dgroup,DG01704,Phenethylamine anorexic,Fenfluramine
DG00103,dgroup,DG01892,CYP1A2 substrate,Fenfluramine
DG00103,dgroup,DG02919,CYP2B6 substrate,Fenfluramine
DG00103,dgroup,DG01642,CYP2C9 substrate,Fenfluramine
DG00103,dgroup,DG01639,CYP2C19 substrate,Fenfluramine
DG00103,dgroup,DG01644,CYP2D6 substrate,Fenfluramine
DG00103,dgroup,DG01633,CYP3A/CYP3A4 substrate,Fenfluramine
DG00103,dgroup,DG02913,CYP3A4 substrate,Fenfluramine
DG00103,dgroup,DG02925,CYP3A5 substrate,Fenfluramine
DG00104,dgroup,DG01705,Anoretic,Amfepramone
DG00104,dgroup,DG01704,Phenethylamine anorexic,Amfepramone
DG00105,dgroup,DG01705,Anoretic,Dexfenfluramine
DG00105,dgroup,DG01704,Phenethylamine anorexic,Dexfenfluramine
DG00105,dgroup,DG01644,CYP2D6 substrate,Dexfenfluramine
DG00106,dgroup,DG01705,Anoretic,Cathine
DG00106,dgroup,DG01704,Phenethylamine anorexic,Cathine
DG00107,dgroup,DG01705,Anoretic,Mefenorex
DG00107,dgroup,DG01704,Phenethylamine anorexic,Mefenorex
DG00108,dgroup,DG01705,Anoretic,Sibutramine
DG00108,dgroup,DG01704,Phenethylamine anorexic,Sibutramine
DG00112,dgroup,DG01685,Insulin sensitizer,Phenformin
DG00112,dgroup,DG01684,Biguanide antidiabetic,Phenformin
DG00112,dgroup,DG02044,Hypoglycemic agent,Phenformin
DG00112,dgroup,DG01684,Biguanide antidiabetic,Phenformin
DG00112,dgroup,DG01644,CYP2D6 substrate,Phenformin
DG00113,dgroup,DG01685,Insulin sensitizer,Metformin
DG00113,dgroup,DG01684,Biguanide antidiabetic,Metformin
DG00113,dgroup,DG02044,Hypoglycemic agent,Metformin
DG00113,dgroup,DG01684,Biguanide antidiabetic,Metformin
DG00114,dgroup,DG01685,Insulin sensitizer,Buformin
DG00114,dgroup,DG01684,Biguanide antidiabetic,Buformin
DG00114,dgroup,DG02044,Hypoglycemic agent,Buformin
DG00114,dgroup,DG01684,Biguanide antidiabetic,Buformin
DG00115,dgroup,DG01508,Sulfonylurea receptor agonist,Tolbutamide
DG00115,dgroup,DG01734,Sulfonylurea,Tolbutamide
DG00115,dgroup,DG02044,Hypoglycemic agent,Tolbutamide
DG00115,dgroup,DG01734,Sulfonylurea,Tolbutamide
DG00116,dgroup,DG01685,Insulin sensitizer,Rosiglitazone
DG00116,dgroup,DG01795,PPAR gamma agonist,Rosiglitazone
DG00116,dgroup,DG01683,Thiazolidinedione,Rosiglitazone
DG00116,dgroup,DG02044,Hypoglycemic agent,Rosiglitazone
DG00116,dgroup,DG01683,Thiazolidinedione,Rosiglitazone
DG00117,dgroup,DG01685,Insulin sensitizer,Pioglitazone
DG00117,dgroup,DG01795,PPAR gamma agonist,Pioglitazone
DG00117,dgroup,DG01683,Thiazolidinedione,Pioglitazone
DG00117,dgroup,DG02044,Hypoglycemic agent,Pioglitazone
DG00117,dgroup,DG01683,Thiazolidinedione,Pioglitazone
DG00117,dgroup,DG02918,CYP2C8 substrate,Pioglitazone
DG00118,dgroup,DG02044,Hypoglycemic agent,Sitagliptin
DG00118,dgroup,DG01601,DPP-4 inhibitor,Sitagliptin
DG00119,dgroup,DG02044,Hypoglycemic agent,Saxagliptin
DG00119,dgroup,DG01601,DPP-4 inhibitor,Saxagliptin
DG00119,dgroup,DG01633,CYP3A/CYP3A4 substrate,Saxagliptin
DG00119,dgroup,DG02913,CYP3A4 substrate,Saxagliptin
DG00119,dgroup,DG02925,CYP3A5 substrate,Saxagliptin
DG00120,dgroup,DG02044,Hypoglycemic agent,Pramlintide
DG00121,dgroup,DG02044,Hypoglycemic agent,Benfluorex
DG00121,dgroup,DG01705,Anoretic,Benfluorex
DG00121,dgroup,DG01704,Phenethylamine anorexic,Benfluorex
DG00122,dgroup,DG02044,Hypoglycemic agent,Dapagliflozin
DG00122,dgroup,DG01794,SGLT2 inhibitor,Dapagliflozin
DG00122,dgroup,DG02924,UGT substrate,Dapagliflozin
DG00122,dgroup,DG03188,UGT1A9 substrate,Dapagliflozin
DG00123,dgroup,DG01604,Retinol derivative,Retinol (vit A)
DG00123,dgroup,DG02918,CYP2C8 substrate,Retinol (vit A)
DG00134,dgroup,DG01980,Calcium,Calcium phosphate
DG00135,dgroup,DG01980,Calcium,Calcium gluconate
DG00136,dgroup,DG01980,Calcium,Calcium lactate
DG00137,dgroup,DG01980,Calcium,Calcium chloride
DG00139,dgroup,DG01979,Magnesium containing preparation,Magnesium chloride
DG00140,dgroup,DG01590,Androgen receptor agonist,Metenolone
DG00140,dgroup,DG01605,Anabolic steroid,Metenolone
DG00141,dgroup,DG01590,Androgen receptor agonist,Prasterone
DG00141,dgroup,DG01605,Anabolic steroid,Prasterone
DG00142,dgroup,DG01590,Androgen receptor agonist,Nandrolone
DG00142,dgroup,DG01605,Anabolic steroid,Nandrolone
DG00148,dgroup,DG01644,CYP2D6 substrate,Eliglustat
DG00148,dgroup,DG01633,CYP3A/CYP3A4 substrate,Eliglustat
DG00148,dgroup,DG02913,CYP3A4 substrate,Eliglustat
DG00148,dgroup,DG01665,ABCB1 substrate,Eliglustat
DG00149,dgroup,DG01950,Antithrombotic agent,Warfarin
DG00149,dgroup,DG01708,Coumarin anticoagulant,Warfarin
DG00149,dgroup,DG01760,Warfarin and analog,Warfarin
DG00149,dgroup,DG01642,CYP2C9 substrate,Warfarin
DG00150,dgroup,DG01950,Antithrombotic agent,Heparin
DG00150,dgroup,DG01709,Heparin anticoagulant,Heparin
DG00154,dgroup,DG01950,Antithrombotic agent,Cloricromen
DG00154,dgroup,DG01708,Coumarin anticoagulant,Cloricromen
DG00154,dgroup,DG01712,Antiplatelet agent,Cloricromen
DG00155,dgroup,DG01950,Antithrombotic agent,Clopidogrel
DG00155,dgroup,DG01712,Antiplatelet agent,Clopidogrel
DG00155,dgroup,DG01808,Thienopyridine,Clopidogrel
DG00155,dgroup,DG01809,P2Y12 receptor antagonist,Clopidogrel
DG00155,dgroup,DG01808,Thienopyridine,Clopidogrel
DG00155,dgroup,DG01892,CYP1A2 substrate,Clopidogrel
DG00155,dgroup,DG02919,CYP2B6 substrate,Clopidogrel
DG00155,dgroup,DG01639,CYP2C19 substrate,Clopidogrel
DG00155,dgroup,DG01633,CYP3A/CYP3A4 substrate,Clopidogrel
DG00155,dgroup,DG02913,CYP3A4 substrate,Clopidogrel
DG00155,dgroup,DG01641,CYP2C8 inhibitor,Clopidogrel
DG00156,dgroup,DG01950,Antithrombotic agent,Ticlopidine
DG00156,dgroup,DG01712,Antiplatelet agent,Ticlopidine
DG00156,dgroup,DG01808,Thienopyridine,Ticlopidine
DG00156,dgroup,DG01809,P2Y12 receptor antagonist,Ticlopidine
DG00156,dgroup,DG01808,Thienopyridine,Ticlopidine
DG00156,dgroup,DG01634,CYP1A2 inhibitor,Ticlopidine
DG00156,dgroup,DG02892,CYP2B6 inhibitor,Ticlopidine
DG00156,dgroup,DG01933,CYP2C19 inhibitor,Ticlopidine
DG00156,dgroup,DG01645,CYP2D6 inhibitor,Ticlopidine
DG00157,dgroup,DG01950,Antithrombotic agent,Epoprostenol
DG00157,dgroup,DG01712,Antiplatelet agent,Epoprostenol
DG00157,dgroup,DG01961,Prostaglandin derivative,Epoprostenol
DG00157,dgroup,DG01810,Prostacycline derivative,Epoprostenol
DG00158,dgroup,DG01950,Antithrombotic agent,Iloprost
DG00158,dgroup,DG01712,Antiplatelet agent,Iloprost
DG00158,dgroup,DG01961,Prostaglandin derivative,Iloprost
DG00158,dgroup,DG01810,Prostacycline derivative,Iloprost
DG00159,dgroup,DG01950,Antithrombotic agent,Tirofiban
DG00159,dgroup,DG01712,Antiplatelet agent,Tirofiban
DG00159,dgroup,DG01811,Fibrinogen receptor antagonist,Tirofiban
DG00160,dgroup,DG01950,Antithrombotic agent,Beraprost
DG00160,dgroup,DG01712,Antiplatelet agent,Beraprost
DG00160,dgroup,DG01961,Prostaglandin derivative,Beraprost
DG00160,dgroup,DG01810,Prostacycline derivative,Beraprost
DG00161,dgroup,DG01950,Antithrombotic agent,Treprostinil
DG00161,dgroup,DG01712,Antiplatelet agent,Treprostinil
DG00161,dgroup,DG01961,Prostaglandin derivative,Treprostinil
DG00161,dgroup,DG01810,Prostacycline derivative,Treprostinil
DG00161,dgroup,DG02918,CYP2C8 substrate,Treprostinil
DG00162,dgroup,DG01950,Antithrombotic agent,Urokinase
DG00162,dgroup,DG01707,Fibrinolytic,Urokinase
DG00162,dgroup,DG01701,Urokinase-type plasminogen activator,Urokinase
DG00163,dgroup,DG01950,Antithrombotic agent,Argatroban
DG00163,dgroup,DG01511,Thrombin inhibitor,Argatroban
DG00163,dgroup,DG01633,CYP3A/CYP3A4 substrate,Argatroban
DG00163,dgroup,DG02913,CYP3A4 substrate,Argatroban
DG00164,dgroup,DG01950,Antithrombotic agent,Dabigatran
DG00164,dgroup,DG01511,Thrombin inhibitor,Dabigatran
DG00164,dgroup,DG01665,ABCB1 substrate,Dabigatran
DG00165,dgroup,DG02016,Hemostatics,Camostat
DG00165,dgroup,DG02012,Antifibrinolytic,Camostat
DG00165,dgroup,DG01990,Serine protease inhibitor,Camostat
DG00166,dgroup,DG02016,Hemostatics,Menadione
DG00166,dgroup,DG02014,Blood coagulation accelerant,Menadione
DG00166,dgroup,DG01603,Vitamin K,Menadione
DG00167,dgroup,DG02016,Hemostatics,Human fibrinogen
DG00167,dgroup,DG02014,Blood coagulation accelerant,Human fibrinogen
DG00167,dgroup,DG02013,Blood coagulation factor,Human fibrinogen
DG00169,dgroup,DG02016,Hemostatics,Thrombin
DG00169,dgroup,DG02014,Blood coagulation accelerant,Thrombin
DG00170,dgroup,DG02016,Hemostatics,Blood coagulation factor VIII
DG00170,dgroup,DG02014,Blood coagulation accelerant,Blood coagulation factor VIII
DG00170,dgroup,DG02013,Blood coagulation factor,Blood coagulation factor VIII
DG00171,dgroup,DG02016,Hemostatics,Blood coagulation factor IX
DG00171,dgroup,DG02014,Blood coagulation accelerant,Blood coagulation factor IX
DG00171,dgroup,DG02013,Blood coagulation factor,Blood coagulation factor IX
DG00172,dgroup,DG02016,Hemostatics,Blood coagulation factor VII
DG00172,dgroup,DG02014,Blood coagulation accelerant,Blood coagulation factor VII
DG00172,dgroup,DG02013,Blood coagulation factor,Blood coagulation factor VII
DG00173,dgroup,DG02016,Hemostatics,Carbazochrome
DG00174,dgroup,DG01694,Iron preparation,Ferrous sulfate
DG00191,dgroup,DG01703,Cardiotonic,Metildigoxin
DG00191,dgroup,DG01698,Cardiac glycoside,Metildigoxin
DG00191,dgroup,DG01697,Digitalis cardiac glycoside,Metildigoxin
DG00191,dgroup,DG01653,Antiarrhythmics,Metildigoxin
DG00191,dgroup,DG01665,ABCB1 substrate,Metildigoxin
DG00192,dgroup,DG01653,Antiarrhythmics,Quinidine
DG00192,dgroup,DG01652,Class I antiarrhythmic agent,Quinidine
DG00192,dgroup,DG01649,Class Ia antiarrhythmic agent,Quinidine
DG00193,dgroup,DG01653,Antiarrhythmics,Procainamide
DG00193,dgroup,DG01652,Class I antiarrhythmic agent,Procainamide
DG00193,dgroup,DG01649,Class Ia antiarrhythmic agent,Procainamide
DG00193,dgroup,DG02928,NAT substrate,Procainamide
DG00193,dgroup,DG02858,SLC22A1 substrate,Procainamide
DG00193,dgroup,DG02854,SLC22A2 substrate,Procainamide
DG00193,dgroup,DG02964,SLC47A1 substrate,Procainamide
DG00193,dgroup,DG03002,SLC47A2 substrate,Procainamide
DG00194,dgroup,DG01653,Antiarrhythmics,Disopyramide
DG00194,dgroup,DG01652,Class I antiarrhythmic agent,Disopyramide
DG00194,dgroup,DG01649,Class Ia antiarrhythmic agent,Disopyramide
DG00194,dgroup,DG01633,CYP3A/CYP3A4 substrate,Disopyramide
DG00194,dgroup,DG02913,CYP3A4 substrate,Disopyramide
DG00195,dgroup,DG01653,Antiarrhythmics,Sparteine
DG00195,dgroup,DG01652,Class I antiarrhythmic agent,Sparteine
DG00195,dgroup,DG01649,Class Ia antiarrhythmic agent,Sparteine
DG00195,dgroup,DG01644,CYP2D6 substrate,Sparteine
DG00196,dgroup,DG01653,Antiarrhythmics,Lidocaine
DG00196,dgroup,DG01652,Class I antiarrhythmic agent,Lidocaine
DG00196,dgroup,DG01651,Class Ib antiarrhythmic agent,Lidocaine
DG00196,dgroup,DG02030,Anesthetics,Lidocaine
DG00196,dgroup,DG01675,Local anesthetic,Lidocaine
DG00196,dgroup,DG01673,Amide type local anesthetic,Lidocaine
DG00196,dgroup,DG01892,CYP1A2 substrate,Lidocaine
DG00196,dgroup,DG01633,CYP3A/CYP3A4 substrate,Lidocaine
DG00196,dgroup,DG02913,CYP3A4 substrate,Lidocaine
DG00197,dgroup,DG01653,Antiarrhythmics,Mexiletine
DG00197,dgroup,DG01652,Class I antiarrhythmic agent,Mexiletine
DG00197,dgroup,DG01651,Class Ib antiarrhythmic agent,Mexiletine
DG00197,dgroup,DG01892,CYP1A2 substrate,Mexiletine
DG00197,dgroup,DG01644,CYP2D6 substrate,Mexiletine
DG00198,dgroup,DG01653,Antiarrhythmics,Tocainide
DG00198,dgroup,DG01652,Class I antiarrhythmic agent,Tocainide
DG00198,dgroup,DG01651,Class Ib antiarrhythmic agent,Tocainide
DG00199,dgroup,DG01653,Antiarrhythmics,Aprindine
DG00199,dgroup,DG01652,Class I antiarrhythmic agent,Aprindine
DG00199,dgroup,DG01651,Class Ib antiarrhythmic agent,Aprindine
DG00199,dgroup,DG01644,CYP2D6 substrate,Aprindine
DG00200,dgroup,DG01653,Antiarrhythmics,Propafenone
DG00200,dgroup,DG01652,Class I antiarrhythmic agent,Propafenone
DG00200,dgroup,DG01650,Class Ic antiarrhythmic agent,Propafenone
DG00200,dgroup,DG01892,CYP1A2 substrate,Propafenone
DG00200,dgroup,DG01644,CYP2D6 substrate,Propafenone
DG00200,dgroup,DG01633,CYP3A/CYP3A4 substrate,Propafenone
DG00200,dgroup,DG02913,CYP3A4 substrate,Propafenone
DG00201,dgroup,DG01653,Antiarrhythmics,Flecainide
DG00201,dgroup,DG01652,Class I antiarrhythmic agent,Flecainide
DG00201,dgroup,DG01650,Class Ic antiarrhythmic agent,Flecainide
DG00201,dgroup,DG01644,CYP2D6 substrate,Flecainide
DG00202,dgroup,DG01653,Antiarrhythmics,Lorcainide
DG00202,dgroup,DG01652,Class I antiarrhythmic agent,Lorcainide
DG00202,dgroup,DG01650,Class Ic antiarrhythmic agent,Lorcainide
DG00203,dgroup,DG01653,Antiarrhythmics,Encainide
DG00203,dgroup,DG01652,Class I antiarrhythmic agent,Encainide
DG00203,dgroup,DG01650,Class Ic antiarrhythmic agent,Encainide
DG00203,dgroup,DG01644,CYP2D6 substrate,Encainide
DG00204,dgroup,DG01456,Adrenergic receptor agonist,Amiodarone
DG00204,dgroup,DG01455,beta-Adrenergic receptor agonist,Amiodarone
DG00204,dgroup,DG01451,beta1-Adrenergic receptor agonist,Amiodarone
DG00204,dgroup,DG01653,Antiarrhythmics,Amiodarone
DG00204,dgroup,DG01648,Class III antiarrhythmic agent,Amiodarone
DG00204,dgroup,DG01633,CYP3A/CYP3A4 substrate,Amiodarone
DG00204,dgroup,DG02913,CYP3A4 substrate,Amiodarone
DG00205,dgroup,DG01653,Antiarrhythmics,Ibutilide
DG00205,dgroup,DG01648,Class III antiarrhythmic agent,Ibutilide
DG00206,dgroup,DG01653,Antiarrhythmics,Tedisamil
DG00206,dgroup,DG01648,Class III antiarrhythmic agent,Tedisamil
DG00207,dgroup,DG01575,Calcium channel blocker,Dronedarone
DG00207,dgroup,DG01496,Calcium channel L type blocker,Dronedarone
DG00207,dgroup,DG01456,Adrenergic receptor agonist,Dronedarone
DG00207,dgroup,DG01653,Antiarrhythmics,Dronedarone
DG00207,dgroup,DG01648,Class III antiarrhythmic agent,Dronedarone
DG00207,dgroup,DG01633,CYP3A/CYP3A4 substrate,Dronedarone
DG00207,dgroup,DG01645,CYP2D6 inhibitor,Dronedarone
DG00207,dgroup,DG02852,CYP3A/CYP3A4 inhibitor,Dronedarone
DG00207,dgroup,DG01622,ABCB1 inhibitor,Dronedarone
DG00208,dgroup,DG01653,Antiarrhythmics,Moracizine
DG00208,dgroup,DG01637,CYP1A2 inducer,Moracizine
DG00209,dgroup,DG01653,Antiarrhythmics,Cibenzoline
DG00209,dgroup,DG01652,Class I antiarrhythmic agent,Cibenzoline
DG00209,dgroup,DG01649,Class Ia antiarrhythmic agent,Cibenzoline
DG00209,dgroup,DG01644,CYP2D6 substrate,Cibenzoline
DG00209,dgroup,DG01633,CYP3A/CYP3A4 substrate,Cibenzoline
DG00209,dgroup,DG02913,CYP3A4 substrate,Cibenzoline
DG00210,dgroup,DG01703,Cardiotonic,Etilefrine
DG00210,dgroup,DG01702,Phenethylamine cardiotonic,Etilefrine
DG00211,dgroup,DG01703,Cardiotonic,Isoprenaline
DG00211,dgroup,DG01699,Catecholamine cardiotonic,Isoprenaline
DG00211,dgroup,DG01456,Adrenergic receptor agonist,Isoprenaline
DG00211,dgroup,DG01455,beta-Adrenergic receptor agonist,Isoprenaline
DG00211,dgroup,DG01951,Catecholamine adrenergic receptor agonist,Isoprenaline
DG00211,dgroup,DG01592,COMT substrate,Isoprenaline
DG00212,dgroup,DG01703,Cardiotonic,Norepinephrine
DG00212,dgroup,DG01699,Catecholamine cardiotonic,Norepinephrine
DG00212,dgroup,DG01456,Adrenergic receptor agonist,Norepinephrine
DG00212,dgroup,DG01951,Catecholamine adrenergic receptor agonist,Norepinephrine
DG00212,dgroup,DG01592,COMT substrate,Norepinephrine
DG00212,dgroup,DG02917,MAO substrate,Norepinephrine
DG00213,dgroup,DG01703,Cardiotonic,Dopamine
DG00213,dgroup,DG01699,Catecholamine cardiotonic,Dopamine
DG00213,dgroup,DG01472,Dopamine agonist,Dopamine
DG00213,dgroup,DG01592,COMT substrate,Dopamine
DG00213,dgroup,DG02917,MAO substrate,Dopamine
DG00213,dgroup,DG03179,MAOB substrate,Dopamine
DG00213,dgroup,DG02854,SLC22A2 substrate,Dopamine
DG00214,dgroup,DG01703,Cardiotonic,Norfenefrine
DG00214,dgroup,DG01702,Phenethylamine cardiotonic,Norfenefrine
DG00214,dgroup,DG01456,Adrenergic receptor agonist,Norfenefrine
DG00214,dgroup,DG01450,alpha-Adrenergic receptor agonist,Norfenefrine
DG00214,dgroup,DG01448,alpha1-Adrenergic receptor agonist,Norfenefrine
DG00215,dgroup,DG01703,Cardiotonic,Phenylephrine
DG00215,dgroup,DG01702,Phenethylamine cardiotonic,Phenylephrine
DG00215,dgroup,DG01456,Adrenergic receptor agonist,Phenylephrine
DG00215,dgroup,DG01450,alpha-Adrenergic receptor agonist,Phenylephrine
DG00215,dgroup,DG01448,alpha1-Adrenergic receptor agonist,Phenylephrine
DG00216,dgroup,DG01703,Cardiotonic,Dobutamine
DG00216,dgroup,DG01699,Catecholamine cardiotonic,Dobutamine
DG00216,dgroup,DG01456,Adrenergic receptor agonist,Dobutamine
DG00216,dgroup,DG01455,beta-Adrenergic receptor agonist,Dobutamine
DG00216,dgroup,DG01451,beta1-Adrenergic receptor agonist,Dobutamine
DG00216,dgroup,DG01951,Catecholamine adrenergic receptor agonist,Dobutamine
DG00217,dgroup,DG01703,Cardiotonic,Oxedrine
DG00217,dgroup,DG01702,Phenethylamine cardiotonic,Oxedrine
DG00217,dgroup,DG01456,Adrenergic receptor agonist,Oxedrine
DG00217,dgroup,DG01450,alpha-Adrenergic receptor agonist,Oxedrine
DG00218,dgroup,DG01703,Cardiotonic,Metaraminol
DG00218,dgroup,DG01702,Phenethylamine cardiotonic,Metaraminol
DG00218,dgroup,DG01456,Adrenergic receptor agonist,Metaraminol
DG00218,dgroup,DG01450,alpha-Adrenergic receptor agonist,Metaraminol
DG00219,dgroup,DG01703,Cardiotonic,Methoxamine
DG00219,dgroup,DG01702,Phenethylamine cardiotonic,Methoxamine
DG00219,dgroup,DG01456,Adrenergic receptor agonist,Methoxamine
DG00219,dgroup,DG01450,alpha-Adrenergic receptor agonist,Methoxamine
DG00219,dgroup,DG01448,alpha1-Adrenergic receptor agonist,Methoxamine
DG00220,dgroup,DG01703,Cardiotonic,Mephentermine
DG00220,dgroup,DG01702,Phenethylamine cardiotonic,Mephentermine
DG00221,dgroup,DG01703,Cardiotonic,Prenalterol
DG00221,dgroup,DG01702,Phenethylamine cardiotonic,Prenalterol
DG00222,dgroup,DG01703,Cardiotonic,Dopexamine
DG00222,dgroup,DG01699,Catecholamine cardiotonic,Dopexamine
DG00222,dgroup,DG01456,Adrenergic receptor agonist,Dopexamine
DG00222,dgroup,DG01455,beta-Adrenergic receptor agonist,Dopexamine
DG00222,dgroup,DG01452,beta2-Adrenergic receptor agonist,Dopexamine
DG00222,dgroup,DG01951,Catecholamine adrenergic receptor agonist,Dopexamine
DG00222,dgroup,DG01472,Dopamine agonist,Dopexamine
DG00223,dgroup,DG01703,Cardiotonic,Ibopamine
DG00223,dgroup,DG01699,Catecholamine cardiotonic,Ibopamine
DG00223,dgroup,DG01472,Dopamine agonist,Ibopamine
DG00224,dgroup,DG01703,Cardiotonic,Midodrine
DG00224,dgroup,DG01702,Phenethylamine cardiotonic,Midodrine
DG00224,dgroup,DG01456,Adrenergic receptor agonist,Midodrine
DG00224,dgroup,DG01450,alpha-Adrenergic receptor agonist,Midodrine
DG00224,dgroup,DG01448,alpha1-Adrenergic receptor agonist,Midodrine
DG00224,dgroup,DG01645,CYP2D6 inhibitor,Midodrine
DG00225,dgroup,DG01703,Cardiotonic,Octopamine
DG00225,dgroup,DG01702,Phenethylamine cardiotonic,Octopamine
DG00225,dgroup,DG01699,Catecholamine cardiotonic,Octopamine
DG00226,dgroup,DG01472,Dopamine agonist,Fenoldopam
DG00226,dgroup,DG01467,Dopamine D1-receptor agonist,Fenoldopam
DG00227,dgroup,DG01703,Cardiotonic,Ephedrine
DG00227,dgroup,DG01702,Phenethylamine cardiotonic,Ephedrine
DG00227,dgroup,DG01456,Adrenergic receptor agonist,Ephedrine
DG00228,dgroup,DG01703,Cardiotonic,Amrinone
DG00228,dgroup,DG01757,Amrinone type cardiotonic,Amrinone
DG00228,dgroup,DG01507,Phosphodiesterase III inhibitor,Amrinone
DG00228,dgroup,DG01757,Amrinone type cardiotonic,Amrinone
DG00229,dgroup,DG01703,Cardiotonic,Milrinone
DG00229,dgroup,DG01757,Amrinone type cardiotonic,Milrinone
DG00229,dgroup,DG01507,Phosphodiesterase III inhibitor,Milrinone
DG00229,dgroup,DG01757,Amrinone type cardiotonic,Milrinone
DG00229,dgroup,DG02924,UGT substrate,Milrinone
DG00230,dgroup,DG01703,Cardiotonic,Bucladesine
DG00231,dgroup,DG01703,Cardiotonic,Xamoterol
DG00239,dgroup,DG01961,Prostaglandin derivative,Alprostadil
DG00239,dgroup,DG01611,Prostaglandin E1 derivative,Alprostadil
DG00241,dgroup,DG01504,Nonsteroidal anti-inflammatory drug (NSAID),Indometacin
DG00241,dgroup,DG01906,"Anti-inflammatory drug, acetic acid derivatives",Indometacin
DG00241,dgroup,DG01899,"Anti-inflammatory drug, indoleacetic acid derivatives",Indometacin
DG00245,dgroup,DG01504,Nonsteroidal anti-inflammatory drug (NSAID),Ibuprofen
DG00245,dgroup,DG01908,"Anti-inflammatory drug, propionic acid derivatives",Ibuprofen
DG00245,dgroup,DG01642,CYP2C9 substrate,Ibuprofen
DG00246,dgroup,DG01633,CYP3A/CYP3A4 substrate,Ivabradine
DG00246,dgroup,DG02913,CYP3A4 substrate,Ivabradine
DG00247,dgroup,DG01633,CYP3A/CYP3A4 substrate,Ranolazine
DG00247,dgroup,DG01645,CYP2D6 inhibitor,Ranolazine
DG00247,dgroup,DG01665,ABCB1 substrate,Ranolazine
DG00248,dgroup,DG01738,Centrally-acting antiadrenergic,Methyldopa (levorotatory)
DG00248,dgroup,DG01456,Adrenergic receptor agonist,Methyldopa (levorotatory)
DG00248,dgroup,DG01450,alpha-Adrenergic receptor agonist,Methyldopa (levorotatory)
DG00248,dgroup,DG01449,alpha2-Adrenergic receptor agonist,Methyldopa (levorotatory)
DG00248,dgroup,DG01951,Catecholamine adrenergic receptor agonist,Methyldopa (levorotatory)
DG00248,dgroup,DG01617,Catecholamine synthesis inhibitors,Methyldopa (levorotatory)
DG00248,dgroup,DG03231,Antihypertensive,Methyldopa (levorotatory)
DG00249,dgroup,DG01738,Centrally-acting antiadrenergic,Clonidine
DG00249,dgroup,DG01456,Adrenergic receptor agonist,Clonidine
DG00249,dgroup,DG01450,alpha-Adrenergic receptor agonist,Clonidine
DG00249,dgroup,DG01449,alpha2-Adrenergic receptor agonist,Clonidine
DG00249,dgroup,DG03231,Antihypertensive,Clonidine
DG00250,dgroup,DG01738,Centrally-acting antiadrenergic,Guanfacine
DG00250,dgroup,DG01456,Adrenergic receptor agonist,Guanfacine
DG00250,dgroup,DG01450,alpha-Adrenergic receptor agonist,Guanfacine
DG00250,dgroup,DG01449,alpha2-Adrenergic receptor agonist,Guanfacine
DG00250,dgroup,DG01633,CYP3A/CYP3A4 substrate,Guanfacine
DG00250,dgroup,DG02913,CYP3A4 substrate,Guanfacine
DG00250,dgroup,DG02925,CYP3A5 substrate,Guanfacine
DG00251,dgroup,DG01695,Ganglion-blocking antiadrenergic,Trimetaphan
DG00252,dgroup,DG01695,Ganglion-blocking antiadrenergic,Mecamylamine
DG00253,dgroup,DG01466,Adrenergic receptor antagonist,Prazosin
DG00253,dgroup,DG01465,alpha-Adrenergic receptor antagonist,Prazosin
DG00253,dgroup,DG01457,alpha1-Adrenergic receptor antagonist,Prazosin
DG00253,dgroup,DG01739,Peripherally-acting antiadrenergic,Prazosin
DG00253,dgroup,DG03231,Antihypertensive,Prazosin
DG00253,dgroup,DG02881,SLC22A3 inhibitor,Prazosin
DG00254,dgroup,DG01466,Adrenergic receptor antagonist,Indoramin
DG00254,dgroup,DG01465,alpha-Adrenergic receptor antagonist,Indoramin
DG00254,dgroup,DG01457,alpha1-Adrenergic receptor antagonist,Indoramin
DG00254,dgroup,DG01739,Peripherally-acting antiadrenergic,Indoramin
DG00255,dgroup,DG01466,Adrenergic receptor antagonist,Trimazosin
DG00255,dgroup,DG01465,alpha-Adrenergic receptor antagonist,Trimazosin
DG00255,dgroup,DG01457,alpha1-Adrenergic receptor antagonist,Trimazosin
DG00255,dgroup,DG01739,Peripherally-acting antiadrenergic,Trimazosin
DG00256,dgroup,DG01466,Adrenergic receptor antagonist,Doxazosin
DG00256,dgroup,DG01465,alpha-Adrenergic receptor antagonist,Doxazosin
DG00256,dgroup,DG01457,alpha1-Adrenergic receptor antagonist,Doxazosin
DG00256,dgroup,DG01739,Peripherally-acting antiadrenergic,Doxazosin
DG00256,dgroup,DG03231,Antihypertensive,Doxazosin
DG00257,dgroup,DG01466,Adrenergic receptor antagonist,Urapidil
DG00257,dgroup,DG01465,alpha-Adrenergic receptor antagonist,Urapidil
DG00257,dgroup,DG01457,alpha1-Adrenergic receptor antagonist,Urapidil
DG00257,dgroup,DG01739,Peripherally-acting antiadrenergic,Urapidil
DG00257,dgroup,DG03231,Antihypertensive,Urapidil
DG00257,dgroup,DG01644,CYP2D6 substrate,Urapidil
DG00258,dgroup,DG01739,Peripherally-acting antiadrenergic,Guanethidine
DG00258,dgroup,DG03085,Selective norepinephrine reuptake inhibitor (NRI),Guanethidine
DG00258,dgroup,DG03201,Intraocular pressure lowering agent,Guanethidine
DG00259,dgroup,DG01739,Peripherally-acting antiadrenergic,Debrisoquine
DG00260,dgroup,DG02046,Hydrazinophthalazine derivative,Dihydralazine
DG00261,dgroup,DG03231,Antihypertensive,Hydralazine
DG00261,dgroup,DG02046,Hydrazinophthalazine derivative,Hydralazine
DG00261,dgroup,DG02928,NAT substrate,Hydralazine
DG00261,dgroup,DG01645,CYP2D6 inhibitor,Hydralazine
DG00262,dgroup,DG02046,Hydrazinophthalazine derivative,Endralazine
DG00263,dgroup,DG03231,Antihypertensive,Nitroprusside
DG00264,dgroup,DG01568,MAO inhibitor,Pargyline
DG00264,dgroup,DG01519,Non-selective monoamine oxidase inhibitor,Pargyline
DG00265,dgroup,DG01466,Adrenergic receptor antagonist,Ketanserin
DG00265,dgroup,DG01465,alpha-Adrenergic receptor antagonist,Ketanserin
DG00265,dgroup,DG01457,alpha1-Adrenergic receptor antagonist,Ketanserin
DG00265,dgroup,DG01557,Histamine receptor antagonist,Ketanserin
DG00265,dgroup,DG01482,Histamine receptor H1 antagonist,Ketanserin
DG00266,dgroup,DG01502,Endothelin receptor antagonist,Bosentan
DG00266,dgroup,DG01642,CYP2C9 substrate,Bosentan
DG00266,dgroup,DG01633,CYP3A/CYP3A4 substrate,Bosentan
DG00266,dgroup,DG02913,CYP3A4 substrate,Bosentan
DG00266,dgroup,DG02886,CYP2C9 inducer,Bosentan
DG00266,dgroup,DG02853,CYP3A/CYP3A4 inducer,Bosentan
DG00266,dgroup,DG01635,CYP3A4 inducer,Bosentan
DG00267,dgroup,DG01502,Endothelin receptor antagonist,Sitaxentan
DG00268,dgroup,DG03231,Antihypertensive,Chlorothiazide
DG00268,dgroup,DG01749,Thiazide diuretic,Chlorothiazide
DG00268,dgroup,DG01690,Sulfonamide diuretic,Chlorothiazide
DG00268,dgroup,DG01749,Thiazide diuretic,Chlorothiazide
DG00269,dgroup,DG03231,Antihypertensive,Indapamide
DG00269,dgroup,DG02992,Thiazide related diuretic,Indapamide
DG00269,dgroup,DG01690,Sulfonamide diuretic,Indapamide
DG00269,dgroup,DG02992,Thiazide related diuretic,Indapamide
DG00270,dgroup,DG03231,Antihypertensive,Fenquizone
DG00270,dgroup,DG02992,Thiazide related diuretic,Fenquizone
DG00270,dgroup,DG01690,Sulfonamide diuretic,Fenquizone
DG00270,dgroup,DG02992,Thiazide related diuretic,Fenquizone
DG00272,dgroup,DG01690,Sulfonamide diuretic,Furosemide
DG00272,dgroup,DG01747,Furosemide type diuretic,Furosemide
DG00272,dgroup,DG01748,Loop diuretic,Furosemide
DG00272,dgroup,DG01747,Furosemide type diuretic,Furosemide
DG00272,dgroup,DG02920,ABCC4 substrate,Furosemide
DG00272,dgroup,DG02859,SLC22A6 substrate,Furosemide
DG00272,dgroup,DG02860,SLC22A8 substrate,Furosemide
DG00273,dgroup,DG01690,Sulfonamide diuretic,Torasemide
DG00273,dgroup,DG01747,Furosemide type diuretic,Torasemide
DG00273,dgroup,DG01748,Loop diuretic,Torasemide
DG00273,dgroup,DG01747,Furosemide type diuretic,Torasemide
DG00273,dgroup,DG02918,CYP2C8 substrate,Torasemide
DG00273,dgroup,DG01642,CYP2C9 substrate,Torasemide
DG00274,dgroup,DG01748,Loop diuretic,Etacrynic acid
DG00275,dgroup,DG01885,Potassium-sparing diuretic,Amiloride
DG00276,dgroup,DG01506,Arginine vasopressin receptor 2 (AVPR2) antagonist,Conivaptan
DG00276,dgroup,DG01633,CYP3A/CYP3A4 substrate,Conivaptan
DG00276,dgroup,DG02852,CYP3A/CYP3A4 inhibitor,Conivaptan
DG00277,dgroup,DG01456,Adrenergic receptor agonist,Isoxsuprine
DG00277,dgroup,DG01455,beta-Adrenergic receptor agonist,Isoxsuprine
DG00277,dgroup,DG01452,beta2-Adrenergic receptor agonist,Isoxsuprine
DG00280,dgroup,DG01466,Adrenergic receptor antagonist,Phentolamine
DG00280,dgroup,DG01465,alpha-Adrenergic receptor antagonist,Phentolamine
DG00280,dgroup,DG03231,Antihypertensive,Phentolamine
DG00281,dgroup,DG01466,Adrenergic receptor antagonist,Tolazoline
DG00281,dgroup,DG01465,alpha-Adrenergic receptor antagonist,Tolazoline
DG00283,dgroup,DG01466,Adrenergic receptor antagonist,Nicergoline
DG00283,dgroup,DG01465,alpha-Adrenergic receptor antagonist,Nicergoline
DG00283,dgroup,DG01457,alpha1-Adrenergic receptor antagonist,Nicergoline
DG00283,dgroup,DG01964,Ergot alkaloid,Nicergoline
DG00283,dgroup,DG01963,"Vasodilator, ergot alkaloid",Nicergoline
DG00284,dgroup,DG01964,Ergot alkaloid,Dihydroergocristine
DG00284,dgroup,DG01963,"Vasodilator, ergot alkaloid",Dihydroergocristine
DG00285,dgroup,DG01466,Adrenergic receptor antagonist,Phenoxybenzamine
DG00285,dgroup,DG01465,alpha-Adrenergic receptor antagonist,Phenoxybenzamine
DG00286,dgroup,DG03055,"Vinca alkaloid, vasodilator",Vincamine
DG00287,dgroup,DG01466,Adrenergic receptor antagonist,Moxisylyte
DG00287,dgroup,DG01465,alpha-Adrenergic receptor antagonist,Moxisylyte
DG00287,dgroup,DG01457,alpha1-Adrenergic receptor antagonist,Moxisylyte
DG00292,dgroup,DG01466,Adrenergic receptor antagonist,Ifenprodil
DG00292,dgroup,DG01465,alpha-Adrenergic receptor antagonist,Ifenprodil
DG00292,dgroup,DG01457,alpha1-Adrenergic receptor antagonist,Ifenprodil
DG00292,dgroup,DG01498,NMDA receptor antagonist,Ifenprodil
DG00294,dgroup,DG01955,Corticosteroid,Fluorometholone
DG00294,dgroup,DG02068,Glucocorticoid,Fluorometholone
DG00295,dgroup,DG01955,Corticosteroid,Fluocortolone
DG00295,dgroup,DG02068,Glucocorticoid,Fluocortolone
DG00296,dgroup,DG02030,Anesthetics,Tetracaine
DG00296,dgroup,DG01675,Local anesthetic,Tetracaine
DG00296,dgroup,DG01674,Esterified local anesthetic,Tetracaine
DG00297,dgroup,DG02030,Anesthetics,Dibucaine
DG00297,dgroup,DG01675,Local anesthetic,Dibucaine
DG00297,dgroup,DG01673,Amide type local anesthetic,Dibucaine
DG00298,dgroup,DG02030,Anesthetics,Procaine
DG00298,dgroup,DG01675,Local anesthetic,Procaine
DG00298,dgroup,DG01674,Esterified local anesthetic,Procaine
DG00299,dgroup,DG02030,Anesthetics,Oxetacaine
DG00299,dgroup,DG01675,Local anesthetic,Oxetacaine
DG00299,dgroup,DG01673,Amide type local anesthetic,Oxetacaine
DG00299,dgroup,DG01975,Agents for peptic ulcer,Oxetacaine
DG00301,dgroup,DG02030,Anesthetics,Phenol
DG00301,dgroup,DG01675,Local anesthetic,Phenol
DG00303,dgroup,DG01466,Adrenergic receptor antagonist,Alprenolol
DG00303,dgroup,DG01464,beta-Adrenergic receptor antagonist (Beta blocker),Alprenolol
DG00303,dgroup,DG01653,Antiarrhythmics,Alprenolol
DG00303,dgroup,DG01806,Class II antiarrhythmic agent,Alprenolol
DG00303,dgroup,DG01644,CYP2D6 substrate,Alprenolol
DG00304,dgroup,DG01466,Adrenergic receptor antagonist,Oxprenolol
DG00304,dgroup,DG01464,beta-Adrenergic receptor antagonist (Beta blocker),Oxprenolol
DG00304,dgroup,DG01653,Antiarrhythmics,Oxprenolol
DG00304,dgroup,DG01806,Class II antiarrhythmic agent,Oxprenolol
DG00305,dgroup,DG01466,Adrenergic receptor antagonist,Propranolol
DG00305,dgroup,DG01464,beta-Adrenergic receptor antagonist (Beta blocker),Propranolol
DG00305,dgroup,DG01653,Antiarrhythmics,Propranolol
DG00305,dgroup,DG01806,Class II antiarrhythmic agent,Propranolol
DG00305,dgroup,DG03231,Antihypertensive,Propranolol
DG00305,dgroup,DG01892,CYP1A2 substrate,Propranolol
DG00305,dgroup,DG01639,CYP2C19 substrate,Propranolol
DG00305,dgroup,DG01644,CYP2D6 substrate,Propranolol
DG00306,dgroup,DG01466,Adrenergic receptor antagonist,Timolol
DG00306,dgroup,DG01464,beta-Adrenergic receptor antagonist (Beta blocker),Timolol
DG00306,dgroup,DG03201,Intraocular pressure lowering agent,Timolol
DG00306,dgroup,DG01644,CYP2D6 substrate,Timolol
DG00307,dgroup,DG01466,Adrenergic receptor antagonist,Sotalol
DG00307,dgroup,DG01464,beta-Adrenergic receptor antagonist (Beta blocker),Sotalol
DG00307,dgroup,DG01653,Antiarrhythmics,Sotalol
DG00307,dgroup,DG01648,Class III antiarrhythmic agent,Sotalol
DG00308,dgroup,DG01466,Adrenergic receptor antagonist,Carteolol
DG00308,dgroup,DG01464,beta-Adrenergic receptor antagonist (Beta blocker),Carteolol
DG00308,dgroup,DG01653,Antiarrhythmics,Carteolol
DG00308,dgroup,DG01806,Class II antiarrhythmic agent,Carteolol
DG00308,dgroup,DG03231,Antihypertensive,Carteolol
DG00308,dgroup,DG03201,Intraocular pressure lowering agent,Carteolol
DG00308,dgroup,DG01644,CYP2D6 substrate,Carteolol
DG00309,dgroup,DG01466,Adrenergic receptor antagonist,Tertatolol
DG00309,dgroup,DG01464,beta-Adrenergic receptor antagonist (Beta blocker),Tertatolol
DG00309,dgroup,DG01653,Antiarrhythmics,Tertatolol
DG00309,dgroup,DG01806,Class II antiarrhythmic agent,Tertatolol
DG00310,dgroup,DG01466,Adrenergic receptor antagonist,Bopindolol
DG00310,dgroup,DG01464,beta-Adrenergic receptor antagonist (Beta blocker),Bopindolol
DG00310,dgroup,DG01644,CYP2D6 substrate,Bopindolol
DG00311,dgroup,DG01466,Adrenergic receptor antagonist,Bupranolol
DG00311,dgroup,DG01464,beta-Adrenergic receptor antagonist (Beta blocker),Bupranolol
DG00312,dgroup,DG01466,Adrenergic receptor antagonist,Penbutolol
DG00312,dgroup,DG01464,beta-Adrenergic receptor antagonist (Beta blocker),Penbutolol
DG00312,dgroup,DG01653,Antiarrhythmics,Penbutolol
DG00312,dgroup,DG01806,Class II antiarrhythmic agent,Penbutolol
DG00313,dgroup,DG01466,Adrenergic receptor antagonist,Metoprolol
DG00313,dgroup,DG01464,beta-Adrenergic receptor antagonist (Beta blocker),Metoprolol
DG00313,dgroup,DG01461,beta1-Adrenergic receptor antagonist,Metoprolol
DG00313,dgroup,DG01653,Antiarrhythmics,Metoprolol
DG00313,dgroup,DG01806,Class II antiarrhythmic agent,Metoprolol
DG00313,dgroup,DG03231,Antihypertensive,Metoprolol
DG00313,dgroup,DG01644,CYP2D6 substrate,Metoprolol
DG00314,dgroup,DG01466,Adrenergic receptor antagonist,Acebutolol
DG00314,dgroup,DG01464,beta-Adrenergic receptor antagonist (Beta blocker),Acebutolol
DG00314,dgroup,DG01461,beta1-Adrenergic receptor antagonist,Acebutolol
DG00314,dgroup,DG01653,Antiarrhythmics,Acebutolol
DG00314,dgroup,DG01806,Class II antiarrhythmic agent,Acebutolol
DG00315,dgroup,DG01466,Adrenergic receptor antagonist,Betaxolol
DG00315,dgroup,DG01464,beta-Adrenergic receptor antagonist (Beta blocker),Betaxolol
DG00315,dgroup,DG01461,beta1-Adrenergic receptor antagonist,Betaxolol
DG00315,dgroup,DG03231,Antihypertensive,Betaxolol
DG00315,dgroup,DG03201,Intraocular pressure lowering agent,Betaxolol
DG00316,dgroup,DG01466,Adrenergic receptor antagonist,Bisoprolol
DG00316,dgroup,DG01464,beta-Adrenergic receptor antagonist (Beta blocker),Bisoprolol
DG00316,dgroup,DG01461,beta1-Adrenergic receptor antagonist,Bisoprolol
DG00316,dgroup,DG01653,Antiarrhythmics,Bisoprolol
DG00316,dgroup,DG01806,Class II antiarrhythmic agent,Bisoprolol
DG00316,dgroup,DG03231,Antihypertensive,Bisoprolol
DG00317,dgroup,DG01466,Adrenergic receptor antagonist,Celiprolol
DG00317,dgroup,DG01464,beta-Adrenergic receptor antagonist (Beta blocker),Celiprolol
DG00317,dgroup,DG01461,beta1-Adrenergic receptor antagonist,Celiprolol
DG00317,dgroup,DG03231,Antihypertensive,Celiprolol
DG00318,dgroup,DG01466,Adrenergic receptor antagonist,Esmolol
DG00318,dgroup,DG01464,beta-Adrenergic receptor antagonist (Beta blocker),Esmolol
DG00318,dgroup,DG01461,beta1-Adrenergic receptor antagonist,Esmolol
DG00318,dgroup,DG01653,Antiarrhythmics,Esmolol
DG00318,dgroup,DG01806,Class II antiarrhythmic agent,Esmolol
DG00319,dgroup,DG01466,Adrenergic receptor antagonist,Nebivolol
DG00319,dgroup,DG01464,beta-Adrenergic receptor antagonist (Beta blocker),Nebivolol
DG00319,dgroup,DG01461,beta1-Adrenergic receptor antagonist,Nebivolol
DG00319,dgroup,DG03231,Antihypertensive,Nebivolol
DG00319,dgroup,DG01644,CYP2D6 substrate,Nebivolol
DG00320,dgroup,DG01466,Adrenergic receptor antagonist,Labetalol
DG00320,dgroup,DG03180,alpha1 and beta-Adrenergic receptor antagonist,Labetalol
DG00320,dgroup,DG03231,Antihypertensive,Labetalol
DG00320,dgroup,DG03180,alpha1 and beta-Adrenergic receptor antagonist,Labetalol
DG00321,dgroup,DG01466,Adrenergic receptor antagonist,Carvedilol
DG00321,dgroup,DG03180,alpha1 and beta-Adrenergic receptor antagonist,Carvedilol
DG00321,dgroup,DG03231,Antihypertensive,Carvedilol
DG00321,dgroup,DG03180,alpha1 and beta-Adrenergic receptor antagonist,Carvedilol
DG00321,dgroup,DG01892,CYP1A2 substrate,Carvedilol
DG00321,dgroup,DG01642,CYP2C9 substrate,Carvedilol
DG00321,dgroup,DG01644,CYP2D6 substrate,Carvedilol
DG00321,dgroup,DG02855,CYP2E1 substrate,Carvedilol
DG00321,dgroup,DG01633,CYP3A/CYP3A4 substrate,Carvedilol
DG00321,dgroup,DG02913,CYP3A4 substrate,Carvedilol
DG00321,dgroup,DG01622,ABCB1 inhibitor,Carvedilol
DG00322,dgroup,DG01575,Calcium channel blocker,Amlodipine
DG00322,dgroup,DG01496,Calcium channel L type blocker,Amlodipine
DG00322,dgroup,DG03231,Antihypertensive,Amlodipine
DG00322,dgroup,DG01928,Dihydropyridine calcium channel blocker,Amlodipine
DG00322,dgroup,DG01633,CYP3A/CYP3A4 substrate,Amlodipine
DG00322,dgroup,DG02913,CYP3A4 substrate,Amlodipine
DG00323,dgroup,DG01575,Calcium channel blocker,Nicardipine
DG00323,dgroup,DG01496,Calcium channel L type blocker,Nicardipine
DG00323,dgroup,DG03231,Antihypertensive,Nicardipine
DG00323,dgroup,DG01928,Dihydropyridine calcium channel blocker,Nicardipine
DG00323,dgroup,DG01633,CYP3A/CYP3A4 substrate,Nicardipine
DG00323,dgroup,DG02913,CYP3A4 substrate,Nicardipine
DG00324,dgroup,DG01575,Calcium channel blocker,Manidipine
DG00324,dgroup,DG01496,Calcium channel L type blocker,Manidipine
DG00324,dgroup,DG03231,Antihypertensive,Manidipine
DG00324,dgroup,DG01928,Dihydropyridine calcium channel blocker,Manidipine
DG00324,dgroup,DG01633,CYP3A/CYP3A4 substrate,Manidipine
DG00324,dgroup,DG02913,CYP3A4 substrate,Manidipine
DG00325,dgroup,DG01575,Calcium channel blocker,Barnidipine
DG00325,dgroup,DG01496,Calcium channel L type blocker,Barnidipine
DG00325,dgroup,DG03231,Antihypertensive,Barnidipine
DG00325,dgroup,DG01928,Dihydropyridine calcium channel blocker,Barnidipine
DG00325,dgroup,DG01633,CYP3A/CYP3A4 substrate,Barnidipine
DG00325,dgroup,DG02913,CYP3A4 substrate,Barnidipine
DG00326,dgroup,DG01575,Calcium channel blocker,Lercanidipine
DG00326,dgroup,DG03231,Antihypertensive,Lercanidipine
DG00326,dgroup,DG01928,Dihydropyridine calcium channel blocker,Lercanidipine
DG00326,dgroup,DG01633,CYP3A/CYP3A4 substrate,Lercanidipine
DG00327,dgroup,DG01575,Calcium channel blocker,Benidipine
DG00327,dgroup,DG01496,Calcium channel L type blocker,Benidipine
DG00327,dgroup,DG03231,Antihypertensive,Benidipine
DG00327,dgroup,DG01928,Dihydropyridine calcium channel blocker,Benidipine
DG00327,dgroup,DG01633,CYP3A/CYP3A4 substrate,Benidipine
DG00327,dgroup,DG02913,CYP3A4 substrate,Benidipine
DG00328,dgroup,DG01575,Calcium channel blocker,Mibefradil
DG00328,dgroup,DG01573,Calcium channel T type blocker,Mibefradil
DG00328,dgroup,DG01634,CYP1A2 inhibitor,Mibefradil
DG00328,dgroup,DG01645,CYP2D6 inhibitor,Mibefradil
DG00328,dgroup,DG02852,CYP3A/CYP3A4 inhibitor,Mibefradil
DG00329,dgroup,DG01575,Calcium channel blocker,Verapamil
DG00329,dgroup,DG01496,Calcium channel L type blocker,Verapamil
DG00329,dgroup,DG01653,Antiarrhythmics,Verapamil
DG00329,dgroup,DG01807,Phenylalkylamine derivative,Verapamil
DG00329,dgroup,DG01633,CYP3A/CYP3A4 substrate,Verapamil
DG00329,dgroup,DG02913,CYP3A4 substrate,Verapamil
DG00329,dgroup,DG01665,ABCB1 substrate,Verapamil
DG00329,dgroup,DG01622,ABCB1 inhibitor,Verapamil
DG00330,dgroup,DG01575,Calcium channel blocker,Gallopamil
DG00330,dgroup,DG01496,Calcium channel L type blocker,Gallopamil
DG00330,dgroup,DG01653,Antiarrhythmics,Gallopamil
DG00330,dgroup,DG01807,Phenylalkylamine derivative,Gallopamil
DG00331,dgroup,DG01575,Calcium channel blocker,Diltiazem
DG00331,dgroup,DG01496,Calcium channel L type blocker,Diltiazem
DG00331,dgroup,DG01653,Antiarrhythmics,Diltiazem
DG00331,dgroup,DG03231,Antihypertensive,Diltiazem
DG00331,dgroup,DG01633,CYP3A/CYP3A4 substrate,Diltiazem
DG00331,dgroup,DG02913,CYP3A4 substrate,Diltiazem
DG00332,dgroup,DG01575,Calcium channel blocker,Fendiline
DG00332,dgroup,DG01496,Calcium channel L type blocker,Fendiline
DG00332,dgroup,DG01653,Antiarrhythmics,Fendiline
DG00332,dgroup,DG01807,Phenylalkylamine derivative,Fendiline
DG00333,dgroup,DG01575,Calcium channel blocker,Bepridil
DG00333,dgroup,DG01496,Calcium channel L type blocker,Bepridil
DG00333,dgroup,DG01653,Antiarrhythmics,Bepridil
DG00333,dgroup,DG01807,Phenylalkylamine derivative,Bepridil
DG00333,dgroup,DG01642,CYP2C9 substrate,Bepridil
DG00333,dgroup,DG01644,CYP2D6 substrate,Bepridil
DG00333,dgroup,DG01633,CYP3A/CYP3A4 substrate,Bepridil
DG00333,dgroup,DG02913,CYP3A4 substrate,Bepridil
DG00333,dgroup,DG01645,CYP2D6 inhibitor,Bepridil
DG00334,dgroup,DG01575,Calcium channel blocker,Perhexiline
DG00334,dgroup,DG01496,Calcium channel L type blocker,Perhexiline
DG00334,dgroup,DG01644,CYP2D6 substrate,Perhexiline
DG00335,dgroup,DG01925,Renin-angiotensin system inhibitor,Enalapril
DG00335,dgroup,DG01501,Angiotensin-converting enzyme inhibitor,Enalapril
DG00335,dgroup,DG03231,Antihypertensive,Enalapril
DG00335,dgroup,DG01501,Angiotensin-converting enzyme inhibitor,Enalapril
DG00336,dgroup,DG01925,Renin-angiotensin system inhibitor,Lisinopril
DG00336,dgroup,DG01501,Angiotensin-converting enzyme inhibitor,Lisinopril
DG00336,dgroup,DG03231,Antihypertensive,Lisinopril
DG00336,dgroup,DG01501,Angiotensin-converting enzyme inhibitor,Lisinopril
DG00337,dgroup,DG01925,Renin-angiotensin system inhibitor,Perindopril
DG00337,dgroup,DG01501,Angiotensin-converting enzyme inhibitor,Perindopril
DG00337,dgroup,DG03231,Antihypertensive,Perindopril
DG00337,dgroup,DG01501,Angiotensin-converting enzyme inhibitor,Perindopril
DG00338,dgroup,DG01925,Renin-angiotensin system inhibitor,Quinapril
DG00338,dgroup,DG01501,Angiotensin-converting enzyme inhibitor,Quinapril
DG00338,dgroup,DG03231,Antihypertensive,Quinapril
DG00338,dgroup,DG01501,Angiotensin-converting enzyme inhibitor,Quinapril
DG00339,dgroup,DG01925,Renin-angiotensin system inhibitor,Benazepril
DG00339,dgroup,DG01501,Angiotensin-converting enzyme inhibitor,Benazepril
DG00339,dgroup,DG03231,Antihypertensive,Benazepril
DG00339,dgroup,DG01501,Angiotensin-converting enzyme inhibitor,Benazepril
DG00339,dgroup,DG02924,UGT substrate,Benazepril
DG00340,dgroup,DG01925,Renin-angiotensin system inhibitor,Cilazapril
DG00340,dgroup,DG01501,Angiotensin-converting enzyme inhibitor,Cilazapril
DG00340,dgroup,DG03231,Antihypertensive,Cilazapril
DG00340,dgroup,DG01501,Angiotensin-converting enzyme inhibitor,Cilazapril
DG00341,dgroup,DG01925,Renin-angiotensin system inhibitor,Fosinopril
DG00341,dgroup,DG01501,Angiotensin-converting enzyme inhibitor,Fosinopril
DG00341,dgroup,DG03231,Antihypertensive,Fosinopril
DG00341,dgroup,DG01501,Angiotensin-converting enzyme inhibitor,Fosinopril
DG00342,dgroup,DG01925,Renin-angiotensin system inhibitor,Spirapril
DG00342,dgroup,DG01501,Angiotensin-converting enzyme inhibitor,Spirapril
DG00342,dgroup,DG03231,Antihypertensive,Spirapril
DG00342,dgroup,DG01501,Angiotensin-converting enzyme inhibitor,Spirapril
DG00343,dgroup,DG01925,Renin-angiotensin system inhibitor,Delapril
DG00343,dgroup,DG01501,Angiotensin-converting enzyme inhibitor,Delapril
DG00343,dgroup,DG03231,Antihypertensive,Delapril
DG00343,dgroup,DG01501,Angiotensin-converting enzyme inhibitor,Delapril
DG00344,dgroup,DG01925,Renin-angiotensin system inhibitor,Moexipril
DG00344,dgroup,DG01501,Angiotensin-converting enzyme inhibitor,Moexipril
DG00344,dgroup,DG03231,Antihypertensive,Moexipril
DG00344,dgroup,DG01501,Angiotensin-converting enzyme inhibitor,Moexipril
DG00345,dgroup,DG01925,Renin-angiotensin system inhibitor,Temocapril
DG00345,dgroup,DG01501,Angiotensin-converting enzyme inhibitor,Temocapril
DG00345,dgroup,DG03231,Antihypertensive,Temocapril
DG00345,dgroup,DG01501,Angiotensin-converting enzyme inhibitor,Temocapril
DG00346,dgroup,DG01925,Renin-angiotensin system inhibitor,Zofenopril
DG00346,dgroup,DG01501,Angiotensin-converting enzyme inhibitor,Zofenopril
DG00346,dgroup,DG03231,Antihypertensive,Zofenopril
DG00346,dgroup,DG01501,Angiotensin-converting enzyme inhibitor,Zofenopril
DG00347,dgroup,DG01925,Renin-angiotensin system inhibitor,Imidapril
DG00347,dgroup,DG01501,Angiotensin-converting enzyme inhibitor,Imidapril
DG00347,dgroup,DG03231,Antihypertensive,Imidapril
DG00347,dgroup,DG01501,Angiotensin-converting enzyme inhibitor,Imidapril
DG00348,dgroup,DG01925,Renin-angiotensin system inhibitor,Losartan
DG00348,dgroup,DG01495,Angiotensin II receptor antagonist,Losartan
DG00348,dgroup,DG03231,Antihypertensive,Losartan
DG00348,dgroup,DG01495,Angiotensin II receptor antagonist,Losartan
DG00348,dgroup,DG01642,CYP2C9 substrate,Losartan
DG00349,dgroup,DG01925,Renin-angiotensin system inhibitor,Eprosartan
DG00349,dgroup,DG01495,Angiotensin II receptor antagonist,Eprosartan
DG00349,dgroup,DG03231,Antihypertensive,Eprosartan
DG00349,dgroup,DG01495,Angiotensin II receptor antagonist,Eprosartan
DG00350,dgroup,DG01925,Renin-angiotensin system inhibitor,Candesartan
DG00350,dgroup,DG01495,Angiotensin II receptor antagonist,Candesartan
DG00350,dgroup,DG03231,Antihypertensive,Candesartan
DG00350,dgroup,DG01495,Angiotensin II receptor antagonist,Candesartan
DG00350,dgroup,DG01642,CYP2C9 substrate,Candesartan
DG00351,dgroup,DG01925,Renin-angiotensin system inhibitor,Azilsartan
DG00351,dgroup,DG01495,Angiotensin II receptor antagonist,Azilsartan
DG00351,dgroup,DG03231,Antihypertensive,Azilsartan
DG00351,dgroup,DG01495,Angiotensin II receptor antagonist,Azilsartan
DG00352,dgroup,DG01925,Renin-angiotensin system inhibitor,Aliskiren
DG00352,dgroup,DG01923,Renin inhibitor,Aliskiren
DG00352,dgroup,DG03231,Antihypertensive,Aliskiren
DG00352,dgroup,DG01923,Renin inhibitor,Aliskiren
DG00352,dgroup,DG01633,CYP3A/CYP3A4 substrate,Aliskiren
DG00352,dgroup,DG02913,CYP3A4 substrate,Aliskiren
DG00352,dgroup,DG01665,ABCB1 substrate,Aliskiren
DG00353,dgroup,DG01946,Hypolipidemic agent,Pravastatin
DG00353,dgroup,DG01660,HMG-CoA reductase inhibitor,Pravastatin
DG00353,dgroup,DG02861,ABCC2 substrate,Pravastatin
DG00353,dgroup,DG02856,SLCO1B1 substrate,Pravastatin
DG00353,dgroup,DG02933,SLCO2B1 substrate,Pravastatin
DG00354,dgroup,DG01946,Hypolipidemic agent,Fluvastatin
DG00354,dgroup,DG01660,HMG-CoA reductase inhibitor,Fluvastatin
DG00354,dgroup,DG01642,CYP2C9 substrate,Fluvastatin
DG00354,dgroup,DG01633,CYP3A/CYP3A4 substrate,Fluvastatin
DG00354,dgroup,DG02913,CYP3A4 substrate,Fluvastatin
DG00354,dgroup,DG01643,CYP2C9 inhibitor,Fluvastatin
DG00354,dgroup,DG02856,SLCO1B1 substrate,Fluvastatin
DG00354,dgroup,DG02882,ABCB11 inhibitor,Fluvastatin
DG00355,dgroup,DG01946,Hypolipidemic agent,Atorvastatin
DG00355,dgroup,DG01660,HMG-CoA reductase inhibitor,Atorvastatin
DG00355,dgroup,DG01633,CYP3A/CYP3A4 substrate,Atorvastatin
DG00355,dgroup,DG02913,CYP3A4 substrate,Atorvastatin
DG00355,dgroup,DG01665,ABCB1 substrate,Atorvastatin
DG00355,dgroup,DG01913,ABCG2 substrate,Atorvastatin
DG00355,dgroup,DG02856,SLCO1B1 substrate,Atorvastatin
DG00355,dgroup,DG02932,SLCO1B3 substrate,Atorvastatin
DG00356,dgroup,DG01946,Hypolipidemic agent,Cerivastatin
DG00356,dgroup,DG01660,HMG-CoA reductase inhibitor,Cerivastatin
DG00356,dgroup,DG02918,CYP2C8 substrate,Cerivastatin
DG00356,dgroup,DG01633,CYP3A/CYP3A4 substrate,Cerivastatin
DG00356,dgroup,DG02913,CYP3A4 substrate,Cerivastatin
DG00357,dgroup,DG01946,Hypolipidemic agent,Rosuvastatin
DG00357,dgroup,DG01660,HMG-CoA reductase inhibitor,Rosuvastatin
DG00357,dgroup,DG01913,ABCG2 substrate,Rosuvastatin
DG00357,dgroup,DG02856,SLCO1B1 substrate,Rosuvastatin
DG00358,dgroup,DG01946,Hypolipidemic agent,Clofibrate
DG00358,dgroup,DG01733,PPAR alpha agonist,Clofibrate
DG00358,dgroup,DG01547,Fibrate,Clofibrate
DG00359,dgroup,DG01946,Hypolipidemic agent,Colestipol
DG00359,dgroup,DG01945,Bile acid sequestrant,Colestipol
DG00360,dgroup,DG01946,Hypolipidemic agent,Colextran
DG00360,dgroup,DG01945,Bile acid sequestrant,Colextran
DG00361,dgroup,DG01946,Hypolipidemic agent,Colesevelam
DG00361,dgroup,DG01945,Bile acid sequestrant,Colesevelam
DG00362,dgroup,DG01946,Hypolipidemic agent,Lomitapide
DG00362,dgroup,DG01633,CYP3A/CYP3A4 substrate,Lomitapide
DG00362,dgroup,DG02913,CYP3A4 substrate,Lomitapide
DG00363,dgroup,DG01883,Imidazole antifungal,Econazole
DG00364,dgroup,DG01883,Imidazole antifungal,Chlormidazole
DG00365,dgroup,DG01883,Imidazole antifungal,Isoconazole
DG00366,dgroup,DG01883,Imidazole antifungal,Sulconazole
DG00367,dgroup,DG01883,Imidazole antifungal,Oxiconazole
DG00368,dgroup,DG01883,Imidazole antifungal,Fenticonazole
DG00369,dgroup,DG01883,Imidazole antifungal,Omoconazole
DG00370,dgroup,DG01883,Imidazole antifungal,Sertaconazole
DG00371,dgroup,DG01523,Triazole antifungal,Fluconazole
DG00371,dgroup,DG01643,CYP2C9 inhibitor,Fluconazole
DG00371,dgroup,DG01933,CYP2C19 inhibitor,Fluconazole
DG00371,dgroup,DG02852,CYP3A/CYP3A4 inhibitor,Fluconazole
DG00371,dgroup,DG01522,CYP3A4 inhibitor,Fluconazole
DG00372,dgroup,DG01883,Imidazole antifungal,Eberconazole
DG00375,dgroup,DG01892,CYP1A2 substrate,Terbinafine
DG00375,dgroup,DG02918,CYP2C8 substrate,Terbinafine
DG00375,dgroup,DG01642,CYP2C9 substrate,Terbinafine
DG00375,dgroup,DG01639,CYP2C19 substrate,Terbinafine
DG00375,dgroup,DG01633,CYP3A/CYP3A4 substrate,Terbinafine
DG00375,dgroup,DG02913,CYP3A4 substrate,Terbinafine
DG00375,dgroup,DG01645,CYP2D6 inhibitor,Terbinafine
DG00379,dgroup,DG02030,Anesthetics,Aminobenzoic acid
DG00379,dgroup,DG01675,Local anesthetic,Aminobenzoic acid
DG00379,dgroup,DG01674,Esterified local anesthetic,Aminobenzoic acid
DG00381,dgroup,DG01557,Histamine receptor antagonist,Thonzylamine
DG00381,dgroup,DG01482,Histamine receptor H1 antagonist,Thonzylamine
DG00382,dgroup,DG01557,Histamine receptor antagonist,Mepyramine
DG00382,dgroup,DG01482,Histamine receptor H1 antagonist,Mepyramine
DG00383,dgroup,DG01557,Histamine receptor antagonist,Tripelennamine
DG00383,dgroup,DG01482,Histamine receptor H1 antagonist,Tripelennamine
DG00383,dgroup,DG01645,CYP2D6 inhibitor,Tripelennamine
DG00384,dgroup,DG01557,Histamine receptor antagonist,Chloropyramine
DG00384,dgroup,DG01482,Histamine receptor H1 antagonist,Chloropyramine
DG00385,dgroup,DG01557,Histamine receptor antagonist,Promethazine
DG00385,dgroup,DG01482,Histamine receptor H1 antagonist,Promethazine
DG00385,dgroup,DG01644,CYP2D6 substrate,Promethazine
DG00386,dgroup,DG01557,Histamine receptor antagonist,Dimetindene
DG00386,dgroup,DG01482,Histamine receptor H1 antagonist,Dimetindene
DG00387,dgroup,DG01557,Histamine receptor antagonist,Clemastine
DG00387,dgroup,DG01482,Histamine receptor H1 antagonist,Clemastine
DG00387,dgroup,DG01645,CYP2D6 inhibitor,Clemastine
DG00388,dgroup,DG01557,Histamine receptor antagonist,Bamipine
DG00388,dgroup,DG01482,Histamine receptor H1 antagonist,Bamipine
DG00389,dgroup,DG01557,Histamine receptor antagonist,Isothipendyl
DG00389,dgroup,DG01482,Histamine receptor H1 antagonist,Isothipendyl
DG00390,dgroup,DG01557,Histamine receptor antagonist,Diphenhydramine
DG00390,dgroup,DG01482,Histamine receptor H1 antagonist,Diphenhydramine
DG00391,dgroup,DG01557,Histamine receptor antagonist,Chlorphenoxamine
DG00391,dgroup,DG01482,Histamine receptor H1 antagonist,Chlorphenoxamine
DG00392,dgroup,DG02030,Anesthetics,Oxybuprocaine
DG00392,dgroup,DG01675,Local anesthetic,Oxybuprocaine
DG00394,dgroup,DG01607,Vitamin D derivatives,Calcipotriol
DG00394,dgroup,DG01606,Activated vitamin D3,Calcipotriol
DG00395,dgroup,DG01607,Vitamin D derivatives,Tacalcitol
DG00395,dgroup,DG01606,Activated vitamin D3,Tacalcitol
DG00396,dgroup,DG01197,Tetracycline antibiotic,Demeclocycline
DG00397,dgroup,DG01197,Tetracycline antibiotic,Oxytetracycline
DG00399,dgroup,DG01576,Amphenicol type antibacterial,Chloramphenicol
DG00400,dgroup,DG01579,Polypeptide antibiotic,Bacitracin
DG00401,dgroup,DG01447,Aminoglycoside antibiotic,Gentamicin
DG00403,dgroup,DG01447,Aminoglycoside antibiotic,Amikacin
DG00404,dgroup,DG01787,Sulfonamide antibacterial,Mafenide
DG00406,dgroup,DG02840,Anti-herpesvirus agent,Aciclovir
DG00406,dgroup,DG02858,SLC22A1 substrate,Aciclovir
DG00406,dgroup,DG02859,SLC22A6 substrate,Aciclovir
DG00406,dgroup,DG02860,SLC22A8 substrate,Aciclovir
DG00408,dgroup,DG02840,Anti-herpesvirus agent,Penciclovir
DG00410,dgroup,DG01955,Corticosteroid,Methylprednisolone
DG00410,dgroup,DG02068,Glucocorticoid,Methylprednisolone
DG00410,dgroup,DG01633,CYP3A/CYP3A4 substrate,Methylprednisolone
DG00410,dgroup,DG02913,CYP3A4 substrate,Methylprednisolone
DG00411,dgroup,DG01955,Corticosteroid,Clobetasone
DG00411,dgroup,DG02068,Glucocorticoid,Clobetasone
DG00412,dgroup,DG01955,Corticosteroid,Flumetasone
DG00412,dgroup,DG02068,Glucocorticoid,Flumetasone
DG00413,dgroup,DG01955,Corticosteroid,Fluocortin
DG00413,dgroup,DG02068,Glucocorticoid,Fluocortin
DG00414,dgroup,DG01955,Corticosteroid,Fluprednidene
DG00414,dgroup,DG02068,Glucocorticoid,Fluprednidene
DG00415,dgroup,DG01955,Corticosteroid,Alclometasone
DG00415,dgroup,DG02068,Glucocorticoid,Alclometasone
DG00416,dgroup,DG01955,Corticosteroid,Clocortolone
DG00416,dgroup,DG02068,Glucocorticoid,Clocortolone
DG00417,dgroup,DG01955,Corticosteroid,Diflucortolone
DG00417,dgroup,DG02068,Glucocorticoid,Diflucortolone
DG00418,dgroup,DG01955,Corticosteroid,Diflorasone
DG00418,dgroup,DG02068,Glucocorticoid,Diflorasone
DG00419,dgroup,DG01955,Corticosteroid,Mometasone
DG00419,dgroup,DG02068,Glucocorticoid,Mometasone
DG00419,dgroup,DG01633,CYP3A/CYP3A4 substrate,Mometasone
DG00419,dgroup,DG02913,CYP3A4 substrate,Mometasone
DG00420,dgroup,DG01955,Corticosteroid,Fluticasone
DG00420,dgroup,DG02068,Glucocorticoid,Fluticasone
DG00420,dgroup,DG01633,CYP3A/CYP3A4 substrate,Fluticasone
DG00420,dgroup,DG02913,CYP3A4 substrate,Fluticasone
DG00421,dgroup,DG01955,Corticosteroid,Halobetasol
DG00421,dgroup,DG02068,Glucocorticoid,Halobetasol
DG00422,dgroup,DG01955,Corticosteroid,Clobetasol
DG00422,dgroup,DG02068,Glucocorticoid,Clobetasol
DG00433,dgroup,DG01604,Retinol derivative,Tretinoin
DG00434,dgroup,DG01604,Retinol derivative,Isotretinoin
DG00435,dgroup,DG01578,Lincosamide antibiotic,Clindamycin
DG00436,dgroup,DG01551,Macrolide antibiotic,Erythromycin
DG00436,dgroup,DG01874,14-membered ring macrolide antibiotic,Erythromycin
DG00436,dgroup,DG01633,CYP3A/CYP3A4 substrate,Erythromycin
DG00436,dgroup,DG02852,CYP3A/CYP3A4 inhibitor,Erythromycin
DG00436,dgroup,DG01622,ABCB1 inhibitor,Erythromycin
DG00437,dgroup,DG01197,Tetracycline antibiotic,Meclocycline
DG00439,dgroup,DG03129,Calcineurin inhibitor,Tacrolimus
DG00439,dgroup,DG01985,Disease modifying anti-rheumatic drug (DMARD),Tacrolimus
DG00439,dgroup,DG01633,CYP3A/CYP3A4 substrate,Tacrolimus
DG00439,dgroup,DG02913,CYP3A4 substrate,Tacrolimus
DG00441,dgroup,DG01504,Nonsteroidal anti-inflammatory drug (NSAID),Diclofenac
DG00441,dgroup,DG01906,"Anti-inflammatory drug, acetic acid derivatives",Diclofenac
DG00441,dgroup,DG01898,"Anti-inflammatory drug, phenylacetic acid derivatives",Diclofenac
DG00441,dgroup,DG01642,CYP2C9 substrate,Diclofenac
DG00441,dgroup,DG02866,SLC22A8 inhibitor,Diclofenac
DG00442,dgroup,DG01456,Adrenergic receptor agonist,Brimonidine
DG00442,dgroup,DG01450,alpha-Adrenergic receptor agonist,Brimonidine
DG00442,dgroup,DG01449,alpha2-Adrenergic receptor agonist,Brimonidine
DG00442,dgroup,DG03201,Intraocular pressure lowering agent,Brimonidine
DG00443,dgroup,DG01710,beta-Lactam antibiotic,Carfecillin
DG00443,dgroup,DG01713,Penicillin skeleton group,Carfecillin
DG00443,dgroup,DG01480,Penicillin,Carfecillin
DG00444,dgroup,DG01883,Imidazole antifungal,Butoconazole
DG00445,dgroup,DG01964,Ergot alkaloid,Methylergometrine
DG00445,dgroup,DG01633,CYP3A/CYP3A4 substrate,Methylergometrine
DG00445,dgroup,DG02913,CYP3A4 substrate,Methylergometrine
DG00446,dgroup,DG01964,Ergot alkaloid,Ergometrine
DG00446,dgroup,DG01633,CYP3A/CYP3A4 substrate,Ergometrine
DG00446,dgroup,DG02913,CYP3A4 substrate,Ergometrine
DG00447,dgroup,DG01961,Prostaglandin derivative,Dinoprost
DG00447,dgroup,DG01960,Prostaglandin F derivative,Dinoprost
DG00448,dgroup,DG01961,Prostaglandin derivative,Dinoprostone
DG00448,dgroup,DG01959,Prostaglandin E2 derivative,Dinoprostone
DG00449,dgroup,DG01961,Prostaglandin derivative,Carboprost
DG00449,dgroup,DG01960,Prostaglandin F derivative,Carboprost
DG00450,dgroup,DG01456,Adrenergic receptor agonist,Ritodrine
DG00450,dgroup,DG01455,beta-Adrenergic receptor agonist,Ritodrine
DG00450,dgroup,DG01452,beta2-Adrenergic receptor agonist,Ritodrine
DG00451,dgroup,DG01456,Adrenergic receptor agonist,Fenoterol
DG00451,dgroup,DG01455,beta-Adrenergic receptor agonist,Fenoterol
DG00451,dgroup,DG01452,beta2-Adrenergic receptor agonist,Fenoterol
DG00452,dgroup,DG01472,Dopamine agonist,Bromocriptine
DG00452,dgroup,DG01468,Dopamine D2-receptor agonist,Bromocriptine
DG00452,dgroup,DG01964,Ergot alkaloid,Bromocriptine
DG00452,dgroup,DG01967,Antiparkinson agent,Bromocriptine
DG00452,dgroup,DG01633,CYP3A/CYP3A4 substrate,Bromocriptine
DG00452,dgroup,DG02913,CYP3A4 substrate,Bromocriptine
DG00452,dgroup,DG02852,CYP3A/CYP3A4 inhibitor,Bromocriptine
DG00452,dgroup,DG01522,CYP3A4 inhibitor,Bromocriptine
DG00453,dgroup,DG01483,5-HT1A-receptor agonist,Lisuride
DG00453,dgroup,DG01472,Dopamine agonist,Lisuride
DG00453,dgroup,DG01468,Dopamine D2-receptor agonist,Lisuride
DG00453,dgroup,DG01964,Ergot alkaloid,Lisuride
DG00453,dgroup,DG01982,"Antimigraine, ergot alkaloid",Lisuride
DG00454,dgroup,DG01472,Dopamine agonist,Quinagolide
DG00454,dgroup,DG01468,Dopamine D2-receptor agonist,Quinagolide
DG00454,dgroup,DG01964,Ergot alkaloid,Quinagolide
DG00455,dgroup,DG01504,Nonsteroidal anti-inflammatory drug (NSAID),Naproxen
DG00455,dgroup,DG01908,"Anti-inflammatory drug, propionic acid derivatives",Naproxen
DG00456,dgroup,DG02004,Progesterone,Norethisterone
DG00456,dgroup,DG01666,Progesterone receptor agonist,Norethisterone
DG00457,dgroup,DG02004,Progesterone,Megestrol
DG00457,dgroup,DG01666,Progesterone receptor agonist,Megestrol
DG00458,dgroup,DG02004,Progesterone,Medroxyprogesterone
DG00458,dgroup,DG01666,Progesterone receptor agonist,Medroxyprogesterone
DG00460,dgroup,DG01590,Androgen receptor agonist,Testosterone
DG00460,dgroup,DG02006,Testosterone,Testosterone
DG00461,dgroup,DG01986,Estrogen,Ethinylestradiol
DG00461,dgroup,DG01584,Estrogen receptor agonist,Ethinylestradiol
DG00461,dgroup,DG01633,CYP3A/CYP3A4 substrate,Ethinylestradiol
DG00461,dgroup,DG02913,CYP3A4 substrate,Ethinylestradiol
DG00461,dgroup,DG02852,CYP3A/CYP3A4 inhibitor,Ethinylestradiol
DG00461,dgroup,DG01522,CYP3A4 inhibitor,Ethinylestradiol
DG00462,dgroup,DG01986,Estrogen,Estradiol
DG00462,dgroup,DG01584,Estrogen receptor agonist,Estradiol
DG00462,dgroup,DG01633,CYP3A/CYP3A4 substrate,Estradiol
DG00462,dgroup,DG02913,CYP3A4 substrate,Estradiol
DG00463,dgroup,DG01986,Estrogen,Estriol
DG00463,dgroup,DG01584,Estrogen receptor agonist,Estriol
DG00464,dgroup,DG01986,Estrogen,Estrone
DG00464,dgroup,DG01584,Estrogen receptor agonist,Estrone
DG00464,dgroup,DG01633,CYP3A/CYP3A4 substrate,Estrone
DG00464,dgroup,DG02913,CYP3A4 substrate,Estrone
DG00465,dgroup,DG01986,Estrogen,Conjugated estrogen
DG00465,dgroup,DG01584,Estrogen receptor agonist,Conjugated estrogen
DG00465,dgroup,DG01633,CYP3A/CYP3A4 substrate,Conjugated estrogen
DG00465,dgroup,DG02913,CYP3A4 substrate,Conjugated estrogen
DG00465,dgroup,DG02882,ABCB11 inhibitor,Conjugated estrogen
DG00466,dgroup,DG01584,Estrogen receptor agonist,Diethylstilbestrol
DG00467,dgroup,DG02004,Progesterone,Hydroxyprogesterone
DG00467,dgroup,DG01666,Progesterone receptor agonist,Hydroxyprogesterone
DG00468,dgroup,DG02004,Progesterone,Nomegestrol
DG00468,dgroup,DG01666,Progesterone receptor agonist,Nomegestrol
DG00469,dgroup,DG01591,Androgen receptor antagonist,Chlormadinone
DG00469,dgroup,DG02004,Progesterone,Chlormadinone
DG00469,dgroup,DG01666,Progesterone receptor agonist,Chlormadinone
DG00470,dgroup,DG02004,Progesterone,Etynodiol
DG00470,dgroup,DG01666,Progesterone receptor agonist,Etynodiol
DG00474,dgroup,DG01619,Estrogen receptor antagonist/modulator,Clomifene
DG00475,dgroup,DG01591,Androgen receptor antagonist,Cyproterone
DG00475,dgroup,DG01623,Steroid-type antiandrogen,Cyproterone
DG00476,dgroup,DG01619,Estrogen receptor antagonist/modulator,Raloxifene
DG00476,dgroup,DG01621,Selective estrogen receptor modulator,Raloxifene
DG00476,dgroup,DG03232,Osteoporosis agent,Raloxifene
DG00478,dgroup,DG01491,Muscarinic cholinergic receptor antagonist,Oxybutynin
DG00478,dgroup,DG01633,CYP3A/CYP3A4 substrate,Oxybutynin
DG00478,dgroup,DG02913,CYP3A4 substrate,Oxybutynin
DG00478,dgroup,DG02925,CYP3A5 substrate,Oxybutynin
DG00479,dgroup,DG01491,Muscarinic cholinergic receptor antagonist,Propiverine
DG00479,dgroup,DG01633,CYP3A/CYP3A4 substrate,Propiverine
DG00479,dgroup,DG02913,CYP3A4 substrate,Propiverine
DG00480,dgroup,DG01491,Muscarinic cholinergic receptor antagonist,Tolterodine
DG00480,dgroup,DG01644,CYP2D6 substrate,Tolterodine
DG00480,dgroup,DG01633,CYP3A/CYP3A4 substrate,Tolterodine
DG00480,dgroup,DG02913,CYP3A4 substrate,Tolterodine
DG00481,dgroup,DG01491,Muscarinic cholinergic receptor antagonist,Solifenacin
DG00481,dgroup,DG01633,CYP3A/CYP3A4 substrate,Solifenacin
DG00481,dgroup,DG02913,CYP3A4 substrate,Solifenacin
DG00482,dgroup,DG01491,Muscarinic cholinergic receptor antagonist,Darifenacin
DG00482,dgroup,DG01644,CYP2D6 substrate,Darifenacin
DG00482,dgroup,DG01633,CYP3A/CYP3A4 substrate,Darifenacin
DG00482,dgroup,DG02913,CYP3A4 substrate,Darifenacin
DG00483,dgroup,DG01491,Muscarinic cholinergic receptor antagonist,Fesoterodine
DG00483,dgroup,DG01644,CYP2D6 substrate,Fesoterodine
DG00483,dgroup,DG01633,CYP3A/CYP3A4 substrate,Fesoterodine
DG00483,dgroup,DG02913,CYP3A4 substrate,Fesoterodine
DG00484,dgroup,DG01509,Phosphodiesterase V inhibitor,Sildenafil
DG00484,dgroup,DG01642,CYP2C9 substrate,Sildenafil
DG00484,dgroup,DG01633,CYP3A/CYP3A4 substrate,Sildenafil
DG00484,dgroup,DG02913,CYP3A4 substrate,Sildenafil
DG00485,dgroup,DG01466,Adrenergic receptor antagonist,Yohimbine
DG00485,dgroup,DG01465,alpha-Adrenergic receptor antagonist,Yohimbine
DG00485,dgroup,DG01460,alpha2-Adrenergic receptor antagonist,Yohimbine
DG00486,dgroup,DG01472,Dopamine agonist,Apomorphine
DG00486,dgroup,DG01967,Antiparkinson agent,Apomorphine
DG00487,dgroup,DG01509,Phosphodiesterase V inhibitor,Vardenafil
DG00487,dgroup,DG01633,CYP3A/CYP3A4 substrate,Vardenafil
DG00487,dgroup,DG02913,CYP3A4 substrate,Vardenafil
DG00489,dgroup,DG01466,Adrenergic receptor antagonist,Alfuzosin
DG00489,dgroup,DG01465,alpha-Adrenergic receptor antagonist,Alfuzosin
DG00489,dgroup,DG01457,alpha1-Adrenergic receptor antagonist,Alfuzosin
DG00489,dgroup,DG01633,CYP3A/CYP3A4 substrate,Alfuzosin
DG00489,dgroup,DG02913,CYP3A4 substrate,Alfuzosin
DG00490,dgroup,DG01466,Adrenergic receptor antagonist,Tamsulosin
DG00490,dgroup,DG01465,alpha-Adrenergic receptor antagonist,Tamsulosin
DG00490,dgroup,DG01457,alpha1-Adrenergic receptor antagonist,Tamsulosin
DG00491,dgroup,DG01466,Adrenergic receptor antagonist,Terazosin
DG00491,dgroup,DG01465,alpha-Adrenergic receptor antagonist,Terazosin
DG00491,dgroup,DG01457,alpha1-Adrenergic receptor antagonist,Terazosin
DG00491,dgroup,DG03231,Antihypertensive,Terazosin
DG00492,dgroup,DG01629,Adrenocorticotropic hormone (ACTH),Corticotropin
DG00493,dgroup,DG01629,Adrenocorticotropic hormone (ACTH),Tetracosactide
DG00496,dgroup,DG01952,Vasopressin analog,Vasopressin
DG00497,dgroup,DG01952,Vasopressin analog,Desmopressin
DG00498,dgroup,DG01952,Vasopressin analog,Terlipressin
DG00499,dgroup,DG01494,Gonadotropin-releasing hormone receptor agonist,Gonadorelin
DG00500,dgroup,DG01494,Gonadotropin-releasing hormone receptor agonist,Nafarelin
DG00501,dgroup,DG01588,Somatostatin receptor agonist,Octreotide
DG00502,dgroup,DG01588,Somatostatin receptor agonist,Vapreotide
DG00503,dgroup,DG01588,Somatostatin receptor agonist,Pasireotide
DG00506,dgroup,DG01955,Corticosteroid,Fludrocortisone
DG00508,dgroup,DG01955,Corticosteroid,Paramethasone
DG00508,dgroup,DG02068,Glucocorticoid,Paramethasone
DG00509,dgroup,DG01955,Corticosteroid,Cortisone
DG00509,dgroup,DG02068,Glucocorticoid,Cortisone
DG00510,dgroup,DG01953,Thyroid preparation,Levothyroxine
DG00510,dgroup,DG01608,Thyroid hormone replenisher,Levothyroxine
DG00512,dgroup,DG01661,Parathyroid hormone and analog,Teriparatide
DG00512,dgroup,DG03232,Osteoporosis agent,Teriparatide
DG00513,dgroup,DG01633,CYP3A/CYP3A4 substrate,Cinacalcet
DG00513,dgroup,DG02913,CYP3A4 substrate,Cinacalcet
DG00513,dgroup,DG01645,CYP2D6 inhibitor,Cinacalcet
DG00514,dgroup,DG01197,Tetracycline antibiotic,Metacycline
DG00515,dgroup,DG01197,Tetracycline antibiotic,Rolitetracycline
DG00516,dgroup,DG01576,Amphenicol type antibacterial,Thiamphenicol
DG00517,dgroup,DG01710,beta-Lactam antibiotic,Ampicillin
DG00517,dgroup,DG01713,Penicillin skeleton group,Ampicillin
DG00517,dgroup,DG01480,Penicillin,Ampicillin
DG00517,dgroup,DG01780,Extended spectrum penicillin,Ampicillin
DG00518,dgroup,DG01710,beta-Lactam antibiotic,Pivampicillin
DG00518,dgroup,DG01713,Penicillin skeleton group,Pivampicillin
DG00518,dgroup,DG01480,Penicillin,Pivampicillin
DG00518,dgroup,DG01780,Extended spectrum penicillin,Pivampicillin
DG00519,dgroup,DG01710,beta-Lactam antibiotic,Carbenicillin
DG00519,dgroup,DG01713,Penicillin skeleton group,Carbenicillin
DG00519,dgroup,DG01480,Penicillin,Carbenicillin
DG00519,dgroup,DG01780,Extended spectrum penicillin,Carbenicillin
DG00520,dgroup,DG01710,beta-Lactam antibiotic,Amoxicillin
DG00520,dgroup,DG01713,Penicillin skeleton group,Amoxicillin
DG00520,dgroup,DG01480,Penicillin,Amoxicillin
DG00520,dgroup,DG01780,Extended spectrum penicillin,Amoxicillin
DG00521,dgroup,DG01710,beta-Lactam antibiotic,Carindacillin
DG00521,dgroup,DG01713,Penicillin skeleton group,Carindacillin
DG00521,dgroup,DG01480,Penicillin,Carindacillin
DG00521,dgroup,DG01780,Extended spectrum penicillin,Carindacillin
DG00522,dgroup,DG01710,beta-Lactam antibiotic,Bacampicillin
DG00522,dgroup,DG01713,Penicillin skeleton group,Bacampicillin
DG00522,dgroup,DG01480,Penicillin,Bacampicillin
DG00522,dgroup,DG01780,Extended spectrum penicillin,Bacampicillin
DG00523,dgroup,DG01710,beta-Lactam antibiotic,Pivmecillinam
DG00523,dgroup,DG01713,Penicillin skeleton group,Pivmecillinam
DG00523,dgroup,DG01480,Penicillin,Pivmecillinam
DG00523,dgroup,DG01780,Extended spectrum penicillin,Pivmecillinam
DG00524,dgroup,DG01710,beta-Lactam antibiotic,Azlocillin
DG00524,dgroup,DG01713,Penicillin skeleton group,Azlocillin
DG00524,dgroup,DG01480,Penicillin,Azlocillin
DG00524,dgroup,DG01780,Extended spectrum penicillin,Azlocillin
DG00525,dgroup,DG01710,beta-Lactam antibiotic,Mezlocillin
DG00525,dgroup,DG01713,Penicillin skeleton group,Mezlocillin
DG00525,dgroup,DG01480,Penicillin,Mezlocillin
DG00525,dgroup,DG01780,Extended spectrum penicillin,Mezlocillin
DG00526,dgroup,DG01710,beta-Lactam antibiotic,Piperacillin
DG00526,dgroup,DG01713,Penicillin skeleton group,Piperacillin
DG00526,dgroup,DG01480,Penicillin,Piperacillin
DG00526,dgroup,DG01780,Extended spectrum penicillin,Piperacillin
DG00527,dgroup,DG01710,beta-Lactam antibiotic,Ticarcillin
DG00527,dgroup,DG01713,Penicillin skeleton group,Ticarcillin
DG00527,dgroup,DG01480,Penicillin,Ticarcillin
DG00527,dgroup,DG01780,Extended spectrum penicillin,Ticarcillin
DG00528,dgroup,DG01710,beta-Lactam antibiotic,Metampicillin
DG00528,dgroup,DG01713,Penicillin skeleton group,Metampicillin
DG00528,dgroup,DG01480,Penicillin,Metampicillin
DG00528,dgroup,DG01780,Extended spectrum penicillin,Metampicillin
DG00529,dgroup,DG01710,beta-Lactam antibiotic,Talampicillin
DG00529,dgroup,DG01713,Penicillin skeleton group,Talampicillin
DG00529,dgroup,DG01480,Penicillin,Talampicillin
DG00529,dgroup,DG01780,Extended spectrum penicillin,Talampicillin
DG00530,dgroup,DG01710,beta-Lactam antibiotic,Sulbenicillin
DG00530,dgroup,DG01713,Penicillin skeleton group,Sulbenicillin
DG00530,dgroup,DG01480,Penicillin,Sulbenicillin
DG00530,dgroup,DG01780,Extended spectrum penicillin,Sulbenicillin
DG00531,dgroup,DG01710,beta-Lactam antibiotic,Temocillin
DG00531,dgroup,DG01713,Penicillin skeleton group,Temocillin
DG00531,dgroup,DG01480,Penicillin,Temocillin
DG00531,dgroup,DG01780,Extended spectrum penicillin,Temocillin
DG00532,dgroup,DG01710,beta-Lactam antibiotic,Hetacillin
DG00532,dgroup,DG01713,Penicillin skeleton group,Hetacillin
DG00532,dgroup,DG01480,Penicillin,Hetacillin
DG00532,dgroup,DG01780,Extended spectrum penicillin,Hetacillin
DG00533,dgroup,DG01710,beta-Lactam antibiotic,Aspoxicillin
DG00533,dgroup,DG01713,Penicillin skeleton group,Aspoxicillin
DG00533,dgroup,DG01480,Penicillin,Aspoxicillin
DG00533,dgroup,DG01780,Extended spectrum penicillin,Aspoxicillin
DG00534,dgroup,DG01710,beta-Lactam antibiotic,Benzylpenicillin
DG00534,dgroup,DG01713,Penicillin skeleton group,Benzylpenicillin
DG00534,dgroup,DG01480,Penicillin,Benzylpenicillin
DG00534,dgroup,DG01778,beta-Lactamase sensitive penicillin,Benzylpenicillin
DG00535,dgroup,DG01710,beta-Lactam antibiotic,Phenoxymethylpenicillin
DG00535,dgroup,DG01713,Penicillin skeleton group,Phenoxymethylpenicillin
DG00535,dgroup,DG01480,Penicillin,Phenoxymethylpenicillin
DG00535,dgroup,DG01778,beta-Lactamase sensitive penicillin,Phenoxymethylpenicillin
DG00536,dgroup,DG01710,beta-Lactam antibiotic,Propicillin
DG00536,dgroup,DG01713,Penicillin skeleton group,Propicillin
DG00536,dgroup,DG01480,Penicillin,Propicillin
DG00536,dgroup,DG01778,beta-Lactamase sensitive penicillin,Propicillin
DG00537,dgroup,DG01710,beta-Lactam antibiotic,Azidocillin
DG00537,dgroup,DG01713,Penicillin skeleton group,Azidocillin
DG00537,dgroup,DG01480,Penicillin,Azidocillin
DG00537,dgroup,DG01778,beta-Lactamase sensitive penicillin,Azidocillin
DG00538,dgroup,DG01710,beta-Lactam antibiotic,Pheneticillin
DG00538,dgroup,DG01713,Penicillin skeleton group,Pheneticillin
DG00538,dgroup,DG01480,Penicillin,Pheneticillin
DG00538,dgroup,DG01778,beta-Lactamase sensitive penicillin,Pheneticillin
DG00539,dgroup,DG01710,beta-Lactam antibiotic,Clometocillin
DG00539,dgroup,DG01713,Penicillin skeleton group,Clometocillin
DG00539,dgroup,DG01480,Penicillin,Clometocillin
DG00539,dgroup,DG01778,beta-Lactamase sensitive penicillin,Clometocillin
DG00540,dgroup,DG01710,beta-Lactam antibiotic,Dicloxacillin
DG00540,dgroup,DG01713,Penicillin skeleton group,Dicloxacillin
DG00540,dgroup,DG01480,Penicillin,Dicloxacillin
DG00540,dgroup,DG01779,beta-Lactamase resistant penicillin,Dicloxacillin
DG00541,dgroup,DG01710,beta-Lactam antibiotic,Cloxacillin
DG00541,dgroup,DG01713,Penicillin skeleton group,Cloxacillin
DG00541,dgroup,DG01480,Penicillin,Cloxacillin
DG00541,dgroup,DG01779,beta-Lactamase resistant penicillin,Cloxacillin
DG00542,dgroup,DG01710,beta-Lactam antibiotic,Oxacillin
DG00542,dgroup,DG01713,Penicillin skeleton group,Oxacillin
DG00542,dgroup,DG01480,Penicillin,Oxacillin
DG00542,dgroup,DG01779,beta-Lactamase resistant penicillin,Oxacillin
DG00543,dgroup,DG01710,beta-Lactam antibiotic,Flucloxacillin
DG00543,dgroup,DG01713,Penicillin skeleton group,Flucloxacillin
DG00543,dgroup,DG01480,Penicillin,Flucloxacillin
DG00543,dgroup,DG01779,beta-Lactamase resistant penicillin,Flucloxacillin
DG00544,dgroup,DG01710,beta-Lactam antibiotic,Nafcillin
DG00544,dgroup,DG01713,Penicillin skeleton group,Nafcillin
DG00544,dgroup,DG01480,Penicillin,Nafcillin
DG00544,dgroup,DG01779,beta-Lactamase resistant penicillin,Nafcillin
DG00545,dgroup,DG01710,beta-Lactam antibiotic,Sulbactam
DG00545,dgroup,DG01713,Penicillin skeleton group,Sulbactam
DG00545,dgroup,DG01480,Penicillin,Sulbactam
DG00545,dgroup,DG01479,beta-Lactamase inhibitor,Sulbactam
DG00546,dgroup,DG01710,beta-Lactam antibiotic,Tazobactam
DG00546,dgroup,DG01713,Penicillin skeleton group,Tazobactam
DG00546,dgroup,DG01480,Penicillin,Tazobactam
DG00546,dgroup,DG01479,beta-Lactamase inhibitor,Tazobactam
DG00547,dgroup,DG01710,beta-Lactam antibiotic,Sultamicillin
DG00547,dgroup,DG01713,Penicillin skeleton group,Sultamicillin
DG00547,dgroup,DG01480,Penicillin,Sultamicillin
DG00547,dgroup,DG01479,beta-Lactamase inhibitor,Sultamicillin
DG00548,dgroup,DG01710,beta-Lactam antibiotic,Cephalexin
DG00548,dgroup,DG01714,Cephalosporin skeleton group,Cephalexin
DG00548,dgroup,DG01488,Cephem,Cephalexin
DG00548,dgroup,DG01774,First-generation cephalosporin,Cephalexin
DG00549,dgroup,DG01710,beta-Lactam antibiotic,Cefalotin
DG00549,dgroup,DG01714,Cephalosporin skeleton group,Cefalotin
DG00549,dgroup,DG01488,Cephem,Cefalotin
DG00549,dgroup,DG01774,First-generation cephalosporin,Cefalotin
DG00550,dgroup,DG01710,beta-Lactam antibiotic,Cefazolin
DG00550,dgroup,DG01714,Cephalosporin skeleton group,Cefazolin
DG00550,dgroup,DG01488,Cephem,Cefazolin
DG00550,dgroup,DG01774,First-generation cephalosporin,Cefazolin
DG00551,dgroup,DG01710,beta-Lactam antibiotic,Cefadroxil
DG00551,dgroup,DG01714,Cephalosporin skeleton group,Cefadroxil
DG00551,dgroup,DG01488,Cephem,Cefadroxil
DG00551,dgroup,DG01774,First-generation cephalosporin,Cefadroxil
DG00552,dgroup,DG01710,beta-Lactam antibiotic,Cefatrizine
DG00552,dgroup,DG01714,Cephalosporin skeleton group,Cefatrizine
DG00552,dgroup,DG01488,Cephem,Cefatrizine
DG00552,dgroup,DG01774,First-generation cephalosporin,Cefatrizine
DG00553,dgroup,DG01710,beta-Lactam antibiotic,cephapirin
DG00553,dgroup,DG01714,Cephalosporin skeleton group,cephapirin
DG00553,dgroup,DG01488,Cephem,cephapirin
DG00553,dgroup,DG01774,First-generation cephalosporin,cephapirin
DG00554,dgroup,DG01710,beta-Lactam antibiotic,Cefacetrile
DG00554,dgroup,DG01714,Cephalosporin skeleton group,Cefacetrile
DG00554,dgroup,DG01488,Cephem,Cefacetrile
DG00554,dgroup,DG01774,First-generation cephalosporin,Cefacetrile
DG00555,dgroup,DG01710,beta-Lactam antibiotic,Cefroxadine
DG00555,dgroup,DG01714,Cephalosporin skeleton group,Cefroxadine
DG00555,dgroup,DG01488,Cephem,Cefroxadine
DG00555,dgroup,DG01774,First-generation cephalosporin,Cefroxadine
DG00556,dgroup,DG01710,beta-Lactam antibiotic,Ceftezole
DG00556,dgroup,DG01714,Cephalosporin skeleton group,Ceftezole
DG00556,dgroup,DG01488,Cephem,Ceftezole
DG00556,dgroup,DG01774,First-generation cephalosporin,Ceftezole
DG00557,dgroup,DG01710,beta-Lactam antibiotic,Cefoxitin
DG00557,dgroup,DG01714,Cephalosporin skeleton group,Cefoxitin
DG00557,dgroup,DG01488,Cephem,Cefoxitin
DG00557,dgroup,DG01775,Second-generation cephalosporin,Cefoxitin
DG00558,dgroup,DG01710,beta-Lactam antibiotic,Cefuroxime
DG00558,dgroup,DG01714,Cephalosporin skeleton group,Cefuroxime
DG00558,dgroup,DG01488,Cephem,Cefuroxime
DG00558,dgroup,DG01775,Second-generation cephalosporin,Cefuroxime
DG00558,dgroup,DG01804,Oxyimino beta-lactam,Cefuroxime
DG00559,dgroup,DG01710,beta-Lactam antibiotic,Cefamandole
DG00559,dgroup,DG01714,Cephalosporin skeleton group,Cefamandole
DG00559,dgroup,DG01488,Cephem,Cefamandole
DG00559,dgroup,DG01775,Second-generation cephalosporin,Cefamandole
DG00560,dgroup,DG01710,beta-Lactam antibiotic,Cefaclor
DG00560,dgroup,DG01714,Cephalosporin skeleton group,Cefaclor
DG00560,dgroup,DG01488,Cephem,Cefaclor
DG00560,dgroup,DG01775,Second-generation cephalosporin,Cefaclor
DG00561,dgroup,DG01710,beta-Lactam antibiotic,Cefotetan
DG00561,dgroup,DG01714,Cephalosporin skeleton group,Cefotetan
DG00561,dgroup,DG01488,Cephem,Cefotetan
DG00561,dgroup,DG01775,Second-generation cephalosporin,Cefotetan
DG00562,dgroup,DG01710,beta-Lactam antibiotic,Cefonicid
DG00562,dgroup,DG01714,Cephalosporin skeleton group,Cefonicid
DG00562,dgroup,DG01488,Cephem,Cefonicid
DG00562,dgroup,DG01775,Second-generation cephalosporin,Cefonicid
DG00563,dgroup,DG01710,beta-Lactam antibiotic,Cefotiam
DG00563,dgroup,DG01714,Cephalosporin skeleton group,Cefotiam
DG00563,dgroup,DG01488,Cephem,Cefotiam
DG00563,dgroup,DG01775,Second-generation cephalosporin,Cefotiam
DG00564,dgroup,DG01710,beta-Lactam antibiotic,Loracarbef
DG00564,dgroup,DG01714,Cephalosporin skeleton group,Loracarbef
DG00564,dgroup,DG01711,Carbacephem,Loracarbef
DG00564,dgroup,DG01775,Second-generation cephalosporin,Loracarbef
DG00565,dgroup,DG01710,beta-Lactam antibiotic,Cefmetazole
DG00565,dgroup,DG01714,Cephalosporin skeleton group,Cefmetazole
DG00565,dgroup,DG01488,Cephem,Cefmetazole
DG00565,dgroup,DG01775,Second-generation cephalosporin,Cefmetazole
DG00566,dgroup,DG01710,beta-Lactam antibiotic,Cefprozil
DG00566,dgroup,DG01714,Cephalosporin skeleton group,Cefprozil
DG00566,dgroup,DG01488,Cephem,Cefprozil
DG00566,dgroup,DG01775,Second-generation cephalosporin,Cefprozil
DG00567,dgroup,DG01710,beta-Lactam antibiotic,Cefminox
DG00567,dgroup,DG01714,Cephalosporin skeleton group,Cefminox
DG00567,dgroup,DG01488,Cephem,Cefminox
DG00567,dgroup,DG01775,Second-generation cephalosporin,Cefminox
DG00568,dgroup,DG01710,beta-Lactam antibiotic,Cefbuperazone
DG00568,dgroup,DG01714,Cephalosporin skeleton group,Cefbuperazone
DG00568,dgroup,DG01488,Cephem,Cefbuperazone
DG00568,dgroup,DG01775,Second-generation cephalosporin,Cefbuperazone
DG00569,dgroup,DG01710,beta-Lactam antibiotic,Flomoxef
DG00569,dgroup,DG01714,Cephalosporin skeleton group,Flomoxef
DG00569,dgroup,DG01459,Oxacephem,Flomoxef
DG00569,dgroup,DG01775,Second-generation cephalosporin,Flomoxef
DG00570,dgroup,DG01710,beta-Lactam antibiotic,Cefotaxime
DG00570,dgroup,DG01714,Cephalosporin skeleton group,Cefotaxime
DG00570,dgroup,DG01488,Cephem,Cefotaxime
DG00570,dgroup,DG01776,Third-generation cephalosporin,Cefotaxime
DG00570,dgroup,DG01804,Oxyimino beta-lactam,Cefotaxime
DG00571,dgroup,DG01710,beta-Lactam antibiotic,Ceftazidime
DG00571,dgroup,DG01714,Cephalosporin skeleton group,Ceftazidime
DG00571,dgroup,DG01488,Cephem,Ceftazidime
DG00571,dgroup,DG01776,Third-generation cephalosporin,Ceftazidime
DG00571,dgroup,DG01804,Oxyimino beta-lactam,Ceftazidime
DG00572,dgroup,DG01710,beta-Lactam antibiotic,Cefsulodin
DG00572,dgroup,DG01714,Cephalosporin skeleton group,Cefsulodin
DG00572,dgroup,DG01488,Cephem,Cefsulodin
DG00572,dgroup,DG01776,Third-generation cephalosporin,Cefsulodin
DG00573,dgroup,DG01710,beta-Lactam antibiotic,Ceftriaxone
DG00573,dgroup,DG01714,Cephalosporin skeleton group,Ceftriaxone
DG00573,dgroup,DG01488,Cephem,Ceftriaxone
DG00573,dgroup,DG01776,Third-generation cephalosporin,Ceftriaxone
DG00573,dgroup,DG01804,Oxyimino beta-lactam,Ceftriaxone
DG00574,dgroup,DG01710,beta-Lactam antibiotic,Cefmenoxime
DG00574,dgroup,DG01714,Cephalosporin skeleton group,Cefmenoxime
DG00574,dgroup,DG01488,Cephem,Cefmenoxime
DG00574,dgroup,DG01776,Third-generation cephalosporin,Cefmenoxime
DG00574,dgroup,DG01804,Oxyimino beta-lactam,Cefmenoxime
DG00575,dgroup,DG01710,beta-Lactam antibiotic,Latamoxef
DG00575,dgroup,DG01714,Cephalosporin skeleton group,Latamoxef
DG00575,dgroup,DG01459,Oxacephem,Latamoxef
DG00575,dgroup,DG01776,Third-generation cephalosporin,Latamoxef
DG00576,dgroup,DG01710,beta-Lactam antibiotic,Ceftizoxime
DG00576,dgroup,DG01714,Cephalosporin skeleton group,Ceftizoxime
DG00576,dgroup,DG01488,Cephem,Ceftizoxime
DG00576,dgroup,DG01776,Third-generation cephalosporin,Ceftizoxime
DG00576,dgroup,DG01804,Oxyimino beta-lactam,Ceftizoxime
DG00577,dgroup,DG01710,beta-Lactam antibiotic,Cefixime
DG00577,dgroup,DG01714,Cephalosporin skeleton group,Cefixime
DG00577,dgroup,DG01488,Cephem,Cefixime
DG00577,dgroup,DG01776,Third-generation cephalosporin,Cefixime
DG00577,dgroup,DG01804,Oxyimino beta-lactam,Cefixime
DG00578,dgroup,DG01710,beta-Lactam antibiotic,Cefodizime
DG00578,dgroup,DG01714,Cephalosporin skeleton group,Cefodizime
DG00578,dgroup,DG01488,Cephem,Cefodizime
DG00578,dgroup,DG01776,Third-generation cephalosporin,Cefodizime
DG00578,dgroup,DG01804,Oxyimino beta-lactam,Cefodizime
DG00579,dgroup,DG01710,beta-Lactam antibiotic,Cefetamet
DG00579,dgroup,DG01714,Cephalosporin skeleton group,Cefetamet
DG00579,dgroup,DG01488,Cephem,Cefetamet
DG00579,dgroup,DG01776,Third-generation cephalosporin,Cefetamet
DG00579,dgroup,DG01804,Oxyimino beta-lactam,Cefetamet
DG00580,dgroup,DG01710,beta-Lactam antibiotic,Cefpiramide
DG00580,dgroup,DG01714,Cephalosporin skeleton group,Cefpiramide
DG00580,dgroup,DG01488,Cephem,Cefpiramide
DG00580,dgroup,DG01776,Third-generation cephalosporin,Cefpiramide
DG00581,dgroup,DG01710,beta-Lactam antibiotic,Cefoperazone
DG00581,dgroup,DG01714,Cephalosporin skeleton group,Cefoperazone
DG00581,dgroup,DG01488,Cephem,Cefoperazone
DG00581,dgroup,DG01776,Third-generation cephalosporin,Cefoperazone
DG00582,dgroup,DG01710,beta-Lactam antibiotic,Cefpodoxime
DG00582,dgroup,DG01714,Cephalosporin skeleton group,Cefpodoxime
DG00582,dgroup,DG01488,Cephem,Cefpodoxime
DG00582,dgroup,DG01776,Third-generation cephalosporin,Cefpodoxime
DG00582,dgroup,DG01804,Oxyimino beta-lactam,Cefpodoxime
DG00583,dgroup,DG01710,beta-Lactam antibiotic,Ceftibuten
DG00583,dgroup,DG01714,Cephalosporin skeleton group,Ceftibuten
DG00583,dgroup,DG01488,Cephem,Ceftibuten
DG00583,dgroup,DG01776,Third-generation cephalosporin,Ceftibuten
DG00584,dgroup,DG01710,beta-Lactam antibiotic,Cefditoren
DG00584,dgroup,DG01714,Cephalosporin skeleton group,Cefditoren
DG00584,dgroup,DG01488,Cephem,Cefditoren
DG00584,dgroup,DG01776,Third-generation cephalosporin,Cefditoren
DG00584,dgroup,DG01804,Oxyimino beta-lactam,Cefditoren
DG00585,dgroup,DG01710,beta-Lactam antibiotic,Cefcapene
DG00585,dgroup,DG01714,Cephalosporin skeleton group,Cefcapene
DG00585,dgroup,DG01488,Cephem,Cefcapene
DG00585,dgroup,DG01776,Third-generation cephalosporin,Cefcapene
DG00586,dgroup,DG01710,beta-Lactam antibiotic,Cefepime
DG00586,dgroup,DG01714,Cephalosporin skeleton group,Cefepime
DG00586,dgroup,DG01488,Cephem,Cefepime
DG00586,dgroup,DG01777,Fourth-generation cephalosporin,Cefepime
DG00586,dgroup,DG01804,Oxyimino beta-lactam,Cefepime
DG00587,dgroup,DG01710,beta-Lactam antibiotic,Cefpirome
DG00587,dgroup,DG01714,Cephalosporin skeleton group,Cefpirome
DG00587,dgroup,DG01488,Cephem,Cefpirome
DG00587,dgroup,DG01777,Fourth-generation cephalosporin,Cefpirome
DG00587,dgroup,DG01804,Oxyimino beta-lactam,Cefpirome
DG00588,dgroup,DG01710,beta-Lactam antibiotic,Cefozopran
DG00588,dgroup,DG01714,Cephalosporin skeleton group,Cefozopran
DG00588,dgroup,DG01488,Cephem,Cefozopran
DG00588,dgroup,DG01777,Fourth-generation cephalosporin,Cefozopran
DG00588,dgroup,DG01804,Oxyimino beta-lactam,Cefozopran
DG00589,dgroup,DG01710,beta-Lactam antibiotic,Aztreonam
DG00589,dgroup,DG01454,Monobactam,Aztreonam
DG00589,dgroup,DG01804,Oxyimino beta-lactam,Aztreonam
DG00590,dgroup,DG01710,beta-Lactam antibiotic,Carumonam
DG00590,dgroup,DG01454,Monobactam,Carumonam
DG00590,dgroup,DG01804,Oxyimino beta-lactam,Carumonam
DG00591,dgroup,DG01710,beta-Lactam antibiotic,Meropenem
DG00591,dgroup,DG01713,Penicillin skeleton group,Meropenem
DG00591,dgroup,DG01458,Carbapenem,Meropenem
DG00592,dgroup,DG01710,beta-Lactam antibiotic,Ertapenem
DG00592,dgroup,DG01713,Penicillin skeleton group,Ertapenem
DG00592,dgroup,DG01458,Carbapenem,Ertapenem
DG00593,dgroup,DG01710,beta-Lactam antibiotic,Doripenem
DG00593,dgroup,DG01713,Penicillin skeleton group,Doripenem
DG00593,dgroup,DG01458,Carbapenem,Doripenem
DG00594,dgroup,DG01710,beta-Lactam antibiotic,Faropenem
DG00594,dgroup,DG01713,Penicillin skeleton group,Faropenem
DG00594,dgroup,DG01486,Penem,Faropenem
DG00595,dgroup,DG01581,Trimethoprim antibacterial,Trimethoprim
DG00595,dgroup,DG01641,CYP2C8 inhibitor,Trimethoprim
DG00596,dgroup,DG01581,Trimethoprim antibacterial,Iclaprim
DG00597,dgroup,DG01787,Sulfonamide antibacterial,Sulfadimidine
DG00597,dgroup,DG01784,Short-acting sulfonamide,Sulfadimidine
DG00598,dgroup,DG01787,Sulfonamide antibacterial,Sulfafurazole
DG00598,dgroup,DG01784,Short-acting sulfonamide,Sulfafurazole
DG00599,dgroup,DG01787,Sulfonamide antibacterial,Sulfadiazine
DG00599,dgroup,DG01785,Intermediate-acting sulfonamide,Sulfadiazine
DG00600,dgroup,DG01787,Sulfonamide antibacterial,Sulfadimethoxine
DG00600,dgroup,DG01786,Long-acting sulfonamide,Sulfadimethoxine
DG00601,dgroup,DG01787,Sulfonamide antibacterial,Sulfamethoxypyridazine
DG00601,dgroup,DG01786,Long-acting sulfonamide,Sulfamethoxypyridazine
DG00602,dgroup,DG01551,Macrolide antibiotic,Spiramycin
DG00602,dgroup,DG01876,16-Membered ring macrolide antibiotic,Spiramycin
DG00603,dgroup,DG01551,Macrolide antibiotic,Oleandomycin
DG00603,dgroup,DG01874,14-membered ring macrolide antibiotic,Oleandomycin
DG00604,dgroup,DG01551,Macrolide antibiotic,Josamycin
DG00604,dgroup,DG01876,16-Membered ring macrolide antibiotic,Josamycin
DG00604,dgroup,DG02852,CYP3A/CYP3A4 inhibitor,Josamycin
DG00604,dgroup,DG01522,CYP3A4 inhibitor,Josamycin
DG00605,dgroup,DG01551,Macrolide antibiotic,Clarithromycin
DG00605,dgroup,DG01874,14-membered ring macrolide antibiotic,Clarithromycin
DG00605,dgroup,DG01633,CYP3A/CYP3A4 substrate,Clarithromycin
DG00605,dgroup,DG02913,CYP3A4 substrate,Clarithromycin
DG00605,dgroup,DG02852,CYP3A/CYP3A4 inhibitor,Clarithromycin
DG00605,dgroup,DG01522,CYP3A4 inhibitor,Clarithromycin
DG00605,dgroup,DG01622,ABCB1 inhibitor,Clarithromycin
DG00606,dgroup,DG01551,Macrolide antibiotic,Azithromycin
DG00606,dgroup,DG01875,15-Membered ring macrolide antibiotic,Azithromycin
DG00606,dgroup,DG01665,ABCB1 substrate,Azithromycin
DG00606,dgroup,DG01622,ABCB1 inhibitor,Azithromycin
DG00607,dgroup,DG01578,Lincosamide antibiotic,Lincomycin
DG00608,dgroup,DG01447,Aminoglycoside antibiotic,Tobramycin
DG00609,dgroup,DG01447,Aminoglycoside antibiotic,Netilmicin
DG00610,dgroup,DG01447,Aminoglycoside antibiotic,Sisomicin
DG00611,dgroup,DG01447,Aminoglycoside antibiotic,Dibekacin
DG00612,dgroup,DG01447,Aminoglycoside antibiotic,Ribostamycin
DG00613,dgroup,DG01447,Aminoglycoside antibiotic,Isepamicin
DG00614,dgroup,DG01447,Aminoglycoside antibiotic,Arbekacin
DG00615,dgroup,DG01447,Aminoglycoside antibiotic,Bekanamycin
DG00616,dgroup,DG01550,Quinolone,Ofloxacin
DG00616,dgroup,DG01549,Fluoroquinolone,Ofloxacin
DG00616,dgroup,DG01633,CYP3A/CYP3A4 substrate,Ofloxacin
DG00616,dgroup,DG02913,CYP3A4 substrate,Ofloxacin
DG00617,dgroup,DG01550,Quinolone,Ciprofloxacin
DG00617,dgroup,DG01549,Fluoroquinolone,Ciprofloxacin
DG00617,dgroup,DG01634,CYP1A2 inhibitor,Ciprofloxacin
DG00618,dgroup,DG01550,Quinolone,Pefloxacin
DG00618,dgroup,DG01549,Fluoroquinolone,Pefloxacin
DG00619,dgroup,DG01550,Quinolone,Enoxacin
DG00619,dgroup,DG01549,Fluoroquinolone,Enoxacin
DG00619,dgroup,DG01634,CYP1A2 inhibitor,Enoxacin
DG00620,dgroup,DG01550,Quinolone,Norfloxacin
DG00620,dgroup,DG01549,Fluoroquinolone,Norfloxacin
DG00620,dgroup,DG01892,CYP1A2 substrate,Norfloxacin
DG00620,dgroup,DG01634,CYP1A2 inhibitor,Norfloxacin
DG00620,dgroup,DG02852,CYP3A/CYP3A4 inhibitor,Norfloxacin
DG00621,dgroup,DG01550,Quinolone,Lomefloxacin
DG00621,dgroup,DG01549,Fluoroquinolone,Lomefloxacin
DG00622,dgroup,DG01550,Quinolone,Rufloxacin
DG00622,dgroup,DG01549,Fluoroquinolone,Rufloxacin
DG00623,dgroup,DG01550,Quinolone,Grepafloxacin
DG00623,dgroup,DG01549,Fluoroquinolone,Grepafloxacin
DG00624,dgroup,DG01550,Quinolone,Levofloxacin
DG00624,dgroup,DG01549,Fluoroquinolone,Levofloxacin
DG00624,dgroup,DG01966,Antitubercular,Levofloxacin
DG00624,dgroup,DG02857,SLCO1A2 substrate,Levofloxacin
DG00625,dgroup,DG01550,Quinolone,Trovafloxacin
DG00625,dgroup,DG01549,Fluoroquinolone,Trovafloxacin
DG00626,dgroup,DG01550,Quinolone,Moxifloxacin
DG00626,dgroup,DG01549,Fluoroquinolone,Moxifloxacin
DG00627,dgroup,DG01550,Quinolone,Gemifloxacin
DG00627,dgroup,DG01549,Fluoroquinolone,Gemifloxacin
DG00628,dgroup,DG01550,Quinolone,Gatifloxacin
DG00628,dgroup,DG01549,Fluoroquinolone,Gatifloxacin
DG00629,dgroup,DG01550,Quinolone,Pazufloxacin
DG00629,dgroup,DG01549,Fluoroquinolone,Pazufloxacin
DG00629,dgroup,DG01634,CYP1A2 inhibitor,Pazufloxacin
DG00630,dgroup,DG01550,Quinolone,Nalidixic acid
DG00631,dgroup,DG01550,Quinolone,Pipemidic acid
DG00631,dgroup,DG01634,CYP1A2 inhibitor,Pipemidic acid
DG00632,dgroup,DG01580,Glycopeptide antibiotic,Oritavancin
DG00634,dgroup,DG01447,Aminoglycoside antibiotic,Spectinomycin
DG00638,dgroup,DG01966,Antitubercular,Aminosalicylic acid
DG00639,dgroup,DG01966,Antitubercular,Rifampicin
DG00639,dgroup,DG01598,Rifamycin antibiotic,Rifampicin
DG00639,dgroup,DG02853,CYP3A/CYP3A4 inducer,Rifampicin
DG00639,dgroup,DG01635,CYP3A4 inducer,Rifampicin
DG00639,dgroup,DG03195,UGT inducer,Rifampicin
DG00639,dgroup,DG02865,SLCO1B1 inhibitor,Rifampicin
DG00639,dgroup,DG02907,SLCO1B3 inhibitor,Rifampicin
DG00639,dgroup,DG01893,ABCB1 inducer,Rifampicin
DG00640,dgroup,DG01966,Antitubercular,Rifamycin
DG00640,dgroup,DG01598,Rifamycin antibiotic,Rifamycin
DG00641,dgroup,DG01966,Antitubercular,Capreomycin
DG00642,dgroup,DG01966,Antitubercular,Isoniazid
DG00642,dgroup,DG01568,MAO inhibitor,Isoniazid
DG00642,dgroup,DG01519,Non-selective monoamine oxidase inhibitor,Isoniazid
DG00643,dgroup,DG01966,Antitubercular,Ethambutol
DG00644,dgroup,DG01966,Antitubercular,Bedaquiline
DG00644,dgroup,DG01633,CYP3A/CYP3A4 substrate,Bedaquiline
DG00644,dgroup,DG02913,CYP3A4 substrate,Bedaquiline
DG00645,dgroup,DG01440,Arabinofuranosyl type antiviral,Vidarabine
DG00645,dgroup,DG02840,Anti-herpesvirus agent,Vidarabine
DG00646,dgroup,DG02840,Anti-herpesvirus agent,Ganciclovir
DG00646,dgroup,DG01937,Anti-cytomegalovirus agent,Ganciclovir
DG00647,dgroup,DG02840,Anti-herpesvirus agent,Valaciclovir
DG00648,dgroup,DG01937,Anti-cytomegalovirus agent,Cidofovir
DG00649,dgroup,DG01937,Anti-cytomegalovirus agent,Valganciclovir
DG00650,dgroup,DG03029,Anti-influenza virus agent,Rimantadine
DG00650,dgroup,DG02841,Viral uncoating inhibitor,Rimantadine
DG00651,dgroup,DG01937,Anti-cytomegalovirus agent,Foscarnet
DG00653,dgroup,DG03107,Anti-HIV agent,Saquinavir
DG00653,dgroup,DG01647,HIV protease inhibitor,Saquinavir
DG00653,dgroup,DG01633,CYP3A/CYP3A4 substrate,Saquinavir
DG00653,dgroup,DG02913,CYP3A4 substrate,Saquinavir
DG00653,dgroup,DG01665,ABCB1 substrate,Saquinavir
DG00654,dgroup,DG03107,Anti-HIV agent,Indinavir
DG00654,dgroup,DG01647,HIV protease inhibitor,Indinavir
DG00654,dgroup,DG01633,CYP3A/CYP3A4 substrate,Indinavir
DG00654,dgroup,DG02913,CYP3A4 substrate,Indinavir
DG00654,dgroup,DG02852,CYP3A/CYP3A4 inhibitor,Indinavir
DG00654,dgroup,DG01522,CYP3A4 inhibitor,Indinavir
DG00655,dgroup,DG03107,Anti-HIV agent,Nelfinavir
DG00655,dgroup,DG01647,HIV protease inhibitor,Nelfinavir
DG00655,dgroup,DG01639,CYP2C19 substrate,Nelfinavir
DG00655,dgroup,DG01633,CYP3A/CYP3A4 substrate,Nelfinavir
DG00655,dgroup,DG02913,CYP3A4 substrate,Nelfinavir
DG00655,dgroup,DG02852,CYP3A/CYP3A4 inhibitor,Nelfinavir
DG00655,dgroup,DG01522,CYP3A4 inhibitor,Nelfinavir
DG00656,dgroup,DG03107,Anti-HIV agent,Fosamprenavir
DG00656,dgroup,DG01647,HIV protease inhibitor,Fosamprenavir
DG00656,dgroup,DG01633,CYP3A/CYP3A4 substrate,Fosamprenavir
DG00656,dgroup,DG02913,CYP3A4 substrate,Fosamprenavir
DG00656,dgroup,DG02852,CYP3A/CYP3A4 inhibitor,Fosamprenavir
DG00656,dgroup,DG01522,CYP3A4 inhibitor,Fosamprenavir
DG00657,dgroup,DG03107,Anti-HIV agent,Atazanavir
DG00657,dgroup,DG01647,HIV protease inhibitor,Atazanavir
DG00657,dgroup,DG02852,CYP3A/CYP3A4 inhibitor,Atazanavir
DG00657,dgroup,DG01522,CYP3A4 inhibitor,Atazanavir
DG00657,dgroup,DG02887,UGT1A1 inhibitor,Atazanavir
DG00658,dgroup,DG03107,Anti-HIV agent,Tipranavir
DG00658,dgroup,DG01647,HIV protease inhibitor,Tipranavir
DG00659,dgroup,DG03107,Anti-HIV agent,Darunavir
DG00659,dgroup,DG01647,HIV protease inhibitor,Darunavir
DG00659,dgroup,DG01633,CYP3A/CYP3A4 substrate,Darunavir
DG00659,dgroup,DG02913,CYP3A4 substrate,Darunavir
DG00659,dgroup,DG02852,CYP3A/CYP3A4 inhibitor,Darunavir
DG00659,dgroup,DG01522,CYP3A4 inhibitor,Darunavir
DG00660,dgroup,DG01890,Nucleoside reverse transcriptase inhibitor (NRTI),Abacavir
DG00660,dgroup,DG03107,Anti-HIV agent,Abacavir
DG00660,dgroup,DG01656,HIV reverse transcriptase inhibitor,Abacavir
DG00661,dgroup,DG01890,Nucleoside reverse transcriptase inhibitor (NRTI),Entecavir
DG00662,dgroup,DG01889,Non-nucleoside reverse transcriptase inhibitor (NNRTI),Delavirdine
DG00662,dgroup,DG03107,Anti-HIV agent,Delavirdine
DG00662,dgroup,DG01656,HIV reverse transcriptase inhibitor,Delavirdine
DG00662,dgroup,DG01633,CYP3A/CYP3A4 substrate,Delavirdine
DG00662,dgroup,DG02852,CYP3A/CYP3A4 inhibitor,Delavirdine
DG00663,dgroup,DG01889,Non-nucleoside reverse transcriptase inhibitor (NNRTI),Rilpivirine
DG00663,dgroup,DG03107,Anti-HIV agent,Rilpivirine
DG00663,dgroup,DG01656,HIV reverse transcriptase inhibitor,Rilpivirine
DG00663,dgroup,DG01633,CYP3A/CYP3A4 substrate,Rilpivirine
DG00664,dgroup,DG03029,Anti-influenza virus agent,Zanamivir
DG00664,dgroup,DG02842,Neuraminidase inhibitor,Zanamivir
DG00665,dgroup,DG03029,Anti-influenza virus agent,Oseltamivir
DG00665,dgroup,DG02842,Neuraminidase inhibitor,Oseltamivir
DG00666,dgroup,DG03107,Anti-HIV agent,Raltegravir
DG00666,dgroup,DG03135,HIV integrase inhibitor,Raltegravir
DG00666,dgroup,DG02924,UGT substrate,Raltegravir
DG00666,dgroup,DG03183,UGT1A1 substrate,Raltegravir
DG00667,dgroup,DG03107,Anti-HIV agent,Dolutegravir
DG00667,dgroup,DG03135,HIV integrase inhibitor,Dolutegravir
DG00667,dgroup,DG01633,CYP3A/CYP3A4 substrate,Dolutegravir
DG00667,dgroup,DG02913,CYP3A4 substrate,Dolutegravir
DG00667,dgroup,DG02924,UGT substrate,Dolutegravir
DG00667,dgroup,DG03183,UGT1A1 substrate,Dolutegravir
DG00667,dgroup,DG02863,SLC22A2 inhibitor,Dolutegravir
DG00667,dgroup,DG02864,SLC47A1 inhibitor,Dolutegravir
DG00674,dgroup,DG01686,Inactivated vaccine,"Influenza, inactivated, whole virus"
DG00675,dgroup,DG01677,Alkylating agent,Cyclophosphamide
DG00675,dgroup,DG01678,Nitrogen mustard analog,Cyclophosphamide
DG00675,dgroup,DG01720,Isophosphoramide mustard analog,Cyclophosphamide
DG00675,dgroup,DG01638,CYP2A6 substrate,Cyclophosphamide
DG00675,dgroup,DG02919,CYP2B6 substrate,Cyclophosphamide
DG00675,dgroup,DG02918,CYP2C8 substrate,Cyclophosphamide
DG00675,dgroup,DG01642,CYP2C9 substrate,Cyclophosphamide
DG00675,dgroup,DG01633,CYP3A/CYP3A4 substrate,Cyclophosphamide
DG00675,dgroup,DG02913,CYP3A4 substrate,Cyclophosphamide
DG00676,dgroup,DG01677,Alkylating agent,Melphalan
DG00676,dgroup,DG01678,Nitrogen mustard analog,Melphalan
DG00677,dgroup,DG01677,Alkylating agent,Chlormethine
DG00677,dgroup,DG01678,Nitrogen mustard analog,Chlormethine
DG00678,dgroup,DG01677,Alkylating agent,Bendamustine
DG00678,dgroup,DG01678,Nitrogen mustard analog,Bendamustine
DG00679,dgroup,DG01677,Alkylating agent,Nimustine
DG00679,dgroup,DG01724,Nitrosourea,Nimustine
DG00680,dgroup,DG01677,Alkylating agent,Dacarbazine
DG00681,dgroup,DG02018,Antimetabolite,Methotrexate
DG00681,dgroup,DG01978,Folic acid analog,Methotrexate
DG00681,dgroup,DG01930,Dihydrofolate reductase inhibitor,Methotrexate
DG00681,dgroup,DG01985,Disease modifying anti-rheumatic drug (DMARD),Methotrexate
DG00682,dgroup,DG02018,Antimetabolite,Pemetrexed
DG00682,dgroup,DG01978,Folic acid analog,Pemetrexed
DG00683,dgroup,DG02018,Antimetabolite,Mercaptopurine
DG00683,dgroup,DG01958,"Nucleic acid derivative, antineoplastic",Mercaptopurine
DG00684,dgroup,DG02018,Antimetabolite,Tioguanine
DG00684,dgroup,DG01958,"Nucleic acid derivative, antineoplastic",Tioguanine
DG00685,dgroup,DG02018,Antimetabolite,Fludarabine
DG00685,dgroup,DG01958,"Nucleic acid derivative, antineoplastic",Fludarabine
DG00685,dgroup,DG01439,Arabinofuranosyl type antineoplastic,Fludarabine
DG00686,dgroup,DG02018,Antimetabolite,Cytarabine
DG00686,dgroup,DG01958,"Nucleic acid derivative, antineoplastic",Cytarabine
DG00686,dgroup,DG01439,Arabinofuranosyl type antineoplastic,Cytarabine
DG00687,dgroup,DG02018,Antimetabolite,Fluorouracil
DG00687,dgroup,DG01958,"Nucleic acid derivative, antineoplastic",Fluorouracil
DG00687,dgroup,DG01935,Fluoropyrimidine antineoplastic,Fluorouracil
DG00687,dgroup,DG02984,DPYD substrate,Fluorouracil
DG00688,dgroup,DG02018,Antimetabolite,Gemcitabine
DG00688,dgroup,DG01958,"Nucleic acid derivative, antineoplastic",Gemcitabine
DG00688,dgroup,DG01439,Arabinofuranosyl type antineoplastic,Gemcitabine
DG00689,dgroup,DG01965,Vinca alkaloid antineoplastic,Vinblastine
DG00689,dgroup,DG01633,CYP3A/CYP3A4 substrate,Vinblastine
DG00689,dgroup,DG02913,CYP3A4 substrate,Vinblastine
DG00690,dgroup,DG01965,Vinca alkaloid antineoplastic,Vincristine
DG00690,dgroup,DG01633,CYP3A/CYP3A4 substrate,Vincristine
DG00691,dgroup,DG01965,Vinca alkaloid antineoplastic,Vindesine
DG00691,dgroup,DG01633,CYP3A/CYP3A4 substrate,Vindesine
DG00692,dgroup,DG01965,Vinca alkaloid antineoplastic,Vinorelbine
DG00692,dgroup,DG01633,CYP3A/CYP3A4 substrate,Vinorelbine
DG00692,dgroup,DG02913,CYP3A4 substrate,Vinorelbine
DG00693,dgroup,DG01529,Topoisomerase inhibitor,Etoposide
DG00693,dgroup,DG01527,Topoisomerase II inhibitor,Etoposide
DG00694,dgroup,DG01633,CYP3A/CYP3A4 substrate,Docetaxel
DG00694,dgroup,DG02913,CYP3A4 substrate,Docetaxel
DG00695,dgroup,DG01633,CYP3A/CYP3A4 substrate,Cabazitaxel
DG00696,dgroup,DG01682,Anthracycline antineoplastic,Doxorubicin
DG00696,dgroup,DG01529,Topoisomerase inhibitor,Doxorubicin
DG00696,dgroup,DG01527,Topoisomerase II inhibitor,Doxorubicin
DG00697,dgroup,DG01682,Anthracycline antineoplastic,Daunorubicin
DG00697,dgroup,DG01529,Topoisomerase inhibitor,Daunorubicin
DG00697,dgroup,DG01527,Topoisomerase II inhibitor,Daunorubicin
DG00698,dgroup,DG01682,Anthracycline antineoplastic,Epirubicin
DG00698,dgroup,DG01529,Topoisomerase inhibitor,Epirubicin
DG00698,dgroup,DG01527,Topoisomerase II inhibitor,Epirubicin
DG00699,dgroup,DG01682,Anthracycline antineoplastic,Aclarubicin
DG00699,dgroup,DG01529,Topoisomerase inhibitor,Aclarubicin
DG00700,dgroup,DG01682,Anthracycline antineoplastic,Idarubicin
DG00700,dgroup,DG01529,Topoisomerase inhibitor,Idarubicin
DG00700,dgroup,DG01527,Topoisomerase II inhibitor,Idarubicin
DG00701,dgroup,DG01727,Anthraquinone antineoplastic,Mitoxantrone
DG00701,dgroup,DG01529,Topoisomerase inhibitor,Mitoxantrone
DG00701,dgroup,DG01527,Topoisomerase II inhibitor,Mitoxantrone
DG00701,dgroup,DG02861,ABCC2 substrate,Mitoxantrone
DG00701,dgroup,DG01913,ABCG2 substrate,Mitoxantrone
DG00702,dgroup,DG01682,Anthracycline antineoplastic,Pirarubicin
DG00702,dgroup,DG01529,Topoisomerase inhibitor,Pirarubicin
DG00702,dgroup,DG01527,Topoisomerase II inhibitor,Pirarubicin
DG00703,dgroup,DG01682,Anthracycline antineoplastic,Amrubicin
DG00703,dgroup,DG01529,Topoisomerase inhibitor,Amrubicin
DG00703,dgroup,DG01527,Topoisomerase II inhibitor,Amrubicin
DG00704,dgroup,DG01682,Anthracycline antineoplastic,Pixantrone
DG00704,dgroup,DG01727,Anthraquinone antineoplastic,Pixantrone
DG00704,dgroup,DG01529,Topoisomerase inhibitor,Pixantrone
DG00704,dgroup,DG01527,Topoisomerase II inhibitor,Pixantrone
DG00710,dgroup,DG01918,Tyrosine kinase inhibitor,Imatinib
DG00710,dgroup,DG03161,BCR-ABL inhibitor,Imatinib
DG00710,dgroup,DG01633,CYP3A/CYP3A4 substrate,Imatinib
DG00710,dgroup,DG02913,CYP3A4 substrate,Imatinib
DG00711,dgroup,DG01918,Tyrosine kinase inhibitor,Erlotinib
DG00711,dgroup,DG01917,Receptor tyrosine kinase inhibitor,Erlotinib
DG00711,dgroup,DG03162,EGFR inhibitor,Erlotinib
DG00711,dgroup,DG01892,CYP1A2 substrate,Erlotinib
DG00711,dgroup,DG01633,CYP3A/CYP3A4 substrate,Erlotinib
DG00711,dgroup,DG02913,CYP3A4 substrate,Erlotinib
DG00712,dgroup,DG01918,Tyrosine kinase inhibitor,Sunitinib
DG00712,dgroup,DG01917,Receptor tyrosine kinase inhibitor,Sunitinib
DG00712,dgroup,DG01633,CYP3A/CYP3A4 substrate,Sunitinib
DG00712,dgroup,DG02913,CYP3A4 substrate,Sunitinib
DG00713,dgroup,DG01918,Tyrosine kinase inhibitor,Sorafenib
DG00714,dgroup,DG01918,Tyrosine kinase inhibitor,Dasatinib
DG00714,dgroup,DG03161,BCR-ABL inhibitor,Dasatinib
DG00714,dgroup,DG01633,CYP3A/CYP3A4 substrate,Dasatinib
DG00714,dgroup,DG02913,CYP3A4 substrate,Dasatinib
DG00714,dgroup,DG02950,FMO3 substrate,Dasatinib
DG00714,dgroup,DG02924,UGT substrate,Dasatinib
DG00715,dgroup,DG01918,Tyrosine kinase inhibitor,Lapatinib
DG00715,dgroup,DG01917,Receptor tyrosine kinase inhibitor,Lapatinib
DG00715,dgroup,DG03158,HER2 inhibitor,Lapatinib
DG00715,dgroup,DG02918,CYP2C8 substrate,Lapatinib
DG00715,dgroup,DG01639,CYP2C19 substrate,Lapatinib
DG00715,dgroup,DG01633,CYP3A/CYP3A4 substrate,Lapatinib
DG00715,dgroup,DG02913,CYP3A4 substrate,Lapatinib
DG00715,dgroup,DG02925,CYP3A5 substrate,Lapatinib
DG00715,dgroup,DG01665,ABCB1 substrate,Lapatinib
DG00715,dgroup,DG01913,ABCG2 substrate,Lapatinib
DG00716,dgroup,DG01918,Tyrosine kinase inhibitor,Nilotinib
DG00716,dgroup,DG03161,BCR-ABL inhibitor,Nilotinib
DG00716,dgroup,DG02918,CYP2C8 substrate,Nilotinib
DG00716,dgroup,DG01633,CYP3A/CYP3A4 substrate,Nilotinib
DG00716,dgroup,DG02913,CYP3A4 substrate,Nilotinib
DG00716,dgroup,DG01665,ABCB1 substrate,Nilotinib
DG00717,dgroup,DG01918,Tyrosine kinase inhibitor,Afatinib
DG00717,dgroup,DG01917,Receptor tyrosine kinase inhibitor,Afatinib
DG00717,dgroup,DG03162,EGFR inhibitor,Afatinib
DG00717,dgroup,DG01665,ABCB1 substrate,Afatinib
DG00718,dgroup,DG01918,Tyrosine kinase inhibitor,Bosutinib
DG00718,dgroup,DG03161,BCR-ABL inhibitor,Bosutinib
DG00718,dgroup,DG01633,CYP3A/CYP3A4 substrate,Bosutinib
DG00718,dgroup,DG02913,CYP3A4 substrate,Bosutinib
DG00719,dgroup,DG01985,Disease modifying anti-rheumatic drug (DMARD),Ruxolitinib
DG00719,dgroup,DG02020,JAK inhibitor,Ruxolitinib
DG00719,dgroup,DG01642,CYP2C9 substrate,Ruxolitinib
DG00719,dgroup,DG01633,CYP3A/CYP3A4 substrate,Ruxolitinib
DG00719,dgroup,DG02913,CYP3A4 substrate,Ruxolitinib
DG00720,dgroup,DG01918,Tyrosine kinase inhibitor,Regorafenib
DG00720,dgroup,DG01917,Receptor tyrosine kinase inhibitor,Regorafenib
DG00720,dgroup,DG01633,CYP3A/CYP3A4 substrate,Regorafenib
DG00720,dgroup,DG02913,CYP3A4 substrate,Regorafenib
DG00720,dgroup,DG02924,UGT substrate,Regorafenib
DG00720,dgroup,DG03188,UGT1A9 substrate,Regorafenib
DG00720,dgroup,DG01665,ABCB1 substrate,Regorafenib
DG00720,dgroup,DG01913,ABCG2 substrate,Regorafenib
DG00721,dgroup,DG03159,BRAF inhibitor,Dabrafenib
DG00721,dgroup,DG02918,CYP2C8 substrate,Dabrafenib
DG00721,dgroup,DG01633,CYP3A/CYP3A4 substrate,Dabrafenib
DG00721,dgroup,DG02913,CYP3A4 substrate,Dabrafenib
DG00721,dgroup,DG02886,CYP2C9 inducer,Dabrafenib
DG00721,dgroup,DG02853,CYP3A/CYP3A4 inducer,Dabrafenib
DG00721,dgroup,DG01635,CYP3A4 inducer,Dabrafenib
DG00722,dgroup,DG01918,Tyrosine kinase inhibitor,Ponatinib
DG00722,dgroup,DG03161,BCR-ABL inhibitor,Ponatinib
DG00722,dgroup,DG01633,CYP3A/CYP3A4 substrate,Ponatinib
DG00723,dgroup,DG03137,MEK inhibitor,Trametinib
DG00724,dgroup,DG01677,Alkylating agent,Estramustine
DG00724,dgroup,DG01678,Nitrogen mustard analog,Estramustine
DG00725,dgroup,DG01529,Topoisomerase inhibitor,Topotecan
DG00725,dgroup,DG01526,Topoisomerase I inhibitor,Topotecan
DG00725,dgroup,DG01665,ABCB1 substrate,Topotecan
DG00725,dgroup,DG02920,ABCC4 substrate,Topotecan
DG00725,dgroup,DG01913,ABCG2 substrate,Topotecan
DG00726,dgroup,DG01529,Topoisomerase inhibitor,Irinotecan
DG00726,dgroup,DG01526,Topoisomerase I inhibitor,Irinotecan
DG00726,dgroup,DG01633,CYP3A/CYP3A4 substrate,Irinotecan
DG00726,dgroup,DG02913,CYP3A4 substrate,Irinotecan
DG00726,dgroup,DG02970,CES substrate,Irinotecan
DG00726,dgroup,DG02924,UGT substrate,Irinotecan
DG00726,dgroup,DG03183,UGT1A1 substrate,Irinotecan
DG00727,dgroup,DG01507,Phosphodiesterase III inhibitor,Anagrelide
DG00727,dgroup,DG01891,CYP1A1 substrate,Anagrelide
DG00727,dgroup,DG01892,CYP1A2 substrate,Anagrelide
DG00729,dgroup,DG01494,Gonadotropin-releasing hormone receptor agonist,Buserelin
DG00730,dgroup,DG01494,Gonadotropin-releasing hormone receptor agonist,Leuprorelin
DG00731,dgroup,DG01494,Gonadotropin-releasing hormone receptor agonist,Goserelin
DG00732,dgroup,DG01494,Gonadotropin-releasing hormone receptor agonist,Triptorelin
DG00733,dgroup,DG01494,Gonadotropin-releasing hormone receptor agonist,Histrelin
DG00734,dgroup,DG01585,Estrogen receptor antagonist,Tamoxifen
DG00734,dgroup,DG01620,Tamoxifene-type antineoplastic,Tamoxifen
DG00734,dgroup,DG01619,Estrogen receptor antagonist/modulator,Tamoxifen
DG00734,dgroup,DG01644,CYP2D6 substrate,Tamoxifen
DG00734,dgroup,DG01633,CYP3A/CYP3A4 substrate,Tamoxifen
DG00734,dgroup,DG02913,CYP3A4 substrate,Tamoxifen
DG00735,dgroup,DG01585,Estrogen receptor antagonist,Toremifene
DG00735,dgroup,DG01620,Tamoxifene-type antineoplastic,Toremifene
DG00735,dgroup,DG01619,Estrogen receptor antagonist/modulator,Toremifene
DG00735,dgroup,DG01633,CYP3A/CYP3A4 substrate,Toremifene
DG00735,dgroup,DG02913,CYP3A4 substrate,Toremifene
DG00737,dgroup,DG01752,Interferone,Interferon gamma
DG00738,dgroup,DG01687,Live vaccine,BCG vaccine
DG00741,dgroup,DG02980,CYP4F2 substrate,Fingolimod
DG00742,dgroup,DG01985,Disease modifying anti-rheumatic drug (DMARD),Tofacitinib
DG00742,dgroup,DG02020,JAK inhibitor,Tofacitinib
DG00742,dgroup,DG01639,CYP2C19 substrate,Tofacitinib
DG00742,dgroup,DG01633,CYP3A/CYP3A4 substrate,Tofacitinib
DG00742,dgroup,DG02913,CYP3A4 substrate,Tofacitinib
DG00743,dgroup,DG01985,Disease modifying anti-rheumatic drug (DMARD),Azathioprine
DG00744,dgroup,DG01985,Disease modifying anti-rheumatic drug (DMARD),Lenalidomide
DG00744,dgroup,DG01936,TNF inhibitor,Lenalidomide
DG00745,dgroup,DG01504,Nonsteroidal anti-inflammatory drug (NSAID),Phenylbutazone
DG00745,dgroup,DG01947,"Anti-inflammatory drug, pyrazolone",Phenylbutazone
DG00745,dgroup,DG01949,"Anti-inflammatory drug, phenylbutazones",Phenylbutazone
DG00745,dgroup,DG01643,CYP2C9 inhibitor,Phenylbutazone
DG00746,dgroup,DG01504,Nonsteroidal anti-inflammatory drug (NSAID),Oxyphenbutazone
DG00746,dgroup,DG01947,"Anti-inflammatory drug, pyrazolone",Oxyphenbutazone
DG00746,dgroup,DG01949,"Anti-inflammatory drug, phenylbutazones",Oxyphenbutazone
DG00747,dgroup,DG01504,Nonsteroidal anti-inflammatory drug (NSAID),Tolmetin
DG00747,dgroup,DG01906,"Anti-inflammatory drug, acetic acid derivatives",Tolmetin
DG00748,dgroup,DG01504,Nonsteroidal anti-inflammatory drug (NSAID),Bumadizone
DG00748,dgroup,DG01906,"Anti-inflammatory drug, acetic acid derivatives",Bumadizone
DG00749,dgroup,DG01504,Nonsteroidal anti-inflammatory drug (NSAID),Lonazolac
DG00749,dgroup,DG01906,"Anti-inflammatory drug, acetic acid derivatives",Lonazolac
DG00750,dgroup,DG01504,Nonsteroidal anti-inflammatory drug (NSAID),Proglumetacin
DG00750,dgroup,DG01906,"Anti-inflammatory drug, acetic acid derivatives",Proglumetacin
DG00750,dgroup,DG01899,"Anti-inflammatory drug, indoleacetic acid derivatives",Proglumetacin
DG00751,dgroup,DG01504,Nonsteroidal anti-inflammatory drug (NSAID),Ketorolac
DG00751,dgroup,DG01906,"Anti-inflammatory drug, acetic acid derivatives",Ketorolac
DG00752,dgroup,DG01504,Nonsteroidal anti-inflammatory drug (NSAID),Piroxicam
DG00752,dgroup,DG01910,"Anti-inflammatory drug, oxicams",Piroxicam
DG00752,dgroup,DG01642,CYP2C9 substrate,Piroxicam
DG00753,dgroup,DG01504,Nonsteroidal anti-inflammatory drug (NSAID),Ketoprofen
DG00753,dgroup,DG01908,"Anti-inflammatory drug, propionic acid derivatives",Ketoprofen
DG00753,dgroup,DG02883,SLC22A7 inhibitor,Ketoprofen
DG00754,dgroup,DG01504,Nonsteroidal anti-inflammatory drug (NSAID),Fenoprofen
DG00754,dgroup,DG01908,"Anti-inflammatory drug, propionic acid derivatives",Fenoprofen
DG00755,dgroup,DG01504,Nonsteroidal anti-inflammatory drug (NSAID),Flurbiprofen
DG00755,dgroup,DG01908,"Anti-inflammatory drug, propionic acid derivatives",Flurbiprofen
DG00755,dgroup,DG01642,CYP2C9 substrate,Flurbiprofen
DG00756,dgroup,DG01504,Nonsteroidal anti-inflammatory drug (NSAID),Dexibuprofen
DG00756,dgroup,DG01908,"Anti-inflammatory drug, propionic acid derivatives",Dexibuprofen
DG00757,dgroup,DG01504,Nonsteroidal anti-inflammatory drug (NSAID),Flufenamic acid
DG00757,dgroup,DG01911,"Anti-inflammatory drug, fenamic acid derivatives",Flufenamic acid
DG00758,dgroup,DG01504,Nonsteroidal anti-inflammatory drug (NSAID),Meclofenamic acid
DG00758,dgroup,DG01911,"Anti-inflammatory drug, fenamic acid derivatives",Meclofenamic acid
DG00759,dgroup,DG01504,Nonsteroidal anti-inflammatory drug (NSAID),Parecoxib
DG00759,dgroup,DG01922,Selective COX2 inhibitor,Parecoxib
DG00759,dgroup,DG01907,"Anti-inflammatory drug, coxibs",Parecoxib
DG00763,dgroup,DG01985,Disease modifying anti-rheumatic drug (DMARD),Penicillamine
DG00763,dgroup,DG01692,Chelator,Penicillamine
DG00764,dgroup,DG01504,Nonsteroidal anti-inflammatory drug (NSAID),Felbinac
DG00764,dgroup,DG01906,"Anti-inflammatory drug, acetic acid derivatives",Felbinac
DG00764,dgroup,DG01898,"Anti-inflammatory drug, phenylacetic acid derivatives",Felbinac
DG00765,dgroup,DG01504,Nonsteroidal anti-inflammatory drug (NSAID),Bendazac
DG00765,dgroup,DG01906,"Anti-inflammatory drug, acetic acid derivatives",Bendazac
DG00766,dgroup,DG02029,Muscle relaxant,Tolperisone
DG00766,dgroup,DG01974,Centrally acting muscle relaxant,Tolperisone
DG00767,dgroup,DG02029,Muscle relaxant,Tubocurarine
DG00767,dgroup,DG01696,Peripherally-acting muscle relaxant,Tubocurarine
DG00767,dgroup,DG03117,Nondepolarizing neuromuscular blocking agent,Tubocurarine
DG00767,dgroup,DG01740,Curare alkaloid,Tubocurarine
DG00768,dgroup,DG02029,Muscle relaxant,Suxamethonium
DG00768,dgroup,DG01696,Peripherally-acting muscle relaxant,Suxamethonium
DG00768,dgroup,DG01742,Quaternary ammonium compound type muscle relaxant,Suxamethonium
DG00769,dgroup,DG02029,Muscle relaxant,Pancuronium
DG00769,dgroup,DG01696,Peripherally-acting muscle relaxant,Pancuronium
DG00769,dgroup,DG03117,Nondepolarizing neuromuscular blocking agent,Pancuronium
DG00769,dgroup,DG01742,Quaternary ammonium compound type muscle relaxant,Pancuronium
DG00770,dgroup,DG02029,Muscle relaxant,Vecuronium
DG00770,dgroup,DG01696,Peripherally-acting muscle relaxant,Vecuronium
DG00770,dgroup,DG03117,Nondepolarizing neuromuscular blocking agent,Vecuronium
DG00770,dgroup,DG01742,Quaternary ammonium compound type muscle relaxant,Vecuronium
DG00771,dgroup,DG02029,Muscle relaxant,Atracurium
DG00771,dgroup,DG01696,Peripherally-acting muscle relaxant,Atracurium
DG00771,dgroup,DG03117,Nondepolarizing neuromuscular blocking agent,Atracurium
DG00771,dgroup,DG01742,Quaternary ammonium compound type muscle relaxant,Atracurium
DG00772,dgroup,DG02029,Muscle relaxant,Botulinum toxin
DG00772,dgroup,DG01696,Peripherally-acting muscle relaxant,Botulinum toxin
DG00772,dgroup,DG03117,Nondepolarizing neuromuscular blocking agent,Botulinum toxin
DG00773,dgroup,DG01456,Adrenergic receptor agonist,Tizanidine
DG00773,dgroup,DG01450,alpha-Adrenergic receptor agonist,Tizanidine
DG00773,dgroup,DG01449,alpha2-Adrenergic receptor agonist,Tizanidine
DG00773,dgroup,DG02029,Muscle relaxant,Tizanidine
DG00773,dgroup,DG01974,Centrally acting muscle relaxant,Tizanidine
DG00773,dgroup,DG01892,CYP1A2 substrate,Tizanidine
DG00774,dgroup,DG02029,Muscle relaxant,Pridinol
DG00774,dgroup,DG01974,Centrally acting muscle relaxant,Pridinol
DG00775,dgroup,DG02029,Muscle relaxant,Cyclobenzaprine
DG00775,dgroup,DG01974,Centrally acting muscle relaxant,Cyclobenzaprine
DG00776,dgroup,DG02029,Muscle relaxant,Eperisone
DG00776,dgroup,DG01974,Centrally acting muscle relaxant,Eperisone
DG00777,dgroup,DG02029,Muscle relaxant,Fenyramidol
DG00777,dgroup,DG01974,Centrally acting muscle relaxant,Fenyramidol
DG00778,dgroup,DG02029,Muscle relaxant,Dantrolene
DG00778,dgroup,DG01891,CYP1A1 substrate,Dantrolene
DG00778,dgroup,DG01892,CYP1A2 substrate,Dantrolene
DG00778,dgroup,DG01633,CYP3A/CYP3A4 substrate,Dantrolene
DG00779,dgroup,DG01503,Xanthine dehydrogenase inhibitor,Allopurinol
DG00779,dgroup,DG03130,Xanthin oxidase inhibitor,Allopurinol
DG00779,dgroup,DG01634,CYP1A2 inhibitor,Allopurinol
DG00780,dgroup,DG03232,Osteoporosis agent,Etidronic acid
DG00780,dgroup,DG01600,Bisphosphonate,Etidronic acid
DG00781,dgroup,DG03232,Osteoporosis agent,Clodronic acid
DG00781,dgroup,DG01600,Bisphosphonate,Clodronic acid
DG00782,dgroup,DG03232,Osteoporosis agent,Pamidronic acid
DG00782,dgroup,DG01600,Bisphosphonate,Pamidronic acid
DG00783,dgroup,DG03232,Osteoporosis agent,Alendronic acid
DG00783,dgroup,DG01600,Bisphosphonate,Alendronic acid
DG00784,dgroup,DG03232,Osteoporosis agent,Tiludronic acid
DG00784,dgroup,DG01600,Bisphosphonate,Tiludronic acid
DG00785,dgroup,DG03232,Osteoporosis agent,Ibandronic acid
DG00785,dgroup,DG01600,Bisphosphonate,Ibandronic acid
DG00786,dgroup,DG03232,Osteoporosis agent,Risedronic acid
DG00786,dgroup,DG01600,Bisphosphonate,Risedronic acid
DG00787,dgroup,DG03232,Osteoporosis agent,Zoledronic acid
DG00787,dgroup,DG01600,Bisphosphonate,Zoledronic acid
DG00789,dgroup,DG01837,Barbiturate sedative-hypnotics,Methohexital
DG00789,dgroup,DG02030,Anesthetics,Methohexital
DG00789,dgroup,DG02027,General anesthetics,Methohexital
DG00789,dgroup,DG02025,Barbiturate anesthetics,Methohexital
DG00790,dgroup,DG01837,Barbiturate sedative-hypnotics,Thiopental
DG00790,dgroup,DG01567,GABA-A receptor agonist,Thiopental
DG00790,dgroup,DG02030,Anesthetics,Thiopental
DG00790,dgroup,DG02027,General anesthetics,Thiopental
DG00790,dgroup,DG02025,Barbiturate anesthetics,Thiopental
DG00791,dgroup,DG02030,Anesthetics,Fentanyl
DG00791,dgroup,DG02027,General anesthetics,Fentanyl
DG00791,dgroup,DG02026,Opioid anesthetics,Fentanyl
DG00791,dgroup,DG01564,Opioid receptor agonist,Fentanyl
DG00791,dgroup,DG01563,mu-Opioid receptor agonist,Fentanyl
DG00791,dgroup,DG01984,Opioid analgesics,Fentanyl
DG00791,dgroup,DG01633,CYP3A/CYP3A4 substrate,Fentanyl
DG00791,dgroup,DG02913,CYP3A4 substrate,Fentanyl
DG00792,dgroup,DG02030,Anesthetics,Alfentanil
DG00792,dgroup,DG02027,General anesthetics,Alfentanil
DG00792,dgroup,DG02026,Opioid anesthetics,Alfentanil
DG00792,dgroup,DG01564,Opioid receptor agonist,Alfentanil
DG00792,dgroup,DG01563,mu-Opioid receptor agonist,Alfentanil
DG00792,dgroup,DG01984,Opioid analgesics,Alfentanil
DG00793,dgroup,DG02030,Anesthetics,Sufentanil
DG00793,dgroup,DG02027,General anesthetics,Sufentanil
DG00793,dgroup,DG02026,Opioid anesthetics,Sufentanil
DG00793,dgroup,DG01564,Opioid receptor agonist,Sufentanil
DG00793,dgroup,DG01563,mu-Opioid receptor agonist,Sufentanil
DG00793,dgroup,DG01984,Opioid analgesics,Sufentanil
DG00794,dgroup,DG02030,Anesthetics,Anileridine
DG00794,dgroup,DG02027,General anesthetics,Anileridine
DG00794,dgroup,DG02026,Opioid anesthetics,Anileridine
DG00794,dgroup,DG01984,Opioid analgesics,Anileridine
DG00795,dgroup,DG02030,Anesthetics,Remifentanil
DG00795,dgroup,DG02027,General anesthetics,Remifentanil
DG00795,dgroup,DG02026,Opioid anesthetics,Remifentanil
DG00795,dgroup,DG01564,Opioid receptor agonist,Remifentanil
DG00795,dgroup,DG01563,mu-Opioid receptor agonist,Remifentanil
DG00795,dgroup,DG01984,Opioid analgesics,Remifentanil
DG00796,dgroup,DG02030,Anesthetics,Ketamine
DG00796,dgroup,DG02027,General anesthetics,Ketamine
DG00796,dgroup,DG01498,NMDA receptor antagonist,Ketamine
DG00797,dgroup,DG01567,GABA-A receptor agonist,Propofol
DG00797,dgroup,DG02030,Anesthetics,Propofol
DG00797,dgroup,DG02027,General anesthetics,Propofol
DG00798,dgroup,DG02030,Anesthetics,Hydroxybutyric acid
DG00798,dgroup,DG02027,General anesthetics,Hydroxybutyric acid
DG00800,dgroup,DG02030,Anesthetics,Chloroprocaine
DG00800,dgroup,DG01675,Local anesthetic,Chloroprocaine
DG00800,dgroup,DG01674,Esterified local anesthetic,Chloroprocaine
DG00801,dgroup,DG02030,Anesthetics,Bupivacaine
DG00801,dgroup,DG01675,Local anesthetic,Bupivacaine
DG00801,dgroup,DG01673,Amide type local anesthetic,Bupivacaine
DG00801,dgroup,DG01633,CYP3A/CYP3A4 substrate,Bupivacaine
DG00801,dgroup,DG02913,CYP3A4 substrate,Bupivacaine
DG00802,dgroup,DG02030,Anesthetics,Mepivacaine
DG00802,dgroup,DG01675,Local anesthetic,Mepivacaine
DG00802,dgroup,DG01673,Amide type local anesthetic,Mepivacaine
DG00803,dgroup,DG01575,Calcium channel blocker,Prilocaine
DG00803,dgroup,DG01573,Calcium channel T type blocker,Prilocaine
DG00803,dgroup,DG02030,Anesthetics,Prilocaine
DG00803,dgroup,DG01675,Local anesthetic,Prilocaine
DG00803,dgroup,DG01673,Amide type local anesthetic,Prilocaine
DG00804,dgroup,DG02030,Anesthetics,Etidocaine
DG00804,dgroup,DG01675,Local anesthetic,Etidocaine
DG00804,dgroup,DG01673,Amide type local anesthetic,Etidocaine
DG00805,dgroup,DG02030,Anesthetics,Articaine
DG00805,dgroup,DG01675,Local anesthetic,Articaine
DG00805,dgroup,DG01673,Amide type local anesthetic,Articaine
DG00806,dgroup,DG02030,Anesthetics,Ropivacaine
DG00806,dgroup,DG01675,Local anesthetic,Ropivacaine
DG00806,dgroup,DG01673,Amide type local anesthetic,Ropivacaine
DG00806,dgroup,DG01892,CYP1A2 substrate,Ropivacaine
DG00806,dgroup,DG01633,CYP3A/CYP3A4 substrate,Ropivacaine
DG00806,dgroup,DG02913,CYP3A4 substrate,Ropivacaine
DG00807,dgroup,DG02030,Anesthetics,Levobupivacaine
DG00807,dgroup,DG01675,Local anesthetic,Levobupivacaine
DG00807,dgroup,DG01673,Amide type local anesthetic,Levobupivacaine
DG00807,dgroup,DG01892,CYP1A2 substrate,Levobupivacaine
DG00807,dgroup,DG01633,CYP3A/CYP3A4 substrate,Levobupivacaine
DG00807,dgroup,DG02913,CYP3A4 substrate,Levobupivacaine
DG00808,dgroup,DG02030,Anesthetics,Cocaine
DG00808,dgroup,DG01675,Local anesthetic,Cocaine
DG00808,dgroup,DG01674,Esterified local anesthetic,Cocaine
DG00809,dgroup,DG02030,Anesthetics,Dyclonine
DG00809,dgroup,DG01675,Local anesthetic,Dyclonine
DG00810,dgroup,DG01564,Opioid receptor agonist,Morphine
DG00810,dgroup,DG01563,mu-Opioid receptor agonist,Morphine
DG00810,dgroup,DG01984,Opioid analgesics,Morphine
DG00810,dgroup,DG02924,UGT substrate,Morphine
DG00811,dgroup,DG01564,Opioid receptor agonist,Hydromorphone
DG00811,dgroup,DG01563,mu-Opioid receptor agonist,Hydromorphone
DG00811,dgroup,DG01984,Opioid analgesics,Hydromorphone
DG00811,dgroup,DG02924,UGT substrate,Hydromorphone
DG00812,dgroup,DG01984,Opioid analgesics,Nicomorphine
DG00813,dgroup,DG01564,Opioid receptor agonist,Oxycodone
DG00813,dgroup,DG01984,Opioid analgesics,Oxycodone
DG00813,dgroup,DG01644,CYP2D6 substrate,Oxycodone
DG00813,dgroup,DG01633,CYP3A/CYP3A4 substrate,Oxycodone
DG00813,dgroup,DG02913,CYP3A4 substrate,Oxycodone
DG00814,dgroup,DG01564,Opioid receptor agonist,Dihydrocodeine
DG00814,dgroup,DG01563,mu-Opioid receptor agonist,Dihydrocodeine
DG00814,dgroup,DG01984,Opioid analgesics,Dihydrocodeine
DG00814,dgroup,DG01644,CYP2D6 substrate,Dihydrocodeine
DG00814,dgroup,DG01633,CYP3A/CYP3A4 substrate,Dihydrocodeine
DG00814,dgroup,DG02913,CYP3A4 substrate,Dihydrocodeine
DG00814,dgroup,DG02924,UGT substrate,Dihydrocodeine
DG00814,dgroup,DG03189,UGT2B4 substrate,Dihydrocodeine
DG00814,dgroup,DG03190,UGT2B7 substrate,Dihydrocodeine
DG00815,dgroup,DG01984,Opioid analgesics,Ketobemidone
DG00816,dgroup,DG01564,Opioid receptor agonist,Pethidine
DG00816,dgroup,DG01563,mu-Opioid receptor agonist,Pethidine
DG00816,dgroup,DG01984,Opioid analgesics,Pethidine
DG00817,dgroup,DG01984,Opioid analgesics,Dextromoramide
DG00818,dgroup,DG01564,Opioid receptor agonist,Dextropropoxyphene
DG00818,dgroup,DG01563,mu-Opioid receptor agonist,Dextropropoxyphene
DG00818,dgroup,DG01984,Opioid analgesics,Dextropropoxyphene
DG00819,dgroup,DG01564,Opioid receptor agonist,Pentazocine
DG00819,dgroup,DG01984,Opioid analgesics,Pentazocine
DG00820,dgroup,DG01984,Opioid analgesics,Buprenorphine
DG00820,dgroup,DG01586,Opioid receptor antagonist,Buprenorphine
DG00820,dgroup,DG01633,CYP3A/CYP3A4 substrate,Buprenorphine
DG00820,dgroup,DG02913,CYP3A4 substrate,Buprenorphine
DG00821,dgroup,DG01564,Opioid receptor agonist,Butorphanol
DG00821,dgroup,DG01984,Opioid analgesics,Butorphanol
DG00822,dgroup,DG01564,Opioid receptor agonist,Nalbuphine
DG00822,dgroup,DG01984,Opioid analgesics,Nalbuphine
DG00823,dgroup,DG01564,Opioid receptor agonist,Tilidine
DG00823,dgroup,DG01563,mu-Opioid receptor agonist,Tilidine
DG00823,dgroup,DG01984,Opioid analgesics,Tilidine
DG00824,dgroup,DG01564,Opioid receptor agonist,Tramadol
DG00824,dgroup,DG01563,mu-Opioid receptor agonist,Tramadol
DG00824,dgroup,DG01984,Opioid analgesics,Tramadol
DG00824,dgroup,DG01644,CYP2D6 substrate,Tramadol
DG00824,dgroup,DG01633,CYP3A/CYP3A4 substrate,Tramadol
DG00824,dgroup,DG02913,CYP3A4 substrate,Tramadol
DG00825,dgroup,DG01984,Opioid analgesics,Meptazinol
DG00825,dgroup,DG01587,Opioid receptor agonist/antagonist,Meptazinol
DG00826,dgroup,DG01564,Opioid receptor agonist,Tapentadol
DG00826,dgroup,DG01563,mu-Opioid receptor agonist,Tapentadol
DG00826,dgroup,DG01984,Opioid analgesics,Tapentadol
DG00826,dgroup,DG02924,UGT substrate,Tapentadol
DG00827,dgroup,DG01504,Nonsteroidal anti-inflammatory drug (NSAID),Metamizole sodium
DG00827,dgroup,DG01947,"Anti-inflammatory drug, pyrazolone",Metamizole sodium
DG00828,dgroup,DG01981,"Anilide derivative, anti-inflammatory",Propacetamol
DG00832,dgroup,DG01575,Calcium channel blocker,Ziconotide
DG00832,dgroup,DG01572,Calcium channel N type blocker,Ziconotide
DG00833,dgroup,DG01472,Dopamine agonist,Dihydroergotamine
DG00833,dgroup,DG01468,Dopamine D2-receptor agonist,Dihydroergotamine
DG00833,dgroup,DG01964,Ergot alkaloid,Dihydroergotamine
DG00833,dgroup,DG01982,"Antimigraine, ergot alkaloid",Dihydroergotamine
DG00833,dgroup,DG01518,5-HT1B/1D-receptor agonist,Dihydroergotamine
DG00833,dgroup,DG01633,CYP3A/CYP3A4 substrate,Dihydroergotamine
DG00833,dgroup,DG02913,CYP3A4 substrate,Dihydroergotamine
DG00834,dgroup,DG01472,Dopamine agonist,Ergotamine
DG00834,dgroup,DG01468,Dopamine D2-receptor agonist,Ergotamine
DG00834,dgroup,DG01964,Ergot alkaloid,Ergotamine
DG00834,dgroup,DG01982,"Antimigraine, ergot alkaloid",Ergotamine
DG00834,dgroup,DG01518,5-HT1B/1D-receptor agonist,Ergotamine
DG00834,dgroup,DG01633,CYP3A/CYP3A4 substrate,Ergotamine
DG00834,dgroup,DG02913,CYP3A4 substrate,Ergotamine
DG00835,dgroup,DG01483,5-HT1A-receptor agonist,Methysergide
DG00835,dgroup,DG01964,Ergot alkaloid,Methysergide
DG00835,dgroup,DG01982,"Antimigraine, ergot alkaloid",Methysergide
DG00835,dgroup,DG01484,5-HT1B-receptor agonist,Methysergide
DG00835,dgroup,DG01485,5-HT1D-receptor agonist,Methysergide
DG00835,dgroup,DG01518,5-HT1B/1D-receptor agonist,Methysergide
DG00836,dgroup,DG01484,5-HT1B-receptor agonist,Sumatriptan
DG00836,dgroup,DG01485,5-HT1D-receptor agonist,Sumatriptan
DG00836,dgroup,DG01518,5-HT1B/1D-receptor agonist,Sumatriptan
DG00836,dgroup,DG01943,Triptan,Sumatriptan
DG00836,dgroup,DG02917,MAO substrate,Sumatriptan
DG00836,dgroup,DG03178,MAOA substrate,Sumatriptan
DG00837,dgroup,DG01483,5-HT1A-receptor agonist,Naratriptan
DG00837,dgroup,DG01484,5-HT1B-receptor agonist,Naratriptan
DG00837,dgroup,DG01485,5-HT1D-receptor agonist,Naratriptan
DG00837,dgroup,DG01518,5-HT1B/1D-receptor agonist,Naratriptan
DG00837,dgroup,DG01943,Triptan,Naratriptan
DG00837,dgroup,DG01892,CYP1A2 substrate,Naratriptan
DG00837,dgroup,DG01642,CYP2C9 substrate,Naratriptan
DG00837,dgroup,DG01644,CYP2D6 substrate,Naratriptan
DG00837,dgroup,DG02855,CYP2E1 substrate,Naratriptan
DG00837,dgroup,DG01633,CYP3A/CYP3A4 substrate,Naratriptan
DG00837,dgroup,DG02913,CYP3A4 substrate,Naratriptan
DG00837,dgroup,DG02925,CYP3A5 substrate,Naratriptan
DG00838,dgroup,DG01484,5-HT1B-receptor agonist,Rizatriptan
DG00838,dgroup,DG01485,5-HT1D-receptor agonist,Rizatriptan
DG00838,dgroup,DG01518,5-HT1B/1D-receptor agonist,Rizatriptan
DG00838,dgroup,DG01943,Triptan,Rizatriptan
DG00839,dgroup,DG01484,5-HT1B-receptor agonist,Almotriptan
DG00839,dgroup,DG01485,5-HT1D-receptor agonist,Almotriptan
DG00839,dgroup,DG01518,5-HT1B/1D-receptor agonist,Almotriptan
DG00839,dgroup,DG01943,Triptan,Almotriptan
DG00839,dgroup,DG01644,CYP2D6 substrate,Almotriptan
DG00839,dgroup,DG01633,CYP3A/CYP3A4 substrate,Almotriptan
DG00839,dgroup,DG02913,CYP3A4 substrate,Almotriptan
DG00839,dgroup,DG02950,FMO3 substrate,Almotriptan
DG00839,dgroup,DG02917,MAO substrate,Almotriptan
DG00839,dgroup,DG03178,MAOA substrate,Almotriptan
DG00840,dgroup,DG01484,5-HT1B-receptor agonist,Eletriptan
DG00840,dgroup,DG01485,5-HT1D-receptor agonist,Eletriptan
DG00840,dgroup,DG01518,5-HT1B/1D-receptor agonist,Eletriptan
DG00840,dgroup,DG01943,Triptan,Eletriptan
DG00840,dgroup,DG01633,CYP3A/CYP3A4 substrate,Eletriptan
DG00840,dgroup,DG02913,CYP3A4 substrate,Eletriptan
DG00841,dgroup,DG01484,5-HT1B-receptor agonist,Frovatriptan
DG00841,dgroup,DG01485,5-HT1D-receptor agonist,Frovatriptan
DG00841,dgroup,DG01518,5-HT1B/1D-receptor agonist,Frovatriptan
DG00841,dgroup,DG01943,Triptan,Frovatriptan
DG00843,dgroup,DG01557,Histamine receptor antagonist,Dimetotiazine
DG00843,dgroup,DG01482,Histamine receptor H1 antagonist,Dimetotiazine
DG00845,dgroup,DG01567,GABA-A receptor agonist,Phenobarbital
DG00845,dgroup,DG03199,Antiepileptic agent,Phenobarbital
DG00845,dgroup,DG01904,Barbiturate antiepileptic,Phenobarbital
DG00845,dgroup,DG01637,CYP1A2 inducer,Phenobarbital
DG00845,dgroup,DG02891,CYP2B6 inducer,Phenobarbital
DG00845,dgroup,DG02886,CYP2C9 inducer,Phenobarbital
DG00845,dgroup,DG02853,CYP3A/CYP3A4 inducer,Phenobarbital
DG00846,dgroup,DG03199,Antiepileptic agent,Phenytoin
DG00846,dgroup,DG02031,Hydantoin antiepileptic,Phenytoin
DG00846,dgroup,DG01642,CYP2C9 substrate,Phenytoin
DG00846,dgroup,DG01639,CYP2C19 substrate,Phenytoin
DG00846,dgroup,DG02891,CYP2B6 inducer,Phenytoin
DG00846,dgroup,DG02853,CYP3A/CYP3A4 inducer,Phenytoin
DG00846,dgroup,DG01893,ABCB1 inducer,Phenytoin
DG00847,dgroup,DG03199,Antiepileptic agent,Fosphenytoin
DG00847,dgroup,DG02031,Hydantoin antiepileptic,Fosphenytoin
DG00847,dgroup,DG01642,CYP2C9 substrate,Fosphenytoin
DG00847,dgroup,DG01639,CYP2C19 substrate,Fosphenytoin
DG00847,dgroup,DG02891,CYP2B6 inducer,Fosphenytoin
DG00847,dgroup,DG02853,CYP3A/CYP3A4 inducer,Fosphenytoin
DG00847,dgroup,DG01635,CYP3A4 inducer,Fosphenytoin
DG00847,dgroup,DG01893,ABCB1 inducer,Fosphenytoin
DG00848,dgroup,DG03199,Antiepileptic agent,Eslicarbazepine
DG00848,dgroup,DG02034,Carboxamide antiepileptic,Eslicarbazepine
DG00848,dgroup,DG01933,CYP2C19 inhibitor,Eslicarbazepine
DG00848,dgroup,DG02853,CYP3A/CYP3A4 inducer,Eslicarbazepine
DG00848,dgroup,DG01635,CYP3A4 inducer,Eslicarbazepine
DG00849,dgroup,DG01575,Calcium channel blocker,Valproic acid
DG00849,dgroup,DG01573,Calcium channel T type blocker,Valproic acid
DG00849,dgroup,DG03199,Antiepileptic agent,Valproic acid
DG00849,dgroup,DG02035,Fatty acid antiepileptic,Valproic acid
DG00850,dgroup,DG03199,Antiepileptic agent,Tiagabine
DG00850,dgroup,DG02037,GABA mimetic antiepileptic,Tiagabine
DG00851,dgroup,DG01491,Muscarinic cholinergic receptor antagonist,Trihexyphenidyl
DG00851,dgroup,DG01745,Anticholinergic antiparkinson agent,Trihexyphenidyl
DG00851,dgroup,DG01967,Antiparkinson agent,Trihexyphenidyl
DG00852,dgroup,DG01491,Muscarinic cholinergic receptor antagonist,Biperiden
DG00852,dgroup,DG01745,Anticholinergic antiparkinson agent,Biperiden
DG00852,dgroup,DG01967,Antiparkinson agent,Biperiden
DG00853,dgroup,DG01491,Muscarinic cholinergic receptor antagonist,Metixene
DG00853,dgroup,DG01745,Anticholinergic antiparkinson agent,Metixene
DG00854,dgroup,DG01491,Muscarinic cholinergic receptor antagonist,Procyclidine
DG00854,dgroup,DG01745,Anticholinergic antiparkinson agent,Procyclidine
DG00855,dgroup,DG01491,Muscarinic cholinergic receptor antagonist,Profenamine
DG00855,dgroup,DG01745,Anticholinergic antiparkinson agent,Profenamine
DG00856,dgroup,DG01491,Muscarinic cholinergic receptor antagonist,Dexetimide
DG00856,dgroup,DG01745,Anticholinergic antiparkinson agent,Dexetimide
DG00857,dgroup,DG01491,Muscarinic cholinergic receptor antagonist,Mazaticol
DG00857,dgroup,DG01745,Anticholinergic antiparkinson agent,Mazaticol
DG00857,dgroup,DG01967,Antiparkinson agent,Mazaticol
DG00858,dgroup,DG01491,Muscarinic cholinergic receptor antagonist,Tropatepine
DG00858,dgroup,DG01745,Anticholinergic antiparkinson agent,Tropatepine
DG00859,dgroup,DG01491,Muscarinic cholinergic receptor antagonist,Benzatropine
DG00859,dgroup,DG01745,Anticholinergic antiparkinson agent,Benzatropine
DG00860,dgroup,DG03029,Anti-influenza virus agent,Amantadine
DG00860,dgroup,DG02841,Viral uncoating inhibitor,Amantadine
DG00860,dgroup,DG01498,NMDA receptor antagonist,Amantadine
DG00860,dgroup,DG01967,Antiparkinson agent,Amantadine
DG00860,dgroup,DG02854,SLC22A2 substrate,Amantadine
DG00861,dgroup,DG01472,Dopamine agonist,Pergolide
DG00861,dgroup,DG01964,Ergot alkaloid,Pergolide
DG00861,dgroup,DG01967,Antiparkinson agent,Pergolide
DG00862,dgroup,DG01472,Dopamine agonist,Ropinirole
DG00862,dgroup,DG01468,Dopamine D2-receptor agonist,Ropinirole
DG00862,dgroup,DG01967,Antiparkinson agent,Ropinirole
DG00862,dgroup,DG01892,CYP1A2 substrate,Ropinirole
DG00863,dgroup,DG01472,Dopamine agonist,Pramipexole
DG00863,dgroup,DG01967,Antiparkinson agent,Pramipexole
DG00864,dgroup,DG01568,MAO inhibitor,Selegiline
DG00864,dgroup,DG01512,Monoamine oxidase B inhibitor,Selegiline
DG00864,dgroup,DG01967,Antiparkinson agent,Selegiline
DG00864,dgroup,DG01638,CYP2A6 substrate,Selegiline
DG00864,dgroup,DG02919,CYP2B6 substrate,Selegiline
DG00864,dgroup,DG01644,CYP2D6 substrate,Selegiline
DG00864,dgroup,DG01633,CYP3A/CYP3A4 substrate,Selegiline
DG00864,dgroup,DG02913,CYP3A4 substrate,Selegiline
DG00865,dgroup,DG01568,MAO inhibitor,Rasagiline
DG00865,dgroup,DG01512,Monoamine oxidase B inhibitor,Rasagiline
DG00865,dgroup,DG01967,Antiparkinson agent,Rasagiline
DG00865,dgroup,DG01892,CYP1A2 substrate,Rasagiline
DG00867,dgroup,DG01466,Adrenergic receptor antagonist,Chlorpromazine
DG00867,dgroup,DG01465,alpha-Adrenergic receptor antagonist,Chlorpromazine
DG00867,dgroup,DG01460,alpha2-Adrenergic receptor antagonist,Chlorpromazine
DG00867,dgroup,DG01478,Dopamine antagonist,Chlorpromazine
DG00867,dgroup,DG01474,Dopamine D2-receptor antagonist,Chlorpromazine
DG00867,dgroup,DG01491,Muscarinic cholinergic receptor antagonist,Chlorpromazine
DG00867,dgroup,DG03200,Antipsychotic agent,Chlorpromazine
DG00867,dgroup,DG01905,Phenothiazine antipsychotics,Chlorpromazine
DG00867,dgroup,DG01557,Histamine receptor antagonist,Chlorpromazine
DG00867,dgroup,DG01482,Histamine receptor H1 antagonist,Chlorpromazine
DG00867,dgroup,DG01644,CYP2D6 substrate,Chlorpromazine
DG00867,dgroup,DG01645,CYP2D6 inhibitor,Chlorpromazine
DG00868,dgroup,DG01478,Dopamine antagonist,Levomepromazine
DG00868,dgroup,DG01474,Dopamine D2-receptor antagonist,Levomepromazine
DG00868,dgroup,DG03200,Antipsychotic agent,Levomepromazine
DG00868,dgroup,DG01905,Phenothiazine antipsychotics,Levomepromazine
DG00869,dgroup,DG01478,Dopamine antagonist,Promazine
DG00869,dgroup,DG01474,Dopamine D2-receptor antagonist,Promazine
DG00869,dgroup,DG03200,Antipsychotic agent,Promazine
DG00869,dgroup,DG01905,Phenothiazine antipsychotics,Promazine
DG00870,dgroup,DG03200,Antipsychotic agent,Acepromazine
DG00870,dgroup,DG01905,Phenothiazine antipsychotics,Acepromazine
DG00871,dgroup,DG01478,Dopamine antagonist,Triflupromazine
DG00871,dgroup,DG01474,Dopamine D2-receptor antagonist,Triflupromazine
DG00871,dgroup,DG03200,Antipsychotic agent,Triflupromazine
DG00871,dgroup,DG01905,Phenothiazine antipsychotics,Triflupromazine
DG00872,dgroup,DG03200,Antipsychotic agent,Cyamemazine
DG00872,dgroup,DG01905,Phenothiazine antipsychotics,Cyamemazine
DG00873,dgroup,DG03200,Antipsychotic agent,Chlorproethazine
DG00873,dgroup,DG01905,Phenothiazine antipsychotics,Chlorproethazine
DG00874,dgroup,DG01478,Dopamine antagonist,Fluphenazine
DG00874,dgroup,DG01474,Dopamine D2-receptor antagonist,Fluphenazine
DG00874,dgroup,DG03200,Antipsychotic agent,Fluphenazine
DG00874,dgroup,DG01905,Phenothiazine antipsychotics,Fluphenazine
DG00874,dgroup,DG01644,CYP2D6 substrate,Fluphenazine
DG00875,dgroup,DG01478,Dopamine antagonist,Perphenazine
DG00875,dgroup,DG01474,Dopamine D2-receptor antagonist,Perphenazine
DG00875,dgroup,DG03200,Antipsychotic agent,Perphenazine
DG00875,dgroup,DG01905,Phenothiazine antipsychotics,Perphenazine
DG00875,dgroup,DG01644,CYP2D6 substrate,Perphenazine
DG00876,dgroup,DG01478,Dopamine antagonist,Prochlorperazine
DG00876,dgroup,DG01474,Dopamine D2-receptor antagonist,Prochlorperazine
DG00876,dgroup,DG03200,Antipsychotic agent,Prochlorperazine
DG00876,dgroup,DG01905,Phenothiazine antipsychotics,Prochlorperazine
DG00877,dgroup,DG01478,Dopamine antagonist,Trifluoperazine
DG00877,dgroup,DG01474,Dopamine D2-receptor antagonist,Trifluoperazine
DG00877,dgroup,DG03200,Antipsychotic agent,Trifluoperazine
DG00877,dgroup,DG01905,Phenothiazine antipsychotics,Trifluoperazine
DG00878,dgroup,DG03200,Antipsychotic agent,Acetophenazine
DG00878,dgroup,DG01905,Phenothiazine antipsychotics,Acetophenazine
DG00879,dgroup,DG01478,Dopamine antagonist,Thioproperazine
DG00879,dgroup,DG01474,Dopamine D2-receptor antagonist,Thioproperazine
DG00879,dgroup,DG03200,Antipsychotic agent,Thioproperazine
DG00879,dgroup,DG01905,Phenothiazine antipsychotics,Thioproperazine
DG00880,dgroup,DG03200,Antipsychotic agent,Butaperazine
DG00880,dgroup,DG01905,Phenothiazine antipsychotics,Butaperazine
DG00881,dgroup,DG03200,Antipsychotic agent,Perazine
DG00881,dgroup,DG01905,Phenothiazine antipsychotics,Perazine
DG00882,dgroup,DG01478,Dopamine antagonist,Thioridazine
DG00882,dgroup,DG01474,Dopamine D2-receptor antagonist,Thioridazine
DG00882,dgroup,DG03200,Antipsychotic agent,Thioridazine
DG00882,dgroup,DG01905,Phenothiazine antipsychotics,Thioridazine
DG00883,dgroup,DG03200,Antipsychotic agent,Mesoridazine
DG00883,dgroup,DG01905,Phenothiazine antipsychotics,Mesoridazine
DG00884,dgroup,DG03200,Antipsychotic agent,Pipotiazine
DG00884,dgroup,DG01905,Phenothiazine antipsychotics,Pipotiazine
DG00885,dgroup,DG01478,Dopamine antagonist,Haloperidol
DG00885,dgroup,DG01474,Dopamine D2-receptor antagonist,Haloperidol
DG00885,dgroup,DG03200,Antipsychotic agent,Haloperidol
DG00885,dgroup,DG01940,Butyrophenone derivative,Haloperidol
DG00885,dgroup,DG01644,CYP2D6 substrate,Haloperidol
DG00885,dgroup,DG01633,CYP3A/CYP3A4 substrate,Haloperidol
DG00885,dgroup,DG02913,CYP3A4 substrate,Haloperidol
DG00886,dgroup,DG01478,Dopamine antagonist,Trifluperidol
DG00886,dgroup,DG01474,Dopamine D2-receptor antagonist,Trifluperidol
DG00886,dgroup,DG03200,Antipsychotic agent,Trifluperidol
DG00886,dgroup,DG01940,Butyrophenone derivative,Trifluperidol
DG00887,dgroup,DG03200,Antipsychotic agent,Melperone
DG00887,dgroup,DG01940,Butyrophenone derivative,Melperone
DG00888,dgroup,DG01478,Dopamine antagonist,Moperone
DG00888,dgroup,DG01474,Dopamine D2-receptor antagonist,Moperone
DG00888,dgroup,DG03200,Antipsychotic agent,Moperone
DG00888,dgroup,DG01940,Butyrophenone derivative,Moperone
DG00889,dgroup,DG01478,Dopamine antagonist,Pipamperone
DG00889,dgroup,DG01474,Dopamine D2-receptor antagonist,Pipamperone
DG00889,dgroup,DG03200,Antipsychotic agent,Pipamperone
DG00889,dgroup,DG01940,Butyrophenone derivative,Pipamperone
DG00890,dgroup,DG01478,Dopamine antagonist,Bromperidol
DG00890,dgroup,DG01474,Dopamine D2-receptor antagonist,Bromperidol
DG00890,dgroup,DG03200,Antipsychotic agent,Bromperidol
DG00890,dgroup,DG01940,Butyrophenone derivative,Bromperidol
DG00890,dgroup,DG01633,CYP3A/CYP3A4 substrate,Bromperidol
DG00890,dgroup,DG02913,CYP3A4 substrate,Bromperidol
DG00891,dgroup,DG01478,Dopamine antagonist,Molindone
DG00891,dgroup,DG01474,Dopamine D2-receptor antagonist,Molindone
DG00892,dgroup,DG01478,Dopamine antagonist,Ziprasidone
DG00892,dgroup,DG01474,Dopamine D2-receptor antagonist,Ziprasidone
DG00893,dgroup,DG01478,Dopamine antagonist,Flupentixol
DG00895,dgroup,DG01478,Dopamine antagonist,Tiotixene
DG00896,dgroup,DG01478,Dopamine antagonist,Zuclopenthixol
DG00896,dgroup,DG01644,CYP2D6 substrate,Zuclopenthixol
DG00897,dgroup,DG01478,Dopamine antagonist,Loxapine
DG00897,dgroup,DG01474,Dopamine D2-receptor antagonist,Loxapine
DG00897,dgroup,DG01892,CYP1A2 substrate,Loxapine
DG00897,dgroup,DG01644,CYP2D6 substrate,Loxapine
DG00897,dgroup,DG01633,CYP3A/CYP3A4 substrate,Loxapine
DG00897,dgroup,DG02913,CYP3A4 substrate,Loxapine
DG00898,dgroup,DG01466,Adrenergic receptor antagonist,Olanzapine
DG00898,dgroup,DG01465,alpha-Adrenergic receptor antagonist,Olanzapine
DG00898,dgroup,DG01457,alpha1-Adrenergic receptor antagonist,Olanzapine
DG00898,dgroup,DG01478,Dopamine antagonist,Olanzapine
DG00898,dgroup,DG03200,Antipsychotic agent,Olanzapine
DG00898,dgroup,DG03064,Atypical antipsychotic,Olanzapine
DG00898,dgroup,DG01557,Histamine receptor antagonist,Olanzapine
DG00898,dgroup,DG01482,Histamine receptor H1 antagonist,Olanzapine
DG00898,dgroup,DG01892,CYP1A2 substrate,Olanzapine
DG00898,dgroup,DG01644,CYP2D6 substrate,Olanzapine
DG00899,dgroup,DG01478,Dopamine antagonist,Quetiapine
DG00899,dgroup,DG01474,Dopamine D2-receptor antagonist,Quetiapine
DG00899,dgroup,DG03200,Antipsychotic agent,Quetiapine
DG00899,dgroup,DG03064,Atypical antipsychotic,Quetiapine
DG00899,dgroup,DG01557,Histamine receptor antagonist,Quetiapine
DG00899,dgroup,DG01482,Histamine receptor H1 antagonist,Quetiapine
DG00899,dgroup,DG01633,CYP3A/CYP3A4 substrate,Quetiapine
DG00899,dgroup,DG02913,CYP3A4 substrate,Quetiapine
DG00900,dgroup,DG01478,Dopamine antagonist,Sultopride
DG00900,dgroup,DG01474,Dopamine D2-receptor antagonist,Sultopride
DG00900,dgroup,DG03200,Antipsychotic agent,Sultopride
DG00900,dgroup,DG01941,Benzamide antipsychotic,Sultopride
DG00901,dgroup,DG01478,Dopamine antagonist,Tiapride
DG00901,dgroup,DG01474,Dopamine D2-receptor antagonist,Tiapride
DG00901,dgroup,DG03200,Antipsychotic agent,Tiapride
DG00901,dgroup,DG01941,Benzamide antipsychotic,Tiapride
DG00902,dgroup,DG01478,Dopamine antagonist,Remoxipride
DG00902,dgroup,DG01474,Dopamine D2-receptor antagonist,Remoxipride
DG00902,dgroup,DG03200,Antipsychotic agent,Remoxipride
DG00902,dgroup,DG01941,Benzamide antipsychotic,Remoxipride
DG00905,dgroup,DG01478,Dopamine antagonist,Mosapramine
DG00905,dgroup,DG01474,Dopamine D2-receptor antagonist,Mosapramine
DG00905,dgroup,DG03200,Antipsychotic agent,Mosapramine
DG00905,dgroup,DG01942,Iminobenzyl antipsychotic,Mosapramine
DG00906,dgroup,DG03200,Antipsychotic agent,Aripiprazole
DG00906,dgroup,DG03064,Atypical antipsychotic,Aripiprazole
DG00906,dgroup,DG01644,CYP2D6 substrate,Aripiprazole
DG00906,dgroup,DG01633,CYP3A/CYP3A4 substrate,Aripiprazole
DG00906,dgroup,DG02913,CYP3A4 substrate,Aripiprazole
DG00907,dgroup,DG01478,Dopamine antagonist,Paliperidone
DG00907,dgroup,DG01474,Dopamine D2-receptor antagonist,Paliperidone
DG00907,dgroup,DG03005,Serotonin-dopamine antagonist (SDA),Paliperidone
DG00907,dgroup,DG03200,Antipsychotic agent,Paliperidone
DG00907,dgroup,DG03064,Atypical antipsychotic,Paliperidone
DG00908,dgroup,DG01567,GABA-A receptor agonist,Chlordiazepoxide
DG00908,dgroup,DG01914,"Anxiolytics, benzodiazepine derivatives",Chlordiazepoxide
DG00909,dgroup,DG01567,GABA-A receptor agonist,Medazepam
DG00909,dgroup,DG01914,"Anxiolytics, benzodiazepine derivatives",Medazepam
DG00911,dgroup,DG01914,"Anxiolytics, benzodiazepine derivatives",Adinazolam
DG00912,dgroup,DG01557,Histamine receptor antagonist,Hydroxyzine
DG00912,dgroup,DG01482,Histamine receptor H1 antagonist,Hydroxyzine
DG00913,dgroup,DG01483,5-HT1A-receptor agonist,Buspirone
DG00915,dgroup,DG01837,Barbiturate sedative-hypnotics,Pentobarbital
DG00915,dgroup,DG01567,GABA-A receptor agonist,Pentobarbital
DG00916,dgroup,DG01837,Barbiturate sedative-hypnotics,Amobarbital
DG00916,dgroup,DG01567,GABA-A receptor agonist,Amobarbital
DG00916,dgroup,DG02853,CYP3A/CYP3A4 inducer,Amobarbital
DG00917,dgroup,DG01837,Barbiturate sedative-hypnotics,Secobarbital
DG00917,dgroup,DG01567,GABA-A receptor agonist,Secobarbital
DG00918,dgroup,DG01837,Barbiturate sedative-hypnotics,Cyclobarbital
DG00919,dgroup,DG01835,Benzodiazepine sedative-hypnotics,Flurazepam
DG00919,dgroup,DG03202,Hypnotic,Flurazepam
DG00919,dgroup,DG01567,GABA-A receptor agonist,Flurazepam
DG00920,dgroup,DG01835,Benzodiazepine sedative-hypnotics,Midazolam
DG00920,dgroup,DG01567,GABA-A receptor agonist,Midazolam
DG00920,dgroup,DG03199,Antiepileptic agent,Midazolam
DG00920,dgroup,DG01633,CYP3A/CYP3A4 substrate,Midazolam
DG00920,dgroup,DG02913,CYP3A4 substrate,Midazolam
DG00921,dgroup,DG01835,Benzodiazepine sedative-hypnotics,Loprazolam
DG00921,dgroup,DG01567,GABA-A receptor agonist,Loprazolam
DG00922,dgroup,DG01836,Non-benzodiazepine sedative-hypnotics,Zolpidem
DG00922,dgroup,DG03202,Hypnotic,Zolpidem
DG00922,dgroup,DG01567,GABA-A receptor agonist,Zolpidem
DG00922,dgroup,DG01892,CYP1A2 substrate,Zolpidem
DG00922,dgroup,DG01642,CYP2C9 substrate,Zolpidem
DG00922,dgroup,DG01633,CYP3A/CYP3A4 substrate,Zolpidem
DG00922,dgroup,DG02913,CYP3A4 substrate,Zolpidem
DG00926,dgroup,DG01456,Adrenergic receptor agonist,Dexmedetomidine
DG00926,dgroup,DG01450,alpha-Adrenergic receptor agonist,Dexmedetomidine
DG00926,dgroup,DG01449,alpha2-Adrenergic receptor agonist,Dexmedetomidine
DG00926,dgroup,DG01892,CYP1A2 substrate,Dexmedetomidine
DG00926,dgroup,DG01638,CYP2A6 substrate,Dexmedetomidine
DG00926,dgroup,DG01639,CYP2C19 substrate,Dexmedetomidine
DG00926,dgroup,DG01644,CYP2D6 substrate,Dexmedetomidine
DG00926,dgroup,DG02855,CYP2E1 substrate,Dexmedetomidine
DG00927,dgroup,DG01730,Non-selective monoamine reuptake inhibitor,Desipramine
DG00927,dgroup,DG01728,Tricyclic antidepressant,Desipramine
DG00928,dgroup,DG01730,Non-selective monoamine reuptake inhibitor,Imipramine
DG00928,dgroup,DG01728,Tricyclic antidepressant,Imipramine
DG00928,dgroup,DG01892,CYP1A2 substrate,Imipramine
DG00928,dgroup,DG01639,CYP2C19 substrate,Imipramine
DG00928,dgroup,DG01644,CYP2D6 substrate,Imipramine
DG00928,dgroup,DG01633,CYP3A/CYP3A4 substrate,Imipramine
DG00928,dgroup,DG02913,CYP3A4 substrate,Imipramine
DG00929,dgroup,DG01730,Non-selective monoamine reuptake inhibitor,Clomipramine
DG00929,dgroup,DG01728,Tricyclic antidepressant,Clomipramine
DG00929,dgroup,DG01892,CYP1A2 substrate,Clomipramine
DG00929,dgroup,DG01639,CYP2C19 substrate,Clomipramine
DG00929,dgroup,DG01644,CYP2D6 substrate,Clomipramine
DG00929,dgroup,DG01633,CYP3A/CYP3A4 substrate,Clomipramine
DG00929,dgroup,DG02913,CYP3A4 substrate,Clomipramine
DG00930,dgroup,DG01730,Non-selective monoamine reuptake inhibitor,Opipramol
DG00930,dgroup,DG01728,Tricyclic antidepressant,Opipramol
DG00930,dgroup,DG01560,Sigma receptor agonist,Opipramol
DG00930,dgroup,DG01478,Dopamine antagonist,Opipramol
DG00930,dgroup,DG01474,Dopamine D2-receptor antagonist,Opipramol
DG00930,dgroup,DG01557,Histamine receptor antagonist,Opipramol
DG00930,dgroup,DG01482,Histamine receptor H1 antagonist,Opipramol
DG00931,dgroup,DG01730,Non-selective monoamine reuptake inhibitor,Trimipramine
DG00931,dgroup,DG01728,Tricyclic antidepressant,Trimipramine
DG00932,dgroup,DG01730,Non-selective monoamine reuptake inhibitor,Lofepramine
DG00932,dgroup,DG01728,Tricyclic antidepressant,Lofepramine
DG00933,dgroup,DG01730,Non-selective monoamine reuptake inhibitor,Dibenzepin
DG00933,dgroup,DG01728,Tricyclic antidepressant,Dibenzepin
DG00934,dgroup,DG01730,Non-selective monoamine reuptake inhibitor,Amitriptyline
DG00934,dgroup,DG01728,Tricyclic antidepressant,Amitriptyline
DG00934,dgroup,DG01892,CYP1A2 substrate,Amitriptyline
DG00934,dgroup,DG01639,CYP2C19 substrate,Amitriptyline
DG00934,dgroup,DG01644,CYP2D6 substrate,Amitriptyline
DG00934,dgroup,DG01633,CYP3A/CYP3A4 substrate,Amitriptyline
DG00934,dgroup,DG02913,CYP3A4 substrate,Amitriptyline
DG00935,dgroup,DG01730,Non-selective monoamine reuptake inhibitor,Nortriptyline
DG00935,dgroup,DG01728,Tricyclic antidepressant,Nortriptyline
DG00935,dgroup,DG01644,CYP2D6 substrate,Nortriptyline
DG00936,dgroup,DG01730,Non-selective monoamine reuptake inhibitor,Protriptyline
DG00936,dgroup,DG01728,Tricyclic antidepressant,Protriptyline
DG00937,dgroup,DG01730,Non-selective monoamine reuptake inhibitor,Doxepin
DG00937,dgroup,DG01728,Tricyclic antidepressant,Doxepin
DG00937,dgroup,DG01892,CYP1A2 substrate,Doxepin
DG00937,dgroup,DG01642,CYP2C9 substrate,Doxepin
DG00937,dgroup,DG01639,CYP2C19 substrate,Doxepin
DG00937,dgroup,DG01644,CYP2D6 substrate,Doxepin
DG00938,dgroup,DG01730,Non-selective monoamine reuptake inhibitor,Melitracen
DG00938,dgroup,DG01728,Tricyclic antidepressant,Melitracen
DG00939,dgroup,DG01730,Non-selective monoamine reuptake inhibitor,Butriptyline
DG00939,dgroup,DG01728,Tricyclic antidepressant,Butriptyline
DG00940,dgroup,DG01730,Non-selective monoamine reuptake inhibitor,Dosulepin
DG00940,dgroup,DG01728,Tricyclic antidepressant,Dosulepin
DG00940,dgroup,DG01644,CYP2D6 substrate,Dosulepin
DG00941,dgroup,DG01730,Non-selective monoamine reuptake inhibitor,Maprotiline
DG00941,dgroup,DG01729,Tetracyclic antidepressant,Maprotiline
DG00941,dgroup,DG01644,CYP2D6 substrate,Maprotiline
DG00942,dgroup,DG01659,Selective serotonin reuptake inhibitor (SSRI),Fluoxetine
DG00942,dgroup,DG01642,CYP2C9 substrate,Fluoxetine
DG00942,dgroup,DG01644,CYP2D6 substrate,Fluoxetine
DG00942,dgroup,DG01933,CYP2C19 inhibitor,Fluoxetine
DG00942,dgroup,DG01645,CYP2D6 inhibitor,Fluoxetine
DG00942,dgroup,DG02852,CYP3A/CYP3A4 inhibitor,Fluoxetine
DG00942,dgroup,DG01622,ABCB1 inhibitor,Fluoxetine
DG00943,dgroup,DG01659,Selective serotonin reuptake inhibitor (SSRI),Citalopram
DG00943,dgroup,DG01644,CYP2D6 substrate,Citalopram
DG00943,dgroup,DG01633,CYP3A/CYP3A4 substrate,Citalopram
DG00943,dgroup,DG02913,CYP3A4 substrate,Citalopram
DG00943,dgroup,DG01933,CYP2C19 inhibitor,Citalopram
DG00943,dgroup,DG01665,ABCB1 substrate,Citalopram
DG00944,dgroup,DG01659,Selective serotonin reuptake inhibitor (SSRI),Paroxetine
DG00944,dgroup,DG01644,CYP2D6 substrate,Paroxetine
DG00944,dgroup,DG01645,CYP2D6 inhibitor,Paroxetine
DG00945,dgroup,DG01659,Selective serotonin reuptake inhibitor (SSRI),Sertraline
DG00945,dgroup,DG02919,CYP2B6 substrate,Sertraline
DG00945,dgroup,DG01642,CYP2C9 substrate,Sertraline
DG00945,dgroup,DG01639,CYP2C19 substrate,Sertraline
DG00945,dgroup,DG01633,CYP3A/CYP3A4 substrate,Sertraline
DG00945,dgroup,DG02913,CYP3A4 substrate,Sertraline
DG00946,dgroup,DG01659,Selective serotonin reuptake inhibitor (SSRI),Fluvoxamine
DG00946,dgroup,DG01644,CYP2D6 substrate,Fluvoxamine
DG00946,dgroup,DG01634,CYP1A2 inhibitor,Fluvoxamine
DG00946,dgroup,DG01643,CYP2C9 inhibitor,Fluvoxamine
DG00946,dgroup,DG01933,CYP2C19 inhibitor,Fluvoxamine
DG00946,dgroup,DG01645,CYP2D6 inhibitor,Fluvoxamine
DG00946,dgroup,DG02852,CYP3A/CYP3A4 inhibitor,Fluvoxamine
DG00946,dgroup,DG01522,CYP3A4 inhibitor,Fluvoxamine
DG00947,dgroup,DG01659,Selective serotonin reuptake inhibitor (SSRI),Escitalopram
DG00947,dgroup,DG01639,CYP2C19 substrate,Escitalopram
DG00947,dgroup,DG01644,CYP2D6 substrate,Escitalopram
DG00947,dgroup,DG01633,CYP3A/CYP3A4 substrate,Escitalopram
DG00947,dgroup,DG02913,CYP3A4 substrate,Escitalopram
DG00947,dgroup,DG02953,AOX1 substrate,Escitalopram
DG00947,dgroup,DG02917,MAO substrate,Escitalopram
DG00947,dgroup,DG01645,CYP2D6 inhibitor,Escitalopram
DG00948,dgroup,DG01568,MAO inhibitor,Phenelzine
DG00948,dgroup,DG01519,Non-selective monoamine oxidase inhibitor,Phenelzine
DG00949,dgroup,DG01568,MAO inhibitor,Tranylcypromine
DG00949,dgroup,DG01519,Non-selective monoamine oxidase inhibitor,Tranylcypromine
DG00950,dgroup,DG01568,MAO inhibitor,Iproniazide
DG00950,dgroup,DG01519,Non-selective monoamine oxidase inhibitor,Iproniazide
DG00951,dgroup,DG01466,Adrenergic receptor antagonist,Mianserin
DG00951,dgroup,DG01465,alpha-Adrenergic receptor antagonist,Mianserin
DG00951,dgroup,DG01460,alpha2-Adrenergic receptor antagonist,Mianserin
DG00951,dgroup,DG01729,Tetracyclic antidepressant,Mianserin
DG00951,dgroup,DG01892,CYP1A2 substrate,Mianserin
DG00951,dgroup,DG01644,CYP2D6 substrate,Mianserin
DG00951,dgroup,DG01633,CYP3A/CYP3A4 substrate,Mianserin
DG00951,dgroup,DG02913,CYP3A4 substrate,Mianserin
DG00952,dgroup,DG03056,Serotonin antagonist and reuptake inhibitor (SARI),Trazodone
DG00952,dgroup,DG01644,CYP2D6 substrate,Trazodone
DG00952,dgroup,DG01633,CYP3A/CYP3A4 substrate,Trazodone
DG00952,dgroup,DG02913,CYP3A4 substrate,Trazodone
DG00954,dgroup,DG01568,MAO inhibitor,Minaprine
DG00954,dgroup,DG01558,Monoamine oxidase A inhibitor,Minaprine
DG00954,dgroup,DG01644,CYP2D6 substrate,Minaprine
DG00956,dgroup,DG03085,Selective norepinephrine reuptake inhibitor (NRI),Viloxazine
DG00956,dgroup,DG01644,CYP2D6 substrate,Viloxazine
DG00956,dgroup,DG02924,UGT substrate,Viloxazine
DG00956,dgroup,DG03188,UGT1A9 substrate,Viloxazine
DG00956,dgroup,DG03187,UGT2B15 substrate,Viloxazine
DG00957,dgroup,DG03059,Noradrenalin and dopamine reuptake inhibitor (NDRI),Bupropion
DG00959,dgroup,DG01658,Serotonin and norepinephrine reuptake inhibitor (SNRI),Venlafaxine
DG00959,dgroup,DG01644,CYP2D6 substrate,Venlafaxine
DG00959,dgroup,DG01633,CYP3A/CYP3A4 substrate,Venlafaxine
DG00959,dgroup,DG02913,CYP3A4 substrate,Venlafaxine
DG00960,dgroup,DG01658,Serotonin and norepinephrine reuptake inhibitor (SNRI),Milnacipran
DG00961,dgroup,DG03085,Selective norepinephrine reuptake inhibitor (NRI),Reboxetine
DG00962,dgroup,DG01658,Serotonin and norepinephrine reuptake inhibitor (SNRI),Duloxetine
DG00962,dgroup,DG01892,CYP1A2 substrate,Duloxetine
DG00962,dgroup,DG01644,CYP2D6 substrate,Duloxetine
DG00962,dgroup,DG01645,CYP2D6 inhibitor,Duloxetine
DG00963,dgroup,DG01658,Serotonin and norepinephrine reuptake inhibitor (SNRI),Desvenlafaxine
DG00963,dgroup,DG01633,CYP3A/CYP3A4 substrate,Desvenlafaxine
DG00963,dgroup,DG02913,CYP3A4 substrate,Desvenlafaxine
DG00963,dgroup,DG02924,UGT substrate,Desvenlafaxine
DG00964,dgroup,DG01639,CYP2C19 substrate,Vilazodone
DG00964,dgroup,DG01644,CYP2D6 substrate,Vilazodone
DG00964,dgroup,DG01633,CYP3A/CYP3A4 substrate,Vilazodone
DG00964,dgroup,DG02913,CYP3A4 substrate,Vilazodone
DG00965,dgroup,DG01483,5-HT1A-receptor agonist,Vortioxetine
DG00965,dgroup,DG01489,5-HT3-receptor antagonist,Vortioxetine
DG00965,dgroup,DG01638,CYP2A6 substrate,Vortioxetine
DG00965,dgroup,DG02919,CYP2B6 substrate,Vortioxetine
DG00965,dgroup,DG02918,CYP2C8 substrate,Vortioxetine
DG00965,dgroup,DG01642,CYP2C9 substrate,Vortioxetine
DG00965,dgroup,DG01639,CYP2C19 substrate,Vortioxetine
DG00965,dgroup,DG01644,CYP2D6 substrate,Vortioxetine
DG00965,dgroup,DG01633,CYP3A/CYP3A4 substrate,Vortioxetine
DG00965,dgroup,DG02913,CYP3A4 substrate,Vortioxetine
DG00965,dgroup,DG02925,CYP3A5 substrate,Vortioxetine
DG00966,dgroup,DG01644,CYP2D6 substrate,Amfetamine
DG00967,dgroup,DG03085,Selective norepinephrine reuptake inhibitor (NRI),Dexamfetamine
DG00967,dgroup,DG01644,CYP2D6 substrate,Dexamfetamine
DG00968,dgroup,DG01971,Agents for narcolepsy,Metamfetamine
DG00968,dgroup,DG01644,CYP2D6 substrate,Metamfetamine
DG00970,dgroup,DG03085,Selective norepinephrine reuptake inhibitor (NRI),Atomoxetine
DG00970,dgroup,DG01644,CYP2D6 substrate,Atomoxetine
DG00971,dgroup,DG01616,Xanthine derivative,Fenetylline
DG00971,dgroup,DG01612,Xanthine-type central nervous system stimulant,Fenetylline
DG00974,dgroup,DG01616,Xanthine derivative,Caffeine
DG00974,dgroup,DG01612,Xanthine-type central nervous system stimulant,Caffeine
DG00974,dgroup,DG01892,CYP1A2 substrate,Caffeine
DG00974,dgroup,DG02855,CYP2E1 substrate,Caffeine
DG00974,dgroup,DG01633,CYP3A/CYP3A4 substrate,Caffeine
DG00974,dgroup,DG02913,CYP3A4 substrate,Caffeine
DG00981,dgroup,DG01969,"Racetam derivative, nootropic",Pramiracetam
DG00982,dgroup,DG01595,Cholinesterase inhibitor,Tacrine
DG00982,dgroup,DG01593,Acetylcholinesterase inhibitor,Tacrine
DG00982,dgroup,DG01892,CYP1A2 substrate,Tacrine
DG00983,dgroup,DG01595,Cholinesterase inhibitor,Donepezil
DG00983,dgroup,DG01593,Acetylcholinesterase inhibitor,Donepezil
DG00983,dgroup,DG01968,Antidementia agent,Donepezil
DG00983,dgroup,DG01644,CYP2D6 substrate,Donepezil
DG00983,dgroup,DG01633,CYP3A/CYP3A4 substrate,Donepezil
DG00983,dgroup,DG02913,CYP3A4 substrate,Donepezil
DG00984,dgroup,DG01595,Cholinesterase inhibitor,Rivastigmine
DG00984,dgroup,DG01593,Acetylcholinesterase inhibitor,Rivastigmine
DG00984,dgroup,DG01594,Butyrylcholinesterase inhibitor,Rivastigmine
DG00984,dgroup,DG01968,Antidementia agent,Rivastigmine
DG00985,dgroup,DG01595,Cholinesterase inhibitor,Galantamine
DG00985,dgroup,DG01593,Acetylcholinesterase inhibitor,Galantamine
DG00985,dgroup,DG01968,Antidementia agent,Galantamine
DG00985,dgroup,DG01644,CYP2D6 substrate,Galantamine
DG00985,dgroup,DG01633,CYP3A/CYP3A4 substrate,Galantamine
DG00985,dgroup,DG02913,CYP3A4 substrate,Galantamine
DG00986,dgroup,DG01498,NMDA receptor antagonist,Memantine
DG00986,dgroup,DG01968,Antidementia agent,Memantine
DG00986,dgroup,DG02854,SLC22A2 substrate,Memantine
DG00987,dgroup,DG01595,Cholinesterase inhibitor,Neostigmine
DG00987,dgroup,DG01593,Acetylcholinesterase inhibitor,Neostigmine
DG00987,dgroup,DG01719,Parasympathomimetic agent,Neostigmine
DG00988,dgroup,DG01595,Cholinesterase inhibitor,Pyridostigmine
DG00988,dgroup,DG01593,Acetylcholinesterase inhibitor,Pyridostigmine
DG00988,dgroup,DG01719,Parasympathomimetic agent,Pyridostigmine
DG00989,dgroup,DG01595,Cholinesterase inhibitor,Distigmine
DG00989,dgroup,DG01593,Acetylcholinesterase inhibitor,Distigmine
DG00989,dgroup,DG01719,Parasympathomimetic agent,Distigmine
DG00990,dgroup,DG01595,Cholinesterase inhibitor,Ambenonium
DG00990,dgroup,DG01593,Acetylcholinesterase inhibitor,Ambenonium
DG00990,dgroup,DG01719,Parasympathomimetic agent,Ambenonium
DG00991,dgroup,DG01490,Muscarinic cholinergic receptor agonist,Bethanechol
DG00991,dgroup,DG01719,Parasympathomimetic agent,Bethanechol
DG00992,dgroup,DG01490,Muscarinic cholinergic receptor agonist,Pilocarpine
DG00992,dgroup,DG01719,Parasympathomimetic agent,Pilocarpine
DG00992,dgroup,DG03201,Intraocular pressure lowering agent,Pilocarpine
DG00992,dgroup,DG01638,CYP2A6 substrate,Pilocarpine
DG00993,dgroup,DG01490,Muscarinic cholinergic receptor agonist,Cevimeline
DG00993,dgroup,DG01719,Parasympathomimetic agent,Cevimeline
DG00993,dgroup,DG01644,CYP2D6 substrate,Cevimeline
DG00993,dgroup,DG01633,CYP3A/CYP3A4 substrate,Cevimeline
DG00993,dgroup,DG02913,CYP3A4 substrate,Cevimeline
DG00994,dgroup,DG01638,CYP2A6 substrate,Nicotine
DG00994,dgroup,DG01637,CYP1A2 inducer,Nicotine
DG00995,dgroup,DG01571,Nicotinic cholinergic receptor partial agonist,Varenicline
DG00996,dgroup,DG01498,NMDA receptor antagonist,Acamprosate
DG00997,dgroup,DG01586,Opioid receptor antagonist,Naltrexone
DG00998,dgroup,DG01586,Opioid receptor antagonist,Nalmefene
DG00998,dgroup,DG01587,Opioid receptor agonist/antagonist,Nalmefene
DG00999,dgroup,DG01498,NMDA receptor antagonist,Methadone
DG00999,dgroup,DG01564,Opioid receptor agonist,Methadone
DG00999,dgroup,DG01563,mu-Opioid receptor agonist,Methadone
DG00999,dgroup,DG01984,Opioid analgesics,Methadone
DG00999,dgroup,DG02919,CYP2B6 substrate,Methadone
DG00999,dgroup,DG02918,CYP2C8 substrate,Methadone
DG00999,dgroup,DG01642,CYP2C9 substrate,Methadone
DG00999,dgroup,DG01639,CYP2C19 substrate,Methadone
DG00999,dgroup,DG01644,CYP2D6 substrate,Methadone
DG00999,dgroup,DG01633,CYP3A/CYP3A4 substrate,Methadone
DG00999,dgroup,DG02913,CYP3A4 substrate,Methadone
DG00999,dgroup,DG02891,CYP2B6 inducer,Methadone
DG00999,dgroup,DG02853,CYP3A/CYP3A4 inducer,Methadone
DG00999,dgroup,DG01635,CYP3A4 inducer,Methadone
DG00999,dgroup,DG01665,ABCB1 substrate,Methadone
DG01000,dgroup,DG01564,Opioid receptor agonist,Levacetylmethadol
DG01000,dgroup,DG01563,mu-Opioid receptor agonist,Levacetylmethadol
DG01000,dgroup,DG01984,Opioid analgesics,Levacetylmethadol
DG01000,dgroup,DG01633,CYP3A/CYP3A4 substrate,Levacetylmethadol
DG01000,dgroup,DG02913,CYP3A4 substrate,Levacetylmethadol
DG01001,dgroup,DG01456,Adrenergic receptor agonist,Lofexidine
DG01001,dgroup,DG01450,alpha-Adrenergic receptor agonist,Lofexidine
DG01001,dgroup,DG01449,alpha2-Adrenergic receptor agonist,Lofexidine
DG01002,dgroup,DG01498,NMDA receptor antagonist,Levomethadone
DG01002,dgroup,DG01564,Opioid receptor agonist,Levomethadone
DG01002,dgroup,DG01563,mu-Opioid receptor agonist,Levomethadone
DG01002,dgroup,DG01984,Opioid analgesics,Levomethadone
DG01003,dgroup,DG01564,Opioid receptor agonist,Diamorphine
DG01003,dgroup,DG01563,mu-Opioid receptor agonist,Diamorphine
DG01003,dgroup,DG01984,Opioid analgesics,Diamorphine
DG01004,dgroup,DG01557,Histamine receptor antagonist,Betahistine
DG01004,dgroup,DG01556,Histamine receptor H3 antagonist,Betahistine
DG01005,dgroup,DG01557,Histamine receptor antagonist,Cinnarizine
DG01005,dgroup,DG01482,Histamine receptor H1 antagonist,Cinnarizine
DG01005,dgroup,DG01644,CYP2D6 substrate,Cinnarizine
DG01006,dgroup,DG01575,Calcium channel blocker,Flunarizine
DG01006,dgroup,DG01573,Calcium channel T type blocker,Flunarizine
DG01006,dgroup,DG01644,CYP2D6 substrate,Flunarizine
DG01013,dgroup,DG02018,Antimetabolite,Trimetrexate
DG01013,dgroup,DG01978,Folic acid analog,Trimetrexate
DG01013,dgroup,DG01930,Dihydrofolate reductase inhibitor,Trimetrexate
DG01015,dgroup,DG02918,CYP2C8 substrate,Hydroxychloroquine
DG01015,dgroup,DG01633,CYP3A/CYP3A4 substrate,Hydroxychloroquine
DG01015,dgroup,DG02913,CYP3A4 substrate,Hydroxychloroquine
DG01017,dgroup,DG02918,CYP2C8 substrate,Amodiaquine
DG01018,dgroup,DG01932,"Antifolate, antiprotozoal",Proguanil
DG01018,dgroup,DG01639,CYP2C19 substrate,Proguanil
DG01019,dgroup,DG01633,CYP3A/CYP3A4 substrate,Quinine
DG01019,dgroup,DG02913,CYP3A4 substrate,Quinine
DG01019,dgroup,DG01665,ABCB1 substrate,Quinine
DG01020,dgroup,DG01633,CYP3A/CYP3A4 substrate,Mefloquine
DG01021,dgroup,DG01645,CYP2D6 inhibitor,Halofantrine
DG01029,dgroup,DG01456,Adrenergic receptor agonist,Oxymetazoline
DG01029,dgroup,DG01450,alpha-Adrenergic receptor agonist,Oxymetazoline
DG01029,dgroup,DG01448,alpha1-Adrenergic receptor agonist,Oxymetazoline
DG01030,dgroup,DG01456,Adrenergic receptor agonist,Tetryzoline
DG01030,dgroup,DG01450,alpha-Adrenergic receptor agonist,Tetryzoline
DG01030,dgroup,DG01448,alpha1-Adrenergic receptor agonist,Tetryzoline
DG01032,dgroup,DG01456,Adrenergic receptor agonist,Naphazoline
DG01032,dgroup,DG01450,alpha-Adrenergic receptor agonist,Naphazoline
DG01032,dgroup,DG01448,alpha1-Adrenergic receptor agonist,Naphazoline
DG01035,dgroup,DG01557,Histamine receptor antagonist,Levocabastine
DG01035,dgroup,DG01482,Histamine receptor H1 antagonist,Levocabastine
DG01036,dgroup,DG01557,Histamine receptor antagonist,Azelastine
DG01036,dgroup,DG01482,Histamine receptor H1 antagonist,Azelastine
DG01037,dgroup,DG01557,Histamine receptor antagonist,Antazoline
DG01037,dgroup,DG01482,Histamine receptor H1 antagonist,Antazoline
DG01038,dgroup,DG01805,Mediator release inhibitor,Nedocromil
DG01039,dgroup,DG01557,Histamine receptor antagonist,Olopatadine
DG01039,dgroup,DG01482,Histamine receptor H1 antagonist,Olopatadine
DG01040,dgroup,DG01955,Corticosteroid,Flunisolide
DG01040,dgroup,DG02068,Glucocorticoid,Flunisolide
DG01040,dgroup,DG01633,CYP3A/CYP3A4 substrate,Flunisolide
DG01040,dgroup,DG02913,CYP3A4 substrate,Flunisolide
DG01041,dgroup,DG01456,Adrenergic receptor agonist,Phenylpropanolamine
DG01041,dgroup,DG01634,CYP1A2 inhibitor,Phenylpropanolamine
DG01042,dgroup,DG01456,Adrenergic receptor agonist,Pseudoephedrine
DG01044,dgroup,DG01456,Adrenergic receptor agonist,Orciprenaline
DG01044,dgroup,DG01455,beta-Adrenergic receptor agonist,Orciprenaline
DG01044,dgroup,DG01452,beta2-Adrenergic receptor agonist,Orciprenaline
DG01045,dgroup,DG01456,Adrenergic receptor agonist,Albuterol
DG01045,dgroup,DG01455,beta-Adrenergic receptor agonist,Albuterol
DG01045,dgroup,DG01452,beta2-Adrenergic receptor agonist,Albuterol
DG01046,dgroup,DG01456,Adrenergic receptor agonist,Terbutaline
DG01046,dgroup,DG01455,beta-Adrenergic receptor agonist,Terbutaline
DG01046,dgroup,DG01452,beta2-Adrenergic receptor agonist,Terbutaline
DG01047,dgroup,DG01456,Adrenergic receptor agonist,Hexoprenaline
DG01047,dgroup,DG01455,beta-Adrenergic receptor agonist,Hexoprenaline
DG01047,dgroup,DG01452,beta2-Adrenergic receptor agonist,Hexoprenaline
DG01047,dgroup,DG01951,Catecholamine adrenergic receptor agonist,Hexoprenaline
DG01048,dgroup,DG01456,Adrenergic receptor agonist,Pirbuterol
DG01048,dgroup,DG01455,beta-Adrenergic receptor agonist,Pirbuterol
DG01048,dgroup,DG01452,beta2-Adrenergic receptor agonist,Pirbuterol
DG01049,dgroup,DG01456,Adrenergic receptor agonist,Tretoquinol
DG01049,dgroup,DG01455,beta-Adrenergic receptor agonist,Tretoquinol
DG01049,dgroup,DG01452,beta2-Adrenergic receptor agonist,Tretoquinol
DG01050,dgroup,DG01456,Adrenergic receptor agonist,Tulobuterol
DG01050,dgroup,DG01455,beta-Adrenergic receptor agonist,Tulobuterol
DG01050,dgroup,DG01452,beta2-Adrenergic receptor agonist,Tulobuterol
DG01051,dgroup,DG01456,Adrenergic receptor agonist,Salmeterol
DG01051,dgroup,DG01455,beta-Adrenergic receptor agonist,Salmeterol
DG01051,dgroup,DG01452,beta2-Adrenergic receptor agonist,Salmeterol
DG01051,dgroup,DG01633,CYP3A/CYP3A4 substrate,Salmeterol
DG01051,dgroup,DG02913,CYP3A4 substrate,Salmeterol
DG01052,dgroup,DG01456,Adrenergic receptor agonist,Formoterol
DG01052,dgroup,DG01455,beta-Adrenergic receptor agonist,Formoterol
DG01052,dgroup,DG01452,beta2-Adrenergic receptor agonist,Formoterol
DG01052,dgroup,DG02924,UGT substrate,Formoterol
DG01053,dgroup,DG01456,Adrenergic receptor agonist,Clenbuterol
DG01053,dgroup,DG01455,beta-Adrenergic receptor agonist,Clenbuterol
DG01053,dgroup,DG01452,beta2-Adrenergic receptor agonist,Clenbuterol
DG01054,dgroup,DG01456,Adrenergic receptor agonist,Reproterol
DG01054,dgroup,DG01455,beta-Adrenergic receptor agonist,Reproterol
DG01054,dgroup,DG01452,beta2-Adrenergic receptor agonist,Reproterol
DG01055,dgroup,DG01456,Adrenergic receptor agonist,Procaterol
DG01055,dgroup,DG01455,beta-Adrenergic receptor agonist,Procaterol
DG01055,dgroup,DG01452,beta2-Adrenergic receptor agonist,Procaterol
DG01055,dgroup,DG01633,CYP3A/CYP3A4 substrate,Procaterol
DG01055,dgroup,DG02913,CYP3A4 substrate,Procaterol
DG01056,dgroup,DG01456,Adrenergic receptor agonist,Bitolterol
DG01056,dgroup,DG01455,beta-Adrenergic receptor agonist,Bitolterol
DG01056,dgroup,DG01452,beta2-Adrenergic receptor agonist,Bitolterol
DG01056,dgroup,DG01951,Catecholamine adrenergic receptor agonist,Bitolterol
DG01057,dgroup,DG01456,Adrenergic receptor agonist,Indacaterol
DG01057,dgroup,DG01455,beta-Adrenergic receptor agonist,Indacaterol
DG01057,dgroup,DG01452,beta2-Adrenergic receptor agonist,Indacaterol
DG01057,dgroup,DG01633,CYP3A/CYP3A4 substrate,Indacaterol
DG01057,dgroup,DG02913,CYP3A4 substrate,Indacaterol
DG01057,dgroup,DG01665,ABCB1 substrate,Indacaterol
DG01058,dgroup,DG01456,Adrenergic receptor agonist,Olodaterol
DG01058,dgroup,DG01455,beta-Adrenergic receptor agonist,Olodaterol
DG01058,dgroup,DG01452,beta2-Adrenergic receptor agonist,Olodaterol
DG01058,dgroup,DG02918,CYP2C8 substrate,Olodaterol
DG01058,dgroup,DG01642,CYP2C9 substrate,Olodaterol
DG01058,dgroup,DG02924,UGT substrate,Olodaterol
DG01058,dgroup,DG03183,UGT1A1 substrate,Olodaterol
DG01058,dgroup,DG03185,UGT1A7 substrate,Olodaterol
DG01058,dgroup,DG03188,UGT1A9 substrate,Olodaterol
DG01058,dgroup,DG03190,UGT2B7 substrate,Olodaterol
DG01060,dgroup,DG01456,Adrenergic receptor agonist,Bambuterol
DG01060,dgroup,DG01455,beta-Adrenergic receptor agonist,Bambuterol
DG01060,dgroup,DG01452,beta2-Adrenergic receptor agonist,Bambuterol
DG01061,dgroup,DG01616,Xanthine derivative,Theophylline
DG01061,dgroup,DG01609,Xanthine-type bronchodilator,Theophylline
DG01061,dgroup,DG01892,CYP1A2 substrate,Theophylline
DG01062,dgroup,DG01616,Xanthine derivative,Aminophylline
DG01062,dgroup,DG01609,Xanthine-type bronchodilator,Aminophylline
DG01062,dgroup,DG01892,CYP1A2 substrate,Aminophylline
DG01063,dgroup,DG01616,Xanthine derivative,Etamiphylline
DG01063,dgroup,DG01609,Xanthine-type bronchodilator,Etamiphylline
DG01064,dgroup,DG01616,Xanthine derivative,Bamifylline
DG01064,dgroup,DG01609,Xanthine-type bronchodilator,Bamifylline
DG01065,dgroup,DG01541,Cysteinyl leukotriene receptor antagonist,Pranlukast
DG01065,dgroup,DG01633,CYP3A/CYP3A4 substrate,Pranlukast
DG01065,dgroup,DG02913,CYP3A4 substrate,Pranlukast
DG01066,dgroup,DG01541,Cysteinyl leukotriene receptor antagonist,Montelukast
DG01066,dgroup,DG02918,CYP2C8 substrate,Montelukast
DG01066,dgroup,DG01642,CYP2C9 substrate,Montelukast
DG01066,dgroup,DG01633,CYP3A/CYP3A4 substrate,Montelukast
DG01066,dgroup,DG02913,CYP3A4 substrate,Montelukast
DG01074,dgroup,DG01564,Opioid receptor agonist,Ethylmorphine
DG01074,dgroup,DG01563,mu-Opioid receptor agonist,Ethylmorphine
DG01074,dgroup,DG01633,CYP3A/CYP3A4 substrate,Ethylmorphine
DG01074,dgroup,DG02913,CYP3A4 substrate,Ethylmorphine
DG01075,dgroup,DG01564,Opioid receptor agonist,Hydrocodone
DG01075,dgroup,DG01563,mu-Opioid receptor agonist,Hydrocodone
DG01075,dgroup,DG02919,CYP2B6 substrate,Hydrocodone
DG01075,dgroup,DG01639,CYP2C19 substrate,Hydrocodone
DG01075,dgroup,DG01644,CYP2D6 substrate,Hydrocodone
DG01075,dgroup,DG01633,CYP3A/CYP3A4 substrate,Hydrocodone
DG01075,dgroup,DG02913,CYP3A4 substrate,Hydrocodone
DG01076,dgroup,DG01564,Opioid receptor agonist,Codeine
DG01076,dgroup,DG01563,mu-Opioid receptor agonist,Codeine
DG01076,dgroup,DG01984,Opioid analgesics,Codeine
DG01076,dgroup,DG01644,CYP2D6 substrate,Codeine
DG01076,dgroup,DG01633,CYP3A/CYP3A4 substrate,Codeine
DG01076,dgroup,DG02913,CYP3A4 substrate,Codeine
DG01076,dgroup,DG02924,UGT substrate,Codeine
DG01076,dgroup,DG03189,UGT2B4 substrate,Codeine
DG01076,dgroup,DG03190,UGT2B7 substrate,Codeine
DG01078,dgroup,DG01498,NMDA receptor antagonist,Dextromethorphan
DG01078,dgroup,DG01644,CYP2D6 substrate,Dextromethorphan
DG01094,dgroup,DG01557,Histamine receptor antagonist,Diphenylpyraline
DG01094,dgroup,DG01482,Histamine receptor H1 antagonist,Diphenylpyraline
DG01094,dgroup,DG01616,Xanthine derivative,Diphenylpyraline
DG01095,dgroup,DG01557,Histamine receptor antagonist,Carbinoxamine
DG01095,dgroup,DG01482,Histamine receptor H1 antagonist,Carbinoxamine
DG01096,dgroup,DG01557,Histamine receptor antagonist,Doxylamine
DG01096,dgroup,DG01482,Histamine receptor H1 antagonist,Doxylamine
DG01097,dgroup,DG01557,Histamine receptor antagonist,Brompheniramine
DG01097,dgroup,DG01482,Histamine receptor H1 antagonist,Brompheniramine
DG01098,dgroup,DG01557,Histamine receptor antagonist,Dexchlorpheniramine
DG01098,dgroup,DG01482,Histamine receptor H1 antagonist,Dexchlorpheniramine
DG01098,dgroup,DG01644,CYP2D6 substrate,Dexchlorpheniramine
DG01098,dgroup,DG01633,CYP3A/CYP3A4 substrate,Dexchlorpheniramine
DG01098,dgroup,DG01645,CYP2D6 inhibitor,Dexchlorpheniramine
DG01099,dgroup,DG01557,Histamine receptor antagonist,Chlorphenamine
DG01099,dgroup,DG01482,Histamine receptor H1 antagonist,Chlorphenamine
DG01100,dgroup,DG01557,Histamine receptor antagonist,Pheniramine
DG01100,dgroup,DG01482,Histamine receptor H1 antagonist,Pheniramine
DG01101,dgroup,DG01557,Histamine receptor antagonist,Alimemazine
DG01101,dgroup,DG01482,Histamine receptor H1 antagonist,Alimemazine
DG01102,dgroup,DG03200,Antipsychotic agent,Thiethylperazine
DG01102,dgroup,DG01905,Phenothiazine antipsychotics,Thiethylperazine
DG01104,dgroup,DG01557,Histamine receptor antagonist,Buclizine
DG01104,dgroup,DG01482,Histamine receptor H1 antagonist,Buclizine
DG01105,dgroup,DG01557,Histamine receptor antagonist,Cyclizine
DG01105,dgroup,DG01482,Histamine receptor H1 antagonist,Cyclizine
DG01106,dgroup,DG01557,Histamine receptor antagonist,Meclozine
DG01106,dgroup,DG01482,Histamine receptor H1 antagonist,Meclozine
DG01107,dgroup,DG01557,Histamine receptor antagonist,Cetirizine
DG01107,dgroup,DG01482,Histamine receptor H1 antagonist,Cetirizine
DG01107,dgroup,DG01665,ABCB1 substrate,Cetirizine
DG01107,dgroup,DG02854,SLC22A2 substrate,Cetirizine
DG01107,dgroup,DG02863,SLC22A2 inhibitor,Cetirizine
DG01108,dgroup,DG01557,Histamine receptor antagonist,Levocetirizine
DG01108,dgroup,DG01482,Histamine receptor H1 antagonist,Levocetirizine
DG01108,dgroup,DG01633,CYP3A/CYP3A4 substrate,Levocetirizine
DG01108,dgroup,DG02913,CYP3A4 substrate,Levocetirizine
DG01109,dgroup,DG01557,Histamine receptor antagonist,Cyproheptadine
DG01109,dgroup,DG01482,Histamine receptor H1 antagonist,Cyproheptadine
DG01110,dgroup,DG01557,Histamine receptor antagonist,Phenindamine
DG01110,dgroup,DG01482,Histamine receptor H1 antagonist,Phenindamine
DG01111,dgroup,DG01557,Histamine receptor antagonist,Triprolidine
DG01111,dgroup,DG01482,Histamine receptor H1 antagonist,Triprolidine
DG01112,dgroup,DG01557,Histamine receptor antagonist,Azatadine
DG01112,dgroup,DG01482,Histamine receptor H1 antagonist,Azatadine
DG01113,dgroup,DG01557,Histamine receptor antagonist,Mebhydrolin
DG01113,dgroup,DG01482,Histamine receptor H1 antagonist,Mebhydrolin
DG01114,dgroup,DG01557,Histamine receptor antagonist,Deptropine
DG01114,dgroup,DG01482,Histamine receptor H1 antagonist,Deptropine
DG01115,dgroup,DG01557,Histamine receptor antagonist,Ketotifen
DG01115,dgroup,DG01482,Histamine receptor H1 antagonist,Ketotifen
DG01116,dgroup,DG01557,Histamine receptor antagonist,Epinastine
DG01116,dgroup,DG01482,Histamine receptor H1 antagonist,Epinastine
DG01117,dgroup,DG01557,Histamine receptor antagonist,Fexofenadine
DG01117,dgroup,DG01482,Histamine receptor H1 antagonist,Fexofenadine
DG01118,dgroup,DG01557,Histamine receptor antagonist,Rupatadine
DG01118,dgroup,DG01482,Histamine receptor H1 antagonist,Rupatadine
DG01118,dgroup,DG01633,CYP3A/CYP3A4 substrate,Rupatadine
DG01118,dgroup,DG02913,CYP3A4 substrate,Rupatadine
DG01119,dgroup,DG01633,CYP3A/CYP3A4 substrate,Doxapram
DG01119,dgroup,DG02913,CYP3A4 substrate,Doxapram
DG01119,dgroup,DG02925,CYP3A5 substrate,Doxapram
DG01122,dgroup,DG01447,Aminoglycoside antibiotic,Dihydrostreptomycin
DG01123,dgroup,DG01447,Aminoglycoside antibiotic,Micronomicin
DG01124,dgroup,DG01787,Sulfonamide antibacterial,Sulfacetamide
DG01124,dgroup,DG01784,Short-acting sulfonamide,Sulfacetamide
DG01125,dgroup,DG01937,Anti-cytomegalovirus agent,Fomivirsen
DG01127,dgroup,DG01955,Corticosteroid,Loteprednol
DG01127,dgroup,DG02068,Glucocorticoid,Loteprednol
DG01128,dgroup,DG01504,Nonsteroidal anti-inflammatory drug (NSAID),Bromfenac
DG01128,dgroup,DG01906,"Anti-inflammatory drug, acetic acid derivatives",Bromfenac
DG01128,dgroup,DG01898,"Anti-inflammatory drug, phenylacetic acid derivatives",Bromfenac
DG01129,dgroup,DG01456,Adrenergic receptor agonist,Dipivefrine
DG01129,dgroup,DG01951,Catecholamine adrenergic receptor agonist,Dipivefrine
DG01129,dgroup,DG03201,Intraocular pressure lowering agent,Dipivefrine
DG01130,dgroup,DG01456,Adrenergic receptor agonist,Apraclonidine
DG01130,dgroup,DG01450,alpha-Adrenergic receptor agonist,Apraclonidine
DG01130,dgroup,DG01449,alpha2-Adrenergic receptor agonist,Apraclonidine
DG01130,dgroup,DG03201,Intraocular pressure lowering agent,Apraclonidine
DG01131,dgroup,DG01595,Cholinesterase inhibitor,Ecothiopate
DG01131,dgroup,DG01593,Acetylcholinesterase inhibitor,Ecothiopate
DG01131,dgroup,DG03201,Intraocular pressure lowering agent,Ecothiopate
DG01132,dgroup,DG01595,Cholinesterase inhibitor,Physostigmine
DG01132,dgroup,DG01593,Acetylcholinesterase inhibitor,Physostigmine
DG01132,dgroup,DG03201,Intraocular pressure lowering agent,Physostigmine
DG01133,dgroup,DG01532,Nicotinic cholinergic receptor agonist,Acetylcholine
DG01133,dgroup,DG01490,Muscarinic cholinergic receptor agonist,Acetylcholine
DG01133,dgroup,DG03201,Intraocular pressure lowering agent,Acetylcholine
DG01133,dgroup,DG02974,ACHE substrate,Acetylcholine
DG01134,dgroup,DG01534,Carbonic anhydrase inhibitor,Acetazolamide
DG01134,dgroup,DG03201,Intraocular pressure lowering agent,Acetazolamide
DG01135,dgroup,DG01534,Carbonic anhydrase inhibitor,Dorzolamide
DG01135,dgroup,DG03201,Intraocular pressure lowering agent,Dorzolamide
DG01135,dgroup,DG01642,CYP2C9 substrate,Dorzolamide
DG01135,dgroup,DG01639,CYP2C19 substrate,Dorzolamide
DG01135,dgroup,DG01633,CYP3A/CYP3A4 substrate,Dorzolamide
DG01135,dgroup,DG02913,CYP3A4 substrate,Dorzolamide
DG01136,dgroup,DG01466,Adrenergic receptor antagonist,Levobunolol
DG01136,dgroup,DG01464,beta-Adrenergic receptor antagonist (Beta blocker),Levobunolol
DG01136,dgroup,DG03201,Intraocular pressure lowering agent,Levobunolol
DG01137,dgroup,DG01466,Adrenergic receptor antagonist,Metipranolol
DG01137,dgroup,DG01464,beta-Adrenergic receptor antagonist (Beta blocker),Metipranolol
DG01137,dgroup,DG03201,Intraocular pressure lowering agent,Metipranolol
DG01138,dgroup,DG01466,Adrenergic receptor antagonist,Befunolol
DG01138,dgroup,DG01464,beta-Adrenergic receptor antagonist (Beta blocker),Befunolol
DG01138,dgroup,DG03201,Intraocular pressure lowering agent,Befunolol
DG01139,dgroup,DG01961,Prostaglandin derivative,Unoprostone
DG01139,dgroup,DG01960,Prostaglandin F derivative,Unoprostone
DG01139,dgroup,DG03201,Intraocular pressure lowering agent,Unoprostone
DG01140,dgroup,DG03201,Intraocular pressure lowering agent,Dapiprazole
DG01141,dgroup,DG01491,Muscarinic cholinergic receptor antagonist,Cyclopentolate
DG01142,dgroup,DG01491,Muscarinic cholinergic receptor antagonist,Homatropine
DG01144,dgroup,DG01557,Histamine receptor antagonist,Emedastine
DG01144,dgroup,DG01482,Histamine receptor H1 antagonist,Emedastine
DG01145,dgroup,DG02030,Anesthetics,Proxymetacaine
DG01145,dgroup,DG01675,Local anesthetic,Proxymetacaine
DG01149,dgroup,DG01504,Nonsteroidal anti-inflammatory drug (NSAID),Guaiazulen
DG01149,dgroup,DG01975,Agents for peptic ulcer,Guaiazulen
DG01151,dgroup,DG01586,Opioid receptor antagonist,Nalorphine
DG01152,dgroup,DG01692,Chelator,Edetate
DG01155,dgroup,DG01586,Opioid receptor antagonist,Naloxone
DG01156,dgroup,DG01634,CYP1A2 inhibitor,Methylthioninium chloride
DG01156,dgroup,DG02892,CYP2B6 inhibitor,Methylthioninium chloride
DG01156,dgroup,DG01643,CYP2C9 inhibitor,Methylthioninium chloride
DG01156,dgroup,DG01933,CYP2C19 inhibitor,Methylthioninium chloride
DG01159,dgroup,DG01692,Chelator,Deferoxamine
DG01159,dgroup,DG01691,Iron chelator,Deferoxamine
DG01169,dgroup,DG02857,SLCO1A2 substrate,Sulfobromophthalein
DG01169,dgroup,DG02856,SLCO1B1 substrate,Sulfobromophthalein
DG01169,dgroup,DG02932,SLCO1B3 substrate,Sulfobromophthalein
DG01169,dgroup,DG02933,SLCO2B1 substrate,Sulfobromophthalein
DG01170,dgroup,DG02859,SLC22A6 substrate,Aminohippuric acid
DG01197,root,Antibacterial,Antibacterial,Tetracycline antibiotic
DG01198,dgroup,DG01197,Tetracycline antibiotic,Omadacycline
DG01199,dgroup,DG01197,Tetracycline antibiotic,Eravacycline
DG01200,dgroup,DG01447,Aminoglycoside antibiotic,Astromicin
DG01201,dgroup,DG03029,Anti-influenza virus agent,Laninamivir
DG01201,dgroup,DG02842,Neuraminidase inhibitor,Laninamivir
DG01203,dgroup,DG01551,Macrolide antibiotic,Kitasamycin
DG01203,dgroup,DG01876,16-Membered ring macrolide antibiotic,Kitasamycin
DG01204,dgroup,DG01787,Sulfonamide antibacterial,Sulfamonomethoxine
DG01204,dgroup,DG01786,Long-acting sulfonamide,Sulfamonomethoxine
DG01205,dgroup,DG01710,beta-Lactam antibiotic,Cefaloglycin
DG01205,dgroup,DG01714,Cephalosporin skeleton group,Cefaloglycin
DG01205,dgroup,DG01488,Cephem,Cefaloglycin
DG01206,dgroup,DG01710,beta-Lactam antibiotic,Cefoselis
DG01206,dgroup,DG01714,Cephalosporin skeleton group,Cefoselis
DG01206,dgroup,DG01488,Cephem,Cefoselis
DG01206,dgroup,DG01804,Oxyimino beta-lactam,Cefoselis
DG01207,dgroup,DG01710,beta-Lactam antibiotic,Cefpimizole
DG01207,dgroup,DG01714,Cephalosporin skeleton group,Cefpimizole
DG01207,dgroup,DG01488,Cephem,Cefpimizole
DG01208,dgroup,DG01710,beta-Lactam antibiotic,Cefteram
DG01208,dgroup,DG01714,Cephalosporin skeleton group,Cefteram
DG01208,dgroup,DG01488,Cephem,Cefteram
DG01208,dgroup,DG01804,Oxyimino beta-lactam,Cefteram
DG01209,dgroup,DG01710,beta-Lactam antibiotic,Ceftobiprole
DG01209,dgroup,DG01714,Cephalosporin skeleton group,Ceftobiprole
DG01209,dgroup,DG01488,Cephem,Ceftobiprole
DG01209,dgroup,DG01804,Oxyimino beta-lactam,Ceftobiprole
DG01210,dgroup,DG01710,beta-Lactam antibiotic,Ceftolozane
DG01210,dgroup,DG01714,Cephalosporin skeleton group,Ceftolozane
DG01210,dgroup,DG01488,Cephem,Ceftolozane
DG01210,dgroup,DG01804,Oxyimino beta-lactam,Ceftolozane
DG01211,dgroup,DG01710,beta-Lactam antibiotic,Cefuzonam
DG01211,dgroup,DG01714,Cephalosporin skeleton group,Cefuzonam
DG01211,dgroup,DG01488,Cephem,Cefuzonam
DG01211,dgroup,DG01804,Oxyimino beta-lactam,Cefuzonam
DG01212,dgroup,DG01710,beta-Lactam antibiotic,Imipenem
DG01212,dgroup,DG01713,Penicillin skeleton group,Imipenem
DG01212,dgroup,DG01458,Carbapenem,Imipenem
DG01213,dgroup,DG01710,beta-Lactam antibiotic,Sulopenem
DG01213,dgroup,DG01713,Penicillin skeleton group,Sulopenem
DG01213,dgroup,DG01486,Penem,Sulopenem
DG01214,dgroup,DG01550,Quinolone,Alatrofloxacin
DG01214,dgroup,DG01549,Fluoroquinolone,Alatrofloxacin
DG01215,dgroup,DG01550,Quinolone,Delafloxacin
DG01215,dgroup,DG01549,Fluoroquinolone,Delafloxacin
DG01216,dgroup,DG01550,Quinolone,Sarafloxacin
DG01216,dgroup,DG01549,Fluoroquinolone,Sarafloxacin
DG01217,dgroup,DG01550,Quinolone,Tosufloxacin
DG01217,dgroup,DG01549,Fluoroquinolone,Tosufloxacin
DG01218,dgroup,DG01914,"Anxiolytics, benzodiazepine derivatives",Clorazepic acid
DG01219,dgroup,DG01966,Antitubercular,Enviomycin
DG01223,dgroup,DG01890,Nucleoside reverse transcriptase inhibitor (NRTI),Tenofovir
DG01223,dgroup,DG03107,Anti-HIV agent,Tenofovir
DG01223,dgroup,DG01656,HIV reverse transcriptase inhibitor,Tenofovir
DG01224,dgroup,DG01890,Nucleoside reverse transcriptase inhibitor (NRTI),Adefovir
DG01225,dgroup,DG01975,Agents for peptic ulcer,Oxmetidine
DG01225,dgroup,DG01481,Histamine receptor H2 antagonist,Oxmetidine
DG01226,dgroup,DG01550,Quinolone,Amifloxacin
DG01226,dgroup,DG01549,Fluoroquinolone,Amifloxacin
DG01227,dgroup,DG01550,Quinolone,Danofloxacin
DG01227,dgroup,DG01549,Fluoroquinolone,Danofloxacin
DG01228,dgroup,DG01550,Quinolone,Difloxacin
DG01228,dgroup,DG01549,Fluoroquinolone,Difloxacin
DG01229,dgroup,DG01456,Adrenergic receptor agonist,Methylephedrine
DG01230,dgroup,DG01738,Centrally-acting antiadrenergic,Guanabenz
DG01230,dgroup,DG03231,Antihypertensive,Guanabenz
DG01231,dgroup,DG01466,Adrenergic receptor antagonist,Setiptiline
DG01231,dgroup,DG01465,alpha-Adrenergic receptor antagonist,Setiptiline
DG01231,dgroup,DG01460,alpha2-Adrenergic receptor antagonist,Setiptiline
DG01231,dgroup,DG01729,Tetracyclic antidepressant,Setiptiline
DG01231,dgroup,DG03077,Noradrenergic and specific serotonergic antidepressant (NaSSA),Setiptiline
DG01232,dgroup,DG01456,Adrenergic receptor agonist,Abediterol
DG01232,dgroup,DG01455,beta-Adrenergic receptor agonist,Abediterol
DG01232,dgroup,DG01452,beta2-Adrenergic receptor agonist,Abediterol
DG01233,dgroup,DG01456,Adrenergic receptor agonist,Arformoterol
DG01233,dgroup,DG01455,beta-Adrenergic receptor agonist,Arformoterol
DG01233,dgroup,DG01452,beta2-Adrenergic receptor agonist,Arformoterol
DG01234,dgroup,DG01456,Adrenergic receptor agonist,Isoetharine
DG01234,dgroup,DG01455,beta-Adrenergic receptor agonist,Isoetharine
DG01234,dgroup,DG01452,beta2-Adrenergic receptor agonist,Isoetharine
DG01234,dgroup,DG01951,Catecholamine adrenergic receptor agonist,Isoetharine
DG01235,dgroup,DG01456,Adrenergic receptor agonist,Levalbuterol
DG01235,dgroup,DG01455,beta-Adrenergic receptor agonist,Levalbuterol
DG01235,dgroup,DG01452,beta2-Adrenergic receptor agonist,Levalbuterol
DG01236,dgroup,DG01456,Adrenergic receptor agonist,Vilanterol
DG01236,dgroup,DG01455,beta-Adrenergic receptor agonist,Vilanterol
DG01236,dgroup,DG01452,beta2-Adrenergic receptor agonist,Vilanterol
DG01237,dgroup,DG01456,Adrenergic receptor agonist,Amibegron
DG01237,dgroup,DG01455,beta-Adrenergic receptor agonist,Amibegron
DG01237,dgroup,DG01453,beta3-Adrenergic receptor agonist,Amibegron
DG01239,dgroup,DG01489,5-HT3-receptor antagonist,Ramosetron
DG01239,dgroup,DG01762,Antiemetic,Ramosetron
DG01239,dgroup,DG01892,CYP1A2 substrate,Ramosetron
DG01239,dgroup,DG01644,CYP2D6 substrate,Ramosetron
DG01240,dgroup,DG01489,5-HT3-receptor antagonist,Itasetron
DG01240,dgroup,DG01762,Antiemetic,Itasetron
DG01242,dgroup,DG01491,Muscarinic cholinergic receptor antagonist,Methylatropine
DG01244,dgroup,DG01541,Cysteinyl leukotriene receptor antagonist,Ablukast
DG01245,dgroup,DG01574,Calcium channel alpha-2 delta blocker,Gabapentin
DG01245,dgroup,DG03199,Antiepileptic agent,Gabapentin
DG01245,dgroup,DG02037,GABA mimetic antiepileptic,Gabapentin
DG01246,dgroup,DG03198,Anti-HCV agent,Simeprevir
DG01246,dgroup,DG02001,HCV NS3/4A protease inhibitor,Simeprevir
DG01246,dgroup,DG01633,CYP3A/CYP3A4 substrate,Simeprevir
DG01246,dgroup,DG02852,CYP3A/CYP3A4 inhibitor,Simeprevir
DG01246,dgroup,DG01665,ABCB1 substrate,Simeprevir
DG01246,dgroup,DG02856,SLCO1B1 substrate,Simeprevir
DG01246,dgroup,DG01622,ABCB1 inhibitor,Simeprevir
DG01246,dgroup,DG02862,ABCG2 inhibitor,Simeprevir
DG01246,dgroup,DG02865,SLCO1B1 inhibitor,Simeprevir
DG01248,dgroup,DG02044,Hypoglycemic agent,Ipragliflozin
DG01248,dgroup,DG01794,SGLT2 inhibitor,Ipragliflozin
DG01248,dgroup,DG02924,UGT substrate,Ipragliflozin
DG01248,dgroup,DG03190,UGT2B7 substrate,Ipragliflozin
DG01249,dgroup,DG01504,Nonsteroidal anti-inflammatory drug (NSAID),Amfenac
DG01249,dgroup,DG01906,"Anti-inflammatory drug, acetic acid derivatives",Amfenac
DG01249,dgroup,DG01898,"Anti-inflammatory drug, phenylacetic acid derivatives",Amfenac
DG01250,dgroup,DG01504,Nonsteroidal anti-inflammatory drug (NSAID),Piketoprofen
DG01250,dgroup,DG01908,"Anti-inflammatory drug, propionic acid derivatives",Piketoprofen
DG01251,dgroup,DG01504,Nonsteroidal anti-inflammatory drug (NSAID),Loxoprofen
DG01251,dgroup,DG01908,"Anti-inflammatory drug, propionic acid derivatives",Loxoprofen
DG01252,dgroup,DG01491,Muscarinic cholinergic receptor antagonist,Orphenadrine
DG01252,dgroup,DG01745,Anticholinergic antiparkinson agent,Orphenadrine
DG01252,dgroup,DG02029,Muscle relaxant,Orphenadrine
DG01252,dgroup,DG01974,Centrally acting muscle relaxant,Orphenadrine
DG01253,dgroup,DG01491,Muscarinic cholinergic receptor antagonist,Umeclidinium
DG01253,dgroup,DG01644,CYP2D6 substrate,Umeclidinium
DG01254,dgroup,DG01491,Muscarinic cholinergic receptor antagonist,Tiemonium
DG01255,dgroup,DG01491,Muscarinic cholinergic receptor antagonist,Pipethanate
DG01256,dgroup,DG01950,Antithrombotic agent,Ozagrel
DG01256,dgroup,DG01712,Antiplatelet agent,Ozagrel
DG01256,dgroup,DG01516,Thromboxane A2 synthase inhibitor,Ozagrel
DG01257,dgroup,DG01653,Antiarrhythmics,Pilsicainide
DG01257,dgroup,DG01652,Class I antiarrhythmic agent,Pilsicainide
DG01257,dgroup,DG01650,Class Ic antiarrhythmic agent,Pilsicainide
DG01258,dgroup,DG01509,Phosphodiesterase V inhibitor,Gisadenafil
DG01259,dgroup,DG01568,MAO inhibitor,Lazabemide
DG01259,dgroup,DG01512,Monoamine oxidase B inhibitor,Lazabemide
DG01260,dgroup,DG01568,MAO inhibitor,Safinamide
DG01260,dgroup,DG01512,Monoamine oxidase B inhibitor,Safinamide
DG01260,dgroup,DG01967,Antiparkinson agent,Safinamide
DG01260,dgroup,DG01633,CYP3A/CYP3A4 substrate,Safinamide
DG01260,dgroup,DG02913,CYP3A4 substrate,Safinamide
DG01260,dgroup,DG02917,MAO substrate,Safinamide
DG01260,dgroup,DG03178,MAOA substrate,Safinamide
DG01261,dgroup,DG01710,beta-Lactam antibiotic,Clavulanic acid
DG01261,dgroup,DG01713,Penicillin skeleton group,Clavulanic acid
DG01261,dgroup,DG01487,Clavam,Clavulanic acid
DG01261,dgroup,DG01479,beta-Lactamase inhibitor,Clavulanic acid
DG01262,dgroup,DG01918,Tyrosine kinase inhibitor,Motesanib
DG01262,dgroup,DG01917,Receptor tyrosine kinase inhibitor,Motesanib
DG01263,dgroup,DG01710,beta-Lactam antibiotic,Oximonam
DG01263,dgroup,DG01454,Monobactam,Oximonam
DG01263,dgroup,DG01804,Oxyimino beta-lactam,Oximonam
DG01265,dgroup,DG01585,Estrogen receptor antagonist,Droloxifene
DG01265,dgroup,DG01620,Tamoxifene-type antineoplastic,Droloxifene
DG01265,dgroup,DG01619,Estrogen receptor antagonist/modulator,Droloxifene
DG01266,dgroup,DG03232,Osteoporosis agent,Incadronic acid
DG01266,dgroup,DG01600,Bisphosphonate,Incadronic acid
DG01267,dgroup,DG01529,Topoisomerase inhibitor,Etirinotecan pegol
DG01267,dgroup,DG01526,Topoisomerase I inhibitor,Etirinotecan pegol
DG01268,dgroup,DG01529,Topoisomerase inhibitor,Amonafide
DG01268,dgroup,DG01527,Topoisomerase II inhibitor,Amonafide
DG01269,dgroup,DG03134,Proteasome inhibitor,Ixazomib
DG01270,dgroup,DG01657,Nitrovasodilator,Isosorbide nitrate
DG01271,dgroup,DG01950,Antithrombotic agent,Limaprost
DG01271,dgroup,DG01712,Antiplatelet agent,Limaprost
DG01271,dgroup,DG01961,Prostaglandin derivative,Limaprost
DG01271,dgroup,DG01611,Prostaglandin E1 derivative,Limaprost
DG01272,dgroup,DG01491,Muscarinic cholinergic receptor antagonist,Piroheptine
DG01272,dgroup,DG01745,Anticholinergic antiparkinson agent,Piroheptine
DG01272,dgroup,DG01967,Antiparkinson agent,Piroheptine
DG01273,dgroup,DG01587,Opioid receptor agonist/antagonist,Diprenorphine
DG01274,dgroup,DG01566,Hedgehog signaling inhibitor,Patidegib
DG01275,dgroup,DG01590,Androgen receptor agonist,Boldenone
DG01275,dgroup,DG01605,Anabolic steroid,Boldenone
DG01276,dgroup,DG01590,Androgen receptor agonist,Methandriol
DG01276,dgroup,DG01605,Anabolic steroid,Methandriol
DG01277,dgroup,DG01568,MAO inhibitor,Pirlindole
DG01277,dgroup,DG01558,Monoamine oxidase A inhibitor,Pirlindole
DG01279,dgroup,DG01483,5-HT1A-receptor agonist,Naluzotan
DG01280,dgroup,DG02044,Hypoglycemic agent,Duvoglustat
DG01280,dgroup,DG01663,alpha-Glucosidase inhibitor,Duvoglustat
DG01281,dgroup,DG02044,Hypoglycemic agent,Carmegliptin
DG01281,dgroup,DG01601,DPP-4 inhibitor,Carmegliptin
DG01282,dgroup,DG02044,Hypoglycemic agent,Dutogliptin
DG01282,dgroup,DG01601,DPP-4 inhibitor,Dutogliptin
DG01283,dgroup,DG02044,Hypoglycemic agent,Teneligliptin
DG01283,dgroup,DG01601,DPP-4 inhibitor,Teneligliptin
DG01283,dgroup,DG01633,CYP3A/CYP3A4 substrate,Teneligliptin
DG01283,dgroup,DG02913,CYP3A4 substrate,Teneligliptin
DG01283,dgroup,DG03191,FMO1 substrate,Teneligliptin
DG01283,dgroup,DG02950,FMO3 substrate,Teneligliptin
DG01283,dgroup,DG01645,CYP2D6 inhibitor,Teneligliptin
DG01283,dgroup,DG02852,CYP3A/CYP3A4 inhibitor,Teneligliptin
DG01283,dgroup,DG01522,CYP3A4 inhibitor,Teneligliptin
DG01283,dgroup,DG02951,FMO inhibitor,Teneligliptin
DG01284,dgroup,DG02044,Hypoglycemic agent,Trelagliptin
DG01284,dgroup,DG01601,DPP-4 inhibitor,Trelagliptin
DG01284,dgroup,DG01644,CYP2D6 substrate,Trelagliptin
DG01285,dgroup,DG01763,Propulsive,Mosapride
DG01285,dgroup,DG01633,CYP3A/CYP3A4 substrate,Mosapride
DG01285,dgroup,DG02913,CYP3A4 substrate,Mosapride
DG01286,dgroup,DG01571,Nicotinic cholinergic receptor partial agonist,Sofinicline
DG01287,dgroup,DG01571,Nicotinic cholinergic receptor partial agonist,Lobeline
DG01288,dgroup,DG01571,Nicotinic cholinergic receptor partial agonist,Pozanicline
DG01289,dgroup,DG01490,Muscarinic cholinergic receptor agonist,Carpronium
DG01290,dgroup,DG01490,Muscarinic cholinergic receptor agonist,Methacholine
DG01291,dgroup,DG01490,Muscarinic cholinergic receptor agonist,Aclatonium
DG01292,dgroup,DG01596,Aromatase inhibitor,Fadrozole
DG01293,dgroup,DG01596,Aromatase inhibitor,Liarozole
DG01294,dgroup,DG01950,Antithrombotic agent,Cangrelor
DG01294,dgroup,DG01712,Antiplatelet agent,Cangrelor
DG01294,dgroup,DG01809,P2Y12 receptor antagonist,Cangrelor
DG01295,dgroup,DG01809,P2Y12 receptor antagonist,Elinogrel
DG01296,dgroup,DG01617,Catecholamine synthesis inhibitors,Benserazide
DG01297,dgroup,DG01883,Imidazole antifungal,Croconazole
DG01298,dgroup,DG01504,Nonsteroidal anti-inflammatory drug (NSAID),Tiaramide
DG01299,dgroup,DG01980,Calcium,Calcium acetate
DG01300,dgroup,DG01490,Muscarinic cholinergic receptor agonist,Xanomeline
DG01301,dgroup,DG01491,Muscarinic cholinergic receptor antagonist,Benzetimide
DG01302,dgroup,DG01466,Adrenergic receptor antagonist,Amosulalol
DG01302,dgroup,DG03180,alpha1 and beta-Adrenergic receptor antagonist,Amosulalol
DG01302,dgroup,DG03231,Antihypertensive,Amosulalol
DG01302,dgroup,DG03180,alpha1 and beta-Adrenergic receptor antagonist,Amosulalol
DG01303,dgroup,DG01466,Adrenergic receptor antagonist,Arotinolol
DG01303,dgroup,DG03180,alpha1 and beta-Adrenergic receptor antagonist,Arotinolol
DG01303,dgroup,DG01653,Antiarrhythmics,Arotinolol
DG01303,dgroup,DG01806,Class II antiarrhythmic agent,Arotinolol
DG01303,dgroup,DG03231,Antihypertensive,Arotinolol
DG01303,dgroup,DG03180,alpha1 and beta-Adrenergic receptor antagonist,Arotinolol
DG01304,dgroup,DG01483,5-HT1A-receptor agonist,Bifeprunox
DG01304,dgroup,DG01478,Dopamine antagonist,Bifeprunox
DG01304,dgroup,DG01474,Dopamine D2-receptor antagonist,Bifeprunox
DG01305,dgroup,DG01478,Dopamine antagonist,Cariprazine
DG01305,dgroup,DG01474,Dopamine D2-receptor antagonist,Cariprazine
DG01305,dgroup,DG01644,CYP2D6 substrate,Cariprazine
DG01305,dgroup,DG01633,CYP3A/CYP3A4 substrate,Cariprazine
DG01305,dgroup,DG02913,CYP3A4 substrate,Cariprazine
DG01306,dgroup,DG01483,5-HT1A-receptor agonist,Tandospirone
DG01307,dgroup,DG01835,Benzodiazepine sedative-hypnotics,Rilmazafone
DG01307,dgroup,DG03202,Hypnotic,Rilmazafone
DG01307,dgroup,DG01567,GABA-A receptor agonist,Rilmazafone
DG01307,dgroup,DG01633,CYP3A/CYP3A4 substrate,Rilmazafone
DG01307,dgroup,DG02913,CYP3A4 substrate,Rilmazafone
DG01307,dgroup,DG02970,CES substrate,Rilmazafone
DG01308,dgroup,DG01837,Barbiturate sedative-hypnotics,Butabarbital
DG01309,dgroup,DG03085,Selective norepinephrine reuptake inhibitor (NRI),Esreboxetine
DG01310,dgroup,DG03085,Selective norepinephrine reuptake inhibitor (NRI),Edivoxetine
DG01311,dgroup,DG01489,5-HT3-receptor antagonist,Tedatioxetine
DG01312,dgroup,DG03200,Antipsychotic agent,Carpipramine
DG01312,dgroup,DG01942,Iminobenzyl antipsychotic,Carpipramine
DG01313,dgroup,DG01478,Dopamine antagonist,Clocapramine
DG01313,dgroup,DG01474,Dopamine D2-receptor antagonist,Clocapramine
DG01313,dgroup,DG03200,Antipsychotic agent,Clocapramine
DG01313,dgroup,DG01942,Iminobenzyl antipsychotic,Clocapramine
DG01314,dgroup,DG01518,5-HT1B/1D-receptor agonist,Elzasonan
DG01316,dgroup,DG01466,Adrenergic receptor antagonist,Bunazosin
DG01316,dgroup,DG01465,alpha-Adrenergic receptor antagonist,Bunazosin
DG01316,dgroup,DG01457,alpha1-Adrenergic receptor antagonist,Bunazosin
DG01316,dgroup,DG03231,Antihypertensive,Bunazosin
DG01316,dgroup,DG03201,Intraocular pressure lowering agent,Bunazosin
DG01317,dgroup,DG01466,Adrenergic receptor antagonist,Medroxalol
DG01317,dgroup,DG01464,beta-Adrenergic receptor antagonist (Beta blocker),Medroxalol
DG01318,dgroup,DG01456,Adrenergic receptor agonist,Detomidine
DG01318,dgroup,DG01450,alpha-Adrenergic receptor agonist,Detomidine
DG01318,dgroup,DG01449,alpha2-Adrenergic receptor agonist,Detomidine
DG01319,dgroup,DG01472,Dopamine agonist,Lergotrile
DG01319,dgroup,DG01468,Dopamine D2-receptor agonist,Lergotrile
DG01319,dgroup,DG01964,Ergot alkaloid,Lergotrile
DG01320,dgroup,DG01456,Adrenergic receptor agonist,Medetomidine
DG01320,dgroup,DG01450,alpha-Adrenergic receptor agonist,Medetomidine
DG01320,dgroup,DG01449,alpha2-Adrenergic receptor agonist,Medetomidine
DG01321,dgroup,DG01456,Adrenergic receptor agonist,Xylazine
DG01321,dgroup,DG01450,alpha-Adrenergic receptor agonist,Xylazine
DG01321,dgroup,DG01449,alpha2-Adrenergic receptor agonist,Xylazine
DG01322,dgroup,DG01466,Adrenergic receptor antagonist,Tilisolol
DG01322,dgroup,DG01464,beta-Adrenergic receptor antagonist (Beta blocker),Tilisolol
DG01323,dgroup,DG01466,Adrenergic receptor antagonist,Indenolol
DG01323,dgroup,DG01464,beta-Adrenergic receptor antagonist (Beta blocker),Indenolol
DG01323,dgroup,DG01653,Antiarrhythmics,Indenolol
DG01323,dgroup,DG01806,Class II antiarrhythmic agent,Indenolol
DG01324,dgroup,DG01483,5-HT1A-receptor agonist,Pardoprunox
DG01326,dgroup,DG01472,Dopamine agonist,Talipexole
DG01326,dgroup,DG01468,Dopamine D2-receptor agonist,Talipexole
DG01327,dgroup,DG01557,Histamine receptor antagonist,Bepotastine
DG01327,dgroup,DG01482,Histamine receptor H1 antagonist,Bepotastine
DG01328,dgroup,DG01557,Histamine receptor antagonist,Homochlorcyclizine
DG01328,dgroup,DG01482,Histamine receptor H1 antagonist,Homochlorcyclizine
DG01329,dgroup,DG01964,Ergot alkaloid,Dihydroergocryptine
DG01333,dgroup,DG01950,Antithrombotic agent,Sarpogrelate
DG01333,dgroup,DG01712,Antiplatelet agent,Sarpogrelate
DG01333,dgroup,DG01892,CYP1A2 substrate,Sarpogrelate
DG01333,dgroup,DG02919,CYP2B6 substrate,Sarpogrelate
DG01333,dgroup,DG01642,CYP2C9 substrate,Sarpogrelate
DG01333,dgroup,DG01639,CYP2C19 substrate,Sarpogrelate
DG01333,dgroup,DG01644,CYP2D6 substrate,Sarpogrelate
DG01333,dgroup,DG01633,CYP3A/CYP3A4 substrate,Sarpogrelate
DG01333,dgroup,DG02913,CYP3A4 substrate,Sarpogrelate
DG01335,dgroup,DG01763,Propulsive,Naronapride
DG01339,dgroup,DG01564,Opioid receptor agonist,Carfentanil
DG01339,dgroup,DG01563,mu-Opioid receptor agonist,Carfentanil
DG01339,dgroup,DG01984,Opioid analgesics,Carfentanil
DG01340,dgroup,DG01564,Opioid receptor agonist,Eptazocine
DG01340,dgroup,DG01562,kappa-Opioid receptor agonist,Eptazocine
DG01340,dgroup,DG01984,Opioid analgesics,Eptazocine
DG01340,dgroup,DG01586,Opioid receptor antagonist,Eptazocine
DG01341,dgroup,DG01564,Opioid receptor agonist,Levorphanol
DG01341,dgroup,DG01563,mu-Opioid receptor agonist,Levorphanol
DG01341,dgroup,DG01984,Opioid analgesics,Levorphanol
DG01342,dgroup,DG01586,Opioid receptor antagonist,Naldemedine
DG01342,dgroup,DG01770,Laxative,Naldemedine
DG01342,dgroup,DG01633,CYP3A/CYP3A4 substrate,Naldemedine
DG01342,dgroup,DG02913,CYP3A4 substrate,Naldemedine
DG01343,dgroup,DG01564,Opioid receptor agonist,Oxymorphone
DG01343,dgroup,DG01563,mu-Opioid receptor agonist,Oxymorphone
DG01343,dgroup,DG01984,Opioid analgesics,Oxymorphone
DG01344,dgroup,DG01629,Adrenocorticotropic hormone (ACTH),Giractide
DG01346,dgroup,DG01494,Gonadotropin-releasing hormone receptor agonist,Fertirelin
DG01349,dgroup,DG01950,Antithrombotic agent,Vorapaxar
DG01349,dgroup,DG01712,Antiplatelet agent,Vorapaxar
DG01349,dgroup,DG02954,CYP2J2 substrate,Vorapaxar
DG01349,dgroup,DG01633,CYP3A/CYP3A4 substrate,Vorapaxar
DG01349,dgroup,DG02913,CYP3A4 substrate,Vorapaxar
DG01350,dgroup,DG01517,Thromboxane A2 receptor antagonist,Ifetroban
DG01351,dgroup,DG01705,Anoretic,Otenabant
DG01351,dgroup,DG01754,Cannabinoid receptor inverse agonist,Otenabant
DG01354,dgroup,DG01565,GABA-B receptor agonist,Arbaclofen
DG01357,dgroup,DG01918,Tyrosine kinase inhibitor,Varlitinib
DG01357,dgroup,DG01917,Receptor tyrosine kinase inhibitor,Varlitinib
DG01360,dgroup,DG01918,Tyrosine kinase inhibitor,Cediranib
DG01360,dgroup,DG01917,Receptor tyrosine kinase inhibitor,Cediranib
DG01360,dgroup,DG03203,VEGFR inhibitor,Cediranib
DG01361,dgroup,DG01918,Tyrosine kinase inhibitor,Crenolanib
DG01361,dgroup,DG01917,Receptor tyrosine kinase inhibitor,Crenolanib
DG01362,dgroup,DG01918,Tyrosine kinase inhibitor,Lenvatinib
DG01362,dgroup,DG01917,Receptor tyrosine kinase inhibitor,Lenvatinib
DG01362,dgroup,DG01633,CYP3A/CYP3A4 substrate,Lenvatinib
DG01362,dgroup,DG01665,ABCB1 substrate,Lenvatinib
DG01363,dgroup,DG01918,Tyrosine kinase inhibitor,Toceranib
DG01363,dgroup,DG01917,Receptor tyrosine kinase inhibitor,Toceranib
DG01364,dgroup,DG01918,Tyrosine kinase inhibitor,Quizartinib
DG01364,dgroup,DG01917,Receptor tyrosine kinase inhibitor,Quizartinib
DG01364,dgroup,DG01633,CYP3A/CYP3A4 substrate,Quizartinib
DG01365,dgroup,DG01918,Tyrosine kinase inhibitor,Tozasertib
DG01366,dgroup,DG01985,Disease modifying anti-rheumatic drug (DMARD),Momelotinib
DG01366,dgroup,DG02020,JAK inhibitor,Momelotinib
DG01367,dgroup,DG01918,Tyrosine kinase inhibitor,Golvatinib
DG01367,dgroup,DG01917,Receptor tyrosine kinase inhibitor,Golvatinib
DG01368,dgroup,DG01918,Tyrosine kinase inhibitor,Rebastinib
DG01372,dgroup,DG01953,Thyroid preparation,Liothyronine
DG01372,dgroup,DG01608,Thyroid hormone replenisher,Liothyronine
DG01373,dgroup,DG01918,Tyrosine kinase inhibitor,Brivanib
DG01373,dgroup,DG01917,Receptor tyrosine kinase inhibitor,Brivanib
DG01374,dgroup,DG01918,Tyrosine kinase inhibitor,Nintedanib
DG01374,dgroup,DG02924,UGT substrate,Nintedanib
DG01374,dgroup,DG01665,ABCB1 substrate,Nintedanib
DG01375,dgroup,DG01918,Tyrosine kinase inhibitor,Tivozanib
DG01375,dgroup,DG01917,Receptor tyrosine kinase inhibitor,Tivozanib
DG01375,dgroup,DG03203,VEGFR inhibitor,Tivozanib
DG01375,dgroup,DG01633,CYP3A/CYP3A4 substrate,Tivozanib
DG01375,dgroup,DG02913,CYP3A4 substrate,Tivozanib
DG01377,dgroup,DG01837,Barbiturate sedative-hypnotics,Thiamylal
DG01377,dgroup,DG01567,GABA-A receptor agonist,Thiamylal
DG01377,dgroup,DG02030,Anesthetics,Thiamylal
DG01377,dgroup,DG02027,General anesthetics,Thiamylal
DG01377,dgroup,DG02025,Barbiturate anesthetics,Thiamylal
DG01379,dgroup,DG01595,Cholinesterase inhibitor,Latrepirdine
DG01379,dgroup,DG01593,Acetylcholinesterase inhibitor,Latrepirdine
DG01379,dgroup,DG01498,NMDA receptor antagonist,Latrepirdine
DG01380,dgroup,DG01498,NMDA receptor antagonist,Tiletamine
DG01381,dgroup,DG01653,Antiarrhythmics,Pirmenol
DG01381,dgroup,DG01652,Class I antiarrhythmic agent,Pirmenol
DG01381,dgroup,DG01649,Class Ia antiarrhythmic agent,Pirmenol
DG01382,dgroup,DG01575,Calcium channel blocker,Efonidipine
DG01382,dgroup,DG01496,Calcium channel L type blocker,Efonidipine
DG01382,dgroup,DG01573,Calcium channel T type blocker,Efonidipine
DG01382,dgroup,DG03231,Antihypertensive,Efonidipine
DG01382,dgroup,DG01928,Dihydropyridine calcium channel blocker,Efonidipine
DG01388,dgroup,DG02042,Uricosurics,Lesinurad
DG01388,dgroup,DG01642,CYP2C9 substrate,Lesinurad
DG01390,dgroup,DG01950,Antithrombotic agent,Tecarfarin
DG01390,dgroup,DG01708,Coumarin anticoagulant,Tecarfarin
DG01390,dgroup,DG01760,Warfarin and analog,Tecarfarin
DG01395,dgroup,DG01595,Cholinesterase inhibitor,Itopride
DG01395,dgroup,DG01593,Acetylcholinesterase inhibitor,Itopride
DG01395,dgroup,DG01594,Butyrylcholinesterase inhibitor,Itopride
DG01395,dgroup,DG01763,Propulsive,Itopride
DG01395,dgroup,DG03191,FMO1 substrate,Itopride
DG01395,dgroup,DG02950,FMO3 substrate,Itopride
DG01396,dgroup,DG01703,Cardiotonic,Olprinone
DG01396,dgroup,DG01757,Amrinone type cardiotonic,Olprinone
DG01396,dgroup,DG01507,Phosphodiesterase III inhibitor,Olprinone
DG01396,dgroup,DG01757,Amrinone type cardiotonic,Olprinone
DG01398,dgroup,DG01950,Antithrombotic agent,Edoxaban
DG01398,dgroup,DG01662,Factor Xa inhibitor,Edoxaban
DG01398,dgroup,DG01665,ABCB1 substrate,Edoxaban
DG01400,dgroup,DG01950,Antithrombotic agent,Gabexate
DG01402,dgroup,DG03133,Histone deacetylase inhibitor,Abexinostat
DG01403,dgroup,DG03133,Histone deacetylase inhibitor,Panobinostat
DG01403,dgroup,DG01633,CYP3A/CYP3A4 substrate,Panobinostat
DG01403,dgroup,DG02913,CYP3A4 substrate,Panobinostat
DG01403,dgroup,DG01645,CYP2D6 inhibitor,Panobinostat
DG01407,dgroup,DG03133,Histone deacetylase inhibitor,Quisinostat
DG01410,dgroup,DG03137,MEK inhibitor,Pimasertib
DG01414,dgroup,DG03137,MEK inhibitor,Selumetinib
DG01414,dgroup,DG01892,CYP1A2 substrate,Selumetinib
DG01414,dgroup,DG01642,CYP2C9 substrate,Selumetinib
DG01414,dgroup,DG01639,CYP2C19 substrate,Selumetinib
DG01414,dgroup,DG02855,CYP2E1 substrate,Selumetinib
DG01414,dgroup,DG01633,CYP3A/CYP3A4 substrate,Selumetinib
DG01414,dgroup,DG02913,CYP3A4 substrate,Selumetinib
DG01414,dgroup,DG02925,CYP3A5 substrate,Selumetinib
DG01414,dgroup,DG02924,UGT substrate,Selumetinib
DG01414,dgroup,DG03183,UGT1A1 substrate,Selumetinib
DG01414,dgroup,DG03184,UGT1A3 substrate,Selumetinib
DG01418,dgroup,DG01918,Tyrosine kinase inhibitor,Saracatinib
DG01419,dgroup,DG01918,Tyrosine kinase inhibitor,Fostamatinib
DG01419,dgroup,DG01633,CYP3A/CYP3A4 substrate,Fostamatinib
DG01419,dgroup,DG02913,CYP3A4 substrate,Fostamatinib
DG01419,dgroup,DG02852,CYP3A/CYP3A4 inhibitor,Fostamatinib
DG01419,dgroup,DG01622,ABCB1 inhibitor,Fostamatinib
DG01419,dgroup,DG02862,ABCG2 inhibitor,Fostamatinib
DG01420,dgroup,DG01811,Fibrinogen receptor antagonist,Lamifiban
DG01430,dgroup,DG02918,CYP2C8 substrate,Paclitaxel
DG01430,dgroup,DG01633,CYP3A/CYP3A4 substrate,Paclitaxel
DG01430,dgroup,DG02913,CYP3A4 substrate,Paclitaxel
DG01432,dgroup,DG01710,beta-Lactam antibiotic,Lenampicillin
DG01432,dgroup,DG01713,Penicillin skeleton group,Lenampicillin
DG01432,dgroup,DG01480,Penicillin,Lenampicillin
DG01433,dgroup,DG01710,beta-Lactam antibiotic,Cefquinome
DG01433,dgroup,DG01714,Cephalosporin skeleton group,Cefquinome
DG01433,dgroup,DG01488,Cephem,Cefquinome
DG01433,dgroup,DG01804,Oxyimino beta-lactam,Cefquinome
DG01434,dgroup,DG01710,beta-Lactam antibiotic,Ceftiofur
DG01434,dgroup,DG01714,Cephalosporin skeleton group,Ceftiofur
DG01434,dgroup,DG01488,Cephem,Ceftiofur
DG01434,dgroup,DG01804,Oxyimino beta-lactam,Ceftiofur
DG01435,dgroup,DG01551,Macrolide antibiotic,Tilmicosin
DG01435,dgroup,DG01876,16-Membered ring macrolide antibiotic,Tilmicosin
DG01436,dgroup,DG01551,Macrolide antibiotic,Tylosin
DG01436,dgroup,DG01876,16-Membered ring macrolide antibiotic,Tylosin
DG01437,dgroup,DG01813,Pleuromutilin,Tiamulin
DG01438,dgroup,DG01813,Pleuromutilin,Valnemulin
DG01439,dgroup,DG02018,Antimetabolite,Arabinofuranosyl type antineoplastic
DG01439,dgroup,DG01958,"Nucleic acid derivative, antineoplastic",Arabinofuranosyl type antineoplastic
DG01440,root,Antiviral,Antiviral,Arabinofuranosyl type antiviral
DG01441,dgroup,DG01789,Oxazolidinone antibiotic,Radezolid
DG01442,dgroup,DG01789,Oxazolidinone antibiotic,Tedizolid
DG01444,dgroup,DG01951,Catecholamine adrenergic receptor agonist,Racepinephrine
DG01446,dgroup,DG01447,Aminoglycoside antibiotic,Framycetin
DG01447,root,Antibacterial,Antibacterial,Aminoglycoside antibiotic
DG01448,dgroup,DG01456,Adrenergic receptor agonist,alpha1-Adrenergic receptor agonist
DG01448,dgroup,DG01450,alpha-Adrenergic receptor agonist,alpha1-Adrenergic receptor agonist
DG01449,dgroup,DG01456,Adrenergic receptor agonist,alpha2-Adrenergic receptor agonist
DG01449,dgroup,DG01450,alpha-Adrenergic receptor agonist,alpha2-Adrenergic receptor agonist
DG01450,dgroup,DG01456,Adrenergic receptor agonist,alpha-Adrenergic receptor agonist
DG01451,dgroup,DG01456,Adrenergic receptor agonist,beta1-Adrenergic receptor agonist
DG01451,dgroup,DG01455,beta-Adrenergic receptor agonist,beta1-Adrenergic receptor agonist
DG01452,dgroup,DG01456,Adrenergic receptor agonist,beta2-Adrenergic receptor agonist
DG01452,dgroup,DG01455,beta-Adrenergic receptor agonist,beta2-Adrenergic receptor agonist
DG01453,dgroup,DG01456,Adrenergic receptor agonist,beta3-Adrenergic receptor agonist
DG01453,dgroup,DG01455,beta-Adrenergic receptor agonist,beta3-Adrenergic receptor agonist
DG01454,dgroup,DG01710,beta-Lactam antibiotic,Monobactam
DG01455,dgroup,DG01456,Adrenergic receptor agonist,beta-Adrenergic receptor agonist
DG01456,root,Cardiovascular agent,Cardiovascular agent,Adrenergic receptor agonist
DG01457,dgroup,DG01466,Adrenergic receptor antagonist,alpha1-Adrenergic receptor antagonist
DG01457,dgroup,DG01465,alpha-Adrenergic receptor antagonist,alpha1-Adrenergic receptor antagonist
DG01458,dgroup,DG01710,beta-Lactam antibiotic,Carbapenem
DG01458,dgroup,DG01713,Penicillin skeleton group,Carbapenem
DG01459,dgroup,DG01710,beta-Lactam antibiotic,Oxacephem
DG01459,dgroup,DG01714,Cephalosporin skeleton group,Oxacephem
DG01460,dgroup,DG01466,Adrenergic receptor antagonist,alpha2-Adrenergic receptor antagonist
DG01460,dgroup,DG01465,alpha-Adrenergic receptor antagonist,alpha2-Adrenergic receptor antagonist
DG01461,dgroup,DG01466,Adrenergic receptor antagonist,beta1-Adrenergic receptor antagonist
DG01461,dgroup,DG01464,beta-Adrenergic receptor antagonist (Beta blocker),beta1-Adrenergic receptor antagonist
DG01462,dgroup,DG01466,Adrenergic receptor antagonist,beta2-Adrenergic receptor antagonist
DG01462,dgroup,DG01464,beta-Adrenergic receptor antagonist (Beta blocker),beta2-Adrenergic receptor antagonist
DG01464,dgroup,DG01466,Adrenergic receptor antagonist,beta-Adrenergic receptor antagonist (Beta blocker)
DG01465,dgroup,DG01466,Adrenergic receptor antagonist,alpha-Adrenergic receptor antagonist
DG01466,root,Cardiovascular agent,Cardiovascular agent,Adrenergic receptor antagonist
DG01467,dgroup,DG01472,Dopamine agonist,Dopamine D1-receptor agonist
DG01468,dgroup,DG01472,Dopamine agonist,Dopamine D2-receptor agonist
DG01472,root,Neuropsychiatric agent,Neuropsychiatric agent,Dopamine agonist
DG01474,dgroup,DG01478,Dopamine antagonist,Dopamine D2-receptor antagonist
DG01476,dgroup,DG01478,Dopamine antagonist,Dopamine D4-receptor antagonist
DG01478,root,Neuropsychiatric agent,Neuropsychiatric agent,Dopamine antagonist
DG01479,root,Antibacterial,Antibacterial,beta-Lactamase inhibitor
DG01480,dgroup,DG01710,beta-Lactam antibiotic,Penicillin
DG01480,dgroup,DG01713,Penicillin skeleton group,Penicillin
DG01481,dgroup,DG01975,Agents for peptic ulcer,Histamine receptor H2 antagonist
DG01482,dgroup,DG01557,Histamine receptor antagonist,Histamine receptor H1 antagonist
DG01483,root,Neuropsychiatric agent,Neuropsychiatric agent,5-HT1A-receptor agonist
DG01484,root,Analgesic,Analgesic,5-HT1B-receptor agonist
DG01485,root,Analgesic,Analgesic,5-HT1D-receptor agonist
DG01486,dgroup,DG01710,beta-Lactam antibiotic,Penem
DG01486,dgroup,DG01713,Penicillin skeleton group,Penem
DG01487,dgroup,DG01710,beta-Lactam antibiotic,Clavam
DG01487,dgroup,DG01713,Penicillin skeleton group,Clavam
DG01488,dgroup,DG01710,beta-Lactam antibiotic,Cephem
DG01488,dgroup,DG01714,Cephalosporin skeleton group,Cephem
DG01489,root,Gastrointestinal agent,Gastrointestinal agent,5-HT3-receptor antagonist
DG01490,root,Neuropsychiatric agent,Neuropsychiatric agent,Muscarinic cholinergic receptor agonist
DG01491,root,Neuropsychiatric agent,Neuropsychiatric agent,Muscarinic cholinergic receptor antagonist
DG01493,dgroup,DG02044,Hypoglycemic agent,GLP-1 receptor agonist
DG01494,root,Hormonal agent,Hormonal agent,Gonadotropin-releasing hormone receptor agonist
DG01495,dgroup,DG01925,Renin-angiotensin system inhibitor,Angiotensin II receptor antagonist
DG01495,dgroup,DG03231,Antihypertensive,Angiotensin II receptor antagonist
DG01496,dgroup,DG01575,Calcium channel blocker,Calcium channel L type blocker
DG01497,root,Neuropsychiatric agent,Neuropsychiatric agent,Catechol O-methyltransferase inhibitor
DG01498,root,Neuropsychiatric agent,Neuropsychiatric agent,NMDA receptor antagonist
DG01499,root,Cardiovascular agent,Cardiovascular agent,Adenylate cyclase activator
DG01500,root,Antineoplastic,Antineoplastic,Adenosine deaminase inhibitor
DG01501,dgroup,DG01925,Renin-angiotensin system inhibitor,Angiotensin-converting enzyme inhibitor
DG01501,dgroup,DG03231,Antihypertensive,Angiotensin-converting enzyme inhibitor
DG01502,root,Cardiovascular agent,Cardiovascular agent,Endothelin receptor antagonist
DG01503,root,Cardiovascular agent,Cardiovascular agent,Xanthine dehydrogenase inhibitor
DG01504,root,Anti-inflammatory,Anti-inflammatory,Nonsteroidal anti-inflammatory drug (NSAID)
DG01506,root,Cardiovascular agent,Cardiovascular agent,Arginine vasopressin receptor 2 (AVPR2) antagonist
DG01507,root,Cardiovascular agent,Cardiovascular agent,Phosphodiesterase III inhibitor
DG01508,root,Antidiabetic agent,Antidiabetic agent,Sulfonylurea receptor agonist
DG01509,root,Cardiovascular agent,Cardiovascular agent,Phosphodiesterase V inhibitor
DG01511,dgroup,DG01950,Antithrombotic agent,Thrombin inhibitor
DG01512,dgroup,DG01568,MAO inhibitor,Monoamine oxidase B inhibitor
DG01513,dgroup,DG01551,Macrolide antibiotic,Rosaramicin
DG01513,dgroup,DG01876,16-Membered ring macrolide antibiotic,Rosaramicin
DG01514,dgroup,DG01677,Alkylating agent,Palifosfamide
DG01514,dgroup,DG01678,Nitrogen mustard analog,Palifosfamide
DG01514,dgroup,DG01720,Isophosphoramide mustard analog,Palifosfamide
DG01516,dgroup,DG01950,Antithrombotic agent,Thromboxane A2 synthase inhibitor
DG01516,dgroup,DG01712,Antiplatelet agent,Thromboxane A2 synthase inhibitor
DG01517,root,Anti-allergic agent,Anti-allergic agent,Thromboxane A2 receptor antagonist
DG01518,root,Analgesic,Analgesic,5-HT1B/1D-receptor agonist
DG01519,dgroup,DG01568,MAO inhibitor,Non-selective monoamine oxidase inhibitor
DG01520,dgroup,DG01483,5-HT1A-receptor agonist,Cinitapride
DG01520,dgroup,DG01484,5-HT1B-receptor agonist,Cinitapride
DG01520,dgroup,DG01485,5-HT1D-receptor agonist,Cinitapride
DG01520,dgroup,DG01518,5-HT1B/1D-receptor agonist,Cinitapride
DG01520,dgroup,DG01763,Propulsive,Cinitapride
DG01520,dgroup,DG01762,Antiemetic,Cinitapride
DG01520,dgroup,DG01783,Benzamide type antiemetic,Cinitapride
DG01521,dgroup,DG01489,5-HT3-receptor antagonist,Azasetron
DG01521,dgroup,DG01762,Antiemetic,Azasetron
DG01522,dgroup,DG02852,CYP3A/CYP3A4 inhibitor,CYP3A4 inhibitor
DG01523,root,Antifungal,Antifungal,Triazole antifungal
DG01524,root,Antineoplastic,Antineoplastic,Triazole antineoplastic
DG01525,root,Metabolizing enzyme inhibitor,Metabolizing enzyme inhibitor,CYP2A6 inhibitor
DG01526,dgroup,DG01529,Topoisomerase inhibitor,Topoisomerase I inhibitor
DG01527,dgroup,DG01529,Topoisomerase inhibitor,Topoisomerase II inhibitor
DG01529,root,Antineoplastic,Antineoplastic,Topoisomerase inhibitor
DG01530,dgroup,DG01553,5-Nitrofuran antibacterial,Furazolium
DG01532,root,Cardiovascular agent,Cardiovascular agent,Nicotinic cholinergic receptor agonist
DG01534,root,Cardiovascular agent,Cardiovascular agent,Carbonic anhydrase inhibitor
DG01536,dgroup,DG01705,Anoretic,Fenproporex
DG01536,dgroup,DG01704,Phenethylamine anorexic,Fenproporex
DG01537,dgroup,DG03085,Selective norepinephrine reuptake inhibitor (NRI),Phendimetrazine
DG01537,dgroup,DG01705,Anoretic,Phendimetrazine
DG01537,dgroup,DG01704,Phenethylamine anorexic,Phendimetrazine
DG01538,dgroup,DG01586,Opioid receptor antagonist,Samidorphan
DG01540,dgroup,DG02016,Hemostatics,Plasmin inhibitor
DG01540,dgroup,DG02012,Antifibrinolytic,Plasmin inhibitor
DG01541,root,Anti-allergic agent,Anti-allergic agent,Cysteinyl leukotriene receptor antagonist
DG01542,dgroup,DG01728,Tricyclic antidepressant,Imipraminoxide
DG01544,dgroup,DG01925,Renin-angiotensin system inhibitor,Olmesartan
DG01544,dgroup,DG01495,Angiotensin II receptor antagonist,Olmesartan
DG01544,dgroup,DG03231,Antihypertensive,Olmesartan
DG01544,dgroup,DG01495,Angiotensin II receptor antagonist,Olmesartan
DG01544,dgroup,DG01665,ABCB1 substrate,Olmesartan
DG01544,dgroup,DG02861,ABCC2 substrate,Olmesartan
DG01544,dgroup,DG01913,ABCG2 substrate,Olmesartan
DG01545,dgroup,DG01955,Corticosteroid,Resocortol
DG01545,dgroup,DG02068,Glucocorticoid,Resocortol
DG01546,dgroup,DG02030,Anesthetics,Trimecaine
DG01546,dgroup,DG01675,Local anesthetic,Trimecaine
DG01546,dgroup,DG01673,Amide type local anesthetic,Trimecaine
DG01547,dgroup,DG01946,Hypolipidemic agent,Fibrate
DG01547,dgroup,DG01733,PPAR alpha agonist,Fibrate
DG01548,dgroup,DG01946,Hypolipidemic agent,Fenofibrate
DG01548,dgroup,DG01733,PPAR alpha agonist,Fenofibrate
DG01548,dgroup,DG01547,Fibrate,Fenofibrate
DG01548,dgroup,DG02924,UGT substrate,Fenofibrate
DG01549,dgroup,DG01550,Quinolone,Fluoroquinolone
DG01550,root,Antibacterial,Antibacterial,Quinolone
DG01551,root,Antibacterial,Antibacterial,Macrolide antibiotic
DG01552,dgroup,DG01553,5-Nitrofuran antibacterial,Hydantoin type nitrofuran
DG01553,root,Antibacterial,Antibacterial,5-Nitrofuran antibacterial
DG01554,root,Antiparasitic,Antiparasitic,5-Nitrofuran antiprotozoal
DG01555,root,Antifungal,Antifungal,5-Nitrofuran antifungal
DG01556,dgroup,DG01557,Histamine receptor antagonist,Histamine receptor H3 antagonist
DG01557,root,Anti-allergic agent,Anti-allergic agent,Histamine receptor antagonist
DG01558,dgroup,DG01568,MAO inhibitor,Monoamine oxidase A inhibitor
DG01559,root,Gastrointestinal agent,Gastrointestinal agent,5-HT4-receptor antagonist
DG01560,root,Neuropsychiatric agent,Neuropsychiatric agent,Sigma receptor agonist
DG01562,dgroup,DG01564,Opioid receptor agonist,kappa-Opioid receptor agonist
DG01563,dgroup,DG01564,Opioid receptor agonist,mu-Opioid receptor agonist
DG01564,root,Neuropsychiatric agent,Neuropsychiatric agent,Opioid receptor agonist
DG01565,root,Neuropsychiatric agent,Neuropsychiatric agent,GABA-B receptor agonist
DG01566,root,Antineoplastic,Antineoplastic,Hedgehog signaling inhibitor
DG01567,root,Neuropsychiatric agent,Neuropsychiatric agent,GABA-A receptor agonist
DG01568,root,Neuropsychiatric agent,Neuropsychiatric agent,MAO inhibitor
DG01569,dgroup,DG03199,Antiepileptic agent,AMPA receptor antagonist
DG01571,root,Neuropsychiatric agent,Neuropsychiatric agent,Nicotinic cholinergic receptor partial agonist
DG01572,dgroup,DG01575,Calcium channel blocker,Calcium channel N type blocker
DG01573,dgroup,DG01575,Calcium channel blocker,Calcium channel T type blocker
DG01574,root,Neuropsychiatric agent,Neuropsychiatric agent,Calcium channel alpha-2 delta blocker
DG01575,root,Cardiovascular agent,Cardiovascular agent,Calcium channel blocker
DG01576,root,Antibacterial,Antibacterial,Amphenicol type antibacterial
DG01577,dgroup,DG01578,Lincosamide antibiotic,Pirlimycin
DG01578,root,Antibacterial,Antibacterial,Lincosamide antibiotic
DG01579,root,Antibacterial,Antibacterial,Polypeptide antibiotic
DG01580,root,Antibacterial,Antibacterial,Glycopeptide antibiotic
DG01581,root,Antibacterial,Antibacterial,Trimethoprim antibacterial
DG01583,root,Cardiovascular agent,Cardiovascular agent,ATP-sensitive potassium channel opener
DG01584,root,Hormonal agent,Hormonal agent,Estrogen receptor agonist
DG01585,root,Antineoplastic,Antineoplastic,Estrogen receptor antagonist
DG01586,root,Analgesic,Analgesic,Opioid receptor antagonist
DG01587,root,Analgesic,Analgesic,Opioid receptor agonist/antagonist
DG01588,root,Hormonal agent,Hormonal agent,Somatostatin receptor agonist
DG01589,root,Neuropsychiatric agent,Neuropsychiatric agent,Melatonin receptor agonist
DG01590,root,Hormonal agent,Hormonal agent,Androgen receptor agonist
DG01591,root,Antineoplastic,Antineoplastic,Androgen receptor antagonist
DG01592,root,Metabolizing enzyme substrate,Metabolizing enzyme substrate,COMT substrate
DG01593,dgroup,DG01595,Cholinesterase inhibitor,Acetylcholinesterase inhibitor
DG01594,dgroup,DG01595,Cholinesterase inhibitor,Butyrylcholinesterase inhibitor
DG01595,root,Neuropsychiatric agent,Neuropsychiatric agent,Cholinesterase inhibitor
DG01596,root,Antineoplastic,Antineoplastic,Aromatase inhibitor
DG01597,root,Antineoplastic,Antineoplastic,mTOR inhibitor
DG01598,dgroup,DG01966,Antitubercular,Rifamycin antibiotic
DG01599,dgroup,DG03232,Osteoporosis agent,Medronic acid
DG01599,dgroup,DG01600,Bisphosphonate,Medronic acid
DG01600,dgroup,DG03232,Osteoporosis agent,Bisphosphonate
DG01601,dgroup,DG02044,Hypoglycemic agent,DPP-4 inhibitor
DG01602,dgroup,DG02016,Hemostatics,Menadiol
DG01602,dgroup,DG02014,Blood coagulation accelerant,Menadiol
DG01602,dgroup,DG01603,Vitamin K,Menadiol
DG01603,dgroup,DG02016,Hemostatics,Vitamin K
DG01603,dgroup,DG02014,Blood coagulation accelerant,Vitamin K
DG01604,root,Vitamin and mineral,Vitamin and mineral,Retinol derivative
DG01605,dgroup,DG01590,Androgen receptor agonist,Anabolic steroid
DG01606,dgroup,DG01607,Vitamin D derivatives,Activated vitamin D3
DG01607,root,Gastrointestinal agent,Gastrointestinal agent,Vitamin D derivatives
DG01608,dgroup,DG01953,Thyroid preparation,Thyroid hormone replenisher
DG01609,dgroup,DG01616,Xanthine derivative,Xanthine-type bronchodilator
DG01610,dgroup,DG01703,Cardiotonic,Xanthine-type cardiotonics
DG01610,dgroup,DG01616,Xanthine derivative,Xanthine-type cardiotonics
DG01611,dgroup,DG01961,Prostaglandin derivative,Prostaglandin E1 derivative
DG01612,dgroup,DG01616,Xanthine derivative,Xanthine-type central nervous system stimulant
DG01613,dgroup,DG01967,Antiparkinson agent,Xantine-type antiparkinsonian agent
DG01614,dgroup,DG01616,Xanthine derivative,Xanthine-type vasodilator
DG01616,root,Respiratory system agent,Respiratory system agent,Xanthine derivative
DG01617,root,Cardiovascular agent,Cardiovascular agent,Catecholamine synthesis inhibitors
DG01619,root,Hormonal agent,Hormonal agent,Estrogen receptor antagonist/modulator
DG01620,dgroup,DG01585,Estrogen receptor antagonist,Tamoxifene-type antineoplastic
DG01621,dgroup,DG01619,Estrogen receptor antagonist/modulator,Selective estrogen receptor modulator
DG01622,root,Transporter inhibitor,Transporter inhibitor,ABCB1 inhibitor
DG01623,dgroup,DG01591,Androgen receptor antagonist,Steroid-type antiandrogen
DG01624,dgroup,DG01591,Androgen receptor antagonist,Flutamide-type antiandrogen
DG01625,dgroup,DG01918,Tyrosine kinase inhibitor,Alectinib
DG01625,dgroup,DG03136,ALK inhibitor,Alectinib
DG01625,dgroup,DG01633,CYP3A/CYP3A4 substrate,Alectinib
DG01625,dgroup,DG02913,CYP3A4 substrate,Alectinib
DG01626,dgroup,DG01550,Quinolone,Acorafloxacin
DG01626,dgroup,DG01549,Fluoroquinolone,Acorafloxacin
DG01628,dgroup,DG03107,Anti-HIV agent,Cabotegravir
DG01628,dgroup,DG03135,HIV integrase inhibitor,Cabotegravir
DG01628,dgroup,DG02924,UGT substrate,Cabotegravir
DG01628,dgroup,DG03183,UGT1A1 substrate,Cabotegravir
DG01628,dgroup,DG03188,UGT1A9 substrate,Cabotegravir
DG01629,root,Hormonal agent,Hormonal agent,Adrenocorticotropic hormone (ACTH)
DG01630,dgroup,DG01584,Estrogen receptor agonist,beta-Estrogen receptor agonist
DG01631,dgroup,DG01590,Androgen receptor agonist,Trenbolone
DG01631,dgroup,DG01605,Anabolic steroid,Trenbolone
DG01632,dgroup,DG01590,Androgen receptor agonist,Clostebol
DG01632,dgroup,DG01605,Anabolic steroid,Clostebol
DG01633,root,Metabolizing enzyme substrate,Metabolizing enzyme substrate,CYP3A/CYP3A4 substrate
DG01634,root,Metabolizing enzyme inhibitor,Metabolizing enzyme inhibitor,CYP1A2 inhibitor
DG01635,dgroup,DG02853,CYP3A/CYP3A4 inducer,CYP3A4 inducer
DG01636,root,Antidiabetic agent,Antidiabetic agent,Insulin preparation
DG01637,root,Metabolizing enzyme inducer,Metabolizing enzyme inducer,CYP1A2 inducer
DG01638,root,Metabolizing enzyme substrate,Metabolizing enzyme substrate,CYP2A6 substrate
DG01639,root,Metabolizing enzyme substrate,Metabolizing enzyme substrate,CYP2C19 substrate
DG01640,root,Metabolizing enzyme inducer,Metabolizing enzyme inducer,CYP2C8 inducer
DG01641,root,Metabolizing enzyme inhibitor,Metabolizing enzyme inhibitor,CYP2C8 inhibitor
DG01642,root,Metabolizing enzyme substrate,Metabolizing enzyme substrate,CYP2C9 substrate
DG01643,root,Metabolizing enzyme inhibitor,Metabolizing enzyme inhibitor,CYP2C9 inhibitor
DG01644,root,Metabolizing enzyme substrate,Metabolizing enzyme substrate,CYP2D6 substrate
DG01645,root,Metabolizing enzyme inhibitor,Metabolizing enzyme inhibitor,CYP2D6 inhibitor
DG01646,dgroup,DG01975,Agents for peptic ulcer,Proton pump inhibitor (PPI)
DG01647,dgroup,DG03107,Anti-HIV agent,HIV protease inhibitor
DG01648,dgroup,DG01653,Antiarrhythmics,Class III antiarrhythmic agent
DG01649,dgroup,DG01653,Antiarrhythmics,Class Ia antiarrhythmic agent
DG01649,dgroup,DG01652,Class I antiarrhythmic agent,Class Ia antiarrhythmic agent
DG01650,dgroup,DG01653,Antiarrhythmics,Class Ic antiarrhythmic agent
DG01650,dgroup,DG01652,Class I antiarrhythmic agent,Class Ic antiarrhythmic agent
DG01651,dgroup,DG01653,Antiarrhythmics,Class Ib antiarrhythmic agent
DG01651,dgroup,DG01652,Class I antiarrhythmic agent,Class Ib antiarrhythmic agent
DG01652,dgroup,DG01653,Antiarrhythmics,Class I antiarrhythmic agent
DG01653,root,Cardiovascular agent,Cardiovascular agent,Antiarrhythmics
DG01656,dgroup,DG03107,Anti-HIV agent,HIV reverse transcriptase inhibitor
DG01657,root,Cardiovascular agent,Cardiovascular agent,Nitrovasodilator
DG01658,root,Neuropsychiatric agent,Neuropsychiatric agent,Serotonin and norepinephrine reuptake inhibitor (SNRI)
DG01659,root,Neuropsychiatric agent,Neuropsychiatric agent,Selective serotonin reuptake inhibitor (SSRI)
DG01660,dgroup,DG01946,Hypolipidemic agent,HMG-CoA reductase inhibitor
DG01661,root,Hormonal agent,Hormonal agent,Parathyroid hormone and analog
DG01662,dgroup,DG01950,Antithrombotic agent,Factor Xa inhibitor
DG01663,dgroup,DG02044,Hypoglycemic agent,alpha-Glucosidase inhibitor
DG01664,dgroup,DG01950,Antithrombotic agent,Tissue plasminogen activator (t-PA)
DG01664,dgroup,DG01707,Fibrinolytic,Tissue plasminogen activator (t-PA)
DG01665,root,Transporter substrate,Transporter substrate,ABCB1 substrate
DG01666,root,Hormonal agent,Hormonal agent,Progesterone receptor agonist
DG01667,root,Hormonal agent,Hormonal agent,Progesterone receptor antagonist
DG01669,dgroup,DG03198,Anti-HCV agent,Daclatasvir
DG01669,dgroup,DG01999,HCV NS5A inhibitor,Daclatasvir
DG01669,dgroup,DG01633,CYP3A/CYP3A4 substrate,Daclatasvir
DG01669,dgroup,DG02913,CYP3A4 substrate,Daclatasvir
DG01669,dgroup,DG02852,CYP3A/CYP3A4 inhibitor,Daclatasvir
DG01669,dgroup,DG02887,UGT1A1 inhibitor,Daclatasvir
DG01669,dgroup,DG01665,ABCB1 substrate,Daclatasvir
DG01670,dgroup,DG01918,Tyrosine kinase inhibitor,Cabozantinib
DG01670,dgroup,DG01917,Receptor tyrosine kinase inhibitor,Cabozantinib
DG01671,dgroup,DG01762,Antiemetic,Trimethobenzamide
DG01671,dgroup,DG01783,Benzamide type antiemetic,Trimethobenzamide
DG01673,dgroup,DG02030,Anesthetics,Amide type local anesthetic
DG01673,dgroup,DG01675,Local anesthetic,Amide type local anesthetic
DG01674,dgroup,DG02030,Anesthetics,Esterified local anesthetic
DG01674,dgroup,DG01675,Local anesthetic,Esterified local anesthetic
DG01675,dgroup,DG02030,Anesthetics,Local anesthetic
DG01676,dgroup,DG03231,Antihypertensive,Aldosterone antagonist
DG01677,root,Antineoplastic,Antineoplastic,Alkylating agent
DG01678,dgroup,DG01677,Alkylating agent,Nitrogen mustard analog
DG01679,root,Antineoplastic,Antineoplastic,Platinum compound
DG01680,dgroup,DG01975,Agents for peptic ulcer,Aluminum compounds antacid
DG01680,dgroup,DG01954,Antacid,Aluminum compounds antacid
DG01682,root,Antineoplastic,Antineoplastic,Anthracycline antineoplastic
DG01683,dgroup,DG01685,Insulin sensitizer,Thiazolidinedione
DG01683,dgroup,DG01795,PPAR gamma agonist,Thiazolidinedione
DG01683,dgroup,DG02044,Hypoglycemic agent,Thiazolidinedione
DG01684,dgroup,DG01685,Insulin sensitizer,Biguanide antidiabetic
DG01684,dgroup,DG02044,Hypoglycemic agent,Biguanide antidiabetic
DG01685,root,Antidiabetic agent,Antidiabetic agent,Insulin sensitizer
DG01686,root,Vaccine,Vaccine,Inactivated vaccine
DG01687,root,Vaccine,Vaccine,Live vaccine
DG01690,root,Cardiovascular agent,Cardiovascular agent,Sulfonamide diuretic
DG01691,dgroup,DG01692,Chelator,Iron chelator
DG01692,root,Vitamin and mineral,Vitamin and mineral,Chelator
DG01694,root,Blood modifier agent,Blood modifier agent,Iron preparation
DG01695,root,Cardiovascular agent,Cardiovascular agent,Ganglion-blocking antiadrenergic
DG01696,dgroup,DG02029,Muscle relaxant,Peripherally-acting muscle relaxant
DG01697,dgroup,DG01703,Cardiotonic,Digitalis cardiac glycoside
DG01697,dgroup,DG01698,Cardiac glycoside,Digitalis cardiac glycoside
DG01698,dgroup,DG01703,Cardiotonic,Cardiac glycoside
DG01699,dgroup,DG01703,Cardiotonic,Catecholamine cardiotonic
DG01700,dgroup,DG01950,Antithrombotic agent,Nasaruplase
DG01700,dgroup,DG01707,Fibrinolytic,Nasaruplase
DG01700,dgroup,DG01701,Urokinase-type plasminogen activator,Nasaruplase
DG01701,dgroup,DG01950,Antithrombotic agent,Urokinase-type plasminogen activator
DG01701,dgroup,DG01707,Fibrinolytic,Urokinase-type plasminogen activator
DG01702,dgroup,DG01703,Cardiotonic,Phenethylamine cardiotonic
DG01703,root,Cardiovascular agent,Cardiovascular agent,Cardiotonic
DG01704,dgroup,DG01705,Anoretic,Phenethylamine anorexic
DG01705,root,Gastrointestinal agent,Gastrointestinal agent,Anoretic
DG01707,dgroup,DG01950,Antithrombotic agent,Fibrinolytic
DG01708,dgroup,DG01950,Antithrombotic agent,Coumarin anticoagulant
DG01709,dgroup,DG01950,Antithrombotic agent,Heparin anticoagulant
DG01710,root,Antibacterial,Antibacterial,beta-Lactam antibiotic
DG01711,dgroup,DG01710,beta-Lactam antibiotic,Carbacephem
DG01711,dgroup,DG01714,Cephalosporin skeleton group,Carbacephem
DG01712,dgroup,DG01950,Antithrombotic agent,Antiplatelet agent
DG01713,dgroup,DG01710,beta-Lactam antibiotic,Penicillin skeleton group
DG01714,dgroup,DG01710,beta-Lactam antibiotic,Cephalosporin skeleton group
DG01719,root,Neuropsychiatric agent,Neuropsychiatric agent,Parasympathomimetic agent
DG01720,dgroup,DG01677,Alkylating agent,Isophosphoramide mustard analog
DG01720,dgroup,DG01678,Nitrogen mustard analog,Isophosphoramide mustard analog
DG01721,dgroup,DG01677,Alkylating agent,Methanesulfonate derivative
DG01722,dgroup,DG01677,Alkylating agent,Thiotepa type ethylene imine
DG01722,dgroup,DG01723,Ethylene imine,Thiotepa type ethylene imine
DG01723,dgroup,DG01677,Alkylating agent,Ethylene imine
DG01724,dgroup,DG01677,Alkylating agent,Nitrosourea
DG01725,dgroup,DG01677,Alkylating agent,Epoxide
DG01726,dgroup,DG01682,Anthracycline antineoplastic,Aldoxorubicin
DG01727,root,Antineoplastic,Antineoplastic,Anthraquinone antineoplastic
DG01728,root,Neuropsychiatric agent,Neuropsychiatric agent,Tricyclic antidepressant
DG01729,root,Neuropsychiatric agent,Neuropsychiatric agent,Tetracyclic antidepressant
DG01730,root,Neuropsychiatric agent,Neuropsychiatric agent,Non-selective monoamine reuptake inhibitor
DG01732,dgroup,DG01685,Insulin sensitizer,Non-thiazolidinedione type PPAR agonist
DG01732,dgroup,DG01795,PPAR gamma agonist,Non-thiazolidinedione type PPAR agonist
DG01733,dgroup,DG01946,Hypolipidemic agent,PPAR alpha agonist
DG01734,dgroup,DG01508,Sulfonylurea receptor agonist,Sulfonylurea
DG01734,dgroup,DG02044,Hypoglycemic agent,Sulfonylurea
DG01735,dgroup,DG01508,Sulfonylurea receptor agonist,Glinide
DG01735,dgroup,DG02044,Hypoglycemic agent,Glinide
DG01736,dgroup,DG01692,Chelator,Deferitazole
DG01736,dgroup,DG01691,Iron chelator,Deferitazole
DG01737,dgroup,DG01738,Centrally-acting antiadrenergic,Rauwolfia alkaloid
DG01738,root,Cardiovascular agent,Cardiovascular agent,Centrally-acting antiadrenergic
DG01739,root,Cardiovascular agent,Cardiovascular agent,Peripherally-acting antiadrenergic
DG01740,root,Musculo-skeletal system agent,Musculo-skeletal system agent,Curare alkaloid
DG01741,dgroup,DG01703,Cardiotonic,Scilla glycoside
DG01741,dgroup,DG01698,Cardiac glycoside,Scilla glycoside
DG01742,root,Musculo-skeletal system agent,Musculo-skeletal system agent,Quaternary ammonium compound type muscle relaxant
DG01743,dgroup,DG01703,Cardiotonic,Strophantus glycoside
DG01743,dgroup,DG01698,Cardiac glycoside,Strophantus glycoside
DG01745,dgroup,DG01491,Muscarinic cholinergic receptor antagonist,Anticholinergic antiparkinson agent
DG01746,dgroup,DG01690,Sulfonamide diuretic,Piretanide type diuretic
DG01746,dgroup,DG01748,Loop diuretic,Piretanide type diuretic
DG01747,dgroup,DG01690,Sulfonamide diuretic,Furosemide type diuretic
DG01747,dgroup,DG01748,Loop diuretic,Furosemide type diuretic
DG01748,root,Cardiovascular agent,Cardiovascular agent,Loop diuretic
DG01749,dgroup,DG03231,Antihypertensive,Thiazide diuretic
DG01749,dgroup,DG01690,Sulfonamide diuretic,Thiazide diuretic
DG01750,dgroup,DG01752,Interferone,Interferon alpha
DG01751,dgroup,DG01752,Interferone,Interferon beta
DG01752,root,Immunological agent,Immunological agent,Interferone
DG01753,root,Immunological agent,Immunological agent,Colony stimulating factor
DG01754,dgroup,DG01705,Anoretic,Cannabinoid receptor inverse agonist
DG01755,dgroup,DG01705,Anoretic,Benzfetamine
DG01755,dgroup,DG01704,Phenethylamine anorexic,Benzfetamine
DG01757,dgroup,DG01703,Cardiotonic,Amrinone type cardiotonic
DG01757,dgroup,DG01507,Phosphodiesterase III inhibitor,Amrinone type cardiotonic
DG01758,dgroup,DG01703,Cardiotonic,Pimobendan type cardiotonic
DG01758,dgroup,DG01507,Phosphodiesterase III inhibitor,Pimobendan type cardiotonic
DG01759,dgroup,DG01950,Antithrombotic agent,Dicumarol type coumarin derivative
DG01759,dgroup,DG01708,Coumarin anticoagulant,Dicumarol type coumarin derivative
DG01760,dgroup,DG01950,Antithrombotic agent,Warfarin and analog
DG01760,dgroup,DG01708,Coumarin anticoagulant,Warfarin and analog
DG01761,dgroup,DG01950,Antithrombotic agent,Phenindion type coumarin derivative
DG01761,dgroup,DG01708,Coumarin anticoagulant,Phenindion type coumarin derivative
DG01762,root,Gastrointestinal agent,Gastrointestinal agent,Antiemetic
DG01763,root,Gastrointestinal agent,Gastrointestinal agent,Propulsive
DG01770,root,Gastrointestinal agent,Gastrointestinal agent,Laxative
DG01772,dgroup,DG01770,Laxative,Carmellose
DG01774,root,Antibacterial,Antibacterial,First-generation cephalosporin
DG01775,root,Antibacterial,Antibacterial,Second-generation cephalosporin
DG01776,root,Antibacterial,Antibacterial,Third-generation cephalosporin
DG01777,root,Antibacterial,Antibacterial,Fourth-generation cephalosporin
DG01778,root,Antibacterial,Antibacterial,beta-Lactamase sensitive penicillin
DG01779,root,Antibacterial,Antibacterial,beta-Lactamase resistant penicillin
DG01780,root,Antibacterial,Antibacterial,Extended spectrum penicillin
DG01781,dgroup,DG01753,Colony stimulating factor,Granulocyte colony stimulating factor (G-CSF)
DG01782,dgroup,DG01753,Colony stimulating factor,Granulocyte macrophage colony-stimulating factors (GM-CSF)
DG01783,dgroup,DG01762,Antiemetic,Benzamide type antiemetic
DG01784,dgroup,DG01787,Sulfonamide antibacterial,Short-acting sulfonamide
DG01785,dgroup,DG01787,Sulfonamide antibacterial,Intermediate-acting sulfonamide
DG01786,dgroup,DG01787,Sulfonamide antibacterial,Long-acting sulfonamide
DG01787,root,Antibacterial,Antibacterial,Sulfonamide antibacterial
DG01788,dgroup,DG01966,Antitubercular,Thiocarbamide derivative
DG01789,root,Antibacterial,Antibacterial,Oxazolidinone antibiotic
DG01791,dgroup,DG01653,Antiarrhythmics,Hydroquinidine
DG01791,dgroup,DG01652,Class I antiarrhythmic agent,Hydroquinidine
DG01791,dgroup,DG01649,Class Ia antiarrhythmic agent,Hydroquinidine
DG01793,dgroup,DG01918,Tyrosine kinase inhibitor,Dacomitinib
DG01793,dgroup,DG01917,Receptor tyrosine kinase inhibitor,Dacomitinib
DG01793,dgroup,DG03162,EGFR inhibitor,Dacomitinib
DG01793,dgroup,DG01645,CYP2D6 inhibitor,Dacomitinib
DG01794,dgroup,DG02044,Hypoglycemic agent,SGLT2 inhibitor
DG01795,dgroup,DG01685,Insulin sensitizer,PPAR gamma agonist
DG01796,dgroup,DG01636,Insulin preparation,"Insulin analog, fast-acting"
DG01797,dgroup,DG01636,Insulin preparation,"Insulin analog, long-acting"
DG01802,dgroup,DG01636,Insulin preparation,Human insulin
DG01804,root,Antibacterial,Antibacterial,Oxyimino beta-lactam
DG01805,root,Anti-allergic agent,Anti-allergic agent,Mediator release inhibitor
DG01806,dgroup,DG01653,Antiarrhythmics,Class II antiarrhythmic agent
DG01807,dgroup,DG01653,Antiarrhythmics,Phenylalkylamine derivative
DG01808,dgroup,DG01950,Antithrombotic agent,Thienopyridine
DG01808,dgroup,DG01712,Antiplatelet agent,Thienopyridine
DG01808,dgroup,DG01809,P2Y12 receptor antagonist,Thienopyridine
DG01809,root,Blood modifier agent,Blood modifier agent,P2Y12 receptor antagonist
DG01810,dgroup,DG01961,Prostaglandin derivative,Prostacycline derivative
DG01811,root,Blood modifier agent,Blood modifier agent,Fibrinogen receptor antagonist
DG01812,dgroup,DG01710,beta-Lactam antibiotic,Sanfetrinem
DG01813,root,Antibacterial,Antibacterial,Pleuromutilin
DG01815,dgroup,DG03198,Anti-HCV agent,Danoprevir
DG01815,dgroup,DG02001,HCV NS3/4A protease inhibitor,Danoprevir
DG01816,dgroup,DG03198,Anti-HCV agent,Deldeprevir
DG01816,dgroup,DG02001,HCV NS3/4A protease inhibitor,Deldeprevir
DG01818,dgroup,DG03198,Anti-HCV agent,Ledipasvir
DG01818,dgroup,DG01999,HCV NS5A inhibitor,Ledipasvir
DG01819,dgroup,DG03198,Anti-HCV agent,Ombitasvir
DG01819,dgroup,DG01999,HCV NS5A inhibitor,Ombitasvir
DG01820,dgroup,DG03198,Anti-HCV agent,Paritaprevir
DG01820,dgroup,DG02001,HCV NS3/4A protease inhibitor,Paritaprevir
DG01823,dgroup,DG03139,PI3K inhibitor,Buparlisib
DG01824,dgroup,DG03198,Anti-HCV agent,Beclabuvir
DG01824,dgroup,DG02000,HCV NS5B polymerase inhibitor,Beclabuvir
DG01825,dgroup,DG03137,MEK inhibitor,Cobimetinib
DG01826,dgroup,DG03139,PI3K inhibitor,Dactolisib
DG01827,dgroup,DG01918,Tyrosine kinase inhibitor,Defactinib
DG01828,dgroup,DG03198,Anti-HCV agent,Deleobuvir
DG01828,dgroup,DG02000,HCV NS5B polymerase inhibitor,Deleobuvir
DG01829,dgroup,DG01498,NMDA receptor antagonist,Esketamine
DG01829,dgroup,DG02919,CYP2B6 substrate,Esketamine
DG01829,dgroup,DG01642,CYP2C9 substrate,Esketamine
DG01829,dgroup,DG01639,CYP2C19 substrate,Esketamine
DG01829,dgroup,DG01633,CYP3A/CYP3A4 substrate,Esketamine
DG01829,dgroup,DG02913,CYP3A4 substrate,Esketamine
DG01829,dgroup,DG02924,UGT substrate,Esketamine
DG01830,dgroup,DG01586,Opioid receptor antagonist,Methylsamidorphan
DG01831,dgroup,DG03138,CDK inhibitor,Palbociclib
DG01833,dgroup,DG01447,Aminoglycoside antibiotic,Plazomicin
DG01835,root,Neuropsychiatric agent,Neuropsychiatric agent,Benzodiazepine sedative-hypnotics
DG01836,root,Neuropsychiatric agent,Neuropsychiatric agent,Non-benzodiazepine sedative-hypnotics
DG01837,root,Neuropsychiatric agent,Neuropsychiatric agent,Barbiturate sedative-hypnotics
DG01838,dgroup,DG01946,Hypolipidemic agent,Pitavastatin
DG01838,dgroup,DG01660,HMG-CoA reductase inhibitor,Pitavastatin
DG01838,dgroup,DG01642,CYP2C9 substrate,Pitavastatin
DG01840,dgroup,DG01633,CYP3A/CYP3A4 substrate,Isavuconazonium
DG01840,dgroup,DG02852,CYP3A/CYP3A4 inhibitor,Isavuconazonium
DG01840,dgroup,DG02891,CYP2B6 inducer,Isavuconazonium
DG01840,dgroup,DG01622,ABCB1 inhibitor,Isavuconazonium
DG01840,dgroup,DG02863,SLC22A2 inhibitor,Isavuconazonium
DG01840,dgroup,DG02864,SLC47A1 inhibitor,Isavuconazonium
DG01840,dgroup,DG03251,UGT inhibitor,Isavuconazonium
DG01845,dgroup,DG01642,CYP2C9 substrate,Rimegepant
DG01845,dgroup,DG01633,CYP3A/CYP3A4 substrate,Rimegepant
DG01845,dgroup,DG02913,CYP3A4 substrate,Rimegepant
DG01848,dgroup,DG01197,Tetracycline antibiotic,Sarecycline
DG01850,dgroup,DG01644,CYP2D6 substrate,Benzhydrocodone
DG01850,dgroup,DG01633,CYP3A/CYP3A4 substrate,Benzhydrocodone
DG01850,dgroup,DG02913,CYP3A4 substrate,Benzhydrocodone
DG01853,dgroup,DG01985,Disease modifying anti-rheumatic drug (DMARD),Peficitinib
DG01853,dgroup,DG02020,JAK inhibitor,Peficitinib
DG01854,dgroup,DG01566,Hedgehog signaling inhibitor,Sonidegib
DG01854,dgroup,DG01633,CYP3A/CYP3A4 substrate,Sonidegib
DG01858,dgroup,DG03059,Noradrenalin and dopamine reuptake inhibitor (NDRI),Centanafadine
DG01859,dgroup,DG01694,Iron preparation,Ferric citrate
DG01860,dgroup,DG01633,CYP3A/CYP3A4 substrate,Temsavir
DG01860,dgroup,DG01665,ABCB1 substrate,Temsavir
DG01860,dgroup,DG01913,ABCG2 substrate,Temsavir
DG01860,dgroup,DG02862,ABCG2 inhibitor,Temsavir
DG01860,dgroup,DG02865,SLCO1B1 inhibitor,Temsavir
DG01860,dgroup,DG02907,SLCO1B3 inhibitor,Temsavir
DG01863,dgroup,DG01918,Tyrosine kinase inhibitor,Spebrutinib
DG01863,dgroup,DG02022,BTK inhibitor,Spebrutinib
DG01864,dgroup,DG02942,PARP inhibitor,Rucaparib
DG01865,dgroup,DG02942,PARP inhibitor,Talazoparib
DG01868,dgroup,DG01762,Antiemetic,Rolapitant
DG01868,dgroup,DG01633,CYP3A/CYP3A4 substrate,Rolapitant
DG01868,dgroup,DG02913,CYP3A4 substrate,Rolapitant
DG01868,dgroup,DG01645,CYP2D6 inhibitor,Rolapitant
DG01869,dgroup,DG01975,Agents for peptic ulcer,Ecabet
DG01869,dgroup,DG02008,Gastric mucosal protectant,Ecabet
DG01870,dgroup,DG01975,Agents for peptic ulcer,Cetraxate
DG01870,dgroup,DG02008,Gastric mucosal protectant,Cetraxate
DG01871,dgroup,DG01975,Agents for peptic ulcer,Irsogladine
DG01871,dgroup,DG02008,Gastric mucosal protectant,Irsogladine
DG01872,dgroup,DG01975,Agents for peptic ulcer,Aluminum silicate
DG01872,dgroup,DG01954,Antacid,Aluminum silicate
DG01872,dgroup,DG01680,Aluminum compounds antacid,Aluminum silicate
DG01873,dgroup,DG01966,Antitubercular,Para-aminosalicylate
DG01874,dgroup,DG01551,Macrolide antibiotic,14-membered ring macrolide antibiotic
DG01875,dgroup,DG01551,Macrolide antibiotic,15-Membered ring macrolide antibiotic
DG01876,dgroup,DG01551,Macrolide antibiotic,16-Membered ring macrolide antibiotic
DG01877,dgroup,DG01975,Agents for peptic ulcer,Benexate
DG01877,dgroup,DG02008,Gastric mucosal protectant,Benexate
DG01882,root,Antidiabetic agent,Antidiabetic agent,Aldose reductase inhibitor
DG01883,root,Antifungal,Antifungal,Imidazole antifungal
DG01884,root,Antiparasitic,Antiparasitic,Imidazole antiprotozoal
DG01885,root,Cardiovascular agent,Cardiovascular agent,Potassium-sparing diuretic
DG01886,dgroup,DG03198,Anti-HCV agent,Dasabuvir
DG01886,dgroup,DG02000,HCV NS5B polymerase inhibitor,Dasabuvir
DG01889,root,Antiviral,Antiviral,Non-nucleoside reverse transcriptase inhibitor (NNRTI)
DG01890,root,Antiviral,Antiviral,Nucleoside reverse transcriptase inhibitor (NRTI)
DG01891,root,Metabolizing enzyme substrate,Metabolizing enzyme substrate,CYP1A1 substrate
DG01892,root,Metabolizing enzyme substrate,Metabolizing enzyme substrate,CYP1A2 substrate
DG01893,root,Transporter inducer,Transporter inducer,ABCB1 inducer
DG01896,dgroup,DG01950,Antithrombotic agent,Nafamostat
DG01896,dgroup,DG02016,Hemostatics,Nafamostat
DG01896,dgroup,DG02012,Antifibrinolytic,Nafamostat
DG01896,dgroup,DG01990,Serine protease inhibitor,Nafamostat
DG01898,dgroup,DG01504,Nonsteroidal anti-inflammatory drug (NSAID),"Anti-inflammatory drug, phenylacetic acid derivatives"
DG01898,dgroup,DG01906,"Anti-inflammatory drug, acetic acid derivatives","Anti-inflammatory drug, phenylacetic acid derivatives"
DG01899,dgroup,DG01504,Nonsteroidal anti-inflammatory drug (NSAID),"Anti-inflammatory drug, indoleacetic acid derivatives"
DG01899,dgroup,DG01906,"Anti-inflammatory drug, acetic acid derivatives","Anti-inflammatory drug, indoleacetic acid derivatives"
DG01901,dgroup,DG03199,Antiepileptic agent,Perampanel
DG01901,dgroup,DG01569,AMPA receptor antagonist,Perampanel
DG01901,dgroup,DG01633,CYP3A/CYP3A4 substrate,Perampanel
DG01903,dgroup,DG01551,Macrolide antibiotic,Midecamycin
DG01903,dgroup,DG01876,16-Membered ring macrolide antibiotic,Midecamycin
DG01903,dgroup,DG02852,CYP3A/CYP3A4 inhibitor,Midecamycin
DG01903,dgroup,DG01522,CYP3A4 inhibitor,Midecamycin
DG01904,dgroup,DG03199,Antiepileptic agent,Barbiturate antiepileptic
DG01905,dgroup,DG03200,Antipsychotic agent,Phenothiazine antipsychotics
DG01906,dgroup,DG01504,Nonsteroidal anti-inflammatory drug (NSAID),"Anti-inflammatory drug, acetic acid derivatives"
DG01907,dgroup,DG01504,Nonsteroidal anti-inflammatory drug (NSAID),"Anti-inflammatory drug, coxibs"
DG01907,dgroup,DG01922,Selective COX2 inhibitor,"Anti-inflammatory drug, coxibs"
DG01908,dgroup,DG01504,Nonsteroidal anti-inflammatory drug (NSAID),"Anti-inflammatory drug, propionic acid derivatives"
DG01909,dgroup,DG01504,Nonsteroidal anti-inflammatory drug (NSAID),"Anti-inflammatory drug, salicylic acid derivatives"
DG01910,dgroup,DG01504,Nonsteroidal anti-inflammatory drug (NSAID),"Anti-inflammatory drug, oxicams"
DG01911,dgroup,DG01504,Nonsteroidal anti-inflammatory drug (NSAID),"Anti-inflammatory drug, fenamic acid derivatives"
DG01912,dgroup,DG01985,Disease modifying anti-rheumatic drug (DMARD),Gold preparations
DG01913,root,Transporter substrate,Transporter substrate,ABCG2 substrate
DG01914,root,Neuropsychiatric agent,Neuropsychiatric agent,"Anxiolytics, benzodiazepine derivatives"
DG01915,root,Metabolizing enzyme inhibitor,Metabolizing enzyme inhibitor,CYP3A5 inhibitor
DG01916,dgroup,DG01918,Tyrosine kinase inhibitor,Amuvatinib
DG01917,dgroup,DG01918,Tyrosine kinase inhibitor,Receptor tyrosine kinase inhibitor
DG01918,root,Antineoplastic,Antineoplastic,Tyrosine kinase inhibitor
DG01920,dgroup,DG01504,Nonsteroidal anti-inflammatory drug (NSAID),Thiosalicylic acid
DG01920,dgroup,DG01909,"Anti-inflammatory drug, salicylic acid derivatives",Thiosalicylic acid
DG01922,dgroup,DG01504,Nonsteroidal anti-inflammatory drug (NSAID),Selective COX2 inhibitor
DG01923,dgroup,DG01925,Renin-angiotensin system inhibitor,Renin inhibitor
DG01923,dgroup,DG03231,Antihypertensive,Renin inhibitor
DG01924,dgroup,DG01622,ABCB1 inhibitor,Elobixibat
DG01925,root,Cardiovascular agent,Cardiovascular agent,Renin-angiotensin system inhibitor
DG01926,dgroup,DG03139,PI3K inhibitor,Copanlisib
DG01926,dgroup,DG01891,CYP1A1 substrate,Copanlisib
DG01926,dgroup,DG01633,CYP3A/CYP3A4 substrate,Copanlisib
DG01928,dgroup,DG03231,Antihypertensive,Dihydropyridine calcium channel blocker
DG01930,dgroup,DG02018,Antimetabolite,Dihydrofolate reductase inhibitor
DG01930,dgroup,DG01978,Folic acid analog,Dihydrofolate reductase inhibitor
DG01932,root,Antiparasitic,Antiparasitic,"Antifolate, antiprotozoal"
DG01933,root,Metabolizing enzyme inhibitor,Metabolizing enzyme inhibitor,CYP2C19 inhibitor
DG01934,root,Hormonal agent,Hormonal agent,Antithyroid agent
DG01935,dgroup,DG02018,Antimetabolite,Fluoropyrimidine antineoplastic
DG01935,dgroup,DG01958,"Nucleic acid derivative, antineoplastic",Fluoropyrimidine antineoplastic
DG01936,dgroup,DG01985,Disease modifying anti-rheumatic drug (DMARD),TNF inhibitor
DG01937,root,Antiviral,Antiviral,Anti-cytomegalovirus agent
DG01938,root,Metabolizing enzyme inducer,Metabolizing enzyme inducer,CYP2D6 inducer
DG01940,dgroup,DG03200,Antipsychotic agent,Butyrophenone derivative
DG01941,dgroup,DG03200,Antipsychotic agent,Benzamide antipsychotic
DG01942,dgroup,DG03200,Antipsychotic agent,Iminobenzyl antipsychotic
DG01943,root,Analgesic,Analgesic,Triptan
DG01944,dgroup,DG02046,Hydrazinophthalazine derivative,Todralazine
DG01945,dgroup,DG01946,Hypolipidemic agent,Bile acid sequestrant
DG01946,root,Hypolipidemic agent,Hypolipidemic agent,Hypolipidemic agent
DG01947,dgroup,DG01504,Nonsteroidal anti-inflammatory drug (NSAID),"Anti-inflammatory drug, pyrazolone"
DG01948,dgroup,DG01918,Tyrosine kinase inhibitor,Gilteritinib
DG01948,dgroup,DG01917,Receptor tyrosine kinase inhibitor,Gilteritinib
DG01948,dgroup,DG01633,CYP3A/CYP3A4 substrate,Gilteritinib
DG01948,dgroup,DG02913,CYP3A4 substrate,Gilteritinib
DG01948,dgroup,DG01665,ABCB1 substrate,Gilteritinib
DG01949,dgroup,DG01504,Nonsteroidal anti-inflammatory drug (NSAID),"Anti-inflammatory drug, phenylbutazones"
DG01949,dgroup,DG01947,"Anti-inflammatory drug, pyrazolone","Anti-inflammatory drug, phenylbutazones"
DG01950,root,Blood modifier agent,Blood modifier agent,Antithrombotic agent
DG01951,root,Cardiovascular agent,Cardiovascular agent,Catecholamine adrenergic receptor agonist
DG01952,root,Cardiovascular agent,Cardiovascular agent,Vasopressin analog
DG01953,root,Hormonal agent,Hormonal agent,Thyroid preparation
DG01954,dgroup,DG01975,Agents for peptic ulcer,Antacid
DG01955,root,Anti-inflammatory,Anti-inflammatory,Corticosteroid
DG01956,root,Gastrointestinal agent,Gastrointestinal agent,Bile acid preparation
DG01958,dgroup,DG02018,Antimetabolite,"Nucleic acid derivative, antineoplastic"
DG01959,dgroup,DG01961,Prostaglandin derivative,Prostaglandin E2 derivative
DG01960,dgroup,DG01961,Prostaglandin derivative,Prostaglandin F derivative
DG01961,root,Hormonal agent,Hormonal agent,Prostaglandin derivative
DG01962,dgroup,DG03198,Anti-HCV agent,"alpha-Glucosidase inhibitor, antiviral"
DG01963,dgroup,DG01964,Ergot alkaloid,"Vasodilator, ergot alkaloid"
DG01964,root,Neuropsychiatric agent,Neuropsychiatric agent,Ergot alkaloid
DG01965,root,Antineoplastic,Antineoplastic,Vinca alkaloid antineoplastic
DG01966,root,Antibacterial,Antibacterial,Antitubercular
DG01967,root,Neuropsychiatric agent,Neuropsychiatric agent,Antiparkinson agent
DG01968,root,Neuropsychiatric agent,Neuropsychiatric agent,Antidementia agent
DG01969,root,Neuropsychiatric agent,Neuropsychiatric agent,"Racetam derivative, nootropic"
DG01971,root,Neuropsychiatric agent,Neuropsychiatric agent,Agents for narcolepsy
DG01973,dgroup,DG02029,Muscle relaxant,Carbamate muscle relaxant
DG01973,dgroup,DG01974,Centrally acting muscle relaxant,Carbamate muscle relaxant
DG01974,dgroup,DG02029,Muscle relaxant,Centrally acting muscle relaxant
DG01975,root,Gastrointestinal agent,Gastrointestinal agent,Agents for peptic ulcer
DG01976,dgroup,DG01642,CYP2C9 substrate,Avatrombopag
DG01976,dgroup,DG01633,CYP3A/CYP3A4 substrate,Avatrombopag
DG01976,dgroup,DG02913,CYP3A4 substrate,Avatrombopag
DG01977,dgroup,DG01964,Ergot alkaloid,Dihydroergotoxine
DG01977,dgroup,DG01963,"Vasodilator, ergot alkaloid",Dihydroergotoxine
DG01977,dgroup,DG01633,CYP3A/CYP3A4 substrate,Dihydroergotoxine
DG01977,dgroup,DG02913,CYP3A4 substrate,Dihydroergotoxine
DG01978,dgroup,DG02018,Antimetabolite,Folic acid analog
DG01979,root,Gastrointestinal agent,Gastrointestinal agent,Magnesium containing preparation
DG01980,root,Gastrointestinal agent,Gastrointestinal agent,Calcium
DG01981,root,Anti-inflammatory,Anti-inflammatory,"Anilide derivative, anti-inflammatory"
DG01982,dgroup,DG01964,Ergot alkaloid,"Antimigraine, ergot alkaloid"
DG01983,dgroup,DG03198,Anti-HCV agent,Glecaprevir
DG01983,dgroup,DG02001,HCV NS3/4A protease inhibitor,Glecaprevir
DG01984,root,Analgesic,Analgesic,Opioid analgesics
DG01985,root,Anti-inflammatory,Anti-inflammatory,Disease modifying anti-rheumatic drug (DMARD)
DG01986,root,Hormonal agent,Hormonal agent,Estrogen
DG01989,dgroup,DG03059,Noradrenalin and dopamine reuptake inhibitor (NDRI),Dasotraline
DG01990,dgroup,DG02016,Hemostatics,Serine protease inhibitor
DG01990,dgroup,DG02012,Antifibrinolytic,Serine protease inhibitor
DG01991,dgroup,DG01985,Disease modifying anti-rheumatic drug (DMARD),Filgotinib
DG01991,dgroup,DG02020,JAK inhibitor,Filgotinib
DG01991,dgroup,DG02970,CES substrate,Filgotinib
DG01991,dgroup,DG03241,CES1 substrate,Filgotinib
DG01991,dgroup,DG03192,CES2 substrate,Filgotinib
DG01992,dgroup,DG01585,Estrogen receptor antagonist,Enclomiphene
DG01993,dgroup,DG01953,Thyroid preparation,Thyroid
DG01993,dgroup,DG01608,Thyroid hormone replenisher,Thyroid
DG01994,dgroup,DG02030,Anesthetics,Halogenated hydrocarbons
DG01994,dgroup,DG02027,General anesthetics,Halogenated hydrocarbons
DG01994,dgroup,DG02028,Inhalational anaesthetics,Halogenated hydrocarbons
DG01996,dgroup,DG01975,Agents for peptic ulcer,Magnesium silicate
DG01996,dgroup,DG01954,Antacid,Magnesium silicate
DG01996,dgroup,DG01979,Magnesium containing preparation,Magnesium silicate
DG01999,dgroup,DG03198,Anti-HCV agent,HCV NS5A inhibitor
DG02000,dgroup,DG03198,Anti-HCV agent,HCV NS5B polymerase inhibitor
DG02001,dgroup,DG03198,Anti-HCV agent,HCV NS3/4A protease inhibitor
DG02004,root,Hormonal agent,Hormonal agent,Progesterone
DG02005,dgroup,DG01985,Disease modifying anti-rheumatic drug (DMARD),Oclacitinib
DG02005,dgroup,DG02020,JAK inhibitor,Oclacitinib
DG02006,root,Hormonal agent,Hormonal agent,Testosterone
DG02007,root,Neuropsychiatric agent,Neuropsychiatric agent,"Antianxiety, carbamate derivatives"
DG02008,dgroup,DG01975,Agents for peptic ulcer,Gastric mucosal protectant
DG02009,dgroup,DG01966,Antitubercular,Pyrazinamide derivative
DG02012,dgroup,DG02016,Hemostatics,Antifibrinolytic
DG02013,dgroup,DG02016,Hemostatics,Blood coagulation factor
DG02013,dgroup,DG02014,Blood coagulation accelerant,Blood coagulation factor
DG02014,dgroup,DG02016,Hemostatics,Blood coagulation accelerant
DG02016,root,Blood modifier agent,Blood modifier agent,Hemostatics
DG02017,root,Gastrointestinal agent,Gastrointestinal agent,Potassium
DG02018,root,Antineoplastic,Antineoplastic,Antimetabolite
DG02019,root,Immunological agent,Immunological agent,Interleukin inhibitor
DG02020,dgroup,DG01985,Disease modifying anti-rheumatic drug (DMARD),JAK inhibitor
DG02022,dgroup,DG01918,Tyrosine kinase inhibitor,BTK inhibitor
DG02025,dgroup,DG02030,Anesthetics,Barbiturate anesthetics
DG02025,dgroup,DG02027,General anesthetics,Barbiturate anesthetics
DG02026,dgroup,DG02030,Anesthetics,Opioid anesthetics
DG02026,dgroup,DG02027,General anesthetics,Opioid anesthetics
DG02027,dgroup,DG02030,Anesthetics,General anesthetics
DG02028,dgroup,DG02030,Anesthetics,Inhalational anaesthetics
DG02028,dgroup,DG02027,General anesthetics,Inhalational anaesthetics
DG02029,root,Musculo-skeletal system agent,Musculo-skeletal system agent,Muscle relaxant
DG02030,root,Neuropsychiatric agent,Neuropsychiatric agent,Anesthetics
DG02031,dgroup,DG03199,Antiepileptic agent,Hydantoin antiepileptic
DG02032,dgroup,DG03199,Antiepileptic agent,Oxazolidine antiepileptic
DG02033,dgroup,DG03199,Antiepileptic agent,Succinimide antiepileptic
DG02034,dgroup,DG03199,Antiepileptic agent,Carboxamide antiepileptic
DG02035,dgroup,DG03199,Antiepileptic agent,Fatty acid antiepileptic
DG02036,dgroup,DG03199,Antiepileptic agent,"Benzodiazepine derivative, antiepileptic"
DG02037,dgroup,DG03199,Antiepileptic agent,GABA mimetic antiepileptic
DG02038,dgroup,DG03199,Antiepileptic agent,Piracetam antiepileptic
DG02041,dgroup,DG03138,CDK inhibitor,Alvocidib
DG02042,root,Musculo-skeletal system agent,Musculo-skeletal system agent,Uricosurics
DG02044,root,Antidiabetic agent,Antidiabetic agent,Hypoglycemic agent
DG02046,root,Cardiovascular agent,Cardiovascular agent,Hydrazinophthalazine derivative
DG02068,dgroup,DG01955,Corticosteroid,Glucocorticoid
DG02081,dgroup,DG01918,Tyrosine kinase inhibitor,Capmatinib
DG02081,dgroup,DG01917,Receptor tyrosine kinase inhibitor,Capmatinib
DG02081,dgroup,DG01633,CYP3A/CYP3A4 substrate,Capmatinib
DG02081,dgroup,DG02913,CYP3A4 substrate,Capmatinib
DG02081,dgroup,DG02953,AOX1 substrate,Capmatinib
DG02084,dgroup,DG03138,CDK inhibitor,Ribociclib
DG02084,dgroup,DG01633,CYP3A/CYP3A4 substrate,Ribociclib
DG02084,dgroup,DG02913,CYP3A4 substrate,Ribociclib
DG02115,dgroup,DG01644,CYP2D6 substrate,Valbenazine
DG02115,dgroup,DG01633,CYP3A/CYP3A4 substrate,Valbenazine
DG02115,dgroup,DG02913,CYP3A4 substrate,Valbenazine
DG02115,dgroup,DG02925,CYP3A5 substrate,Valbenazine
DG02303,dgroup,DG01918,Tyrosine kinase inhibitor,Neratinib
DG02303,dgroup,DG01917,Receptor tyrosine kinase inhibitor,Neratinib
DG02303,dgroup,DG03158,HER2 inhibitor,Neratinib
DG02404,dgroup,DG03107,Anti-HIV agent,Bictegravir
DG02404,dgroup,DG03135,HIV integrase inhibitor,Bictegravir
DG02442,dgroup,DG01551,Macrolide antibiotic,Tylvalosin
DG02442,dgroup,DG01876,16-Membered ring macrolide antibiotic,Tylvalosin
DG02467,dgroup,DG01491,Muscarinic cholinergic receptor antagonist,Glycopyrronium
DG02500,dgroup,DG01779,beta-Lactamase resistant penicillin,Methicillin
DG02692,dgroup,DG03201,Intraocular pressure lowering agent,Netarsudil
DG02829,dgroup,DG01985,Disease modifying anti-rheumatic drug (DMARD),Upadacitinib
DG02829,dgroup,DG02020,JAK inhibitor,Upadacitinib
DG02829,dgroup,DG01644,CYP2D6 substrate,Upadacitinib
DG02829,dgroup,DG01633,CYP3A/CYP3A4 substrate,Upadacitinib
DG02829,dgroup,DG02913,CYP3A4 substrate,Upadacitinib
DG02831,dgroup,DG03201,Intraocular pressure lowering agent,Omidenepag
DG02831,dgroup,DG02970,CES substrate,Omidenepag
DG02831,dgroup,DG03241,CES1 substrate,Omidenepag
DG02833,dgroup,DG01985,Disease modifying anti-rheumatic drug (DMARD),Itacitinib
DG02833,dgroup,DG02020,JAK inhibitor,Itacitinib
DG02836,dgroup,DG02044,Hypoglycemic agent,Ertugliflozin
DG02836,dgroup,DG01794,SGLT2 inhibitor,Ertugliflozin
DG02836,dgroup,DG02924,UGT substrate,Ertugliflozin
DG02836,dgroup,DG03188,UGT1A9 substrate,Ertugliflozin
DG02836,dgroup,DG03190,UGT2B7 substrate,Ertugliflozin
DG02838,dgroup,DG01466,Adrenergic receptor antagonist,Mirtazapine
DG02838,dgroup,DG01465,alpha-Adrenergic receptor antagonist,Mirtazapine
DG02838,dgroup,DG01460,alpha2-Adrenergic receptor antagonist,Mirtazapine
DG02838,dgroup,DG01729,Tetracyclic antidepressant,Mirtazapine
DG02838,dgroup,DG03077,Noradrenergic and specific serotonergic antidepressant (NaSSA),Mirtazapine
DG02838,dgroup,DG01489,5-HT3-receptor antagonist,Mirtazapine
DG02838,dgroup,DG01892,CYP1A2 substrate,Mirtazapine
DG02838,dgroup,DG01644,CYP2D6 substrate,Mirtazapine
DG02838,dgroup,DG01633,CYP3A/CYP3A4 substrate,Mirtazapine
DG02838,dgroup,DG02913,CYP3A4 substrate,Mirtazapine
DG02839,dgroup,DG02919,CYP2B6 substrate,Osilodrostat
DG02839,dgroup,DG01644,CYP2D6 substrate,Osilodrostat
DG02839,dgroup,DG01633,CYP3A/CYP3A4 substrate,Osilodrostat
DG02839,dgroup,DG02913,CYP3A4 substrate,Osilodrostat
DG02839,dgroup,DG02924,UGT substrate,Osilodrostat
DG02840,root,Antiviral,Antiviral,Anti-herpesvirus agent
DG02841,dgroup,DG03029,Anti-influenza virus agent,Viral uncoating inhibitor
DG02842,dgroup,DG03029,Anti-influenza virus agent,Neuraminidase inhibitor
DG02843,dgroup,DG01762,Antiemetic,Netupitant
DG02844,dgroup,DG01523,Triazole antifungal,Ravuconazole
DG02844,dgroup,DG02852,CYP3A/CYP3A4 inhibitor,Ravuconazole
DG02848,dgroup,DG01787,Sulfonamide antibacterial,Sulfamethoxazole
DG02848,dgroup,DG01785,Intermediate-acting sulfonamide,Sulfamethoxazole
DG02852,root,Metabolizing enzyme inhibitor,Metabolizing enzyme inhibitor,CYP3A/CYP3A4 inhibitor
DG02853,root,Metabolizing enzyme inducer,Metabolizing enzyme inducer,CYP3A/CYP3A4 inducer
DG02854,root,Transporter substrate,Transporter substrate,SLC22A2 substrate
DG02855,root,Metabolizing enzyme substrate,Metabolizing enzyme substrate,CYP2E1 substrate
DG02856,root,Transporter substrate,Transporter substrate,SLCO1B1 substrate
DG02857,root,Transporter substrate,Transporter substrate,SLCO1A2 substrate
DG02858,root,Transporter substrate,Transporter substrate,SLC22A1 substrate
DG02859,root,Transporter substrate,Transporter substrate,SLC22A6 substrate
DG02860,root,Transporter substrate,Transporter substrate,SLC22A8 substrate
DG02861,root,Transporter substrate,Transporter substrate,ABCC2 substrate
DG02862,root,Transporter inhibitor,Transporter inhibitor,ABCG2 inhibitor
DG02863,root,Transporter inhibitor,Transporter inhibitor,SLC22A2 inhibitor
DG02864,root,Transporter inhibitor,Transporter inhibitor,SLC47A1 inhibitor
DG02865,root,Transporter inhibitor,Transporter inhibitor,SLCO1B1 inhibitor
DG02866,root,Transporter inhibitor,Transporter inhibitor,SLC22A8 inhibitor
DG02867,root,Transporter inhibitor,Transporter inhibitor,ABCC2 inhibitor
DG02877,dgroup,DG01499,Adenylate cyclase activator,Colforsin
DG02877,dgroup,DG01633,CYP3A/CYP3A4 substrate,Colforsin
DG02878,dgroup,DG01503,Xanthine dehydrogenase inhibitor,Febuxostat
DG02878,dgroup,DG03130,Xanthin oxidase inhibitor,Febuxostat
DG02881,root,Transporter inhibitor,Transporter inhibitor,SLC22A3 inhibitor
DG02882,root,Transporter inhibitor,Transporter inhibitor,ABCB11 inhibitor
DG02883,root,Transporter inhibitor,Transporter inhibitor,SLC22A7 inhibitor
DG02884,root,Metabolizing enzyme inhibitor,Metabolizing enzyme inhibitor,CYP2E1 inhibitor
DG02885,root,Metabolizing enzyme inducer,Metabolizing enzyme inducer,CYP2C19 inducer
DG02886,root,Metabolizing enzyme inducer,Metabolizing enzyme inducer,CYP2C9 inducer
DG02887,root,Metabolizing enzyme inhibitor,Metabolizing enzyme inhibitor,UGT1A1 inhibitor
DG02889,dgroup,DG01980,Calcium,Gluceptate
DG02891,root,Metabolizing enzyme inducer,Metabolizing enzyme inducer,CYP2B6 inducer
DG02892,root,Metabolizing enzyme inhibitor,Metabolizing enzyme inhibitor,CYP2B6 inhibitor
DG02901,root,Transporter inhibitor,Transporter inhibitor,SLC22A6 inhibitor
DG02907,root,Transporter inhibitor,Transporter inhibitor,SLCO1B3 inhibitor
DG02908,root,Transporter inhibitor,Transporter inhibitor,SLC22A1 inhibitor
DG02909,dgroup,DG01967,Antiparkinson agent,COMT inhibitor
DG02910,root,Transporter inducer,Transporter inducer,ABCG2 inducer
DG02911,root,Transporter inducer,Transporter inducer,SLCO1B1 inducer
DG02912,dgroup,DG01566,Hedgehog signaling inhibitor,Glasdegib
DG02913,dgroup,DG01633,CYP3A/CYP3A4 substrate,CYP3A4 substrate
DG02914,dgroup,DG01564,Opioid receptor agonist,Difelikefalin
DG02914,dgroup,DG01562,kappa-Opioid receptor agonist,Difelikefalin
DG02916,dgroup,DG01918,Tyrosine kinase inhibitor,Olmutinib
DG02916,dgroup,DG01917,Receptor tyrosine kinase inhibitor,Olmutinib
DG02916,dgroup,DG03162,EGFR inhibitor,Olmutinib
DG02917,root,Metabolizing enzyme substrate,Metabolizing enzyme substrate,MAO substrate
DG02918,root,Metabolizing enzyme substrate,Metabolizing enzyme substrate,CYP2C8 substrate
DG02919,root,Metabolizing enzyme substrate,Metabolizing enzyme substrate,CYP2B6 substrate
DG02920,root,Transporter substrate,Transporter substrate,ABCC4 substrate
DG02923,dgroup,DG01918,Tyrosine kinase inhibitor,Larotrectinib
DG02923,dgroup,DG01917,Receptor tyrosine kinase inhibitor,Larotrectinib
DG02923,dgroup,DG01633,CYP3A/CYP3A4 substrate,Larotrectinib
DG02924,root,Metabolizing enzyme substrate,Metabolizing enzyme substrate,UGT substrate
DG02925,root,Metabolizing enzyme substrate,Metabolizing enzyme substrate,CYP3A5 substrate
DG02927,dgroup,DG03139,PI3K inhibitor,Leniolisib
DG02928,root,Metabolizing enzyme substrate,Metabolizing enzyme substrate,NAT substrate
DG02929,dgroup,DG01805,Mediator release inhibitor,Pemirolast
DG02931,dgroup,DG01575,Calcium channel blocker,Brovincamine
DG02931,dgroup,DG03055,"Vinca alkaloid, vasodilator",Brovincamine
DG02932,root,Transporter substrate,Transporter substrate,SLCO1B3 substrate
DG02933,root,Transporter substrate,Transporter substrate,SLCO2B1 substrate
DG02935,dgroup,DG01591,Androgen receptor antagonist,Delmadinone
DG02938,root,Antineoplastic,Antineoplastic,Immune checkpoint inhibitor
DG02942,root,Antineoplastic,Antineoplastic,PARP inhibitor
DG02950,root,Metabolizing enzyme substrate,Metabolizing enzyme substrate,FMO3 substrate
DG02951,root,Metabolizing enzyme inhibitor,Metabolizing enzyme inhibitor,FMO inhibitor
DG02952,root,Metabolizing enzyme inhibitor,Metabolizing enzyme inhibitor,AOX1 inhibitor
DG02953,root,Metabolizing enzyme substrate,Metabolizing enzyme substrate,AOX1 substrate
DG02954,root,Metabolizing enzyme substrate,Metabolizing enzyme substrate,CYP2J2 substrate
DG02960,dgroup,DG01633,CYP3A/CYP3A4 substrate,Pexidartinib
DG02960,dgroup,DG02913,CYP3A4 substrate,Pexidartinib
DG02960,dgroup,DG02924,UGT substrate,Pexidartinib
DG02960,dgroup,DG03182,UGT1A4 substrate,Pexidartinib
DG02962,dgroup,DG03029,Anti-influenza virus agent,Baloxavir
DG02963,dgroup,DG01950,Antithrombotic agent,Bivalirudin
DG02963,dgroup,DG01511,Thrombin inhibitor,Bivalirudin
DG02964,root,Transporter substrate,Transporter substrate,SLC47A1 substrate
DG02965,root,Transporter substrate,Transporter substrate,MRP2 substrate
DG02966,dgroup,DG01918,Tyrosine kinase inhibitor,Rivoceranib
DG02966,dgroup,DG01917,Receptor tyrosine kinase inhibitor,Rivoceranib
DG02968,dgroup,DG01985,Disease modifying anti-rheumatic drug (DMARD),Fedratinib
DG02968,dgroup,DG02020,JAK inhibitor,Fedratinib
DG02968,dgroup,DG01639,CYP2C19 substrate,Fedratinib
DG02968,dgroup,DG01633,CYP3A/CYP3A4 substrate,Fedratinib
DG02968,dgroup,DG02913,CYP3A4 substrate,Fedratinib
DG02968,dgroup,DG02950,FMO3 substrate,Fedratinib
DG02969,dgroup,DG01789,Oxazolidinone antibiotic,Contezolid
DG02970,root,Metabolizing enzyme substrate,Metabolizing enzyme substrate,CES substrate
DG02971,root,Metabolizing enzyme substrate,Metabolizing enzyme substrate,SULT substrate
DG02972,root,Metabolizing enzyme substrate,Metabolizing enzyme substrate,CBR substrate
DG02973,root,Metabolizing enzyme substrate,Metabolizing enzyme substrate,BCHE substrate
DG02974,root,Metabolizing enzyme substrate,Metabolizing enzyme substrate,ACHE substrate
DG02975,root,Metabolizing enzyme substrate,Metabolizing enzyme substrate,XDH substrate
DG02976,dgroup,DG01710,beta-Lactam antibiotic,Cefiderocol
DG02976,dgroup,DG01714,Cephalosporin skeleton group,Cefiderocol
DG02976,dgroup,DG01488,Cephem,Cefiderocol
DG02977,root,Metabolizing enzyme substrate,Metabolizing enzyme substrate,CYP2C18 substrate
DG02978,root,Metabolizing enzyme substrate,Metabolizing enzyme substrate,CYP4A11 substrate
DG02979,root,Metabolizing enzyme substrate,Metabolizing enzyme substrate,CYP4F3 substrate
DG02980,root,Metabolizing enzyme substrate,Metabolizing enzyme substrate,CYP4F2 substrate
DG02981,root,Metabolizing enzyme substrate,Metabolizing enzyme substrate,CYP27B1 substrate
DG02982,root,Metabolizing enzyme substrate,Metabolizing enzyme substrate,CYP24A1 substrate
DG02983,root,Metabolizing enzyme substrate,Metabolizing enzyme substrate,ADA substrate
DG02984,root,Metabolizing enzyme substrate,Metabolizing enzyme substrate,DPYD substrate
DG02989,dgroup,DG03059,Noradrenalin and dopamine reuptake inhibitor (NDRI),Sorliamfetol
DG02992,dgroup,DG03231,Antihypertensive,Thiazide related diuretic
DG02992,dgroup,DG01690,Sulfonamide diuretic,Thiazide related diuretic
DG02995,dgroup,DG03139,PI3K inhibitor,Nemiralisib
DG02996,dgroup,DG01918,Tyrosine kinase inhibitor,Ensartinib
DG02996,dgroup,DG03136,ALK inhibitor,Ensartinib
DG03001,root,Transporter substrate,Transporter substrate,CTSA substrate
DG03002,root,Transporter substrate,Transporter substrate,SLC47A2 substrate
DG03004,dgroup,DG01918,Tyrosine kinase inhibitor,Asciminib
DG03004,dgroup,DG03161,BCR-ABL inhibitor,Asciminib
DG03004,dgroup,DG01633,CYP3A/CYP3A4 substrate,Asciminib
DG03004,dgroup,DG02913,CYP3A4 substrate,Asciminib
DG03004,dgroup,DG02924,UGT substrate,Asciminib
DG03004,dgroup,DG03190,UGT2B7 substrate,Asciminib
DG03004,dgroup,DG03181,UGT2B17 substrate,Asciminib
DG03005,root,Neuropsychiatric agent,Neuropsychiatric agent,Serotonin-dopamine antagonist (SDA)
DG03006,root,Cardiovascular agent,Cardiovascular agent,Guanylate cyclase activator
DG03008,root,Transporter inhibitor,Transporter inhibitor,SLCO1A2 inhibitor
DG03012,dgroup,DG01710,beta-Lactam antibiotic,Tebipenem pivoxil
DG03012,dgroup,DG01713,Penicillin skeleton group,Tebipenem pivoxil
DG03012,dgroup,DG01458,Carbapenem,Tebipenem pivoxil
DG03015,dgroup,DG01918,Tyrosine kinase inhibitor,Nazartinib
DG03015,dgroup,DG01917,Receptor tyrosine kinase inhibitor,Nazartinib
DG03018,dgroup,DG01642,CYP2C9 substrate,Siponimod
DG03018,dgroup,DG01633,CYP3A/CYP3A4 substrate,Siponimod
DG03018,dgroup,DG02913,CYP3A4 substrate,Siponimod
DG03020,dgroup,DG01665,ABCB1 substrate,Tazemetostat
DG03020,dgroup,DG02864,SLC47A1 inhibitor,Tazemetostat
DG03020,dgroup,DG03110,SLC47A2 inhibitor,Tazemetostat
DG03021,dgroup,DG01644,CYP2D6 substrate,Pitolisant
DG03021,dgroup,DG01633,CYP3A/CYP3A4 substrate,Pitolisant
DG03021,dgroup,DG02913,CYP3A4 substrate,Pitolisant
DG03023,dgroup,DG01918,Tyrosine kinase inhibitor,Vecabrutinib
DG03023,dgroup,DG02022,BTK inhibitor,Vecabrutinib
DG03025,dgroup,DG03139,PI3K inhibitor,Parsaclisib
DG03029,root,Antiviral,Antiviral,Anti-influenza virus agent
DG03030,dgroup,DG03201,Intraocular pressure lowering agent,Combination of carbonic anhydrase inhibitor and beta blocker
DG03031,dgroup,DG03201,Intraocular pressure lowering agent,Combination of prostaglandin derivative and beta blocker
DG03032,dgroup,DG02044,Hypoglycemic agent,Combination of metformin and DPP-4 inhibitor
DG03033,dgroup,DG02044,Hypoglycemic agent,Combination of metformin and sulfonylurea
DG03034,dgroup,DG02044,Hypoglycemic agent,Combination of metformin and SGLT2 inhibitor
DG03035,dgroup,DG02044,Hypoglycemic agent,Combination of DPP-4 inhibitor and SGLT2 inhibitor
DG03044,dgroup,DG01985,Disease modifying anti-rheumatic drug (DMARD),Brepocitinib
DG03044,dgroup,DG02020,JAK inhibitor,Brepocitinib
DG03045,dgroup,DG01918,Tyrosine kinase inhibitor,Sitravatinib
DG03045,dgroup,DG01917,Receptor tyrosine kinase inhibitor,Sitravatinib
DG03049,dgroup,DG02924,UGT substrate,Tecovirimat
DG03049,dgroup,DG03183,UGT1A1 substrate,Tecovirimat
DG03049,dgroup,DG03182,UGT1A4 substrate,Tecovirimat
DG03050,dgroup,DG01661,Parathyroid hormone and analog,Abaloparatide
DG03050,dgroup,DG03232,Osteoporosis agent,Abaloparatide
DG03051,dgroup,DG03198,Anti-HCV agent,Grazoprevir
DG03051,dgroup,DG02001,HCV NS3/4A protease inhibitor,Grazoprevir
DG03051,dgroup,DG01633,CYP3A/CYP3A4 substrate,Grazoprevir
DG03051,dgroup,DG02852,CYP3A/CYP3A4 inhibitor,Grazoprevir
DG03051,dgroup,DG01665,ABCB1 substrate,Grazoprevir
DG03051,dgroup,DG02856,SLCO1B1 substrate,Grazoprevir
DG03051,dgroup,DG02862,ABCG2 inhibitor,Grazoprevir
DG03053,dgroup,DG01710,beta-Lactam antibiotic,Cefdinir
DG03053,dgroup,DG01714,Cephalosporin skeleton group,Cefdinir
DG03053,dgroup,DG01488,Cephem,Cefdinir
DG03053,dgroup,DG01776,Third-generation cephalosporin,Cefdinir
DG03053,dgroup,DG01804,Oxyimino beta-lactam,Cefdinir
DG03054,dgroup,DG01564,Opioid receptor agonist,Difenoxin
DG03054,dgroup,DG01563,mu-Opioid receptor agonist,Difenoxin
DG03055,root,Cardiovascular agent,Cardiovascular agent,"Vinca alkaloid, vasodilator"
DG03056,root,Neuropsychiatric agent,Neuropsychiatric agent,Serotonin antagonist and reuptake inhibitor (SARI)
DG03057,dgroup,DG01479,beta-Lactamase inhibitor,Durlobactam
DG03058,dgroup,DG03138,CDK inhibitor,Zotiraciclib
DG03058,dgroup,DG01985,Disease modifying anti-rheumatic drug (DMARD),Zotiraciclib
DG03058,dgroup,DG02020,JAK inhibitor,Zotiraciclib
DG03059,root,Neuropsychiatric agent,Neuropsychiatric agent,Noradrenalin and dopamine reuptake inhibitor (NDRI)
DG03060,dgroup,DG01685,Insulin sensitizer,Leriglitazone
DG03060,dgroup,DG01795,PPAR gamma agonist,Leriglitazone
DG03060,dgroup,DG01683,Thiazolidinedione,Leriglitazone
DG03060,dgroup,DG02044,Hypoglycemic agent,Leriglitazone
DG03060,dgroup,DG01683,Thiazolidinedione,Leriglitazone
DG03062,dgroup,DG01918,Tyrosine kinase inhibitor,Infigratinib
DG03062,dgroup,DG01917,Receptor tyrosine kinase inhibitor,Infigratinib
DG03062,dgroup,DG03208,FGFR inhibitor,Infigratinib
DG03064,dgroup,DG03200,Antipsychotic agent,Atypical antipsychotic
DG03065,root,Transporter substrate,Transporter substrate,GST substrate
DG03066,dgroup,DG01813,Pleuromutilin,Lefamulin
DG03066,dgroup,DG01633,CYP3A/CYP3A4 substrate,Lefamulin
DG03066,dgroup,DG02913,CYP3A4 substrate,Lefamulin
DG03071,dgroup,DG01692,Chelator,Trientine
DG03072,dgroup,DG01633,CYP3A/CYP3A4 substrate,Tenapanor
DG03072,dgroup,DG02913,CYP3A4 substrate,Tenapanor
DG03072,dgroup,DG02925,CYP3A5 substrate,Tenapanor
DG03073,dgroup,DG03139,PI3K inhibitor,Duvelisib
DG03074,dgroup,DG01506,Arginine vasopressin receptor 2 (AVPR2) antagonist,Tolvaptan
DG03076,dgroup,DG01502,Endothelin receptor antagonist,Clazosentan
DG03077,root,Neuropsychiatric agent,Neuropsychiatric agent,Noradrenergic and specific serotonergic antidepressant (NaSSA)
DG03078,dgroup,DG01619,Estrogen receptor antagonist/modulator,Elacestrant
DG03078,dgroup,DG01638,CYP2A6 substrate,Elacestrant
DG03078,dgroup,DG01642,CYP2C9 substrate,Elacestrant
DG03078,dgroup,DG01633,CYP3A/CYP3A4 substrate,Elacestrant
DG03078,dgroup,DG02913,CYP3A4 substrate,Elacestrant
DG03079,dgroup,DG01645,CYP2D6 inhibitor,Berotralstat
DG03079,dgroup,DG02852,CYP3A/CYP3A4 inhibitor,Berotralstat
DG03079,dgroup,DG01522,CYP3A4 inhibitor,Berotralstat
DG03079,dgroup,DG01665,ABCB1 substrate,Berotralstat
DG03079,dgroup,DG01913,ABCG2 substrate,Berotralstat
DG03080,dgroup,DG01918,Tyrosine kinase inhibitor,Gusacitinib
DG03080,dgroup,DG01985,Disease modifying anti-rheumatic drug (DMARD),Gusacitinib
DG03080,dgroup,DG02020,JAK inhibitor,Gusacitinib
DG03085,root,Neuropsychiatric agent,Neuropsychiatric agent,Selective norepinephrine reuptake inhibitor (NRI)
DG03087,dgroup,DG01918,Tyrosine kinase inhibitor,Tepotinib
DG03087,dgroup,DG01917,Receptor tyrosine kinase inhibitor,Tepotinib
DG03087,dgroup,DG02918,CYP2C8 substrate,Tepotinib
DG03087,dgroup,DG01633,CYP3A/CYP3A4 substrate,Tepotinib
DG03087,dgroup,DG02913,CYP3A4 substrate,Tepotinib
DG03088,dgroup,DG01479,beta-Lactamase inhibitor,Taniborbactam
DG03089,dgroup,DG01918,Tyrosine kinase inhibitor,Acalabrutinib
DG03089,dgroup,DG02022,BTK inhibitor,Acalabrutinib
DG03089,dgroup,DG01633,CYP3A/CYP3A4 substrate,Acalabrutinib
DG03093,dgroup,DG01918,Tyrosine kinase inhibitor,Dubermatinib
DG03093,dgroup,DG01917,Receptor tyrosine kinase inhibitor,Dubermatinib
DG03100,dgroup,DG01478,Dopamine antagonist,Asenapine
DG03100,dgroup,DG01474,Dopamine D2-receptor antagonist,Asenapine
DG03100,dgroup,DG01892,CYP1A2 substrate,Asenapine
DG03100,dgroup,DG01645,CYP2D6 inhibitor,Asenapine
DG03101,dgroup,DG01918,Tyrosine kinase inhibitor,Tesevatinib
DG03101,dgroup,DG01917,Receptor tyrosine kinase inhibitor,Tesevatinib
DG03104,dgroup,DG01975,Agents for peptic ulcer,Vonoprazan
DG03104,dgroup,DG01646,Proton pump inhibitor (PPI),Vonoprazan
DG03104,dgroup,DG02919,CYP2B6 substrate,Vonoprazan
DG03104,dgroup,DG01639,CYP2C19 substrate,Vonoprazan
DG03104,dgroup,DG01644,CYP2D6 substrate,Vonoprazan
DG03104,dgroup,DG01633,CYP3A/CYP3A4 substrate,Vonoprazan
DG03104,dgroup,DG02913,CYP3A4 substrate,Vonoprazan
DG03105,dgroup,DG01567,GABA-A receptor agonist,Remimazolam
DG03107,root,Antiviral,Antiviral,Anti-HIV agent
DG03110,root,Transporter inhibitor,Transporter inhibitor,SLC47A2 inhibitor
DG03112,dgroup,DG01918,Tyrosine kinase inhibitor,Naquotinib
DG03112,dgroup,DG01917,Receptor tyrosine kinase inhibitor,Naquotinib
DG03114,dgroup,DG01985,Disease modifying anti-rheumatic drug (DMARD),Deuruxolitinib
DG03114,dgroup,DG02020,JAK inhibitor,Deuruxolitinib
DG03117,dgroup,DG02029,Muscle relaxant,Nondepolarizing neuromuscular blocking agent
DG03117,dgroup,DG01696,Peripherally-acting muscle relaxant,Nondepolarizing neuromuscular blocking agent
DG03119,dgroup,DG03225,Orexin receptor antagonist,Daridorexant
DG03120,dgroup,DG02942,PARP inhibitor,Niraparib
DG03121,root,Metabolizing enzyme substrate,Metabolizing enzyme substrate,CYP3A7 substrate
DG03125,dgroup,DG02044,Hypoglycemic agent,Danuglipron
DG03125,dgroup,DG01493,GLP-1 receptor agonist,Danuglipron
DG03128,dgroup,DG01946,Hypolipidemic agent,Anti-PCSK9 antibody and siRNA
DG03129,root,Immunological agent,Immunological agent,Calcineurin inhibitor
DG03130,root,Musculo-skeletal system agent,Musculo-skeletal system agent,Xanthin oxidase inhibitor
DG03133,root,Antineoplastic,Antineoplastic,Histone deacetylase inhibitor
DG03134,root,Antineoplastic,Antineoplastic,Proteasome inhibitor
DG03135,dgroup,DG03107,Anti-HIV agent,HIV integrase inhibitor
DG03136,dgroup,DG01918,Tyrosine kinase inhibitor,ALK inhibitor
DG03137,root,Antineoplastic,Antineoplastic,MEK inhibitor
DG03138,root,Antineoplastic,Antineoplastic,CDK inhibitor
DG03139,root,Antineoplastic,Antineoplastic,PI3K inhibitor
DG03148,dgroup,DG01918,Tyrosine kinase inhibitor,Mobocertinib
DG03148,dgroup,DG01917,Receptor tyrosine kinase inhibitor,Mobocertinib
DG03148,dgroup,DG01633,CYP3A/CYP3A4 substrate,Mobocertinib
DG03158,dgroup,DG01918,Tyrosine kinase inhibitor,HER2 inhibitor
DG03158,dgroup,DG01917,Receptor tyrosine kinase inhibitor,HER2 inhibitor
DG03159,root,Antineoplastic,Antineoplastic,BRAF inhibitor
DG03161,dgroup,DG01918,Tyrosine kinase inhibitor,BCR-ABL inhibitor
DG03162,dgroup,DG01918,Tyrosine kinase inhibitor,EGFR inhibitor
DG03162,dgroup,DG01917,Receptor tyrosine kinase inhibitor,EGFR inhibitor
DG03165,dgroup,DG01633,CYP3A/CYP3A4 substrate,Lenacapavir
DG03165,dgroup,DG02924,UGT substrate,Lenacapavir
DG03165,dgroup,DG03183,UGT1A1 substrate,Lenacapavir
DG03165,dgroup,DG01665,ABCB1 substrate,Lenacapavir
DG03170,root,Hormonal agent,Hormonal agent,Growth hormone receptor agonist
DG03172,root,Antiviral,Antiviral,COVID-19 vaccine
DG03174,root,Antiviral,Antiviral,Anti-SARS-CoV-2 agent
DG03175,dgroup,DG01985,Disease modifying anti-rheumatic drug (DMARD),Ivarmacitinib
DG03175,dgroup,DG02020,JAK inhibitor,Ivarmacitinib
DG03176,dgroup,DG01498,NMDA receptor antagonist,Esmethadone
DG03178,dgroup,DG02917,MAO substrate,MAOA substrate
DG03179,dgroup,DG02917,MAO substrate,MAOB substrate
DG03180,dgroup,DG01466,Adrenergic receptor antagonist,alpha1 and beta-Adrenergic receptor antagonist
DG03180,dgroup,DG03231,Antihypertensive,alpha1 and beta-Adrenergic receptor antagonist
DG03181,dgroup,DG02924,UGT substrate,UGT2B17 substrate
DG03182,dgroup,DG02924,UGT substrate,UGT1A4 substrate
DG03183,dgroup,DG02924,UGT substrate,UGT1A1 substrate
DG03184,dgroup,DG02924,UGT substrate,UGT1A3 substrate
DG03185,dgroup,DG02924,UGT substrate,UGT1A7 substrate
DG03186,dgroup,DG02924,UGT substrate,UGT1A8 substrate
DG03187,dgroup,DG02924,UGT substrate,UGT2B15 substrate
DG03188,dgroup,DG02924,UGT substrate,UGT1A9 substrate
DG03189,dgroup,DG02924,UGT substrate,UGT2B4 substrate
DG03190,dgroup,DG02924,UGT substrate,UGT2B7 substrate
DG03191,root,Metabolizing enzyme substrate,Metabolizing enzyme substrate,FMO1 substrate
DG03192,dgroup,DG02970,CES substrate,CES2 substrate
DG03195,root,Metabolizing enzyme inducer,Metabolizing enzyme inducer,UGT inducer
DG03198,root,Antiviral,Antiviral,Anti-HCV agent
DG03199,root,Neuropsychiatric agent,Neuropsychiatric agent,Antiepileptic agent
DG03200,root,Neuropsychiatric agent,Neuropsychiatric agent,Antipsychotic agent
DG03201,root,Ophthalmic agent,Ophthalmic agent,Intraocular pressure lowering agent
DG03202,root,Neuropsychiatric agent,Neuropsychiatric agent,Hypnotic
DG03203,dgroup,DG01918,Tyrosine kinase inhibitor,VEGFR inhibitor
DG03203,dgroup,DG01917,Receptor tyrosine kinase inhibitor,VEGFR inhibitor
DG03205,dgroup,DG01918,Tyrosine kinase inhibitor,Lazertinib
DG03205,dgroup,DG01917,Receptor tyrosine kinase inhibitor,Lazertinib
DG03205,dgroup,DG03162,EGFR inhibitor,Lazertinib
DG03208,dgroup,DG01918,Tyrosine kinase inhibitor,FGFR inhibitor
DG03208,dgroup,DG01917,Receptor tyrosine kinase inhibitor,FGFR inhibitor
DG03209,dgroup,DG01918,Tyrosine kinase inhibitor,Aumolertinib
DG03209,dgroup,DG01917,Receptor tyrosine kinase inhibitor,Aumolertinib
DG03209,dgroup,DG03162,EGFR inhibitor,Aumolertinib
DG03210,dgroup,DG03198,Anti-HCV agent,Bemnifosbuvir
DG03210,dgroup,DG02000,HCV NS5B polymerase inhibitor,Bemnifosbuvir
DG03210,dgroup,DG03174,Anti-SARS-CoV-2 agent,Bemnifosbuvir
DG03216,dgroup,DG01946,Hypolipidemic agent,Inclisiran
DG03216,dgroup,DG03128,Anti-PCSK9 antibody and siRNA,Inclisiran
DG03219,dgroup,DG03134,Proteasome inhibitor,Bortezomib
DG03220,dgroup,DG01595,Cholinesterase inhibitor,Buntanetap
DG03220,dgroup,DG01593,Acetylcholinesterase inhibitor,Buntanetap
DG03221,dgroup,DG01918,Tyrosine kinase inhibitor,Zeteletinib
DG03223,dgroup,DG01918,Tyrosine kinase inhibitor,Pralsetinib
DG03225,root,Neuropsychiatric agent,Neuropsychiatric agent,Orexin receptor antagonist
DG03226,dgroup,DG01918,Tyrosine kinase inhibitor,Taletrectinib
DG03228,dgroup,DG02044,Hypoglycemic agent,"Combination of metformin, DPP-4 inhibitor and SGLT2 inhibitor"
DG03229,dgroup,DG01636,Insulin preparation,Combination of insulin analog and GLP-1 receptor agonist
DG03231,root,Cardiovascular agent,Cardiovascular agent,Antihypertensive
DG03232,root,Musculo-skeletal system agent,Musculo-skeletal system agent,Osteoporosis agent
DG03234,dgroup,DG01918,Tyrosine kinase inhibitor,Tasurgratinib
DG03234,dgroup,DG01917,Receptor tyrosine kinase inhibitor,Tasurgratinib
DG03235,dgroup,DG01466,Adrenergic receptor antagonist,Landiolol
DG03235,dgroup,DG01464,beta-Adrenergic receptor antagonist (Beta blocker),Landiolol
DG03235,dgroup,DG01461,beta1-Adrenergic receptor antagonist,Landiolol
DG03235,dgroup,DG01653,Antiarrhythmics,Landiolol
DG03235,dgroup,DG01806,Class II antiarrhythmic agent,Landiolol
DG03240,dgroup,DG01918,Tyrosine kinase inhibitor,Tucatinib
DG03240,dgroup,DG01917,Receptor tyrosine kinase inhibitor,Tucatinib
DG03240,dgroup,DG03158,HER2 inhibitor,Tucatinib
DG03240,dgroup,DG02918,CYP2C8 substrate,Tucatinib
DG03240,dgroup,DG01633,CYP3A/CYP3A4 substrate,Tucatinib
DG03241,dgroup,DG02970,CES substrate,CES1 substrate
DG03242,dgroup,DG01479,beta-Lactamase inhibitor,Avibactam
DG03243,root,Dermatological agent,Dermatological agent,Atopic dermatitis agent
DG03244,dgroup,DG02018,Antimetabolite,Fostroxacitabine
DG03244,dgroup,DG01958,"Nucleic acid derivative, antineoplastic",Fostroxacitabine
DG03244,dgroup,DG01439,Arabinofuranosyl type antineoplastic,Fostroxacitabine
DG03246,dgroup,DG01479,beta-Lactamase inhibitor,Ledaborbactam
DG03248,dgroup,DG01588,Somatostatin receptor agonist,Paltusotine
DG03249,dgroup,DG01692,Chelator,Thiomolibdic acid
DG03250,root,Unclassified,Unclassified,DDC substrate
DG03251,root,Unclassified,Unclassified,UGT inhibitor
DG03255,dgroup,DG03137,MEK inhibitor,Avutometinib
DG03257,dgroup,DG02044,Hypoglycemic agent,Orforglipron
DG03257,dgroup,DG01493,GLP-1 receptor agonist,Orforglipron
DG03258,dgroup,DG01918,Tyrosine kinase inhibitor,Catequentinib
DG03264,dgroup,DG01985,Disease modifying anti-rheumatic drug (DMARD),Povorcitinib
DG03264,dgroup,DG02020,JAK inhibitor,Povorcitinib
