disease_id,disease_name,candidate_drug_id,candidate_drug_name,candidate_dgroup_id,shared_gene_count,shared_gene_symbols
H00001,B-cell acute lymphoblastic leukemia,D08279,Tozasertib (USAN),DG01365,2,ABL1; FLT3
H00001,B-cell acute lymphoblastic leukemia,D11600,Zotiraciclib citrate (USAN),DG03058,2,CDK9; FLT3
H00001,B-cell acute lymphoblastic leukemia,D11599,Zotiraciclib (USAN),DG03058,2,CDK9; FLT3
H00001,B-cell acute lymphoblastic leukemia,D08344,Tozasertib lactate (USAN),DG01365,2,ABL1; FLT3
H00001,B-cell acute lymphoblastic leukemia,D06320,Vorinostat (JAN/USAN),,2,HDAC1; HDAC2
H00001,B-cell acute lymphoblastic leukemia,D10084,Abexinostat hydrochloride (USAN),DG01402,2,HDAC1; HDAC2
H00001,B-cell acute lymphoblastic leukemia,D06637,Romidepsin (JAN/USAN/INN),,2,HDAC1; HDAC2
H00001,B-cell acute lymphoblastic leukemia,D10977,Remetinostat (USAN/INN),,2,HDAC1; HDAC2
H00001,B-cell acute lymphoblastic leukemia,D11182,Tinostamustine (USAN/INN),,2,HDAC1; HDAC2
H00001,B-cell acute lymphoblastic leukemia,D11319,Fimepinostat (USAN/INN),,2,HDAC1; HDAC2
H00001,B-cell acute lymphoblastic leukemia,D09357,Mocetinostat dihydrobromide (USAN),DG01404,2,HDAC1; HDAC2
H00001,B-cell acute lymphoblastic leukemia,D10019,Panobinostat lactate (JAN),DG01403,2,HDAC1; HDAC2
H00001,B-cell acute lymphoblastic leukemia,D10993,Tucidinostat (JAN/USAN/INN),,2,HDAC1; HDAC2
H00001,B-cell acute lymphoblastic leukemia,D10060,Abexinostat (USAN),DG01402,2,HDAC1; HDAC2
H00001,B-cell acute lymphoblastic leukemia,D10321,Quisinostat (USAN/INN),DG01407,2,HDAC1; HDAC2
H00002,T-cell acute lymphoblastic leukemia,D11151,Crenigacestat (USAN/INN),,1,NOTCH1
H00002,T-cell acute lymphoblastic leukemia,D11229,Brontictuzumab (USAN/INN),,1,NOTCH1
H00002,T-cell acute lymphoblastic leukemia,D10109,Dasolampanel etibutil tosylate (USAN),,1,GRIA3
H00002,T-cell acute lymphoblastic leukemia,D09035,Zonampanel (INN/USAN),,1,GRIA3
H00002,T-cell acute lymphoblastic leukemia,D04131,Farampator (USAN/INN),,1,GRIA3
H00002,T-cell acute lymphoblastic leukemia,D00537,Topiramate (JAN/USP/INN),,1,GRIA3
H00002,T-cell acute lymphoblastic leukemia,D10107,Dasolampanel (USAN/INN),,1,GRIA3
H00002,T-cell acute lymphoblastic leukemia,D10780,Perampanel hydrate (JAN),DG01901,1,GRIA3
H00002,T-cell acute lymphoblastic leukemia,D12239,Pesampator (USAN),,1,GRIA3
H00002,T-cell acute lymphoblastic leukemia,D09931,Mibampator (USAN/INN),,1,GRIA3
H00002,T-cell acute lymphoblastic leukemia,D10108,Dasolampanel etibutil (USAN),,1,GRIA3
H00002,T-cell acute lymphoblastic leukemia,D11414,Troriluzole (USAN),DG03011,1,GRIA3
H00002,T-cell acute lymphoblastic leukemia,D02696,Talampanel (INN),,1,GRIA3
H00002,T-cell acute lymphoblastic leukemia,D00775,Riluzole (JAN/USP/INN),,1,GRIA3
H00002,T-cell acute lymphoblastic leukemia,D06656,Tezampanel (USAN),,1,GRIA3
H00003,Acute myeloid leukemia,D06272,Sorafenib tosylate (USAN),DG00713,4,BRAF; FLT3; KIT; RAF1
H00003,Acute myeloid leukemia,D08524,Sorafenib (USAN/INN),DG00713,4,BRAF; FLT3; KIT; RAF1
H00003,Acute myeloid leukemia,D10137,Regorafenib hydrate (JAN),DG00720,3,BRAF; KIT; RAF1
H00003,Acute myeloid leukemia,D10138,Regorafenib (USAN/INN),DG00720,3,BRAF; KIT; RAF1
H00003,Acute myeloid leukemia,D11270,Pexidartinib (USAN/INN),DG02960,3,CSF1R; FLT3; KIT
H00003,Acute myeloid leukemia,D11271,Pexidartinib hydrochloride (JAN/USAN),DG02960,3,CSF1R; FLT3; KIT
H00003,Acute myeloid leukemia,D12476,Tuspetinib (USAN/INN),,3,FLT3; JAK2; KIT
H00003,Acute myeloid leukemia,D08552,Sunitinib (INN),DG00712,3,CSF1R; FLT3; KIT
H00003,Acute myeloid leukemia,D06402,Sunitinib malate (JAN/USAN),DG00712,3,CSF1R; FLT3; KIT
H00003,Acute myeloid leukemia,D12515,Avutometinib (USAN/INN),DG03255,3,MAP2K1; MAP2K2; RAF1
H00003,Acute myeloid leukemia,D12534,Avutometinib potassium (USAN),DG03255,3,MAP2K1; MAP2K2; RAF1
H00003,Acute myeloid leukemia,D06221,Triciribine phosphate (USAN),,3,AKT1; AKT2; AKT3
H00003,Acute myeloid leukemia,D10381,Afuresertib (USAN/INN),DG01408,3,AKT1; AKT2; AKT3
H00003,Acute myeloid leukemia,D10641,Ipatasertib (USAN/INN),DG02851,3,AKT1; AKT2; AKT3
H00003,Acute myeloid leukemia,D11074,Ipatasertib hydrochloride (JAN),DG02851,3,AKT1; AKT2; AKT3
H00004,Chronic myeloid leukemia,D12515,Avutometinib (USAN/INN),DG03255,3,MAP2K1; MAP2K2; RAF1
H00004,Chronic myeloid leukemia,D12534,Avutometinib potassium (USAN),DG03255,3,MAP2K1; MAP2K2; RAF1
H00004,Chronic myeloid leukemia,D06221,Triciribine phosphate (USAN),,3,AKT1; AKT2; AKT3
H00004,Chronic myeloid leukemia,D10381,Afuresertib (USAN/INN),DG01408,3,AKT1; AKT2; AKT3
H00004,Chronic myeloid leukemia,D10641,Ipatasertib (USAN/INN),DG02851,3,AKT1; AKT2; AKT3
H00004,Chronic myeloid leukemia,D11074,Ipatasertib hydrochloride (JAN),DG02851,3,AKT1; AKT2; AKT3
H00004,Chronic myeloid leukemia,D10674,Uprosertib (USAN/INN),,3,AKT1; AKT2; AKT3
H00004,Chronic myeloid leukemia,D11508,Miransertib mesylate (USAN),DG03026,3,AKT1; AKT2; AKT3
H00004,Chronic myeloid leukemia,D11409,Miransertib (USAN/INN),DG03026,3,AKT1; AKT2; AKT3
H00004,Chronic myeloid leukemia,D10382,Afuresertib hydrochloride (USAN),DG01408,3,AKT1; AKT2; AKT3
H00004,Chronic myeloid leukemia,D11371,Capivasertib (JAN/USAN),,3,AKT1; AKT2; AKT3
H00004,Chronic myeloid leukemia,D11158,Leniolisib (USAN/INN),DG02927,3,PIK3CA; PIK3CB; PIK3CD
H00004,Chronic myeloid leukemia,D11774,Taselisib (USAN/INN),,3,PIK3CA; PIK3CB; PIK3CD
H00004,Chronic myeloid leukemia,D10635,Gedatolisib (USAN/INN),,3,PIK3CA; PIK3CB; PIK3CD
H00004,Chronic myeloid leukemia,D11727,Voxtalisib (USAN/INN),,3,PIK3CA; PIK3CB; PIK3CD
H00005,Chronic lymphocytic leukemia,D08954,Obatoclax mesylate (USAN),,1,BCL2
H00005,Chronic lymphocytic leukemia,D05216,Oblimersen sodium (USAN),DG00728,1,BCL2
H00005,Chronic lymphocytic leukemia,D08290,Oblimersen (INN),DG00728,1,BCL2
H00005,Chronic lymphocytic leukemia,D08887,Cenersen sodium (USAN),,1,TP53
H00006,Hairy cell leukemia,D08956,Omacetaxine mepesuccinate (USAN),,1,CCND1
H00006,Hairy cell leukemia,D08887,Cenersen sodium (USAN),,1,TP53
H00007,Hodgkin lymphoma,D04318,Glatiramer acetate (JAN/USAN),,6,HLA-A; HLA-B; HLA-C; HLA-E; HLA-F; HLA-G
H00007,Hodgkin lymphoma,D02880,Alvocidib hydrochloride (USAN),DG02041,3,CDK2; CDK4; CDK6
H00007,Hodgkin lymphoma,D09868,Alvocidib (USAN/INN),DG02041,3,CDK2; CDK4; CDK6
H00007,Hodgkin lymphoma,D11158,Leniolisib (USAN/INN),DG02927,3,PIK3CA; PIK3CB; PIK3CD
H00007,Hodgkin lymphoma,D11774,Taselisib (USAN/INN),,3,PIK3CA; PIK3CB; PIK3CD
H00007,Hodgkin lymphoma,D10635,Gedatolisib (USAN/INN),,3,PIK3CA; PIK3CB; PIK3CD
H00007,Hodgkin lymphoma,D11727,Voxtalisib (USAN/INN),,3,PIK3CA; PIK3CB; PIK3CD
H00007,Hodgkin lymphoma,D10543,Apitolisib (USAN/INN),,3,PIK3CA; PIK3CB; PIK3CD
H00007,Hodgkin lymphoma,D11440,Bimiralisib (USAN/INN),,3,PIK3CA; PIK3CB; PIK3CD
H00007,Hodgkin lymphoma,D10552,Dactolisib (USAN/INN),DG01826,3,PIK3CA; PIK3CB; PIK3CD
H00007,Hodgkin lymphoma,D10609,Buparlisib hydrochloride (JAN/USAN),DG01823,3,PIK3CA; PIK3CB; PIK3CD
H00007,Hodgkin lymphoma,D11501,Samotolisib (USAN),,3,PIK3CA; PIK3CB; PIK3CD
H00007,Hodgkin lymphoma,D10189,Pictilisib (USAN/INN),,3,PIK3CA; PIK3CB; PIK3CD
H00007,Hodgkin lymphoma,D10584,Buparlisib (USAN/INN),DG01823,3,PIK3CA; PIK3CB; PIK3CD
H00007,Hodgkin lymphoma,D10718,Omipalisib (USAN/INN),,3,PIK3CA; PIK3CB; PIK3CD
H00008,Burkitt lymphoma,D04318,Glatiramer acetate (JAN/USAN),,6,HLA-A; HLA-B; HLA-C; HLA-E; HLA-F; HLA-G
H00008,Burkitt lymphoma,D02880,Alvocidib hydrochloride (USAN),DG02041,3,CDK2; CDK4; CDK6
H00008,Burkitt lymphoma,D09868,Alvocidib (USAN/INN),DG02041,3,CDK2; CDK4; CDK6
H00008,Burkitt lymphoma,D11158,Leniolisib (USAN/INN),DG02927,3,PIK3CA; PIK3CB; PIK3CD
H00008,Burkitt lymphoma,D11774,Taselisib (USAN/INN),,3,PIK3CA; PIK3CB; PIK3CD
H00008,Burkitt lymphoma,D10635,Gedatolisib (USAN/INN),,3,PIK3CA; PIK3CB; PIK3CD
H00008,Burkitt lymphoma,D11727,Voxtalisib (USAN/INN),,3,PIK3CA; PIK3CB; PIK3CD
H00008,Burkitt lymphoma,D10543,Apitolisib (USAN/INN),,3,PIK3CA; PIK3CB; PIK3CD
H00008,Burkitt lymphoma,D11440,Bimiralisib (USAN/INN),,3,PIK3CA; PIK3CB; PIK3CD
H00008,Burkitt lymphoma,D10552,Dactolisib (USAN/INN),DG01826,3,PIK3CA; PIK3CB; PIK3CD
H00008,Burkitt lymphoma,D10609,Buparlisib hydrochloride (JAN/USAN),DG01823,3,PIK3CA; PIK3CB; PIK3CD
H00008,Burkitt lymphoma,D11501,Samotolisib (USAN),,3,PIK3CA; PIK3CB; PIK3CD
H00008,Burkitt lymphoma,D10189,Pictilisib (USAN/INN),,3,PIK3CA; PIK3CB; PIK3CD
H00008,Burkitt lymphoma,D10584,Buparlisib (USAN/INN),DG01823,3,PIK3CA; PIK3CB; PIK3CD
H00008,Burkitt lymphoma,D10718,Omipalisib (USAN/INN),,3,PIK3CA; PIK3CB; PIK3CD
H00009,Adult T-cell leukemia,D04318,Glatiramer acetate (JAN/USAN),,20,HLA-A; HLA-B; HLA-C; HLA-DMA; HLA-DMB; HLA-DOA; HLA-DOB; HLA-DPA1; HLA-DPB1; HLA-DQA1; HLA-DQA2; HLA-DQB1; HLA-DRA; HLA-DRB1; HLA-DRB3; HLA-DRB4; HLA-DRB5; HLA-E; HLA-F; HLA-G
H00009,Adult T-cell leukemia,D00184,Cyclosporine (USP),,5,PPP3CA; PPP3CB; PPP3CC; PPP3R1; PPP3R2
H00009,Adult T-cell leukemia,D10983,Ruclosporin (USAN/INN),,5,PPP3CA; PPP3CB; PPP3CC; PPP3R1; PPP3R2
H00009,Adult T-cell leukemia,D05480,Pimecrolimus (JAN/USAN/INN),,5,PPP3CA; PPP3CB; PPP3CC; PPP3R1; PPP3R2
H00009,Adult T-cell leukemia,D08556,Tacrolimus (INN),DG00439,5,PPP3CA; PPP3CB; PPP3CC; PPP3R1; PPP3R2
H00009,Adult T-cell leukemia,D09033,Voclosporin (JAN/USAN/INN),,5,PPP3CA; PPP3CB; PPP3CC; PPP3R1; PPP3R2
H00009,Adult T-cell leukemia,D00107,Tacrolimus (USP/INN),DG00439,5,PPP3CA; PPP3CB; PPP3CC; PPP3R1; PPP3R2
H00009,Adult T-cell leukemia,D02967,Apolizumab (USAN/INN),,4,HLA-DRB1; HLA-DRB3; HLA-DRB4; HLA-DRB5
H00009,Adult T-cell leukemia,D11158,Leniolisib (USAN/INN),DG02927,3,PIK3CA; PIK3CB; PIK3CD
H00009,Adult T-cell leukemia,D11774,Taselisib (USAN/INN),,3,PIK3CA; PIK3CB; PIK3CD
H00009,Adult T-cell leukemia,D10635,Gedatolisib (USAN/INN),,3,PIK3CA; PIK3CB; PIK3CD
H00009,Adult T-cell leukemia,D11727,Voxtalisib (USAN/INN),,3,PIK3CA; PIK3CB; PIK3CD
H00009,Adult T-cell leukemia,D10543,Apitolisib (USAN/INN),,3,PIK3CA; PIK3CB; PIK3CD
H00009,Adult T-cell leukemia,D11440,Bimiralisib (USAN/INN),,3,PIK3CA; PIK3CB; PIK3CD
H00009,Adult T-cell leukemia,D10552,Dactolisib (USAN/INN),DG01826,3,PIK3CA; PIK3CB; PIK3CD
H00010,Multiple myeloma,D08956,Omacetaxine mepesuccinate (USAN),,2,CCND1; MYC
H00010,Multiple myeloma,D09901,Etrolizumab (USAN/INN),,1,ITGB7
H00010,Multiple myeloma,D08083,Vedolizumab (USAN),,1,ITGB7
H00010,Multiple myeloma,D10028,Valategrast hydrochloride (USAN),,1,ITGB7
H00010,Multiple myeloma,D09799,Carotegrast methyl (JAN),,1,ITGB7
H00010,Multiple myeloma,D10540,Abrilumab (USAN/INN),,1,ITGB7
H00010,Multiple myeloma,D12055,Sotorasib (JAN/USAN),,1,KRAS
H00010,Multiple myeloma,D12301,Adagrasib (USAN/INN),,1,KRAS
H00010,Multiple myeloma,D10481,Nintedanib (USAN/INN),DG01374,1,FGFR3
H00010,Multiple myeloma,D11417,Pemigatinib (JAN/USAN/INN),,1,FGFR3
H00010,Multiple myeloma,D10927,Erdafitinib (JAN/USAN/INN),,1,FGFR3
H00010,Multiple myeloma,D11611,Infigratinib phosphate (USAN),DG03062,1,FGFR3
H00010,Multiple myeloma,D12284,Recifercept (USAN/INN),,1,FGFR3
H00010,Multiple myeloma,D12537,Catequentinib hydrochloride (USAN),DG03258,1,FGFR3
H00010,Multiple myeloma,D09920,Lenvatinib mesylate (USAN),DG01362,1,FGFR3
H00012,Polycythemia vera,D11768,Pacritinib (USAN/INN),,1,JAK2
H00012,Polycythemia vera,D09783,Tofacitinib citrate (JAN/USAN),DG00742,1,JAK2
H00012,Polycythemia vera,D11600,Zotiraciclib citrate (USAN),DG03058,1,JAK2
H00012,Polycythemia vera,D11599,Zotiraciclib (USAN),DG03058,1,JAK2
H00012,Polycythemia vera,D10653,Peficitinib (USAN/INN),DG01853,1,JAK2
H00012,Polycythemia vera,D11677,Gusacitinib hydrochloride (USAN),DG03080,1,JAK2
H00012,Polycythemia vera,D10365,Gandotinib (USAN/INN),,1,JAK2
H00012,Polycythemia vera,D11106,Filgotinib maleate (JAN/USAN),DG01991,1,JAK2
H00012,Polycythemia vera,D11866,Deuruxolitinib (USAN),DG03114,1,JAK2
H00012,Polycythemia vera,D10630,Fedratinib (USAN/INN),DG02968,1,JAK2
H00012,Polycythemia vera,D10308,Baricitinib (JAN/USAN/INN),,1,JAK2
H00012,Polycythemia vera,D12476,Tuspetinib (USAN/INN),,1,JAK2
H00012,Polycythemia vera,D11676,Gusacitinib (USAN/INN),DG03080,1,JAK2
H00012,Polycythemia vera,D11296,Fedratinib hydrochloride (USAN),DG02968,1,JAK2
H00012,Polycythemia vera,D11046,Delgocitinib (JAN/USAN/INN),,1,JAK2
H00013,Small cell lung cancer,D03584,Colforsin (USAN/INN),DG02877,9,ADCY1; ADCY2; ADCY3; ADCY4; ADCY5; ADCY6; ADCY7; ADCY8; ADCY9
H00013,Small cell lung cancer,D01697,Colforsin daropate hydrochloride (JAN),DG02877,9,ADCY1; ADCY2; ADCY3; ADCY4; ADCY5; ADCY6; ADCY7; ADCY8; ADCY9
H00013,Small cell lung cancer,D00999,Acetylcholine chloride (JP18/USP/INN),DG01133,5,CHRNA3; CHRNA4; CHRNA7; CHRNB2; CHRNB4
H00013,Small cell lung cancer,D02204,Hexamethonium bromide (JAN/INN),,5,CHRNA3; CHRNA4; CHRNA7; CHRNB2; CHRNB4
H00013,Small cell lung cancer,D00764,Pipecuronium bromide (JAN/USAN/INN),,5,CHRNA3; CHRNA4; CHRNA7; CHRNB2; CHRNB4
H00013,Small cell lung cancer,D00765,Rocuronium bromide (JAN/USP/INN),,5,CHRNA3; CHRNA4; CHRNA7; CHRNB2; CHRNB4
H00013,Small cell lung cancer,D00760,Doxacurium chloride (USAN/INN),,5,CHRNA3; CHRNA4; CHRNA7; CHRNB2; CHRNB4
H00013,Small cell lung cancer,D00758,Atracurium besylate (USP),DG00771,5,CHRNA3; CHRNA4; CHRNA7; CHRNB2; CHRNB4
H00013,Small cell lung cancer,D05156,Nicotine bitartrate (USAN),DG00994,5,CHRNA3; CHRNA4; CHRNA7; CHRNB2; CHRNB4
H00013,Small cell lung cancer,D00492,Pancuronium bromide (JP18/USP/INN),DG00769,5,CHRNA3; CHRNA4; CHRNA7; CHRNB2; CHRNB4
H00013,Small cell lung cancer,D07770,Cytisinicline (USAN),,5,CHRNA3; CHRNA4; CHRNA7; CHRNB2; CHRNB4
H00013,Small cell lung cancer,D02202,Lobeline hydrochloride (JAN),DG01287,5,CHRNA3; CHRNA4; CHRNA7; CHRNB2; CHRNB4
H00013,Small cell lung cancer,D05157,Nicotine polacrilex (USP),DG00994,5,CHRNA3; CHRNA4; CHRNA7; CHRNB2; CHRNB4
H00013,Small cell lung cancer,D02364,Lobeline (INN),DG01287,5,CHRNA3; CHRNA4; CHRNA7; CHRNB2; CHRNB4
H00013,Small cell lung cancer,D00611,Mecamylamine hydrochloride (USP),DG00252,5,CHRNA3; CHRNA4; CHRNA7; CHRNB2; CHRNB4
H00014,Non-small cell lung cancer,D03584,Colforsin (USAN/INN),DG02877,9,ADCY1; ADCY2; ADCY3; ADCY4; ADCY5; ADCY6; ADCY7; ADCY8; ADCY9
H00014,Non-small cell lung cancer,D01697,Colforsin daropate hydrochloride (JAN),DG02877,9,ADCY1; ADCY2; ADCY3; ADCY4; ADCY5; ADCY6; ADCY7; ADCY8; ADCY9
H00014,Non-small cell lung cancer,D00999,Acetylcholine chloride (JP18/USP/INN),DG01133,5,CHRNA3; CHRNA4; CHRNA7; CHRNB2; CHRNB4
H00014,Non-small cell lung cancer,D02204,Hexamethonium bromide (JAN/INN),,5,CHRNA3; CHRNA4; CHRNA7; CHRNB2; CHRNB4
H00014,Non-small cell lung cancer,D00764,Pipecuronium bromide (JAN/USAN/INN),,5,CHRNA3; CHRNA4; CHRNA7; CHRNB2; CHRNB4
H00014,Non-small cell lung cancer,D00765,Rocuronium bromide (JAN/USP/INN),,5,CHRNA3; CHRNA4; CHRNA7; CHRNB2; CHRNB4
H00014,Non-small cell lung cancer,D00760,Doxacurium chloride (USAN/INN),,5,CHRNA3; CHRNA4; CHRNA7; CHRNB2; CHRNB4
H00014,Non-small cell lung cancer,D00758,Atracurium besylate (USP),DG00771,5,CHRNA3; CHRNA4; CHRNA7; CHRNB2; CHRNB4
H00014,Non-small cell lung cancer,D05156,Nicotine bitartrate (USAN),DG00994,5,CHRNA3; CHRNA4; CHRNA7; CHRNB2; CHRNB4
H00014,Non-small cell lung cancer,D00492,Pancuronium bromide (JP18/USP/INN),DG00769,5,CHRNA3; CHRNA4; CHRNA7; CHRNB2; CHRNB4
H00014,Non-small cell lung cancer,D07770,Cytisinicline (USAN),,5,CHRNA3; CHRNA4; CHRNA7; CHRNB2; CHRNB4
H00014,Non-small cell lung cancer,D02202,Lobeline hydrochloride (JAN),DG01287,5,CHRNA3; CHRNA4; CHRNA7; CHRNB2; CHRNB4
H00014,Non-small cell lung cancer,D05157,Nicotine polacrilex (USP),DG00994,5,CHRNA3; CHRNA4; CHRNA7; CHRNB2; CHRNB4
H00014,Non-small cell lung cancer,D02364,Lobeline (INN),DG01287,5,CHRNA3; CHRNA4; CHRNA7; CHRNB2; CHRNB4
H00014,Non-small cell lung cancer,D00611,Mecamylamine hydrochloride (USP),DG00252,5,CHRNA3; CHRNA4; CHRNA7; CHRNB2; CHRNB4
H00015,Malignant pleural mesothelioma,D04862,Masoprocol (USAN/INN),,1,IGF1
H00015,Malignant pleural mesothelioma,D10943,Istiratumab (USAN/INN),,1,IGF1R
H00015,Malignant pleural mesothelioma,D10056,Robatumumab (USAN/INN),,1,IGF1R
H00015,Malignant pleural mesothelioma,D04870,Mecasermin rinfabate (USAN/INN),DG01359,1,IGF1R
H00015,Malignant pleural mesothelioma,D00967,Toremifene citrate (JAN/USAN),DG00735,1,IGF1R
H00015,Malignant pleural mesothelioma,D03297,Mecasermin (USAN/INN),DG01359,1,IGF1R
H00015,Malignant pleural mesothelioma,D04491,Ibutamoren mesylate (USAN),,1,IGF1R
H00015,Malignant pleural mesothelioma,D09680,Teprotumumab (USAN/INN),,1,IGF1R
H00015,Malignant pleural mesothelioma,D09345,Figitumumab (USAN),,1,IGF1R
H00015,Malignant pleural mesothelioma,D09746,Dalotuzumab (USAN),,1,IGF1R
H00015,Malignant pleural mesothelioma,D09908,Ganitumab (USAN/INN),,1,IGF1R
H00015,Malignant pleural mesothelioma,D08620,Toremifene (INN),DG00735,1,IGF1R
H00015,Malignant pleural mesothelioma,D09925,Linsitinib (USAN/INN),,1,IGF1R
H00015,Malignant pleural mesothelioma,D09328,Cixutumumab (USAN),,1,IGF1R
H00015,Malignant pleural mesothelioma,D08887,Cenersen sodium (USAN),,1,TP53
H00016,Oral cancer,D08956,Omacetaxine mepesuccinate (USAN),,2,CCND1; MYC
H00016,Oral cancer,D12259,Aumolertinib mesylate (USAN),DG03209,1,EGFR
H00016,Oral cancer,D10958,Naquotinib (USAN/INN),DG03112,1,EGFR
H00016,Oral cancer,D11772,Tesevatinib (USAN/INN),DG03101,1,EGFR
H00016,Oral cancer,D08108,Lapatinib (INN),DG00715,1,EGFR
H00016,Oral cancer,D10439,Imgatuzumab (USAN/INN),,1,EGFR
H00016,Oral cancer,D11125,Modotuximab (USAN/INN),,1,EGFR
H00016,Oral cancer,D09724,Afatinib (USAN/INN),DG00717,1,EGFR
H00016,Oral cancer,D12001,Mobocertinib (USAN/INN),DG03148,1,EGFR
H00016,Oral cancer,D12229,Poziotinib (USAN/INN),DG03196,1,EGFR
H00016,Oral cancer,D11874,Serclutamab talirine (USAN/INN),,1,EGFR
H00016,Oral cancer,D09690,Varlitinib tosylate (USAN),DG01357,1,EGFR
H00016,Oral cancer,D05350,Panitumumab (USAN/INN),,1,EGFR
H00016,Oral cancer,D11411,Lifirafenib maleate (USAN),DG03009,1,EGFR
H00016,Oral cancer,D12230,Poziotinib hydrochloride (USAN),DG03196,1,EGFR
H00017,Esophageal cancer,D12259,Aumolertinib mesylate (USAN),DG03209,1,EGFR
H00017,Esophageal cancer,D10958,Naquotinib (USAN/INN),DG03112,1,EGFR
H00017,Esophageal cancer,D11772,Tesevatinib (USAN/INN),DG03101,1,EGFR
H00017,Esophageal cancer,D08108,Lapatinib (INN),DG00715,1,EGFR
H00017,Esophageal cancer,D10439,Imgatuzumab (USAN/INN),,1,EGFR
H00017,Esophageal cancer,D11125,Modotuximab (USAN/INN),,1,EGFR
H00017,Esophageal cancer,D09724,Afatinib (USAN/INN),DG00717,1,EGFR
H00017,Esophageal cancer,D12001,Mobocertinib (USAN/INN),DG03148,1,EGFR
H00017,Esophageal cancer,D12229,Poziotinib (USAN/INN),DG03196,1,EGFR
H00017,Esophageal cancer,D11874,Serclutamab talirine (USAN/INN),,1,EGFR
H00017,Esophageal cancer,D09690,Varlitinib tosylate (USAN),DG01357,1,EGFR
H00017,Esophageal cancer,D05350,Panitumumab (USAN/INN),,1,EGFR
H00017,Esophageal cancer,D11411,Lifirafenib maleate (USAN),DG03009,1,EGFR
H00017,Esophageal cancer,D12230,Poziotinib hydrochloride (USAN),DG03196,1,EGFR
H00017,Esophageal cancer,D04862,Masoprocol (USAN/INN),,1,EGFR
H00018,Gastric cancer,D10635,Gedatolisib (USAN/INN),,4,MTOR; PIK3CA; PIK3CB; PIK3CD
H00018,Gastric cancer,D11727,Voxtalisib (USAN/INN),,4,MTOR; PIK3CA; PIK3CB; PIK3CD
H00018,Gastric cancer,D10543,Apitolisib (USAN/INN),,4,MTOR; PIK3CA; PIK3CB; PIK3CD
H00018,Gastric cancer,D11440,Bimiralisib (USAN/INN),,4,MTOR; PIK3CA; PIK3CB; PIK3CD
H00018,Gastric cancer,D10552,Dactolisib (USAN/INN),DG01826,4,MTOR; PIK3CA; PIK3CB; PIK3CD
H00018,Gastric cancer,D11501,Samotolisib (USAN),,4,MTOR; PIK3CA; PIK3CB; PIK3CD
H00018,Gastric cancer,D10718,Omipalisib (USAN/INN),,4,MTOR; PIK3CA; PIK3CB; PIK3CD
H00018,Gastric cancer,D10616,Dactolisib tosylate (USAN),DG01826,4,MTOR; PIK3CA; PIK3CB; PIK3CD
H00018,Gastric cancer,D12515,Avutometinib (USAN/INN),DG03255,3,MAP2K1; MAP2K2; RAF1
H00018,Gastric cancer,D12534,Avutometinib potassium (USAN),DG03255,3,MAP2K1; MAP2K2; RAF1
H00018,Gastric cancer,D11158,Leniolisib (USAN/INN),DG02927,3,PIK3CA; PIK3CB; PIK3CD
H00018,Gastric cancer,D11774,Taselisib (USAN/INN),,3,PIK3CA; PIK3CB; PIK3CD
H00018,Gastric cancer,D10609,Buparlisib hydrochloride (JAN/USAN),DG01823,3,PIK3CA; PIK3CB; PIK3CD
H00018,Gastric cancer,D10189,Pictilisib (USAN/INN),,3,PIK3CA; PIK3CB; PIK3CD
H00018,Gastric cancer,D10584,Buparlisib (USAN/INN),DG01823,3,PIK3CA; PIK3CB; PIK3CD
H00019,Pancreatic cancer,D10635,Gedatolisib (USAN/INN),,4,MTOR; PIK3CA; PIK3CB; PIK3CD
H00019,Pancreatic cancer,D11727,Voxtalisib (USAN/INN),,4,MTOR; PIK3CA; PIK3CB; PIK3CD
H00019,Pancreatic cancer,D10543,Apitolisib (USAN/INN),,4,MTOR; PIK3CA; PIK3CB; PIK3CD
H00019,Pancreatic cancer,D11440,Bimiralisib (USAN/INN),,4,MTOR; PIK3CA; PIK3CB; PIK3CD
H00019,Pancreatic cancer,D10552,Dactolisib (USAN/INN),DG01826,4,MTOR; PIK3CA; PIK3CB; PIK3CD
H00019,Pancreatic cancer,D11501,Samotolisib (USAN),,4,MTOR; PIK3CA; PIK3CB; PIK3CD
H00019,Pancreatic cancer,D10718,Omipalisib (USAN/INN),,4,MTOR; PIK3CA; PIK3CB; PIK3CD
H00019,Pancreatic cancer,D10616,Dactolisib tosylate (USAN),DG01826,4,MTOR; PIK3CA; PIK3CB; PIK3CD
H00019,Pancreatic cancer,D12515,Avutometinib (USAN/INN),DG03255,3,MAP2K1; MAP2K2; RAF1
H00019,Pancreatic cancer,D12534,Avutometinib potassium (USAN),DG03255,3,MAP2K1; MAP2K2; RAF1
H00019,Pancreatic cancer,D06221,Triciribine phosphate (USAN),,3,AKT1; AKT2; AKT3
H00019,Pancreatic cancer,D10381,Afuresertib (USAN/INN),DG01408,3,AKT1; AKT2; AKT3
H00019,Pancreatic cancer,D10641,Ipatasertib (USAN/INN),DG02851,3,AKT1; AKT2; AKT3
H00019,Pancreatic cancer,D11074,Ipatasertib hydrochloride (JAN),DG02851,3,AKT1; AKT2; AKT3
H00019,Pancreatic cancer,D10674,Uprosertib (USAN/INN),,3,AKT1; AKT2; AKT3
H00020,Colorectal cancer,D10635,Gedatolisib (USAN/INN),,4,MTOR; PIK3CA; PIK3CB; PIK3CD
H00020,Colorectal cancer,D11727,Voxtalisib (USAN/INN),,4,MTOR; PIK3CA; PIK3CB; PIK3CD
H00020,Colorectal cancer,D10543,Apitolisib (USAN/INN),,4,MTOR; PIK3CA; PIK3CB; PIK3CD
H00020,Colorectal cancer,D11440,Bimiralisib (USAN/INN),,4,MTOR; PIK3CA; PIK3CB; PIK3CD
H00020,Colorectal cancer,D10552,Dactolisib (USAN/INN),DG01826,4,MTOR; PIK3CA; PIK3CB; PIK3CD
H00020,Colorectal cancer,D11501,Samotolisib (USAN),,4,MTOR; PIK3CA; PIK3CB; PIK3CD
H00020,Colorectal cancer,D10718,Omipalisib (USAN/INN),,4,MTOR; PIK3CA; PIK3CB; PIK3CD
H00020,Colorectal cancer,D10616,Dactolisib tosylate (USAN),DG01826,4,MTOR; PIK3CA; PIK3CB; PIK3CD
H00020,Colorectal cancer,D12515,Avutometinib (USAN/INN),DG03255,3,MAP2K1; MAP2K2; RAF1
H00020,Colorectal cancer,D12534,Avutometinib potassium (USAN),DG03255,3,MAP2K1; MAP2K2; RAF1
H00020,Colorectal cancer,D11158,Leniolisib (USAN/INN),DG02927,3,PIK3CA; PIK3CB; PIK3CD
H00020,Colorectal cancer,D11774,Taselisib (USAN/INN),,3,PIK3CA; PIK3CB; PIK3CD
H00020,Colorectal cancer,D10609,Buparlisib hydrochloride (JAN/USAN),DG01823,3,PIK3CA; PIK3CB; PIK3CD
H00020,Colorectal cancer,D10189,Pictilisib (USAN/INN),,3,PIK3CA; PIK3CB; PIK3CD
H00020,Colorectal cancer,D10584,Buparlisib (USAN/INN),DG01823,3,PIK3CA; PIK3CB; PIK3CD
H00021,Renal cell carcinoma,D12515,Avutometinib (USAN/INN),DG03255,3,MAP2K1; MAP2K2; RAF1
H00021,Renal cell carcinoma,D12534,Avutometinib potassium (USAN),DG03255,3,MAP2K1; MAP2K2; RAF1
H00021,Renal cell carcinoma,D11158,Leniolisib (USAN/INN),DG02927,3,PIK3CA; PIK3CB; PIK3CD
H00021,Renal cell carcinoma,D11774,Taselisib (USAN/INN),,3,PIK3CA; PIK3CB; PIK3CD
H00021,Renal cell carcinoma,D10635,Gedatolisib (USAN/INN),,3,PIK3CA; PIK3CB; PIK3CD
H00021,Renal cell carcinoma,D11727,Voxtalisib (USAN/INN),,3,PIK3CA; PIK3CB; PIK3CD
H00021,Renal cell carcinoma,D10543,Apitolisib (USAN/INN),,3,PIK3CA; PIK3CB; PIK3CD
H00021,Renal cell carcinoma,D11440,Bimiralisib (USAN/INN),,3,PIK3CA; PIK3CB; PIK3CD
H00021,Renal cell carcinoma,D10552,Dactolisib (USAN/INN),DG01826,3,PIK3CA; PIK3CB; PIK3CD
H00021,Renal cell carcinoma,D10609,Buparlisib hydrochloride (JAN/USAN),DG01823,3,PIK3CA; PIK3CB; PIK3CD
H00021,Renal cell carcinoma,D11501,Samotolisib (USAN),,3,PIK3CA; PIK3CB; PIK3CD
H00021,Renal cell carcinoma,D10189,Pictilisib (USAN/INN),,3,PIK3CA; PIK3CB; PIK3CD
H00021,Renal cell carcinoma,D10584,Buparlisib (USAN/INN),DG01823,3,PIK3CA; PIK3CB; PIK3CD
H00021,Renal cell carcinoma,D10718,Omipalisib (USAN/INN),,3,PIK3CA; PIK3CB; PIK3CD
H00021,Renal cell carcinoma,D10616,Dactolisib tosylate (USAN),DG01826,3,PIK3CA; PIK3CB; PIK3CD
H00022,Bladder cancer,D12515,Avutometinib (USAN/INN),DG03255,3,MAP2K1; MAP2K2; RAF1
H00022,Bladder cancer,D12534,Avutometinib potassium (USAN),DG03255,3,MAP2K1; MAP2K2; RAF1
H00022,Bladder cancer,D12291,Tovorafenib (USAN/INN),,3,ARAF; BRAF; RAF1
H00022,Bladder cancer,D10372,Palbociclib (JAN/USAN),DG01831,2,CDK4; CDK6
H00022,Bladder cancer,D11130,Trilaciclib (USAN/INN),DG03146,2,CDK4; CDK6
H00022,Bladder cancer,D10652,Palbociclib isethionate (USAN),DG01831,2,CDK4; CDK6
H00022,Bladder cancer,D10688,Abemaciclib (JAN/USAN/INN),,2,CDK4; CDK6
H00022,Bladder cancer,D11455,Lerociclib (USAN),,2,CDK4; CDK6
H00022,Bladder cancer,D10979,Ribociclib succinate (USAN),DG02084,2,CDK4; CDK6
H00022,Bladder cancer,D02880,Alvocidib hydrochloride (USAN),DG02041,2,CDK4; CDK6
H00022,Bladder cancer,D10883,Ribociclib (USAN/INN),DG02084,2,CDK4; CDK6
H00022,Bladder cancer,D11987,Trilaciclib dihydrochloride,DG03146,2,CDK4; CDK6
H00022,Bladder cancer,D09868,Alvocidib (USAN/INN),DG02041,2,CDK4; CDK6
H00022,Bladder cancer,D10024,Selumetinib sulfate (JAN/USAN),DG01414,2,MAP2K1; MAP2K2
H00022,Bladder cancer,D12473,Zapnometinib (USAN/INN),,2,MAP2K1; MAP2K2
H00023,Testicular cancer,D12537,Catequentinib hydrochloride (USAN),DG03258,2,FGFR3; KIT
H00023,Testicular cancer,D12526,Catequentinib (USAN/INN),DG03258,2,FGFR3; KIT
H00023,Testicular cancer,D08907,Dovitinib lactate (USAN),,2,FGFR3; KIT
H00023,Testicular cancer,D10481,Nintedanib (USAN/INN),DG01374,1,FGFR3
H00023,Testicular cancer,D11417,Pemigatinib (JAN/USAN/INN),,1,FGFR3
H00023,Testicular cancer,D10927,Erdafitinib (JAN/USAN/INN),,1,FGFR3
H00023,Testicular cancer,D11611,Infigratinib phosphate (USAN),DG03062,1,FGFR3
H00023,Testicular cancer,D12284,Recifercept (USAN/INN),,1,FGFR3
H00023,Testicular cancer,D09920,Lenvatinib mesylate (USAN),DG01362,1,FGFR3
H00023,Testicular cancer,D05716,Repifermin (USAN/INN),,1,FGFR3
H00023,Testicular cancer,D10396,Nintedanib esylate (USAN),DG01374,1,FGFR3
H00023,Testicular cancer,D11461,Derazantinib hydrochloride (USAN),,1,FGFR3
H00023,Testicular cancer,D09919,Lenvatinib (USAN/INN),DG01362,1,FGFR3
H00023,Testicular cancer,D11445,Vofatamab (USAN),,1,FGFR3
H00023,Testicular cancer,D12405,Tasurgratinib succinate (JAN),DG03234,1,FGFR3
H00024,Prostate cancer,D12515,Avutometinib (USAN/INN),DG03255,3,MAP2K1; MAP2K2; RAF1
H00024,Prostate cancer,D12534,Avutometinib potassium (USAN),DG03255,3,MAP2K1; MAP2K2; RAF1
H00024,Prostate cancer,D06221,Triciribine phosphate (USAN),,3,AKT1; AKT2; AKT3
H00024,Prostate cancer,D10381,Afuresertib (USAN/INN),DG01408,3,AKT1; AKT2; AKT3
H00024,Prostate cancer,D10641,Ipatasertib (USAN/INN),DG02851,3,AKT1; AKT2; AKT3
H00024,Prostate cancer,D11074,Ipatasertib hydrochloride (JAN),DG02851,3,AKT1; AKT2; AKT3
H00024,Prostate cancer,D10674,Uprosertib (USAN/INN),,3,AKT1; AKT2; AKT3
H00024,Prostate cancer,D11508,Miransertib mesylate (USAN),DG03026,3,AKT1; AKT2; AKT3
H00024,Prostate cancer,D11409,Miransertib (USAN/INN),DG03026,3,AKT1; AKT2; AKT3
H00024,Prostate cancer,D10382,Afuresertib hydrochloride (USAN),DG01408,3,AKT1; AKT2; AKT3
H00024,Prostate cancer,D11371,Capivasertib (JAN/USAN),,3,AKT1; AKT2; AKT3
H00024,Prostate cancer,D10168,Tanzisertib (USAN),,3,MAPK10; MAPK8; MAPK9
H00024,Prostate cancer,D12291,Tovorafenib (USAN/INN),,3,ARAF; BRAF; RAF1
H00024,Prostate cancer,D10024,Selumetinib sulfate (JAN/USAN),DG01414,2,MAP2K1; MAP2K2
H00024,Prostate cancer,D12473,Zapnometinib (USAN/INN),,2,MAP2K1; MAP2K2
H00025,Penile cancer,D03061,Batimastat (USAN/INN),,2,MMP2; MMP9
H00025,Penile cancer,D03793,Ilomastat (USAN/INN),,2,MMP2; MMP9
H00025,Penile cancer,D03800,Rebimastat (USAN/INN),,2,MMP2; MMP9
H00025,Penile cancer,D03802,Tanomastat (USAN/INN),,2,MMP2; MMP9
H00025,Penile cancer,D03795,Marimastat (USAN/INN),,2,MMP2; MMP9
H00025,Penile cancer,D03797,Prinomastat (USAN/INN),,2,MMP2; MMP9
H00025,Penile cancer,D03517,Cipemastat (USAN/INN),,1,MMP9
H00025,Penile cancer,D11262,Andecaliximab (USAN/INN),,1,MMP9
H00025,Penile cancer,D11219,Idasanutlin (USAN/INN),,1,MDM2
H00025,Penile cancer,D12378,Navtemadlin (USAN/INN),,1,MDM2
H00025,Penile cancer,D12418,Siremadlin succinate (USAN),DG03238,1,MDM2
H00025,Penile cancer,D12399,Sulanemadlin (USAN/INN),,1,MDM2
H00025,Penile cancer,D12417,Siremadlin (USAN/INN),DG03238,1,MDM2
H00025,Penile cancer,D08149,Loxoprofen (INN),DG01251,1,PTGS2
H00025,Penile cancer,D05319,Oxyphenbutazone hydrate,DG00746,1,PTGS2
H00026,Endometrial cancer,D12515,Avutometinib (USAN/INN),DG03255,3,MAP2K1; MAP2K2; RAF1
H00026,Endometrial cancer,D12534,Avutometinib potassium (USAN),DG03255,3,MAP2K1; MAP2K2; RAF1
H00026,Endometrial cancer,D06221,Triciribine phosphate (USAN),,3,AKT1; AKT2; AKT3
H00026,Endometrial cancer,D10381,Afuresertib (USAN/INN),DG01408,3,AKT1; AKT2; AKT3
H00026,Endometrial cancer,D10641,Ipatasertib (USAN/INN),DG02851,3,AKT1; AKT2; AKT3
H00026,Endometrial cancer,D11074,Ipatasertib hydrochloride (JAN),DG02851,3,AKT1; AKT2; AKT3
H00026,Endometrial cancer,D10674,Uprosertib (USAN/INN),,3,AKT1; AKT2; AKT3
H00026,Endometrial cancer,D11508,Miransertib mesylate (USAN),DG03026,3,AKT1; AKT2; AKT3
H00026,Endometrial cancer,D11409,Miransertib (USAN/INN),DG03026,3,AKT1; AKT2; AKT3
H00026,Endometrial cancer,D10382,Afuresertib hydrochloride (USAN),DG01408,3,AKT1; AKT2; AKT3
H00026,Endometrial cancer,D11371,Capivasertib (JAN/USAN),,3,AKT1; AKT2; AKT3
H00026,Endometrial cancer,D12291,Tovorafenib (USAN/INN),,3,ARAF; BRAF; RAF1
H00026,Endometrial cancer,D10024,Selumetinib sulfate (JAN/USAN),DG01414,2,MAP2K1; MAP2K2
H00026,Endometrial cancer,D12473,Zapnometinib (USAN/INN),,2,MAP2K1; MAP2K2
H00026,Endometrial cancer,D10604,Binimetinib (JAN/USAN/INN),,2,MAP2K1; MAP2K2
H00027,Ovarian cancer,D06221,Triciribine phosphate (USAN),,2,AKT1; AKT2
H00027,Ovarian cancer,D10381,Afuresertib (USAN/INN),DG01408,2,AKT1; AKT2
H00027,Ovarian cancer,D10641,Ipatasertib (USAN/INN),DG02851,2,AKT1; AKT2
H00027,Ovarian cancer,D11074,Ipatasertib hydrochloride (JAN),DG02851,2,AKT1; AKT2
H00027,Ovarian cancer,D10674,Uprosertib (USAN/INN),,2,AKT1; AKT2
H00027,Ovarian cancer,D11508,Miransertib mesylate (USAN),DG03026,2,AKT1; AKT2
H00027,Ovarian cancer,D11409,Miransertib (USAN/INN),DG03026,2,AKT1; AKT2
H00027,Ovarian cancer,D10382,Afuresertib hydrochloride (USAN),DG01408,2,AKT1; AKT2
H00027,Ovarian cancer,D11371,Capivasertib (JAN/USAN),,2,AKT1; AKT2
H00027,Ovarian cancer,D11772,Tesevatinib (USAN/INN),DG03101,1,ERBB2
H00027,Ovarian cancer,D08108,Lapatinib (INN),DG00715,1,ERBB2
H00027,Ovarian cancer,D06610,Lapuleucel-T (USAN),,1,ERBB2
H00027,Ovarian cancer,D09724,Afatinib (USAN/INN),DG00717,1,ERBB2
H00027,Ovarian cancer,D12229,Poziotinib (USAN/INN),DG03196,1,ERBB2
H00027,Ovarian cancer,D11141,Tucatinib (USAN/INN),DG03240,1,ERBB2
H00028,Choriocarcinoma,D11772,Tesevatinib (USAN/INN),DG03101,2,EGFR; ERBB2
H00028,Choriocarcinoma,D08108,Lapatinib (INN),DG00715,2,EGFR; ERBB2
H00028,Choriocarcinoma,D09724,Afatinib (USAN/INN),DG00717,2,EGFR; ERBB2
H00028,Choriocarcinoma,D12229,Poziotinib (USAN/INN),DG03196,2,EGFR; ERBB2
H00028,Choriocarcinoma,D09690,Varlitinib tosylate (USAN),DG01357,2,EGFR; ERBB2
H00028,Choriocarcinoma,D12230,Poziotinib hydrochloride (USAN),DG03196,2,EGFR; ERBB2
H00028,Choriocarcinoma,D04024,Lapatinib ditosylate (USAN),DG00715,2,EGFR; ERBB2
H00028,Choriocarcinoma,D12457,Tuxobertinib (USAN/INN),,2,EGFR; ERBB2
H00028,Choriocarcinoma,D09733,Afatinib dimaleate (USAN),DG00717,2,EGFR; ERBB2
H00028,Choriocarcinoma,D08950,Neratinib (USAN/INN),DG02303,2,EGFR; ERBB2
H00028,Choriocarcinoma,D03350,Canertinib dihydrochloride (USAN),,2,EGFR; ERBB2
H00028,Choriocarcinoma,D10898,Neratinib maleate,DG02303,2,EGFR; ERBB2
H00028,Choriocarcinoma,D10514,Dacomitinib (USAN),DG01793,2,EGFR; ERBB2
H00028,Choriocarcinoma,D09883,Dacomitinib (INN),DG01793,2,EGFR; ERBB2
H00028,Choriocarcinoma,D11773,Tesevatinib tosylate (USAN),DG03101,2,EGFR; ERBB2
H00029,Vulvar cancer,D08887,Cenersen sodium (USAN),,1,TP53
H00030,Cervical cancer,D04318,Glatiramer acetate (JAN/USAN),,6,HLA-A; HLA-B; HLA-C; HLA-E; HLA-F; HLA-G
H00030,Cervical cancer,D10635,Gedatolisib (USAN/INN),,4,MTOR; PIK3CA; PIK3CB; PIK3CD
H00030,Cervical cancer,D11727,Voxtalisib (USAN/INN),,4,MTOR; PIK3CA; PIK3CB; PIK3CD
H00030,Cervical cancer,D10543,Apitolisib (USAN/INN),,4,MTOR; PIK3CA; PIK3CB; PIK3CD
H00030,Cervical cancer,D11440,Bimiralisib (USAN/INN),,4,MTOR; PIK3CA; PIK3CB; PIK3CD
H00030,Cervical cancer,D10552,Dactolisib (USAN/INN),DG01826,4,MTOR; PIK3CA; PIK3CB; PIK3CD
H00030,Cervical cancer,D11501,Samotolisib (USAN),,4,MTOR; PIK3CA; PIK3CB; PIK3CD
H00030,Cervical cancer,D10718,Omipalisib (USAN/INN),,4,MTOR; PIK3CA; PIK3CB; PIK3CD
H00030,Cervical cancer,D10616,Dactolisib tosylate (USAN),DG01826,4,MTOR; PIK3CA; PIK3CB; PIK3CD
H00030,Cervical cancer,D12515,Avutometinib (USAN/INN),DG03255,3,MAP2K1; MAP2K2; RAF1
H00030,Cervical cancer,D12534,Avutometinib potassium (USAN),DG03255,3,MAP2K1; MAP2K2; RAF1
H00030,Cervical cancer,D11158,Leniolisib (USAN/INN),DG02927,3,PIK3CA; PIK3CB; PIK3CD
H00030,Cervical cancer,D11774,Taselisib (USAN/INN),,3,PIK3CA; PIK3CB; PIK3CD
H00030,Cervical cancer,D10609,Buparlisib hydrochloride (JAN/USAN),DG01823,3,PIK3CA; PIK3CB; PIK3CD
H00030,Cervical cancer,D10189,Pictilisib (USAN/INN),,3,PIK3CA; PIK3CB; PIK3CD
H00031,Breast cancer,D10137,Regorafenib hydrate (JAN),DG00720,5,BRAF; FGFR1; FLT4; KIT; RAF1
H00031,Breast cancer,D10138,Regorafenib (USAN/INN),DG00720,5,BRAF; FGFR1; FLT4; KIT; RAF1
H00031,Breast cancer,D10635,Gedatolisib (USAN/INN),,4,MTOR; PIK3CA; PIK3CB; PIK3CD
H00031,Breast cancer,D11727,Voxtalisib (USAN/INN),,4,MTOR; PIK3CA; PIK3CB; PIK3CD
H00031,Breast cancer,D10543,Apitolisib (USAN/INN),,4,MTOR; PIK3CA; PIK3CB; PIK3CD
H00031,Breast cancer,D11440,Bimiralisib (USAN/INN),,4,MTOR; PIK3CA; PIK3CB; PIK3CD
H00031,Breast cancer,D10552,Dactolisib (USAN/INN),DG01826,4,MTOR; PIK3CA; PIK3CB; PIK3CD
H00031,Breast cancer,D11501,Samotolisib (USAN),,4,MTOR; PIK3CA; PIK3CB; PIK3CD
H00031,Breast cancer,D10718,Omipalisib (USAN/INN),,4,MTOR; PIK3CA; PIK3CB; PIK3CD
H00031,Breast cancer,D10616,Dactolisib tosylate (USAN),DG01826,4,MTOR; PIK3CA; PIK3CB; PIK3CD
H00031,Breast cancer,D08524,Sorafenib (USAN/INN),DG00713,4,BRAF; FLT4; KIT; RAF1
H00031,Breast cancer,D06272,Sorafenib tosylate (USAN),DG00713,4,BRAF; FLT4; KIT; RAF1
H00031,Breast cancer,D12526,Catequentinib (USAN/INN),DG03258,4,FGFR1; FGFR2; FLT4; KIT
H00031,Breast cancer,D12537,Catequentinib hydrochloride (USAN),DG03258,4,FGFR1; FGFR2; FLT4; KIT
H00031,Breast cancer,D11158,Leniolisib (USAN/INN),DG02927,3,PIK3CA; PIK3CB; PIK3CD
H00032,Thyroid cancer,D10635,Gedatolisib (USAN/INN),,4,MTOR; PIK3CA; PIK3CB; PIK3CD
H00032,Thyroid cancer,D11727,Voxtalisib (USAN/INN),,4,MTOR; PIK3CA; PIK3CB; PIK3CD
H00032,Thyroid cancer,D10543,Apitolisib (USAN/INN),,4,MTOR; PIK3CA; PIK3CB; PIK3CD
H00032,Thyroid cancer,D11440,Bimiralisib (USAN/INN),,4,MTOR; PIK3CA; PIK3CB; PIK3CD
H00032,Thyroid cancer,D10552,Dactolisib (USAN/INN),DG01826,4,MTOR; PIK3CA; PIK3CB; PIK3CD
H00032,Thyroid cancer,D11501,Samotolisib (USAN),,4,MTOR; PIK3CA; PIK3CB; PIK3CD
H00032,Thyroid cancer,D10718,Omipalisib (USAN/INN),,4,MTOR; PIK3CA; PIK3CB; PIK3CD
H00032,Thyroid cancer,D10616,Dactolisib tosylate (USAN),DG01826,4,MTOR; PIK3CA; PIK3CB; PIK3CD
H00032,Thyroid cancer,D08524,Sorafenib (USAN/INN),DG00713,3,BRAF; RAF1; RET
H00032,Thyroid cancer,D10137,Regorafenib hydrate (JAN),DG00720,3,BRAF; RAF1; RET
H00032,Thyroid cancer,D10138,Regorafenib (USAN/INN),DG00720,3,BRAF; RAF1; RET
H00032,Thyroid cancer,D12515,Avutometinib (USAN/INN),DG03255,3,MAP2K1; MAP2K2; RAF1
H00032,Thyroid cancer,D12534,Avutometinib potassium (USAN),DG03255,3,MAP2K1; MAP2K2; RAF1
H00032,Thyroid cancer,D06221,Triciribine phosphate (USAN),,3,AKT1; AKT2; AKT3
H00032,Thyroid cancer,D10381,Afuresertib (USAN/INN),DG01408,3,AKT1; AKT2; AKT3
H00033,Adrenal carcinoma,D06544,"Corticotropin, repository (USP)",DG00492,1,MC2R
H00033,Adrenal carcinoma,D00284,Cosyntropin (USP),DG00493,1,MC2R
H00033,Adrenal carcinoma,D09801,Giractide acetate (JAN),DG01344,1,MC2R
H00033,Adrenal carcinoma,D03593,Corticotropin zinc hydroxide,DG00492,1,MC2R
H00033,Adrenal carcinoma,D00146,Corticotropin (USP/INN),DG00492,1,MC2R
H00033,Adrenal carcinoma,D09937,Giractide (INN),DG01344,1,MC2R
H00033,Adrenal carcinoma,D02105,Tetracosactide acetate (JAN),DG00493,1,MC2R
H00033,Adrenal carcinoma,D07417,Alsactide (INN),,1,MC2R
H00033,Adrenal carcinoma,D05827,Seractide acetate (USAN),,1,MC2R
H00033,Adrenal carcinoma,D12419,Ziftomenib (USAN/INN),,1,MEN1
H00033,Adrenal carcinoma,D10352,Dusigitumab (USAN/INN),,1,IGF2
H00033,Adrenal carcinoma,D08887,Cenersen sodium (USAN),,1,TP53
H00034,Carcinoid,D12419,Ziftomenib (USAN/INN),,1,MEN1
H00035,Ewing sarcoma,D11893,Bintrafusp alfa (USAN/INN),,1,TGFBR2
H00035,Ewing sarcoma,D04862,Masoprocol (USAN/INN),,1,IGF1
H00035,Ewing sarcoma,D08956,Omacetaxine mepesuccinate (USAN),,1,MYC
H00036,Osteosarcoma,D11219,Idasanutlin (USAN/INN),,1,MDM2
H00036,Osteosarcoma,D12378,Navtemadlin (USAN/INN),,1,MDM2
H00036,Osteosarcoma,D12418,Siremadlin succinate (USAN),DG03238,1,MDM2
H00036,Osteosarcoma,D12399,Sulanemadlin (USAN/INN),,1,MDM2
H00036,Osteosarcoma,D12417,Siremadlin (USAN/INN),DG03238,1,MDM2
H00036,Osteosarcoma,D08956,Omacetaxine mepesuccinate (USAN),,1,MYC
H00036,Osteosarcoma,D08887,Cenersen sodium (USAN),,1,TP53
H00037,Rhabdomyosarcoma,D06285,Vatalanib (USAN/INN),,1,FLT1
H00037,Rhabdomyosarcoma,D11762,Lucitanib (USAN/INN),,1,FLT1
H00037,Rhabdomyosarcoma,D11541,Sitravatinib malate (USAN),DG03045,1,FLT1
H00037,Rhabdomyosarcoma,D10137,Regorafenib hydrate (JAN),DG00720,1,FLT1
H00037,Rhabdomyosarcoma,D10138,Regorafenib (USAN/INN),DG00720,1,FLT1
H00037,Rhabdomyosarcoma,D10423,Ilorasertib (USAN/INN),,1,FLT1
H00037,Rhabdomyosarcoma,D12526,Catequentinib (USAN/INN),DG03258,1,FLT1
H00037,Rhabdomyosarcoma,D09919,Lenvatinib (USAN/INN),DG01362,1,FLT1
H00037,Rhabdomyosarcoma,D05380,Pazopanib hydrochloride (JAN/USAN),,1,FLT1
H00037,Rhabdomyosarcoma,D10481,Nintedanib (USAN/INN),DG01374,1,FLT1
H00037,Rhabdomyosarcoma,D06678,Motesanib (USAN),DG01262,1,FLT1
H00037,Rhabdomyosarcoma,D08947,Motesanib diphosphate (USAN),DG01262,1,FLT1
H00037,Rhabdomyosarcoma,D08881,Cediranib (USAN/INN),DG01360,1,FLT1
H00037,Rhabdomyosarcoma,D03218,Axitinib (JAN/USAN),,1,FLT1
H00037,Rhabdomyosarcoma,D09920,Lenvatinib mesylate (USAN),DG01362,1,FLT1
H00038,Melanoma,D12515,Avutometinib (USAN/INN),DG03255,3,MAP2K1; MAP2K2; RAF1
H00038,Melanoma,D12534,Avutometinib potassium (USAN),DG03255,3,MAP2K1; MAP2K2; RAF1
H00038,Melanoma,D06221,Triciribine phosphate (USAN),,3,AKT1; AKT2; AKT3
H00038,Melanoma,D10381,Afuresertib (USAN/INN),DG01408,3,AKT1; AKT2; AKT3
H00038,Melanoma,D10641,Ipatasertib (USAN/INN),DG02851,3,AKT1; AKT2; AKT3
H00038,Melanoma,D11074,Ipatasertib hydrochloride (JAN),DG02851,3,AKT1; AKT2; AKT3
H00038,Melanoma,D10674,Uprosertib (USAN/INN),,3,AKT1; AKT2; AKT3
H00038,Melanoma,D11508,Miransertib mesylate (USAN),DG03026,3,AKT1; AKT2; AKT3
H00038,Melanoma,D11409,Miransertib (USAN/INN),DG03026,3,AKT1; AKT2; AKT3
H00038,Melanoma,D10382,Afuresertib hydrochloride (USAN),DG01408,3,AKT1; AKT2; AKT3
H00038,Melanoma,D11371,Capivasertib (JAN/USAN),,3,AKT1; AKT2; AKT3
H00038,Melanoma,D11158,Leniolisib (USAN/INN),DG02927,3,PIK3CA; PIK3CB; PIK3CD
H00038,Melanoma,D11774,Taselisib (USAN/INN),,3,PIK3CA; PIK3CB; PIK3CD
H00038,Melanoma,D10635,Gedatolisib (USAN/INN),,3,PIK3CA; PIK3CB; PIK3CD
H00038,Melanoma,D11727,Voxtalisib (USAN/INN),,3,PIK3CA; PIK3CB; PIK3CD
H00039,Basal cell carcinoma,D10671,Taladegib (USAN/INN),,1,SMO
H00039,Basal cell carcinoma,D10636,Glasdegib (USAN/INN),DG02912,1,SMO
H00039,Basal cell carcinoma,D10325,Patidegib hydrochloride (USAN),DG01274,1,SMO
H00039,Basal cell carcinoma,D10324,Patidegib (USAN/INN),DG01274,1,SMO
H00039,Basal cell carcinoma,D11107,Glasdegib maleate (JAN),DG02912,1,SMO
H00039,Basal cell carcinoma,D10119,Sonidegib (USAN/INN),DG01854,1,SMO
H00039,Basal cell carcinoma,D08887,Cenersen sodium (USAN),,1,TP53
H00040,Squamous cell carcinoma,D12055,Sotorasib (JAN/USAN),,1,KRAS
H00040,Squamous cell carcinoma,D12301,Adagrasib (USAN/INN),,1,KRAS
H00040,Squamous cell carcinoma,D08887,Cenersen sodium (USAN),,1,TP53
H00041,Kaposi sarcoma,D04318,Glatiramer acetate (JAN/USAN),,6,HLA-A; HLA-B; HLA-C; HLA-E; HLA-F; HLA-G
H00041,Kaposi sarcoma,D00184,Cyclosporine (USP),,5,PPP3CA; PPP3CB; PPP3CC; PPP3R1; PPP3R2
H00041,Kaposi sarcoma,D10983,Ruclosporin (USAN/INN),,5,PPP3CA; PPP3CB; PPP3CC; PPP3R1; PPP3R2
H00041,Kaposi sarcoma,D05480,Pimecrolimus (JAN/USAN/INN),,5,PPP3CA; PPP3CB; PPP3CC; PPP3R1; PPP3R2
H00041,Kaposi sarcoma,D08556,Tacrolimus (INN),DG00439,5,PPP3CA; PPP3CB; PPP3CC; PPP3R1; PPP3R2
H00041,Kaposi sarcoma,D09033,Voclosporin (JAN/USAN/INN),,5,PPP3CA; PPP3CB; PPP3CC; PPP3R1; PPP3R2
H00041,Kaposi sarcoma,D00107,Tacrolimus (USP/INN),DG00439,5,PPP3CA; PPP3CB; PPP3CC; PPP3R1; PPP3R2
H00041,Kaposi sarcoma,D10635,Gedatolisib (USAN/INN),,4,MTOR; PIK3CA; PIK3CB; PIK3CD
H00041,Kaposi sarcoma,D11727,Voxtalisib (USAN/INN),,4,MTOR; PIK3CA; PIK3CB; PIK3CD
H00041,Kaposi sarcoma,D10543,Apitolisib (USAN/INN),,4,MTOR; PIK3CA; PIK3CB; PIK3CD
H00041,Kaposi sarcoma,D11440,Bimiralisib (USAN/INN),,4,MTOR; PIK3CA; PIK3CB; PIK3CD
H00041,Kaposi sarcoma,D10552,Dactolisib (USAN/INN),DG01826,4,MTOR; PIK3CA; PIK3CB; PIK3CD
H00041,Kaposi sarcoma,D11501,Samotolisib (USAN),,4,MTOR; PIK3CA; PIK3CB; PIK3CD
H00041,Kaposi sarcoma,D10718,Omipalisib (USAN/INN),,4,MTOR; PIK3CA; PIK3CB; PIK3CD
H00041,Kaposi sarcoma,D10616,Dactolisib tosylate (USAN),DG01826,4,MTOR; PIK3CA; PIK3CB; PIK3CD
H00042,Glioma,D10635,Gedatolisib (USAN/INN),,4,MTOR; PIK3CA; PIK3CB; PIK3CD
H00042,Glioma,D11727,Voxtalisib (USAN/INN),,4,MTOR; PIK3CA; PIK3CB; PIK3CD
H00042,Glioma,D10543,Apitolisib (USAN/INN),,4,MTOR; PIK3CA; PIK3CB; PIK3CD
H00042,Glioma,D11440,Bimiralisib (USAN/INN),,4,MTOR; PIK3CA; PIK3CB; PIK3CD
H00042,Glioma,D10552,Dactolisib (USAN/INN),DG01826,4,MTOR; PIK3CA; PIK3CB; PIK3CD
H00042,Glioma,D11501,Samotolisib (USAN),,4,MTOR; PIK3CA; PIK3CB; PIK3CD
H00042,Glioma,D10718,Omipalisib (USAN/INN),,4,MTOR; PIK3CA; PIK3CB; PIK3CD
H00042,Glioma,D10616,Dactolisib tosylate (USAN),DG01826,4,MTOR; PIK3CA; PIK3CB; PIK3CD
H00042,Glioma,D12515,Avutometinib (USAN/INN),DG03255,3,MAP2K1; MAP2K2; RAF1
H00042,Glioma,D12534,Avutometinib potassium (USAN),DG03255,3,MAP2K1; MAP2K2; RAF1
H00042,Glioma,D06221,Triciribine phosphate (USAN),,3,AKT1; AKT2; AKT3
H00042,Glioma,D10381,Afuresertib (USAN/INN),DG01408,3,AKT1; AKT2; AKT3
H00042,Glioma,D10641,Ipatasertib (USAN/INN),DG02851,3,AKT1; AKT2; AKT3
H00042,Glioma,D11074,Ipatasertib hydrochloride (JAN),DG02851,3,AKT1; AKT2; AKT3
H00042,Glioma,D10674,Uprosertib (USAN/INN),,3,AKT1; AKT2; AKT3
H00043,Neuroblastoma,D10926,Entrectinib (JAN/USAN/INN),,4,ALK; NTRK1; NTRK2; NTRK3
H00043,Neuroblastoma,D12363,Taletrectinib (USAN/INN),DG03226,3,NTRK1; NTRK2; NTRK3
H00043,Neuroblastoma,D11138,Larotrectinib sulfate (JAN/USAN),DG02923,3,NTRK1; NTRK2; NTRK3
H00043,Neuroblastoma,D11137,Larotrectinib (USAN/INN),DG02923,3,NTRK1; NTRK2; NTRK3
H00043,Neuroblastoma,D11454,Repotrectinib (USAN),,3,ALK; NTRK1; NTRK3
H00043,Neuroblastoma,D12364,Taletrectinib adipate (USAN),DG03226,3,NTRK1; NTRK2; NTRK3
H00043,Neuroblastoma,D12432,Zurletrectinib (USAN),,3,NTRK1; NTRK2; NTRK3
H00043,Neuroblastoma,D11028,Cenegermin (INN),,1,NGFR
H00043,Neuroblastoma,D09014,Terameprocol (INN/USAN),,1,SP1
H00043,Neuroblastoma,D11219,Idasanutlin (USAN/INN),,1,MDM2
H00043,Neuroblastoma,D12378,Navtemadlin (USAN/INN),,1,MDM2
H00043,Neuroblastoma,D12418,Siremadlin succinate (USAN),DG03238,1,MDM2
H00043,Neuroblastoma,D12399,Sulanemadlin (USAN/INN),,1,MDM2
H00043,Neuroblastoma,D12417,Siremadlin (USAN/INN),DG03238,1,MDM2
H00043,Neuroblastoma,D11484,Pegcantratinib (USAN/INN),,1,NTRK1
H00044,Cancer of the anal canal,D08887,Cenersen sodium (USAN),,1,TP53
H00045,Pancreatic neuroendocrine tumor,D12419,Ziftomenib (USAN/INN),,1,MEN1
H00046,Cholangiocarcinoma,D11772,Tesevatinib (USAN/INN),DG03101,1,ERBB2
H00046,Cholangiocarcinoma,D08108,Lapatinib (INN),DG00715,1,ERBB2
H00046,Cholangiocarcinoma,D06610,Lapuleucel-T (USAN),,1,ERBB2
H00046,Cholangiocarcinoma,D09724,Afatinib (USAN/INN),DG00717,1,ERBB2
H00046,Cholangiocarcinoma,D12229,Poziotinib (USAN/INN),DG03196,1,ERBB2
H00046,Cholangiocarcinoma,D11141,Tucatinib (USAN/INN),DG03240,1,ERBB2
H00046,Cholangiocarcinoma,D03257,Trastuzumab (USAN/INN),,1,ERBB2
H00046,Cholangiocarcinoma,D09690,Varlitinib tosylate (USAN),DG01357,1,ERBB2
H00046,Cholangiocarcinoma,D12230,Poziotinib hydrochloride (USAN),DG03196,1,ERBB2
H00046,Cholangiocarcinoma,D10446,Margetuximab (USAN/INN),,1,ERBB2
H00046,Cholangiocarcinoma,D04024,Lapatinib ditosylate (USAN),DG00715,1,ERBB2
H00046,Cholangiocarcinoma,D12457,Tuxobertinib (USAN/INN),,1,ERBB2
H00046,Cholangiocarcinoma,D09733,Afatinib dimaleate (USAN),DG00717,1,ERBB2
H00046,Cholangiocarcinoma,D09980,Trastuzumab emtansine (USAN/INN),,1,ERBB2
H00046,Cholangiocarcinoma,D12236,Runimotamab (USAN/INN),,1,ERBB2
H00047,Gallbladder cancer,D12055,Sotorasib (JAN/USAN),,1,KRAS
H00047,Gallbladder cancer,D12301,Adagrasib (USAN/INN),,1,KRAS
H00047,Gallbladder cancer,D08887,Cenersen sodium (USAN),,1,TP53
H00048,Hepatocellular carcinoma,D10635,Gedatolisib (USAN/INN),,4,MTOR; PIK3CA; PIK3CB; PIK3CD
H00048,Hepatocellular carcinoma,D11727,Voxtalisib (USAN/INN),,4,MTOR; PIK3CA; PIK3CB; PIK3CD
H00048,Hepatocellular carcinoma,D10543,Apitolisib (USAN/INN),,4,MTOR; PIK3CA; PIK3CB; PIK3CD
H00048,Hepatocellular carcinoma,D11440,Bimiralisib (USAN/INN),,4,MTOR; PIK3CA; PIK3CB; PIK3CD
H00048,Hepatocellular carcinoma,D10552,Dactolisib (USAN/INN),DG01826,4,MTOR; PIK3CA; PIK3CB; PIK3CD
H00048,Hepatocellular carcinoma,D11501,Samotolisib (USAN),,4,MTOR; PIK3CA; PIK3CB; PIK3CD
H00048,Hepatocellular carcinoma,D10718,Omipalisib (USAN/INN),,4,MTOR; PIK3CA; PIK3CB; PIK3CD
H00048,Hepatocellular carcinoma,D10616,Dactolisib tosylate (USAN),DG01826,4,MTOR; PIK3CA; PIK3CB; PIK3CD
H00048,Hepatocellular carcinoma,D02880,Alvocidib hydrochloride (USAN),DG02041,3,CDK2; CDK4; CDK6
H00048,Hepatocellular carcinoma,D09868,Alvocidib (USAN/INN),DG02041,3,CDK2; CDK4; CDK6
H00048,Hepatocellular carcinoma,D11158,Leniolisib (USAN/INN),DG02927,3,PIK3CA; PIK3CB; PIK3CD
H00048,Hepatocellular carcinoma,D11774,Taselisib (USAN/INN),,3,PIK3CA; PIK3CB; PIK3CD
H00048,Hepatocellular carcinoma,D10609,Buparlisib hydrochloride (JAN/USAN),DG01823,3,PIK3CA; PIK3CB; PIK3CD
H00048,Hepatocellular carcinoma,D10189,Pictilisib (USAN/INN),,3,PIK3CA; PIK3CB; PIK3CD
H00048,Hepatocellular carcinoma,D10584,Buparlisib (USAN/INN),DG01823,3,PIK3CA; PIK3CB; PIK3CD
H00049,Myxoid liposarcoma,D08976,Pomalidomide (JAN/USAN/INN),,1,IL6
H00049,Myxoid liposarcoma,D10080,Sirukumab (USAN),,1,IL6
H00049,Myxoid liposarcoma,D09669,Siltuximab (USAN/INN),,1,IL6
H00049,Myxoid liposarcoma,D12487,Olokizumab (INN),,1,IL6
H00049,Myxoid liposarcoma,D01583,Pirfenidone (JAN/USAN/INN),,1,IL6
H00049,Myxoid liposarcoma,D12181,Edasalonexent (USAN/INN),,1,RELA
H00049,Myxoid liposarcoma,D01146,Iguratimod (JAN/INN),,1,NFKB1
H00050,Synovial sarcoma,D10943,Istiratumab (USAN/INN),,1,IGF1R
H00050,Synovial sarcoma,D10056,Robatumumab (USAN/INN),,1,IGF1R
H00050,Synovial sarcoma,D04870,Mecasermin rinfabate (USAN/INN),DG01359,1,IGF1R
H00050,Synovial sarcoma,D00967,Toremifene citrate (JAN/USAN),DG00735,1,IGF1R
H00050,Synovial sarcoma,D03297,Mecasermin (USAN/INN),DG01359,1,IGF1R
H00050,Synovial sarcoma,D04491,Ibutamoren mesylate (USAN),,1,IGF1R
H00050,Synovial sarcoma,D09680,Teprotumumab (USAN/INN),,1,IGF1R
H00050,Synovial sarcoma,D09345,Figitumumab (USAN),,1,IGF1R
H00050,Synovial sarcoma,D09746,Dalotuzumab (USAN),,1,IGF1R
H00050,Synovial sarcoma,D09908,Ganitumab (USAN/INN),,1,IGF1R
H00050,Synovial sarcoma,D08620,Toremifene (INN),DG00735,1,IGF1R
H00050,Synovial sarcoma,D09925,Linsitinib (USAN/INN),,1,IGF1R
H00050,Synovial sarcoma,D09328,Cixutumumab (USAN),,1,IGF1R
H00051,Alveolar soft part sarcoma,D11307,Telisotuzumab (USAN),,1,MET
H00051,Alveolar soft part sarcoma,D11139,Savolitinib (USAN/INN),,1,MET
H00051,Alveolar soft part sarcoma,D11541,Sitravatinib malate (USAN),DG03045,1,MET
H00051,Alveolar soft part sarcoma,D11763,Merestinib (USAN/INN),,1,MET
H00051,Alveolar soft part sarcoma,D11344,Telisotuzumab vedotin (USAN),,1,MET
H00051,Alveolar soft part sarcoma,D12424,Davutamig (USAN),,1,MET
H00051,Alveolar soft part sarcoma,D10696,Capmatinib (USAN/INN),DG02081,1,MET
H00051,Alveolar soft part sarcoma,D11717,Tepotinib (USAN/INN),DG03087,1,MET
H00051,Alveolar soft part sarcoma,D10862,Altiratinib (USAN),,1,MET
H00051,Alveolar soft part sarcoma,D10465,Golvatinib tartrate (USAN),DG01367,1,MET
H00051,Alveolar soft part sarcoma,D11894,Amivantamab (USAN/INN),,1,MET
H00051,Alveolar soft part sarcoma,D10062,Cabozantinib (USAN),DG01670,1,MET
H00051,Alveolar soft part sarcoma,D12287,Terevalefim (USAN/INN),,1,MET
H00051,Alveolar soft part sarcoma,D12393,Fosgonimeton sodium (USAN),DG03233,1,MET
H00051,Alveolar soft part sarcoma,D12392,Fosgonimeton (USAN/INN),DG03233,1,MET
H00053,Extraskeletal myxoid chondrosarcoma,D09579,Arhalofenate (USAN/INN),,1,PPARG
H00053,Extraskeletal myxoid chondrosarcoma,D11257,Seladelpar lysine (USAN),DG02957,1,PPARG
H00053,Extraskeletal myxoid chondrosarcoma,D05091,Muraglitazar (USAN/INN),,1,PPARG
H00053,Extraskeletal myxoid chondrosarcoma,D11256,Seladelpar (USAN/INN),DG02957,1,PPARG
H00053,Extraskeletal myxoid chondrosarcoma,D04132,Farglitazar (USAN/INN),,1,PPARG
H00053,Extraskeletal myxoid chondrosarcoma,D03996,Englitazone sodium (USAN),,1,PPARG
H00053,Extraskeletal myxoid chondrosarcoma,D06647,Sodelglitazar (USAN),,1,PPARG
H00053,Extraskeletal myxoid chondrosarcoma,D03493,Ciglitazone (USAN/INN),,1,PPARG
H00053,Extraskeletal myxoid chondrosarcoma,D03941,Edaglitazone sodium (USAN),,1,PPARG
H00053,Extraskeletal myxoid chondrosarcoma,D03653,Darglitazone sodium (USAN),,1,PPARG
H00053,Extraskeletal myxoid chondrosarcoma,D12484,Carfloglitazar (INN),,1,PPARG
H00053,Extraskeletal myxoid chondrosarcoma,D08378,Pioglitazone (INN),DG00117,1,PPARG
H00053,Extraskeletal myxoid chondrosarcoma,D01971,Reglitazar (JAN/INN),,1,PPARG
H00053,Extraskeletal myxoid chondrosarcoma,D05739,Rivoglitazone (USAN/INN),,1,PPARG
H00053,Extraskeletal myxoid chondrosarcoma,D00596,Rosiglitazone maleate (JAN/USP),DG00116,1,PPARG
H00054,Nasopharyngeal cancer,D04318,Glatiramer acetate (JAN/USAN),,6,HLA-A; HLA-B; HLA-C; HLA-E; HLA-F; HLA-G
H00054,Nasopharyngeal cancer,D02880,Alvocidib hydrochloride (USAN),DG02041,3,CDK2; CDK4; CDK6
H00054,Nasopharyngeal cancer,D09868,Alvocidib (USAN/INN),DG02041,3,CDK2; CDK4; CDK6
H00054,Nasopharyngeal cancer,D12515,Avutometinib (USAN/INN),DG03255,3,MAP2K1; MAP2K2; RAF1
H00054,Nasopharyngeal cancer,D12534,Avutometinib potassium (USAN),DG03255,3,MAP2K1; MAP2K2; RAF1
H00054,Nasopharyngeal cancer,D11158,Leniolisib (USAN/INN),DG02927,3,PIK3CA; PIK3CB; PIK3CD
H00054,Nasopharyngeal cancer,D11774,Taselisib (USAN/INN),,3,PIK3CA; PIK3CB; PIK3CD
H00054,Nasopharyngeal cancer,D10635,Gedatolisib (USAN/INN),,3,PIK3CA; PIK3CB; PIK3CD
H00054,Nasopharyngeal cancer,D11727,Voxtalisib (USAN/INN),,3,PIK3CA; PIK3CB; PIK3CD
H00054,Nasopharyngeal cancer,D10543,Apitolisib (USAN/INN),,3,PIK3CA; PIK3CB; PIK3CD
H00054,Nasopharyngeal cancer,D11440,Bimiralisib (USAN/INN),,3,PIK3CA; PIK3CB; PIK3CD
H00054,Nasopharyngeal cancer,D10552,Dactolisib (USAN/INN),DG01826,3,PIK3CA; PIK3CB; PIK3CD
H00054,Nasopharyngeal cancer,D10609,Buparlisib hydrochloride (JAN/USAN),DG01823,3,PIK3CA; PIK3CB; PIK3CD
H00054,Nasopharyngeal cancer,D11501,Samotolisib (USAN),,3,PIK3CA; PIK3CB; PIK3CD
H00054,Nasopharyngeal cancer,D10189,Pictilisib (USAN/INN),,3,PIK3CA; PIK3CB; PIK3CD
H00055,Laryngeal cancer,D08956,Omacetaxine mepesuccinate (USAN),,2,CCND1; MYC
H00055,Laryngeal cancer,D12259,Aumolertinib mesylate (USAN),DG03209,1,EGFR
H00055,Laryngeal cancer,D10958,Naquotinib (USAN/INN),DG03112,1,EGFR
H00055,Laryngeal cancer,D11772,Tesevatinib (USAN/INN),DG03101,1,EGFR
H00055,Laryngeal cancer,D08108,Lapatinib (INN),DG00715,1,EGFR
H00055,Laryngeal cancer,D10439,Imgatuzumab (USAN/INN),,1,EGFR
H00055,Laryngeal cancer,D11125,Modotuximab (USAN/INN),,1,EGFR
H00055,Laryngeal cancer,D09724,Afatinib (USAN/INN),DG00717,1,EGFR
H00055,Laryngeal cancer,D12001,Mobocertinib (USAN/INN),DG03148,1,EGFR
H00055,Laryngeal cancer,D12229,Poziotinib (USAN/INN),DG03196,1,EGFR
H00055,Laryngeal cancer,D11874,Serclutamab talirine (USAN/INN),,1,EGFR
H00055,Laryngeal cancer,D09690,Varlitinib tosylate (USAN),DG01357,1,EGFR
H00055,Laryngeal cancer,D05350,Panitumumab (USAN/INN),,1,EGFR
H00055,Laryngeal cancer,D11411,Lifirafenib maleate (USAN),DG03009,1,EGFR
H00055,Laryngeal cancer,D12230,Poziotinib hydrochloride (USAN),DG03196,1,EGFR
H00056,Alzheimer disease,D05062,Mivobulin isethionate (USAN),,9,TUBB; TUBB1; TUBB2A; TUBB2B; TUBB3; TUBB4A; TUBB4B; TUBB6; TUBB8
H00056,Alzheimer disease,D03364,Cantuzumab mertansine (USAN),,9,TUBB; TUBB1; TUBB2A; TUBB2B; TUBB3; TUBB4A; TUBB4B; TUBB6; TUBB8
H00056,Alzheimer disease,D10454,Cantuzumab ravtansine (USAN/INN),,9,TUBB; TUBB1; TUBB2A; TUBB2B; TUBB3; TUBB4A; TUBB4B; TUBB6; TUBB8
H00056,Alzheimer disease,D06304,Vindesine (USAN/INN),DG00691,9,TUBB; TUBB1; TUBB2A; TUBB2B; TUBB3; TUBB4A; TUBB4B; TUBB6; TUBB8
H00056,Alzheimer disease,D12520,Sabizabulin hydrochloride (USAN),DG03253,9,TUBB; TUBB1; TUBB2A; TUBB2B; TUBB3; TUBB4A; TUBB4B; TUBB6; TUBB8
H00056,Alzheimer disease,D02197,Vincristine sulfate (JP18/USP),DG00690,9,TUBB; TUBB1; TUBB2A; TUBB2B; TUBB3; TUBB4A; TUBB4B; TUBB6; TUBB8
H00056,Alzheimer disease,D04066,Estramustine (USAN/INN),DG00724,9,TUBB; TUBB1; TUBB2A; TUBB2B; TUBB3; TUBB4A; TUBB4B; TUBB6; TUBB8
H00056,Alzheimer disease,D10954,Mirvetuximab soravtansine (USAN/INN),,9,TUBB; TUBB1; TUBB2A; TUBB2B; TUBB3; TUBB4A; TUBB4B; TUBB6; TUBB8
H00056,Alzheimer disease,D11238,Lifastuzumab vedotin (USAN/INN),,9,TUBB; TUBB1; TUBB2A; TUBB2B; TUBB3; TUBB4A; TUBB4B; TUBB6; TUBB8
H00056,Alzheimer disease,D06308,Vinrosidine sulfate (USAN),,9,TUBB; TUBB1; TUBB2A; TUBB2B; TUBB3; TUBB4A; TUBB4B; TUBB6; TUBB8
H00056,Alzheimer disease,D01068,Vinblastine sulfate (JP18/USP),DG00689,9,TUBB; TUBB1; TUBB2A; TUBB2B; TUBB3; TUBB4A; TUBB4B; TUBB6; TUBB8
H00056,Alzheimer disease,D12582,Opadotin (USAN),,9,TUBB; TUBB1; TUBB2A; TUBB2B; TUBB3; TUBB4A; TUBB4B; TUBB6; TUBB8
H00056,Alzheimer disease,D00491,Paclitaxel (JAN/USP/INN),DG01430,9,TUBB; TUBB1; TUBB2A; TUBB2B; TUBB3; TUBB4A; TUBB4B; TUBB6; TUBB8
H00056,Alzheimer disease,D10013,Indibulin (USAN/INN),,9,TUBB; TUBB1; TUBB2A; TUBB2B; TUBB3; TUBB4A; TUBB4B; TUBB6; TUBB8
H00056,Alzheimer disease,D12220,Mecbotamab vedotin,,9,TUBB; TUBB1; TUBB2A; TUBB2B; TUBB3; TUBB4A; TUBB4B; TUBB6; TUBB8
H00057,Parkinson disease,D05062,Mivobulin isethionate (USAN),,9,TUBB; TUBB1; TUBB2A; TUBB2B; TUBB3; TUBB4A; TUBB4B; TUBB6; TUBB8
H00057,Parkinson disease,D03364,Cantuzumab mertansine (USAN),,9,TUBB; TUBB1; TUBB2A; TUBB2B; TUBB3; TUBB4A; TUBB4B; TUBB6; TUBB8
H00057,Parkinson disease,D10454,Cantuzumab ravtansine (USAN/INN),,9,TUBB; TUBB1; TUBB2A; TUBB2B; TUBB3; TUBB4A; TUBB4B; TUBB6; TUBB8
H00057,Parkinson disease,D06304,Vindesine (USAN/INN),DG00691,9,TUBB; TUBB1; TUBB2A; TUBB2B; TUBB3; TUBB4A; TUBB4B; TUBB6; TUBB8
H00057,Parkinson disease,D12520,Sabizabulin hydrochloride (USAN),DG03253,9,TUBB; TUBB1; TUBB2A; TUBB2B; TUBB3; TUBB4A; TUBB4B; TUBB6; TUBB8
H00057,Parkinson disease,D02197,Vincristine sulfate (JP18/USP),DG00690,9,TUBB; TUBB1; TUBB2A; TUBB2B; TUBB3; TUBB4A; TUBB4B; TUBB6; TUBB8
H00057,Parkinson disease,D04066,Estramustine (USAN/INN),DG00724,9,TUBB; TUBB1; TUBB2A; TUBB2B; TUBB3; TUBB4A; TUBB4B; TUBB6; TUBB8
H00057,Parkinson disease,D10954,Mirvetuximab soravtansine (USAN/INN),,9,TUBB; TUBB1; TUBB2A; TUBB2B; TUBB3; TUBB4A; TUBB4B; TUBB6; TUBB8
H00057,Parkinson disease,D11238,Lifastuzumab vedotin (USAN/INN),,9,TUBB; TUBB1; TUBB2A; TUBB2B; TUBB3; TUBB4A; TUBB4B; TUBB6; TUBB8
H00057,Parkinson disease,D06308,Vinrosidine sulfate (USAN),,9,TUBB; TUBB1; TUBB2A; TUBB2B; TUBB3; TUBB4A; TUBB4B; TUBB6; TUBB8
H00057,Parkinson disease,D01068,Vinblastine sulfate (JP18/USP),DG00689,9,TUBB; TUBB1; TUBB2A; TUBB2B; TUBB3; TUBB4A; TUBB4B; TUBB6; TUBB8
H00057,Parkinson disease,D12582,Opadotin (USAN),,9,TUBB; TUBB1; TUBB2A; TUBB2B; TUBB3; TUBB4A; TUBB4B; TUBB6; TUBB8
H00057,Parkinson disease,D00491,Paclitaxel (JAN/USP/INN),DG01430,9,TUBB; TUBB1; TUBB2A; TUBB2B; TUBB3; TUBB4A; TUBB4B; TUBB6; TUBB8
H00057,Parkinson disease,D10013,Indibulin (USAN/INN),,9,TUBB; TUBB1; TUBB2A; TUBB2B; TUBB3; TUBB4A; TUBB4B; TUBB6; TUBB8
H00057,Parkinson disease,D12220,Mecbotamab vedotin,,9,TUBB; TUBB1; TUBB2A; TUBB2B; TUBB3; TUBB4A; TUBB4B; TUBB6; TUBB8
H00058,Amyotrophic lateral sclerosis (ALS),D05062,Mivobulin isethionate (USAN),,9,TUBB; TUBB1; TUBB2A; TUBB2B; TUBB3; TUBB4A; TUBB4B; TUBB6; TUBB8
H00058,Amyotrophic lateral sclerosis (ALS),D03364,Cantuzumab mertansine (USAN),,9,TUBB; TUBB1; TUBB2A; TUBB2B; TUBB3; TUBB4A; TUBB4B; TUBB6; TUBB8
H00058,Amyotrophic lateral sclerosis (ALS),D10454,Cantuzumab ravtansine (USAN/INN),,9,TUBB; TUBB1; TUBB2A; TUBB2B; TUBB3; TUBB4A; TUBB4B; TUBB6; TUBB8
H00058,Amyotrophic lateral sclerosis (ALS),D06304,Vindesine (USAN/INN),DG00691,9,TUBB; TUBB1; TUBB2A; TUBB2B; TUBB3; TUBB4A; TUBB4B; TUBB6; TUBB8
H00058,Amyotrophic lateral sclerosis (ALS),D12520,Sabizabulin hydrochloride (USAN),DG03253,9,TUBB; TUBB1; TUBB2A; TUBB2B; TUBB3; TUBB4A; TUBB4B; TUBB6; TUBB8
H00058,Amyotrophic lateral sclerosis (ALS),D02197,Vincristine sulfate (JP18/USP),DG00690,9,TUBB; TUBB1; TUBB2A; TUBB2B; TUBB3; TUBB4A; TUBB4B; TUBB6; TUBB8
H00058,Amyotrophic lateral sclerosis (ALS),D04066,Estramustine (USAN/INN),DG00724,9,TUBB; TUBB1; TUBB2A; TUBB2B; TUBB3; TUBB4A; TUBB4B; TUBB6; TUBB8
H00058,Amyotrophic lateral sclerosis (ALS),D10954,Mirvetuximab soravtansine (USAN/INN),,9,TUBB; TUBB1; TUBB2A; TUBB2B; TUBB3; TUBB4A; TUBB4B; TUBB6; TUBB8
H00058,Amyotrophic lateral sclerosis (ALS),D11238,Lifastuzumab vedotin (USAN/INN),,9,TUBB; TUBB1; TUBB2A; TUBB2B; TUBB3; TUBB4A; TUBB4B; TUBB6; TUBB8
H00058,Amyotrophic lateral sclerosis (ALS),D06308,Vinrosidine sulfate (USAN),,9,TUBB; TUBB1; TUBB2A; TUBB2B; TUBB3; TUBB4A; TUBB4B; TUBB6; TUBB8
H00058,Amyotrophic lateral sclerosis (ALS),D01068,Vinblastine sulfate (JP18/USP),DG00689,9,TUBB; TUBB1; TUBB2A; TUBB2B; TUBB3; TUBB4A; TUBB4B; TUBB6; TUBB8
H00058,Amyotrophic lateral sclerosis (ALS),D12582,Opadotin (USAN),,9,TUBB; TUBB1; TUBB2A; TUBB2B; TUBB3; TUBB4A; TUBB4B; TUBB6; TUBB8
H00058,Amyotrophic lateral sclerosis (ALS),D00491,Paclitaxel (JAN/USP/INN),DG01430,9,TUBB; TUBB1; TUBB2A; TUBB2B; TUBB3; TUBB4A; TUBB4B; TUBB6; TUBB8
H00058,Amyotrophic lateral sclerosis (ALS),D10013,Indibulin (USAN/INN),,9,TUBB; TUBB1; TUBB2A; TUBB2B; TUBB3; TUBB4A; TUBB4B; TUBB6; TUBB8
H00058,Amyotrophic lateral sclerosis (ALS),D12220,Mecbotamab vedotin,,9,TUBB; TUBB1; TUBB2A; TUBB2B; TUBB3; TUBB4A; TUBB4B; TUBB6; TUBB8
H00059,Huntington disease,D05062,Mivobulin isethionate (USAN),,9,TUBB; TUBB1; TUBB2A; TUBB2B; TUBB3; TUBB4A; TUBB4B; TUBB6; TUBB8
H00059,Huntington disease,D03364,Cantuzumab mertansine (USAN),,9,TUBB; TUBB1; TUBB2A; TUBB2B; TUBB3; TUBB4A; TUBB4B; TUBB6; TUBB8
H00059,Huntington disease,D10454,Cantuzumab ravtansine (USAN/INN),,9,TUBB; TUBB1; TUBB2A; TUBB2B; TUBB3; TUBB4A; TUBB4B; TUBB6; TUBB8
H00059,Huntington disease,D06304,Vindesine (USAN/INN),DG00691,9,TUBB; TUBB1; TUBB2A; TUBB2B; TUBB3; TUBB4A; TUBB4B; TUBB6; TUBB8
H00059,Huntington disease,D12520,Sabizabulin hydrochloride (USAN),DG03253,9,TUBB; TUBB1; TUBB2A; TUBB2B; TUBB3; TUBB4A; TUBB4B; TUBB6; TUBB8
H00059,Huntington disease,D02197,Vincristine sulfate (JP18/USP),DG00690,9,TUBB; TUBB1; TUBB2A; TUBB2B; TUBB3; TUBB4A; TUBB4B; TUBB6; TUBB8
H00059,Huntington disease,D04066,Estramustine (USAN/INN),DG00724,9,TUBB; TUBB1; TUBB2A; TUBB2B; TUBB3; TUBB4A; TUBB4B; TUBB6; TUBB8
H00059,Huntington disease,D10954,Mirvetuximab soravtansine (USAN/INN),,9,TUBB; TUBB1; TUBB2A; TUBB2B; TUBB3; TUBB4A; TUBB4B; TUBB6; TUBB8
H00059,Huntington disease,D11238,Lifastuzumab vedotin (USAN/INN),,9,TUBB; TUBB1; TUBB2A; TUBB2B; TUBB3; TUBB4A; TUBB4B; TUBB6; TUBB8
H00059,Huntington disease,D06308,Vinrosidine sulfate (USAN),,9,TUBB; TUBB1; TUBB2A; TUBB2B; TUBB3; TUBB4A; TUBB4B; TUBB6; TUBB8
H00059,Huntington disease,D01068,Vinblastine sulfate (JP18/USP),DG00689,9,TUBB; TUBB1; TUBB2A; TUBB2B; TUBB3; TUBB4A; TUBB4B; TUBB6; TUBB8
H00059,Huntington disease,D12582,Opadotin (USAN),,9,TUBB; TUBB1; TUBB2A; TUBB2B; TUBB3; TUBB4A; TUBB4B; TUBB6; TUBB8
H00059,Huntington disease,D00491,Paclitaxel (JAN/USP/INN),DG01430,9,TUBB; TUBB1; TUBB2A; TUBB2B; TUBB3; TUBB4A; TUBB4B; TUBB6; TUBB8
H00059,Huntington disease,D10013,Indibulin (USAN/INN),,9,TUBB; TUBB1; TUBB2A; TUBB2B; TUBB3; TUBB4A; TUBB4B; TUBB6; TUBB8
H00059,Huntington disease,D12220,Mecbotamab vedotin,,9,TUBB; TUBB1; TUBB2A; TUBB2B; TUBB3; TUBB4A; TUBB4B; TUBB6; TUBB8
H00061,Prion disease,D12215,Esmethadone hydrochloride (USAN),DG03176,5,GRIN1; GRIN2A; GRIN2B; GRIN2C; GRIN2D
H00061,Prion disease,D00536,Felbamate (USPINN),,5,GRIN1; GRIN2A; GRIN2B; GRIN2C; GRIN2D
H00061,Prion disease,D03878,Dizocilpine maleate (USAN),,5,GRIN1; GRIN2A; GRIN2B; GRIN2C; GRIN2D
H00061,Prion disease,D05453,Phencyclidine hydrochloride (USAN),,5,GRIN1; GRIN2A; GRIN2B; GRIN2C; GRIN2D
H00061,Prion disease,D07283,Esketamine (USAN/INN),DG01829,5,GRIN1; GRIN2A; GRIN2B; GRIN2C; GRIN2D
H00061,Prion disease,D02102,Methadone hydrochloride (JAN/USP),DG00999,5,GRIN1; GRIN2A; GRIN2B; GRIN2C; GRIN2D
H00061,Prion disease,D07306,Budipine (INN),DG00866,5,GRIN1; GRIN2A; GRIN2B; GRIN2C; GRIN2D
H00061,Prion disease,D00777,Amantadine hydrochloride (JP18/USP),DG00860,5,GRIN1; GRIN2A; GRIN2B; GRIN2C; GRIN2D
H00061,Prion disease,D07589,Budipine hydrochloride,DG00866,5,GRIN1; GRIN2A; GRIN2B; GRIN2C; GRIN2D
H00061,Prion disease,D04905,Memantine hydrochloride (JAN/USP),DG00986,5,GRIN1; GRIN2A; GRIN2B; GRIN2C; GRIN2D
H00061,Prion disease,D03679,Delucemine hydrochloride (USAN),,5,GRIN1; GRIN2A; GRIN2B; GRIN2C; GRIN2D
H00061,Prion disease,D00774,Orphenadrine citrate (USP),DG01252,5,GRIN1; GRIN2A; GRIN2B; GRIN2C; GRIN2D
H00061,Prion disease,D11415,Troriluzole hydrochloride (USAN),DG03011,5,GRIN1; GRIN2A; GRIN2B; GRIN2C; GRIN2D
H00061,Prion disease,D08596,Tiletamine (INN),DG01380,5,GRIN1; GRIN2A; GRIN2B; GRIN2C; GRIN2D
H00061,Prion disease,D08121,Levomethadone (INN),DG01002,5,GRIN1; GRIN2A; GRIN2B; GRIN2C; GRIN2D
H00062,Spinal and bulbar muscular atrophy (SBMA),D05674,Quinbolone (USAN/INN),,1,AR
H00062,Spinal and bulbar muscular atrophy (SBMA),D00955,Nandrolone decanoate (JAN/USP),DG00142,1,AR
H00062,Spinal and bulbar muscular atrophy (SBMA),D01329,Oxendolone (JAN/USAN/INN),,1,AR
H00062,Spinal and bulbar muscular atrophy (SBMA),D03079,Benorterone (USAN/INN),,1,AR
H00062,Spinal and bulbar muscular atrophy (SBMA),D00956,Nandrolone phenpropionate (USP),DG00142,1,AR
H00062,Spinal and bulbar muscular atrophy (SBMA),D05116,Nandrolone cyclotate (USAN),DG00142,1,AR
H00062,Spinal and bulbar muscular atrophy (SBMA),D06086,Testosterone phenylacetate (USAN),DG00460,1,AR
H00062,Spinal and bulbar muscular atrophy (SBMA),D08574,Testosterone phenylpropionate,DG00460,1,AR
H00062,Spinal and bulbar muscular atrophy (SBMA),D06085,Testosterone ketolaurate (USAN/INN),DG00460,1,AR
H00062,Spinal and bulbar muscular atrophy (SBMA),D01149,Oxabolone cipionate (JAN/INN),,1,AR
H00062,Spinal and bulbar muscular atrophy (SBMA),D11105,Osaterone acetate (JAN),,1,AR
H00062,Spinal and bulbar muscular atrophy (SBMA),D00958,Testosterone enanthate (JP18/USP),DG00460,1,AR
H00062,Spinal and bulbar muscular atrophy (SBMA),D07783,Delmadinone (INN),DG02935,1,AR
H00062,Spinal and bulbar muscular atrophy (SBMA),D05837,Silandrone (USAN/INN),,1,AR
H00062,Spinal and bulbar muscular atrophy (SBMA),D01375,Methenolone acetate (USAN),DG00140,1,AR
H00063,Spinocerebellar ataxia (SCA),D12215,Esmethadone hydrochloride (USAN),DG03176,5,GRIN1; GRIN2A; GRIN2B; GRIN2C; GRIN2D
H00063,Spinocerebellar ataxia (SCA),D00536,Felbamate (USPINN),,5,GRIN1; GRIN2A; GRIN2B; GRIN2C; GRIN2D
H00063,Spinocerebellar ataxia (SCA),D03878,Dizocilpine maleate (USAN),,5,GRIN1; GRIN2A; GRIN2B; GRIN2C; GRIN2D
H00063,Spinocerebellar ataxia (SCA),D05453,Phencyclidine hydrochloride (USAN),,5,GRIN1; GRIN2A; GRIN2B; GRIN2C; GRIN2D
H00063,Spinocerebellar ataxia (SCA),D07283,Esketamine (USAN/INN),DG01829,5,GRIN1; GRIN2A; GRIN2B; GRIN2C; GRIN2D
H00063,Spinocerebellar ataxia (SCA),D02102,Methadone hydrochloride (JAN/USP),DG00999,5,GRIN1; GRIN2A; GRIN2B; GRIN2C; GRIN2D
H00063,Spinocerebellar ataxia (SCA),D07306,Budipine (INN),DG00866,5,GRIN1; GRIN2A; GRIN2B; GRIN2C; GRIN2D
H00063,Spinocerebellar ataxia (SCA),D00777,Amantadine hydrochloride (JP18/USP),DG00860,5,GRIN1; GRIN2A; GRIN2B; GRIN2C; GRIN2D
H00063,Spinocerebellar ataxia (SCA),D07589,Budipine hydrochloride,DG00866,5,GRIN1; GRIN2A; GRIN2B; GRIN2C; GRIN2D
H00063,Spinocerebellar ataxia (SCA),D04905,Memantine hydrochloride (JAN/USP),DG00986,5,GRIN1; GRIN2A; GRIN2B; GRIN2C; GRIN2D
H00063,Spinocerebellar ataxia (SCA),D03679,Delucemine hydrochloride (USAN),,5,GRIN1; GRIN2A; GRIN2B; GRIN2C; GRIN2D
H00063,Spinocerebellar ataxia (SCA),D00774,Orphenadrine citrate (USP),DG01252,5,GRIN1; GRIN2A; GRIN2B; GRIN2C; GRIN2D
H00063,Spinocerebellar ataxia (SCA),D11415,Troriluzole hydrochloride (USAN),DG03011,5,GRIN1; GRIN2A; GRIN2B; GRIN2C; GRIN2D
H00063,Spinocerebellar ataxia (SCA),D08596,Tiletamine (INN),DG01380,5,GRIN1; GRIN2A; GRIN2B; GRIN2C; GRIN2D
H00063,Spinocerebellar ataxia (SCA),D08121,Levomethadone (INN),DG01002,5,GRIN1; GRIN2A; GRIN2B; GRIN2C; GRIN2D
H00066,Lewy body dementia (LBD),D11420,Prasinezumab (USAN/INN),,1,SNCA
H00066,Lewy body dementia (LBD),D11467,Cinpanemab (USAN),,1,SNCA
H00066,Lewy body dementia (LBD),D09029,Velaglucerase alfa (USAN),,1,GBA
H00066,Lewy body dementia (LBD),D02810,Alglucerase (JAN/USAN/INN),,1,GBA
H00066,Lewy body dementia (LBD),D03020,Imiglucerase (USAN/INN),,1,GBA
H00066,Lewy body dementia (LBD),D09675,Taliglucerase alfa (USAN/INN),,1,GBA
H00069,Glycogen storage disease,D04537,Ingliforib (USAN/INN),,2,PYGL; PYGM
H00069,Glycogen storage disease,D11744,Avalglucosidase alfa (USAN/INN),,1,GAA
H00069,Glycogen storage disease,D00625,Miglitol (JP18/USAN/INN),,1,GAA
H00069,Glycogen storage disease,D11798,Cipaglucosidase alfa (USAN),,1,GAA
H00069,Glycogen storage disease,D03207,Alglucosidase alfa (USAN/INN),,1,GAA
H00069,Glycogen storage disease,D09606,Duvoglustat hydrochloride (USAN),DG01280,1,GAA
H00069,Glycogen storage disease,D09605,Duvoglustat (USAN/INN),DG01280,1,GAA
H00069,Glycogen storage disease,D11828,Clervonafusp alfa (USAN/INN),,1,GAA
H00069,Glycogen storage disease,D01665,Voglibose (JP18/USAN/INN),,1,GAA
H00069,Glycogen storage disease,D00216,Acarbose (JAN/USAN/INN),,1,GAA
H00069,Glycogen storage disease,D09779,Emiglitate (JAN/INN),,1,GAA
H00077,Progressive supranuclear palsy,D12228,Bepranemab (USAN/INN),,1,MAPT
H00077,Progressive supranuclear palsy,D11427,Hydromethylthionine (USAN/INN),DG03014,1,MAPT
H00077,Progressive supranuclear palsy,D11384,Hydromethylthionine mesylate (USAN),DG03014,1,MAPT
H00077,Progressive supranuclear palsy,D11293,Gosuranemab (USAN),,1,MAPT
H00077,Progressive supranuclear palsy,D11840,Tilavonemab (USAN/INN),,1,MAPT
H00077,Progressive supranuclear palsy,D11687,Semorinemab (USAN/INN),,1,MAPT
H00077,Progressive supranuclear palsy,D11533,Zagotenemab (USAN),,1,MAPT
H00077,Progressive supranuclear palsy,D11210,Flortaucipir F 18 (USAN),,1,MAPT
H00078,Frontotemporal lobar degeneration,D11453,Nirogacestat hydrobromide (USAN),DG03016,1,PSEN1
H00078,Frontotemporal lobar degeneration,D08869,Begacestat (USAN/INN),,1,PSEN1
H00078,Frontotemporal lobar degeneration,D10960,Nirogacestat (USAN/INN),DG03016,1,PSEN1
H00078,Frontotemporal lobar degeneration,D09869,Avagacestat (USAN),,1,PSEN1
H00078,Frontotemporal lobar degeneration,D11151,Crenigacestat (USAN/INN),,1,PSEN1
H00078,Frontotemporal lobar degeneration,D09010,Tarenflurbil (USAN/INN),,1,PSEN1
H00078,Frontotemporal lobar degeneration,D12235,Osugacestat (USAN/INN),,1,PSEN1
H00078,Frontotemporal lobar degeneration,D09377,Semagacestat (USAN/INN),,1,PSEN1
H00078,Frontotemporal lobar degeneration,D12228,Bepranemab (USAN/INN),,1,MAPT
H00078,Frontotemporal lobar degeneration,D11427,Hydromethylthionine (USAN/INN),DG03014,1,MAPT
H00078,Frontotemporal lobar degeneration,D11384,Hydromethylthionine mesylate (USAN),DG03014,1,MAPT
H00078,Frontotemporal lobar degeneration,D11293,Gosuranemab (USAN),,1,MAPT
H00078,Frontotemporal lobar degeneration,D11840,Tilavonemab (USAN/INN),,1,MAPT
H00078,Frontotemporal lobar degeneration,D11687,Semorinemab (USAN/INN),,1,MAPT
H00078,Frontotemporal lobar degeneration,D11533,Zagotenemab (USAN),,1,MAPT
H00079,Asthma,D04318,Glatiramer acetate (JAN/USAN),,3,HLA-DQB1; HLA-DRB1; HLA-G
H00079,Asthma,D02150,l-Isoprenaline hydrochloride (JP18),DG00211,1,ADRB2
H00079,Asthma,D07608,Carazolol (INN),,1,ADRB2
H00079,Asthma,D05228,Octodrine (USAN/INN),,1,ADRB2
H00079,Asthma,D00599,Carteolol hydrochloride (JP18/USP),DG00308,1,ADRB2
H00079,Asthma,D01026,Sotalol hydrochloride (JAN/USP),DG00307,1,ADRB2
H00079,Asthma,D00603,Timolol maleate (JP18/USP),DG00306,1,ADRB2
H00079,Asthma,D08206,Methylephedrine (BAN),DG01229,1,ADRB2
H00079,Asthma,D05688,Racepinephrine (USP/INN),DG01444,1,ADRB2
H00079,Asthma,D00124,Ephedrine (USP),DG00227,1,ADRB2
H00079,Asthma,D08570,Terbutaline (INN),DG01046,1,ADRB2
H00079,Asthma,D05648,Pseudoephedrine polistirex (USAN),DG01042,1,ADRB2
H00079,Asthma,D00076,Noradrenaline (JP18),DG00212,1,ADRB2
H00079,Asthma,D03402,Carbuterol hydrochloride (USAN),,1,ADRB2
H00079,Asthma,D08424,Procaterol (INN),DG01055,1,ADRB2
H00080,Systemic lupus erythematosus,D04318,Glatiramer acetate (JAN/USAN),,3,HLA-DQA1; HLA-DQB1; HLA-DRB1
H00080,Systemic lupus erythematosus,D12186,Vudalimab (USAN),,2,(SLE); (SLEB2)
H00080,Systemic lupus erythematosus,D12190,Cadonilimab (USAN/INN),,2,(SLE); (SLEB2)
H00080,Systemic lupus erythematosus,D12347,Volrustomig (USAN),,2,(SLE); (SLEB2)
H00080,Systemic lupus erythematosus,D04619,Isatoribine (USAN),,1,TLR7
H00080,Systemic lupus erythematosus,D02500,Imiquimod (JAN/USP/INN),,1,TLR7
H00080,Systemic lupus erythematosus,D11003,Vesatolimod (USAN/INN),,1,TLR7
H00080,Systemic lupus erythematosus,D04787,Loxoribine (USAN/INN),,1,TLR7
H00080,Systemic lupus erythematosus,D12521,Ruzotolimod (USAN/INN),,1,TLR7
H00080,Systemic lupus erythematosus,D12453,Guretolimod (USAN/INN),,1,TLR7
H00080,Systemic lupus erythematosus,D01666,Bropirimine (JAN/USAN/INN),,1,TLR7
H00080,Systemic lupus erythematosus,D12261,Enpatoran (USAN/INN),,1,TLR7
H00080,Systemic lupus erythematosus,D11823,Zalifrelimab (USAN/INN),,1,(SLE)
H00080,Systemic lupus erythematosus,D12233,Quavonlimab (USAN/INN),,1,(SLE)
H00080,Systemic lupus erythematosus,D12317,Bavunalimab (USAN/INN),,1,(SLE)
H00081,Hashimoto thyroiditis,D04318,Glatiramer acetate (JAN/USAN),,3,HLA-DQA1; HLA-DQB1; HLA-DRB1
H00081,Hashimoto thyroiditis,D02967,Apolizumab (USAN/INN),,1,HLA-DRB1
H00081,Hashimoto thyroiditis,D11823,Zalifrelimab (USAN/INN),,1,(SLE)
H00081,Hashimoto thyroiditis,D12186,Vudalimab (USAN),,1,(SLE)
H00081,Hashimoto thyroiditis,D12233,Quavonlimab (USAN/INN),,1,(SLE)
H00081,Hashimoto thyroiditis,D12190,Cadonilimab (USAN/INN),,1,(SLE)
H00081,Hashimoto thyroiditis,D12317,Bavunalimab (USAN/INN),,1,(SLE)
H00081,Hashimoto thyroiditis,D12448,Botensilimab (USAN/INN),,1,(SLE)
H00081,Hashimoto thyroiditis,D04603,Ipilimumab (USAN/INN),,1,(SLE)
H00081,Hashimoto thyroiditis,D12347,Volrustomig (USAN),,1,(SLE)
H00081,Hashimoto thyroiditis,D06657,Tremelimumab (USAN/INN),,1,(SLE)
H00082,Graves disease,D04318,Glatiramer acetate (JAN/USAN),,3,HLA-DQA1; HLA-DQB1; HLA-DRB1
H00082,Graves disease,D02967,Apolizumab (USAN/INN),,1,HLA-DRB1
H00082,Graves disease,D11823,Zalifrelimab (USAN/INN),,1,(SLE)
H00082,Graves disease,D12186,Vudalimab (USAN),,1,(SLE)
H00082,Graves disease,D12233,Quavonlimab (USAN/INN),,1,(SLE)
H00082,Graves disease,D12190,Cadonilimab (USAN/INN),,1,(SLE)
H00082,Graves disease,D12317,Bavunalimab (USAN/INN),,1,(SLE)
H00082,Graves disease,D12448,Botensilimab (USAN/INN),,1,(SLE)
H00082,Graves disease,D04603,Ipilimumab (USAN/INN),,1,(SLE)
H00082,Graves disease,D12347,Volrustomig (USAN),,1,(SLE)
H00082,Graves disease,D06657,Tremelimumab (USAN/INN),,1,(SLE)
H00083,Allograft rejection,D09620,Fresolimumab (USAN/INN),,3,TGFB1; TGFB2; TGFB3
H00083,Allograft rejection,D01583,Pirfenidone (JAN/USAN/INN),,2,IL10; TNF
H00083,Allograft rejection,D11823,Zalifrelimab (USAN/INN),,1,(SLE)
H00083,Allograft rejection,D12186,Vudalimab (USAN),,1,(SLE)
H00083,Allograft rejection,D12233,Quavonlimab (USAN/INN),,1,(SLE)
H00083,Allograft rejection,D12190,Cadonilimab (USAN/INN),,1,(SLE)
H00083,Allograft rejection,D12317,Bavunalimab (USAN/INN),,1,(SLE)
H00083,Allograft rejection,D12448,Botensilimab (USAN/INN),,1,(SLE)
H00083,Allograft rejection,D04603,Ipilimumab (USAN/INN),,1,(SLE)
H00083,Allograft rejection,D12347,Volrustomig (USAN),,1,(SLE)
H00083,Allograft rejection,D06657,Tremelimumab (USAN/INN),,1,(SLE)
H00083,Allograft rejection,D11120,Emapalumab (USAN/INN),,1,IFNG
H00083,Allograft rejection,D04242,Fontolizumab (USAN/INN),,1,IFNG
H00083,Allograft rejection,D03775,Spiraprilat (USAN/INN),,1,ACE
H00083,Allograft rejection,D00362,Lisinopril (USP),DG00336,1,ACE
H00084,Graft-versus-host disease,D01583,Pirfenidone (JAN/USAN/INN),,4,IL10; IL1A; IL6; TNF
H00084,Graft-versus-host disease,D09620,Fresolimumab (USAN/INN),,3,TGFB1; TGFB2; TGFB3
H00084,Graft-versus-host disease,D08976,Pomalidomide (JAN/USAN/INN),,2,IL6; TNF
H00084,Graft-versus-host disease,D08562,Tasonermin (INN),,1,TNFRSF1B
H00084,Graft-versus-host disease,D12350,Vilamakitug (USAN),,1,IL1A
H00084,Graft-versus-host disease,D12370,Lutikizumab (INN),,1,IL1A
H00084,Graft-versus-host disease,D06635,Rilonacept (USAN/INN),,1,IL1A
H00084,Graft-versus-host disease,D11253,Bermekimab (USAN),,1,IL1A
H00084,Graft-versus-host disease,D11120,Emapalumab (USAN/INN),,1,IFNG
H00084,Graft-versus-host disease,D04242,Fontolizumab (USAN/INN),,1,IFNG
H00084,Graft-versus-host disease,D09979,Tralokinumab (USAN/INN),,1,IL13
H00084,Graft-versus-host disease,D09633,Lebrikizumab (USAN/INN),,1,IL13
H00084,Graft-versus-host disease,D08857,Anrukinzumab (USAN),,1,IL13
H00084,Graft-versus-host disease,D11598,Romilkimab (USAN/INN),,1,IL13
H00084,Graft-versus-host disease,D04687,Lenalidomide (JAN/USAN/INN),DG00744,1,TNF
H00085,Agammaglobulinemias,D12467,Evobrutinib (USAN/INN),,1,BTK
H00085,Agammaglobulinemias,D12050,Pirtobrutinib (JAN/USAN),,1,BTK
H00085,Agammaglobulinemias,D10731,Spebrutinib besylate (USAN),DG01863,1,BTK
H00085,Agammaglobulinemias,D12052,Luxeptinib (USAN),,1,BTK
H00085,Agammaglobulinemias,D10893,Acalabrutinib (JAN/USAN/INN),DG03089,1,BTK
H00085,Agammaglobulinemias,D11070,Tirabrutinib hydrochloride (JAN),,1,BTK
H00085,Agammaglobulinemias,D11478,Branebrutinib (USAN),,1,BTK
H00085,Agammaglobulinemias,D11502,Vecabrutinib succinate (USAN),DG03023,1,BTK
H00085,Agammaglobulinemias,D12504,Nemtabrutinib (USAN/INN),,1,BTK
H00085,Agammaglobulinemias,D12489,Atuzabrutinib (USAN/INN),,1,BTK
H00085,Agammaglobulinemias,D12158,Elsubrutinib (USAN/INN),,1,BTK
H00085,Agammaglobulinemias,D11873,Rilzabrutinib (USAN/INN),,1,BTK
H00085,Agammaglobulinemias,D12285,Remibrutinib (USAN/INN),,1,BTK
H00085,Agammaglobulinemias,D11428,Vecabrutinib (USAN/INN),DG03023,1,BTK
H00085,Agammaglobulinemias,D10730,Spebrutinib (USAN/INN),DG01863,1,BTK
H00086,"Hyper IgM syndromes, autosomal recessive type",D05777,Ruplizumab (USAN/INN),,1,CD40LG
H00086,"Hyper IgM syndromes, autosomal recessive type",D11122,Letolizumab (USAN/INN),,1,CD40LG
H00086,"Hyper IgM syndromes, autosomal recessive type",D06193,Toralizumab (USAN/INN),,1,CD40LG
H00086,"Hyper IgM syndromes, autosomal recessive type",D12178,Sotigalimab (USAN),,1,CD40
H00086,"Hyper IgM syndromes, autosomal recessive type",D11597,Ravagalimab (USAN/INN),,1,CD40
H00086,"Hyper IgM syndromes, autosomal recessive type",D11610,Iscalimab (USAN/INN),,1,CD40
H00086,"Hyper IgM syndromes, autosomal recessive type",D08896,Dacetuzumab (USAN),,1,CD40
H00086,"Hyper IgM syndromes, autosomal recessive type",D11357,Bleselumab (USAN/INN),,1,CD40
H00086,"Hyper IgM syndromes, autosomal recessive type",D11491,Selicrelumab (USAN/INN),,1,CD40
H00086,"Hyper IgM syndromes, autosomal recessive type",D08942,Lucatumumab (USAN),,1,CD40
H00086,"Hyper IgM syndromes, autosomal recessive type",D06071,Teneliximab (USAN/INN),,1,CD40
H00087,Other humoral immunodeficiencies,D03665,Decitabine (USAN/INN),,1,DNMT3B
H00087,Other humoral immunodeficiencies,D03021,Azacitidine (JAN/USAN/INN),,1,DNMT3B
H00088,Common variable immunodeficiency,D12151,Ianalumab (USAN/INN),,1,(CVID4)
H00088,Common variable immunodeficiency,D05218,Ocrelizumab (USAN),,1,(CVID5)
H00088,Common variable immunodeficiency,D09314,Ofatumumab (USAN/INN),,1,(CVID5)
H00088,Common variable immunodeficiency,D12368,Epcoritamab (USAN/INN),,1,(CVID5)
H00088,Common variable immunodeficiency,D08622,Tositumomab 131 iodine,,1,(CVID5)
H00088,Common variable immunodeficiency,D11686,Plamotamab (USAN/INN),,1,(CVID5)
H00088,Common variable immunodeficiency,D02994,Rituximab (USAN/INN),,1,(CVID5)
H00088,Common variable immunodeficiency,D12567,Imvotamab (USAN/INN),,1,(CVID5)
H00088,Common variable immunodeficiency,D11534,Odronextamab (USAN),,1,(CVID5)
H00088,Common variable immunodeficiency,D08621,Tositumomab (INN),,1,(CVID5)
H00088,Common variable immunodeficiency,D04489,Ibritumomab tiuxetan (USAN/INN),,1,(CVID5)
H00088,Common variable immunodeficiency,D09031,Veltuzumab (USAN),,1,(CVID5)
H00088,Common variable immunodeficiency,D09321,Obinutuzumab (USAN/INN),,1,(CVID5)
H00088,Common variable immunodeficiency,D10482,Ocaratuzumab (USAN/INN),,1,(CVID5)
H00088,Common variable immunodeficiency,D11243,Ublituximab (USAN/INN),,1,(CVID5)
H00089,IFN-gamma/IL-12 axis,D03357,Interferon gamma-1a (genetical recombination) (JAN),DG00737,2,IFNGR1; IFNGR2
H00089,IFN-gamma/IL-12 axis,D08805,Interferon gamma-n1 (JAN),DG00737,2,IFNGR1; IFNGR2
H00089,IFN-gamma/IL-12 axis,D00747,Interferon gamma-1b (USAN/INN),DG00737,2,IFNGR1; IFNGR2
H00089,IFN-gamma/IL-12 axis,D12274,Cedirogant (USAN/INN),,1,(IMD42)
H00089,IFN-gamma/IL-12 axis,D06556,Apilimod mesylate (USAN),,1,IL12B
H00089,IFN-gamma/IL-12 axis,D09214,Ustekinumab (USAN/INN),,1,IL12B
H00089,IFN-gamma/IL-12 axis,D09588,Briakinumab (USAN/INN),,1,IL12B
H00089,IFN-gamma/IL-12 axis,D04748,Lisofylline (USAN/INN),,1,IL12B
H00091,T-B+Severe combined immunodeficiency,D09190,"Anti-human thymocyte immunoglobulin, rabbit (JAN)",,2,CD3D; CD3E
H00091,T-B+Severe combined immunodeficiency,D05092,Muromonab-CD3 (JAN/USAN/INN),,2,CD3D; CD3E
H00091,T-B+Severe combined immunodeficiency,D06314,Visilizumab (USAN/INN),,2,CD3D; CD3E
H00091,T-B+Severe combined immunodeficiency,D08959,Otelixizumab (USAN),,2,CD3D; CD3E
H00091,T-B+Severe combined immunodeficiency,D09207,Catumaxomab (INN),,2,CD3D; CD3E
H00091,T-B+Severe combined immunodeficiency,D11306,Flotetuzumab (USAN/INN),,2,CD3D; CD3E
H00091,T-B+Severe combined immunodeficiency,D12296,Tebentafusp (USAN/INN),,2,CD3D; CD3E
H00091,T-B+Severe combined immunodeficiency,D09325,Blinatumomab (USAN/INN),,2,CD3D; CD3E
H00091,T-B+Severe combined immunodeficiency,D09013,Teplizumab (USAN/INN),,2,CD3D; CD3E
H00091,T-B+Severe combined immunodeficiency,D00748,Aldesleukin (USAN/INN),,1,IL2RG
H00091,T-B+Severe combined immunodeficiency,D12328,Rezpegaldesleukin (USAN),,1,IL2RG
H00091,T-B+Severe combined immunodeficiency,D02743,Celmoleukin (genetical recombination) (JP18),,1,IL2RG
H00091,T-B+Severe combined immunodeficiency,D02749,Teceleukin (USAN),,1,IL2RG
H00091,T-B+Severe combined immunodeficiency,D12479,Lusvertikimab (USAN/INN),,1,IL7R
H00091,T-B+Severe combined immunodeficiency,D12180,Talquetamab (USAN/INN),,1,CD3E
H00092,T-B-Severe combined immunodeficiency,D11017,Elapegademase (USAN/INN),,1,ADA
H00092,T-B-Severe combined immunodeficiency,D00155,Pentostatin (JAN/USAN/INN),,1,ADA
H00093,Combined immunodeficiency,D09190,"Anti-human thymocyte immunoglobulin, rabbit (JAN)",,2,(IMD17); CD8A
H00093,Combined immunodeficiency,D11301,Tavolimab (USAN/INN),,1,(IMD16)
H00093,Combined immunodeficiency,D12543,Rocatinlimab (USAN/INN),,1,(IMD16)
H00093,Combined immunodeficiency,D11268,Vonlerolizumab (USAN/INN),,1,(IMD16)
H00093,Combined immunodeficiency,D06596,Forodesine (USAN/INN),DG01392,1,PNP
H00093,Combined immunodeficiency,D04245,Forodesine hydrochloride (JAN/USAN),DG01392,1,PNP
H00093,Combined immunodeficiency,D10432,Ulodesine succinate (USAN),DG01881,1,PNP
H00093,Combined immunodeficiency,D05396,Peldesine (USAN),,1,PNP
H00093,Combined immunodeficiency,D10431,Ulodesine (USAN/INN),DG01881,1,PNP
H00093,Combined immunodeficiency,D12178,Sotigalimab (USAN),,1,CD40
H00093,Combined immunodeficiency,D11597,Ravagalimab (USAN/INN),,1,CD40
H00093,Combined immunodeficiency,D11610,Iscalimab (USAN/INN),,1,CD40
H00093,Combined immunodeficiency,D08896,Dacetuzumab (USAN),,1,CD40
H00093,Combined immunodeficiency,D11357,Bleselumab (USAN/INN),,1,CD40
H00093,Combined immunodeficiency,D11491,Selicrelumab (USAN/INN),,1,CD40
H00096,Defects of toll-like receptor signaling,D04619,Isatoribine (USAN),,1,TLR7
H00096,Defects of toll-like receptor signaling,D02500,Imiquimod (JAN/USP/INN),,1,TLR7
H00096,Defects of toll-like receptor signaling,D11003,Vesatolimod (USAN/INN),,1,TLR7
H00096,Defects of toll-like receptor signaling,D04787,Loxoribine (USAN/INN),,1,TLR7
H00096,Defects of toll-like receptor signaling,D12521,Ruzotolimod (USAN/INN),,1,TLR7
H00096,Defects of toll-like receptor signaling,D12453,Guretolimod (USAN/INN),,1,TLR7
H00096,Defects of toll-like receptor signaling,D01666,Bropirimine (JAN/USAN/INN),,1,TLR7
H00096,Defects of toll-like receptor signaling,D12261,Enpatoran (USAN/INN),,1,TLR7
H00096,Defects of toll-like receptor signaling,D12538,Emavusertib phosphate (USAN),DG03236,1,IRAK4
H00096,Defects of toll-like receptor signaling,D12532,Emavusertib mesylate (USAN),DG03236,1,IRAK4
H00096,Defects of toll-like receptor signaling,D12539,emavusertib tosylate (USAN),DG03236,1,IRAK4
H00096,Defects of toll-like receptor signaling,D12533,Emavusertib maleate (USAN),DG03236,1,IRAK4
H00096,Defects of toll-like receptor signaling,D12412,Emavusertib hydrochloride (USAN),DG03236,1,IRAK4
H00096,Defects of toll-like receptor signaling,D12167,Zimlovisertib (USAN),,1,IRAK4
H00096,Defects of toll-like receptor signaling,D12411,Emavusertib (USAN/INN),DG03236,1,IRAK4
H00097,WHIM syndrome,D12281,Motixafortide (USAN/INN),DG03214,1,CXCR4
H00097,WHIM syndrome,D08971,Plerixafor (JAN/USAN/INN),,1,CXCR4
H00097,WHIM syndrome,D12282,Motixafortide acetate (USAN),DG03214,1,CXCR4
H00097,WHIM syndrome,D12128,Balixafortide (USAN/INN),,1,CXCR4
H00097,WHIM syndrome,D11510,Mavorixafor (USAN),,1,CXCR4
H00097,WHIM syndrome,D10420,Elubrixin tosylate (USAN),DG01371,1,CXCR2
H00097,WHIM syndrome,D10332,Elubrixin (USAN),DG01371,1,CXCR2
H00097,WHIM syndrome,D10075,Navarixin (USAN),,1,CXCR2
H00097,WHIM syndrome,D08984,Reparixin (USAN/INN),,1,CXCR2
H00097,WHIM syndrome,D10387,Danirixin (USAN/INN),,1,CXCR2
H00099,Leukocyte adhesion deficiency,D08993,Rovelizumab (USAN/INN),,1,ITGB2
H00099,Leukocyte adhesion deficiency,D04045,Erlizumab (USAN/INN),,1,ITGB2
H00099,Leukocyte adhesion deficiency,D11919,Fuzapladib sodium hydrate (JAN),,1,ITGB2
H00100,Neutropenic disorders,D05036,Milodistim (USAN/INN),,1,CSF3R
H00100,Neutropenic disorders,D11026,Pegteograstim (INN),,1,CSF3R
H00100,Neutropenic disorders,D11188,Eflapegrastim (USAN/INN),,1,CSF3R
H00100,Neutropenic disorders,D11986,Efbemalenograstim alfa (USAN/INN),,1,CSF3R
H00100,Neutropenic disorders,D03245,Nartograstim (genetical recombination) (JP18),,1,CSF3R
H00100,Neutropenic disorders,D05389,Pegnartograstim (USAN/INN),,1,CSF3R
H00100,Neutropenic disorders,D03247,Lenograstim (USAN/INN),,1,CSF3R
H00100,Neutropenic disorders,D10242,Lipegfilgrastim (USAN),,1,CSF3R
H00100,Neutropenic disorders,D04695,Leridistim (USAN/INN),,1,CSF3R
H00100,Neutropenic disorders,D10310,Balugrastim (USAN/INN),,1,CSF3R
H00100,Neutropenic disorders,D01918,Sivelestat sodium (USAN),DG01401,1,ELANE
H00100,Neutropenic disorders,D05183,Ulinastatin (JP18),,1,ELANE
H00100,Neutropenic disorders,D03788,Sivelestat (USAN/INN),DG01401,1,ELANE
H00100,Neutropenic disorders,D03686,Depelestat (USAN/INN),,1,ELANE
H00102,Classic complement pathway component defects,D10845,Conestat alfa (INN),,2,C1R; C1S
H00102,Classic complement pathway component defects,D11613,Pegcetacoplan (JAN/USAN/INN),,1,C3
H00102,Classic complement pathway component defects,D11530,Sutimlimab (USAN/INN),,1,C1S
H00103,Late complement pathway defects,D11473,Nomacopan (USAN/INN),,1,C5
H00103,Late complement pathway defects,D11331,Olendalizumab (USAN),,1,C5
H00103,Late complement pathway defects,D11748,Avacincaptad pegol sodium (USAN),,1,C5
H00103,Late complement pathway defects,D12208,Gefurulimab (USAN),,1,C5
H00103,Late complement pathway defects,D11696,Crovalimab (USAN/INN),,1,C5
H00103,Late complement pathway defects,D12356,Zilucoplan sodium (JAN),DG03224,1,C5
H00103,Late complement pathway defects,D11477,Pozelimab (USAN),,1,C5
H00103,Late complement pathway defects,D03940,Eculizumab (USAN/INN),,1,C5
H00103,Late complement pathway defects,D12357,Zilucoplan (USAN/INN),DG03224,1,C5
H00103,Late complement pathway defects,D11054,Ravulizumab (USAN/INN),,1,C5
H00103,Late complement pathway defects,D10023,Pexelizumab (USAN/INN),,1,C5
H00103,Late complement pathway defects,D11838,Vilobelimab (USAN),,1,C5
H00104,Alternative complement pathway component defects,D12252,Iptacopan hydrochloride (USAN),DG03207,1,CFB
H00104,Alternative complement pathway component defects,D12251,Iptacopan (USAN/INN),DG03207,1,CFB
H00104,Alternative complement pathway component defects,D11641,Danicopan (JAN/USAN/INN),,1,CFD
H00104,Alternative complement pathway component defects,D10440,Lampalizumab (USAN/INN),,1,CFD
H00104,Alternative complement pathway component defects,D12481,Vemircopan (USAN/INN),,1,CFD
H00105,Mannose-binding lectin pathway component defects,D11531,Narsoplimab (USAN),,1,MASP2
H00107,Other well-defined immunodeficiency syndromes,D11538,Brepocitinib tosylate (USAN),DG03044,1,TYK2
H00107,Other well-defined immunodeficiency syndromes,D12056,Ropsacitinib (USAN),,1,TYK2
H00107,Other well-defined immunodeficiency syndromes,D11046,Delgocitinib (JAN/USAN/INN),,1,TYK2
H00107,Other well-defined immunodeficiency syndromes,D09970,Tofacitinib (USAN),DG00742,1,TYK2
H00107,Other well-defined immunodeficiency syndromes,D11537,Brepocitinib (USAN),DG03044,1,TYK2
H00107,Other well-defined immunodeficiency syndromes,D09783,Tofacitinib citrate (JAN/USAN),DG00742,1,TYK2
H00107,Other well-defined immunodeficiency syndromes,D11817,Deucravacitinib (JAN/USAN),,1,TYK2
H00107,Other well-defined immunodeficiency syndromes,D11106,Filgotinib maleate (JAN/USAN),DG01991,1,TYK2
H00107,Other well-defined immunodeficiency syndromes,D12118,Nezulcitinib (USAN),,1,TYK2
H00107,Other well-defined immunodeficiency syndromes,D10717,Napabucasin (JAN/USAN/INN),,1,STAT3
H00108,Autoimmune lymphoproliferative syndromes,D09671,Sotrastaurin (USAN/INN),DG01406,1,PRKCD
H00108,Autoimmune lymphoproliferative syndromes,D05784,Safingol (USAN/INN),,1,PRKCD
H00108,Autoimmune lymphoproliferative syndromes,D09718,Sotrastaurin acetate (USAN),DG01406,1,PRKCD
H00108,Autoimmune lymphoproliferative syndromes,D05785,Safingol hydrochloride (USAN),,1,PRKCD
H00108,Autoimmune lymphoproliferative syndromes,D10456,Delcasertib (USAN/INN),DG02094,1,PRKCD
H00108,Autoimmune lymphoproliferative syndromes,D10457,Delcasertib acetate (USAN),DG02094,1,PRKCD
H00108,Autoimmune lymphoproliferative syndromes,D11823,Zalifrelimab (USAN/INN),,1,(SLE)
H00108,Autoimmune lymphoproliferative syndromes,D12186,Vudalimab (USAN),,1,(SLE)
H00108,Autoimmune lymphoproliferative syndromes,D12233,Quavonlimab (USAN/INN),,1,(SLE)
H00108,Autoimmune lymphoproliferative syndromes,D12190,Cadonilimab (USAN/INN),,1,(SLE)
H00108,Autoimmune lymphoproliferative syndromes,D12317,Bavunalimab (USAN/INN),,1,(SLE)
H00108,Autoimmune lymphoproliferative syndromes,D12448,Botensilimab (USAN/INN),,1,(SLE)
H00108,Autoimmune lymphoproliferative syndromes,D04603,Ipilimumab (USAN/INN),,1,(SLE)
H00108,Autoimmune lymphoproliferative syndromes,D12347,Volrustomig (USAN),,1,(SLE)
H00108,Autoimmune lymphoproliferative syndromes,D06657,Tremelimumab (USAN/INN),,1,(SLE)
H00113,Salmonellosis,D05062,Mivobulin isethionate (USAN),,9,TUBB; TUBB1; TUBB2A; TUBB2B; TUBB3; TUBB4A; TUBB4B; TUBB6; TUBB8
H00113,Salmonellosis,D03364,Cantuzumab mertansine (USAN),,9,TUBB; TUBB1; TUBB2A; TUBB2B; TUBB3; TUBB4A; TUBB4B; TUBB6; TUBB8
H00113,Salmonellosis,D10454,Cantuzumab ravtansine (USAN/INN),,9,TUBB; TUBB1; TUBB2A; TUBB2B; TUBB3; TUBB4A; TUBB4B; TUBB6; TUBB8
H00113,Salmonellosis,D06304,Vindesine (USAN/INN),DG00691,9,TUBB; TUBB1; TUBB2A; TUBB2B; TUBB3; TUBB4A; TUBB4B; TUBB6; TUBB8
H00113,Salmonellosis,D12520,Sabizabulin hydrochloride (USAN),DG03253,9,TUBB; TUBB1; TUBB2A; TUBB2B; TUBB3; TUBB4A; TUBB4B; TUBB6; TUBB8
H00113,Salmonellosis,D02197,Vincristine sulfate (JP18/USP),DG00690,9,TUBB; TUBB1; TUBB2A; TUBB2B; TUBB3; TUBB4A; TUBB4B; TUBB6; TUBB8
H00113,Salmonellosis,D04066,Estramustine (USAN/INN),DG00724,9,TUBB; TUBB1; TUBB2A; TUBB2B; TUBB3; TUBB4A; TUBB4B; TUBB6; TUBB8
H00113,Salmonellosis,D10954,Mirvetuximab soravtansine (USAN/INN),,9,TUBB; TUBB1; TUBB2A; TUBB2B; TUBB3; TUBB4A; TUBB4B; TUBB6; TUBB8
H00113,Salmonellosis,D11238,Lifastuzumab vedotin (USAN/INN),,9,TUBB; TUBB1; TUBB2A; TUBB2B; TUBB3; TUBB4A; TUBB4B; TUBB6; TUBB8
H00113,Salmonellosis,D06308,Vinrosidine sulfate (USAN),,9,TUBB; TUBB1; TUBB2A; TUBB2B; TUBB3; TUBB4A; TUBB4B; TUBB6; TUBB8
H00113,Salmonellosis,D01068,Vinblastine sulfate (JP18/USP),DG00689,9,TUBB; TUBB1; TUBB2A; TUBB2B; TUBB3; TUBB4A; TUBB4B; TUBB6; TUBB8
H00113,Salmonellosis,D12582,Opadotin (USAN),,9,TUBB; TUBB1; TUBB2A; TUBB2B; TUBB3; TUBB4A; TUBB4B; TUBB6; TUBB8
H00113,Salmonellosis,D00491,Paclitaxel (JAN/USP/INN),DG01430,9,TUBB; TUBB1; TUBB2A; TUBB2B; TUBB3; TUBB4A; TUBB4B; TUBB6; TUBB8
H00113,Salmonellosis,D10013,Indibulin (USAN/INN),,9,TUBB; TUBB1; TUBB2A; TUBB2B; TUBB3; TUBB4A; TUBB4B; TUBB6; TUBB8
H00113,Salmonellosis,D12220,Mecbotamab vedotin,,9,TUBB; TUBB1; TUBB2A; TUBB2B; TUBB3; TUBB4A; TUBB4B; TUBB6; TUBB8
H00115,Congenital sucrase-isomaltase deficiency,D03342,Camiglibose (USAN),,1,SI;
H00118,Congenital disorders of glycosylation type I,D04498,Idronoxil (USAN/INN),,1,SRD5A3
H00126,Gaucher disease,D11633,Venglustat (USAN/INN),DG03067,1,UGCG
H00126,Gaucher disease,D11439,Lucerastat (JAN/USAN/INN),,1,UGCG
H00126,Gaucher disease,D09893,Eliglustat (USAN/INN),DG00148,1,UGCG
H00126,Gaucher disease,D02810,Alglucerase (JAN/USAN/INN),,1,GBA
H00127,Metachromatic leukodystrophy,D12462,Cebsulfase alfa (USAN/INN),,1,ARSA
H00129,Mucopolysaccharidosis type II,D11025,Idursulfase beta (INN),,1,IDS
H00129,Mucopolysaccharidosis type II,D11812,Pabinafusp alfa (genetical recombination) (JAN),,1,IDS
H00130,Mucopolysaccharidosis type III,D11199,Lesinidase alfa (USAN/INN),,1,NAGLU
H00132,Mucopolysaccharidosis type VII,D01805,Aceglatone (JAN/INN),,1,GUSB
H00134,X-linked ichthyosis,D09915,Irosustat (USAN/INN),,1,STS
H00135,Krabbe disease,D09029,Velaglucerase alfa (USAN),,1,GBA
H00135,Krabbe disease,D02810,Alglucerase (JAN/USAN/INN),,1,GBA
H00135,Krabbe disease,D03020,Imiglucerase (USAN/INN),,1,GBA
H00135,Krabbe disease,D09675,Taliglucerase alfa (USAN/INN),,1,GBA
H00153,Familial combined hyperlipidemia,D03747,Ibrolipim (USAN/INN),,1,(FCHL3)
H00153,Familial combined hyperlipidemia,D03343,Dextran sulfate sodium sulfur 5 (JP18),DG00180,1,(FCHL3)
H00153,Familial combined hyperlipidemia,D10843,Alipogene tiparvovec (INN),,1,(FCHL3)
H00153,Familial combined hyperlipidemia,D05255,Omega-3-acid ethyl esters (USP),,1,(FCHL3)
H00153,Familial combined hyperlipidemia,D02047,Dextran sulfate sodium (JAN),DG00180,1,(FCHL3)
H00153,Familial combined hyperlipidemia,D04268,Elastase ES,,1,(FCHL3)
H00154,"Hyperlipoproteinemia, type I",D03747,Ibrolipim (USAN/INN),,1,(FCHL3)
H00154,"Hyperlipoproteinemia, type I",D03343,Dextran sulfate sodium sulfur 5 (JP18),DG00180,1,(FCHL3)
H00154,"Hyperlipoproteinemia, type I",D05255,Omega-3-acid ethyl esters (USP),,1,(FCHL3)
H00154,"Hyperlipoproteinemia, type I",D02047,Dextran sulfate sodium (JAN),DG00180,1,(FCHL3)
H00154,"Hyperlipoproteinemia, type I",D04268,Elastase ES,,1,(FCHL3)
H00155,Familial hypercholesterolemia,D11161,Atesidorsen (USAN/INN),,1,GHR
H00155,Familial hypercholesterolemia,D05394,Pegvisomant (USAN/INN),,1,GHR
H00155,Familial hypercholesterolemia,D04870,Mecasermin rinfabate (USAN/INN),DG01359,1,GHR
H00155,Familial hypercholesterolemia,D11486,Lonapegsomatropin (USAN/INN),,1,GHR
H00155,Familial hypercholesterolemia,D02691,Somatropin (USP/INN),,1,GHR
H00155,Familial hypercholesterolemia,D05884,Somatrem (USAN),,1,GHR
H00155,Familial hypercholesterolemia,D03297,Mecasermin (USAN/INN),DG01359,1,GHR
H00155,Familial hypercholesterolemia,D11194,Somapacitan (USAN/INN),,1,GHR
H00155,Familial hypercholesterolemia,D11162,Atesidorsen sodium (USNA),,1,GHR
H00155,Familial hypercholesterolemia,D11193,Somavaratan (USAN/INN),,1,GHR
H00155,Familial hypercholesterolemia,D10621,Bococizumab (USAN/INN),,1,PCSK9
H00155,Familial hypercholesterolemia,D11398,Frovocimab (USAN/INN),,1,PCSK9
H00158,Lecithin:cholesterol acyltransferase deficiency,D04268,Elastase ES,,1,LCAT
H00160,Abetalipoproteinemia,D09637,Lomitapide (USAN/INN),DG00362,1,MTTP
H00160,Abetalipoproteinemia,D09638,Lomitapide mesylate (USAN),DG00362,1,MTTP
H00160,Abetalipoproteinemia,D05060,Mitratapide (USAN/INN),,1,MTTP
H00162,Sjogren-Larsson syndrome,D00131,Disulfiram (JP18/USP/INN),,1,ALDH3A2
H00162,Sjogren-Larsson syndrome,D00123,Cyanamide (JP18),,1,ALDH3A2
H00164,Carbamoyl phosphate synthetase I deficiency,D07130,Carglumic acid (JAN/USAN/INN),,1,CPS1
H00168,Oculocutaneous albinism,D10511,Afamelanotide (USAN/INN),DG02991,1,(CMM5)
H00168,Oculocutaneous albinism,D11629,Bremelanotide acetate (USAN),DG03063,1,(CMM5)
H00168,Oculocutaneous albinism,D12148,Dersimelagon phosphate (USAN),DG03164,1,(CMM5)
H00168,Oculocutaneous albinism,D06569,Bremelanotide (USAN/INN),DG03063,1,(CMM5)
H00168,Oculocutaneous albinism,D11334,Afamelanotide acetate (USAN),DG02991,1,(CMM5)
H00168,Oculocutaneous albinism,D00073,Hydroquinone (USP),,1,TYR
H00170,Piebaldism,D12450,Elenestinib (USAN),,1,KIT
H00170,Piebaldism,D06285,Vatalanib (USAN/INN),,1,KIT
H00170,Piebaldism,D10137,Regorafenib hydrate (JAN),DG00720,1,KIT
H00170,Piebaldism,D10138,Regorafenib (USAN/INN),DG00720,1,KIT
H00170,Piebaldism,D08953,Nilotinib (USAN/INN),DG00716,1,KIT
H00170,Piebaldism,D11279,Avapritinib (USAN/INN),,1,KIT
H00170,Piebaldism,D12175,Olverembatinib (USAN/INN),,1,KIT
H00170,Piebaldism,D12526,Catequentinib (USAN/INN),DG03258,1,KIT
H00170,Piebaldism,D05029,Midostaurin (JAN/USAN/INN),,1,KIT
H00170,Piebaldism,D05380,Pazopanib hydrochloride (JAN/USAN),,1,KIT
H00170,Piebaldism,D11353,Ripretinib (USAN),,1,KIT
H00170,Piebaldism,D06678,Motesanib (USAN),DG01262,1,KIT
H00170,Piebaldism,D12540,Briquilimab (USAN/INN),,1,KIT
H00170,Piebaldism,D11270,Pexidartinib (USAN/INN),DG02960,1,KIT
H00170,Piebaldism,D06272,Sorafenib tosylate (USAN),DG00713,1,KIT
H00183,Homocystinuria,D12197,Pegtibatinase (USAN),,1,CBS
H00186,Hyperargininemia,D11695,Pegzilarginase (USAN/INN),,1,ARG1
H00186,Hyperargininemia,D11792,Numidargistat (USAN/INN),,1,ARG1
H00192,Xanthinuria,D02365,Oxypurinol (USAN),,1,XDH
H00192,Xanthinuria,D02896,Amflutizole (USAN/INN),,1,XDH
H00192,Xanthinuria,D07564,Allopurinol sodium,DG00779,1,XDH
H00192,Xanthinuria,D00224,Allopurinol (JP18/USP/INN),DG00779,1,XDH
H00192,Xanthinuria,D07278,Tisopurine (INN),,1,XDH
H00192,Xanthinuria,D09786,Topiroxostat (JAN/INN),,1,XDH
H00192,Xanthinuria,D11081,Febuxostat hydrate (JAN),DG02878,1,XDH
H00192,Xanthinuria,D01206,Febuxostat (JAN/USAN/INN),DG02878,1,XDH
H00193,Dihydropyrimidine dehydrogenase deficiency,D01846,Gimeracil (JAN/INN),,1,DPYD
H00193,Dihydropyrimidine dehydrogenase deficiency,D03998,Eniluracil (USAN/INN),,1,DPYD
H00194,Lesch-Nyhan syndrome,D06109,Thioguanine (USP),DG00684,1,HPRT1
H00194,Lesch-Nyhan syndrome,D00161,Mercaptopurine (USP),DG00683,1,HPRT1
H00194,Lesch-Nyhan syndrome,D04931,Mercaptopurine (INN),DG00683,1,HPRT1
H00194,Lesch-Nyhan syndrome,D08603,Tioguanine (INN),DG00684,1,HPRT1
H00201,Erythropoietic porphyria,D10003,Hemin (JAN),,1,ALAS2
H00211,Hemochromatosis,D12289,Vamifeport (USAN/INN),DG03215,1,SLC40A1
H00211,Hemochromatosis,D12290,Vamifeport trihydrochloride (USAN),DG03215,1,SLC40A1
H00214,Hypophosphatemic rickets,D10913,Burosumab (USAN/INN),,1,FGF23
H00215,Periodic paralysis,D00537,Topiramate (JAN/USP/INN),,2,(HYPP; CACNA1S
H00215,Periodic paralysis,D09833,Levosemotiadil fumarate (JAN),,2,(HYPP; CACNA1S
H00215,Periodic paralysis,D07494,Barnidipine (INN),DG00325,1,CACNA1S
H00215,Periodic paralysis,D11723,Levamlodipine maleate (USAN),DG03091,1,CACNA1S
H00215,Periodic paralysis,D01908,Nilvadipine (JP18/USAN/INN),,1,CACNA1S
H00215,Periodic paralysis,D00319,Felodipine (JP18/USP/INN),,1,CACNA1S
H00215,Periodic paralysis,D03830,Diltiazem malate (USAN),DG00331,1,CACNA1S
H00215,Periodic paralysis,D03067,Belfosdil (USAN/INN),,1,CACNA1S
H00215,Periodic paralysis,D08441,Propiverine (INN),DG00479,1,CACNA1S
H00215,Periodic paralysis,D10932,Etripamil (USAN/INN),,1,CACNA1S
H00215,Periodic paralysis,D07845,Diltiazem (INN),DG00331,1,CACNA1S
H00215,Periodic paralysis,D07185,Fendiline (INN),DG00332,1,CACNA1S
H00215,Periodic paralysis,D07509,Benidipine (INN),DG00327,1,CACNA1S
H00215,Periodic paralysis,D08009,Gallopamil (INN),DG00330,1,CACNA1S
H00215,Periodic paralysis,D06129,Tiapamil hydrochloride (USAN),,1,CACNA1S
H00216,Congenital adrenal hyperplasia,D10950,Levoketoconazole (USAN/INN),,2,CYP11B1; CYP17A1
H00216,Congenital adrenal hyperplasia,D01180,Trilostane (JAN/USAN),,1,HSD3B2
H00216,Congenital adrenal hyperplasia,D04035,Epostane (USAN/INN),,1,HSD3B2
H00216,Congenital adrenal hyperplasia,D00410,Metyrapone (JP18/USP/INN),DG01166,1,CYP11B1
H00216,Congenital adrenal hyperplasia,D05019,Metyrapone tartrate (USAN),DG01166,1,CYP11B1
H00216,Congenital adrenal hyperplasia,D00420,Mitotane (JAN/USP/INN),,1,CYP17A1
H00216,Congenital adrenal hyperplasia,D10125,Galeterone (USAN),,1,CYP17A1
H00216,Congenital adrenal hyperplasia,D09701,Abiraterone acetate (JAN/USP),,1,CYP17A1
H00216,Congenital adrenal hyperplasia,D10146,Orteronel (JAN/USAN),,1,CYP17A1
H00218,Cystic fibrosis,D09620,Fresolimumab (USAN/INN),,1,TGFB1
H00218,Cystic fibrosis,D11536,Bamocaftor potassium (USAN),DG03043,1,CFTR
H00218,Cystic fibrosis,D11535,Bamocaftor (USAN),DG03043,1,CFTR
H00218,Cystic fibrosis,D11724,Galicaftor (USAN/INN),,1,CFTR
H00218,Cystic fibrosis,D12140,Navocaftor (USAN/INN),,1,CFTR
H00218,Cystic fibrosis,D11402,Olacaftor (USAN/INN),,1,CFTR
H00218,Cystic fibrosis,D10134,Lumacaftor (USAN/INN),,1,CFTR
H00218,Cystic fibrosis,D03605,Crofelemer (USAN),,1,CFTR
H00218,Cystic fibrosis,D11683,Posenacaftor (USAN),,1,CFTR
H00218,Cystic fibrosis,D11041,Tezacaftor (USAN/INN),,1,CFTR
H00218,Cystic fibrosis,D11682,Nesolicaftor (USAN),,1,CFTR
H00218,Cystic fibrosis,D11507,Elexacaftor (USAN),,1,CFTR
H00218,Cystic fibrosis,D12454,Icenticaftor (USAN/INN),,1,CFTR
H00218,Cystic fibrosis,D11423,Deutivacaftor (USAN/INN),,1,CFTR
H00219,Hemophilia,D12434,Valoctocogene roxaparvovec (USAN/INN),,1,F8
H00219,Hemophilia,D00291,Desmopressin (INN),DG00497,1,F8
H00219,Hemophilia,D11160,Caplacizumab (USAN/INN),,1,VWF
H00219,Hemophilia,D10758,Turoctocog alfa pegol (genetical recombination) (JAN),DG00170,1,VWF
H00219,Hemophilia,D10150,Pegnivacogin sodium (USAN),DG01399,1,F9
H00219,Hemophilia,D12541,Gruticibart (USAN),,1,F9
H00219,Hemophilia,D10484,Pegnivacogin (USAN/INN),DG01399,1,F9
H00223,Inherited thrombophilia,D02980,Adomiparin sodium (USAN),DG00150,2,SERPINC1; SERPIND1
H00223,Inherited thrombophilia,D08547,Sulodexide (INN),,2,SERPINC1; SERPIND1
H00223,Inherited thrombophilia,D12434,Valoctocogene roxaparvovec (USAN/INN),,1,F8
H00223,Inherited thrombophilia,D00291,Desmopressin (INN),DG00497,1,F8
H00223,Inherited thrombophilia,D02235,Desmopressin acetate (USP),DG00497,1,F8
H00223,Inherited thrombophilia,D11810,Fitusiran sodium (JAN),,1,SERPINC1
H00223,Inherited thrombophilia,D01844,Fondaparinux sodium (JAN/USP/INN),,1,SERPINC1
H00223,Inherited thrombophilia,D03674,Enoxaparin sodium (JAN/USP/INN),DG00150,1,SERPINC1
H00223,Inherited thrombophilia,D02112,Heparin sodium (JP18/USP/INN),DG00150,1,SERPINC1
H00223,Inherited thrombophilia,D03337,Reviparin sodium (JAN),DG00150,1,SERPINC1
H00223,Inherited thrombophilia,D03353,Dalteparin sodium (JAN/USP/INN),DG00150,1,SERPINC1
H00223,Inherited thrombophilia,D03673,Deligoparin sodium (USAN/INN),DG00150,1,SERPINC1
H00223,Inherited thrombophilia,D10418,Delparantag pentahydrochloride (USAN),,1,SERPINC1
H00223,Inherited thrombophilia,D04427,Heparin calcium (JP18),DG00150,1,SERPINC1
H00223,Inherited thrombophilia,D02956,Anticoagulant heparin (USP),,1,SERPINC1
H00225,Thrombotic thrombocytopenic purpura,D12569,Apadamtase alfa (INN),,1,ADAMTS13
H00225,Thrombotic thrombocytopenic purpura,D12570,Cinaxadamtase alfa (INN),,1,ADAMTS13
H00226,Glanzmann thrombasthenia,D05834,Sibrafiban (USAN/INN),,2,ITGA2B; ITGB3
H00226,Glanzmann thrombasthenia,D05772,Roxifiban acetate (USAN),,2,ITGA2B; ITGB3
H00226,Glanzmann thrombasthenia,D01029,Tirofiban hydrochloride (USAN),DG00159,2,ITGA2B; ITGB3
H00226,Glanzmann thrombasthenia,D12163,Zalunfiban acetate (USAN),DG03167,2,ITGA2B; ITGB3
H00226,Glanzmann thrombasthenia,D03971,Elarofiban (USAN),,2,ITGA2B; ITGB3
H00226,Glanzmann thrombasthenia,D04659,Lamifiban (USAN/INN),DG01420,2,ITGA2B; ITGB3
H00226,Glanzmann thrombasthenia,D04660,Lamifiban hydrochloride (USAN),DG01420,2,ITGA2B; ITGB3
H00226,Glanzmann thrombasthenia,D06888,Eptifibatide (INN),,2,ITGA2B; ITGB3
H00226,Glanzmann thrombasthenia,D05267,Orbofiban acetate (USAN),,2,ITGA2B; ITGB3
H00226,Glanzmann thrombasthenia,D08607,Tirofiban (INN),DG00159,2,ITGA2B; ITGB3
H00226,Glanzmann thrombasthenia,D04785,Lotrafiban hydrochloride (USAN),,2,ITGA2B; ITGB3
H00226,Glanzmann thrombasthenia,D12051,Zalunfiban (USAN),DG03167,2,ITGA2B; ITGB3
H00226,Glanzmann thrombasthenia,D02778,Abciximab (USAN/INN),,2,ITGA2B; ITGB3
H00226,Glanzmann thrombasthenia,D06649,Tadocizumab (USAN),,2,ITGA2B; ITGB3
H00226,Glanzmann thrombasthenia,D06335,Xemilofiban hydrochloride (USAN),,2,ITGA2B; ITGB3
H00227,Congenital amegakaryocytic thrombocytopenia,D08990,Romiplostim (USAN/INN),,1,MPL
H00227,Congenital amegakaryocytic thrombocytopenia,D03978,Eltrombopag olamine (JAN/USAN),,1,MPL
H00227,Congenital amegakaryocytic thrombocytopenia,D10306,Avatrombopag (USAN/INN),DG01976,1,MPL
H00227,Congenital amegakaryocytic thrombocytopenia,D10476,Lusutrombopag (JAN/USAN/INN),,1,MPL
H00227,Congenital amegakaryocytic thrombocytopenia,D10307,Avatrombopag maleate (JAN/USAN),DG01976,1,MPL
H00227,Congenital amegakaryocytic thrombocytopenia,D09024,Totrombopag choline (USAN),,1,MPL
H00228,Thalassemia,D06456,"Cellulose, oxidized regenerated (USP)",DG00168,3,(Alpha); (Beta)
H00228,Thalassemia,D03436,"Cellulose, oxidized (JAN/USP)",DG00168,3,(Alpha); (Beta)
H00229,Sickle cell anemia,D06456,"Cellulose, oxidized regenerated (USP)",DG00168,1,(Beta)
H00229,Sickle cell anemia,D03436,"Cellulose, oxidized (JAN/USP)",DG00168,1,(Beta)
H00232,Hereditary stomatocytosis,D06640,Senicapoc (USAN),,1,(DHS2)
H00235,Methemoglobinemia,D06456,"Cellulose, oxidized regenerated (USP)",DG00168,2,(Alpha); (Beta)
H00235,Methemoglobinemia,D03436,"Cellulose, oxidized (JAN/USP)",DG00168,2,(Alpha); (Beta)
H00236,Congenital polycythemia,D10847,Epoetin zeta (INN),DG00177,1,EPOR
H00236,Congenital polycythemia,D04032,Epoetin delta (USAN),DG00177,1,EPOR
H00236,Congenital polycythemia,D03232,Epoetin beta (USAN/INN),DG00177,1,EPOR
H00236,Congenital polycythemia,D03651,Darbepoetin alfa (USAN/INN),,1,EPOR
H00236,Congenital polycythemia,D09947,Peginesatide acetate (JAN/USAN),DG00178,1,EPOR
H00236,Congenital polycythemia,D03231,Epoetin alfa (USAN/INN),DG00177,1,EPOR
H00236,Congenital polycythemia,D09946,Peginesatide (USAN/INN),DG00178,1,EPOR
H00236,Congenital polycythemia,D10846,Epoetin theta (INN),DG00177,1,EPOR
H00236,Congenital polycythemia,D10000,Epoetin epsilon (INN),DG00177,1,EPOR
H00236,Congenital polycythemia,D09998,Epoetin beta pegol (genetical recombination) (JAN),,1,EPOR
H00236,Congenital polycythemia,D06456,"Cellulose, oxidized regenerated (USP)",DG00168,1,(Beta)
H00236,Congenital polycythemia,D03436,"Cellulose, oxidized (JAN/USP)",DG00168,1,(Beta)
H00236,Congenital polycythemia,D11523,Enarodustat (JAN),,1,(ECYT3)
H00236,Congenital polycythemia,D11078,Vadadustat (JAN/USAN/INN),,1,(ECYT3)
H00236,Congenital polycythemia,D12122,Molidustat (USAN/INN),DG03157,1,(ECYT3)
H00238,Fanconi anemia,D12558,Emzadirib (USAN),,1,RAD51
H00239,Bartter syndrome,D01603,Bethanidine sulfate (JAN/USAN),,1,(BARTS2)
H00239,Bartter syndrome,D04079,Ethacrynate sodium (USP),DG00274,1,(BARTS1)
H00239,Bartter syndrome,D00656,Methyclothiazide (JAN/USP/INN),,1,(BARTS1)
H00239,Bartter syndrome,D00654,Hydroflumethiazide (JAN/USP/INN),,1,(BARTS1)
H00239,Bartter syndrome,D01323,Azosemide (JP18/USAN/INN),,1,(BARTS1)
H00239,Bartter syndrome,D00247,Bumetanide (JP18/USP/INN),,1,(BARTS1)
H00239,Bartter syndrome,D09772,Alilusem potassium (JAN),,1,(BARTS1)
H00239,Bartter syndrome,D07999,Sodium furosemide,DG00272,1,(BARTS1)
H00239,Bartter syndrome,D00658,Trichlormethiazide (JP18/USP/INN),,1,(BARTS1)
H00239,Bartter syndrome,D08001,Furosemide diolamine,DG00272,1,(BARTS1)
H00239,Bartter syndrome,D04111,Etozolin (USAN/INN),,1,(BARTS1)
H00239,Bartter syndrome,D00313,Ethacrynic acid (USP),DG00274,1,(BARTS1)
H00239,Bartter syndrome,D00331,Furosemide (JP18/USP/INN),DG00272,1,(BARTS1)
H00239,Bartter syndrome,D02386,Ticrynafen (USAN),,1,(BARTS1)
H00239,Bartter syndrome,D00382,Torsemide (USP),DG00273,1,(BARTS1)
H00240,Gitelman syndrome,D01877,Mefruside (JP18/USAN/INN),,1,SLC12A3
H00240,Gitelman syndrome,D00656,Methyclothiazide (JAN/USP/INN),,1,SLC12A3
H00240,Gitelman syndrome,D01895,Tripamide (JAN/USAN/INN),,1,SLC12A3
H00240,Gitelman syndrome,D00650,Bendroflumethiazide (JAN/USP/INN),,1,SLC12A3
H00240,Gitelman syndrome,D00654,Hydroflumethiazide (JAN/USP/INN),,1,SLC12A3
H00240,Gitelman syndrome,D00431,Metolazone (JAN/USP/INN),,1,SLC12A3
H00240,Gitelman syndrome,D00340,Hydrochlorothiazide (JP18/USP/INN),,1,SLC12A3
H00240,Gitelman syndrome,D01246,Benzylhydrochlorothiazide (JAN),,1,SLC12A3
H00240,Gitelman syndrome,D00519,Chlorothiazide (JAN/USP/INN),DG00268,1,SLC12A3
H00240,Gitelman syndrome,D00658,Trichlormethiazide (JP18/USP/INN),,1,SLC12A3
H00240,Gitelman syndrome,D03471,Chlorothiazide sodium (USP),DG00268,1,SLC12A3
H00240,Gitelman syndrome,D01241,Penflutizide (JAN/INN),,1,SLC12A3
H00240,Gitelman syndrome,D00651,Benzthiazide (JAN/INN),,1,SLC12A3
H00240,Gitelman syndrome,D00345,Indapamide (JP18/USP),DG00269,1,SLC12A3
H00240,Gitelman syndrome,D00272,Chlorthalidone (USP),,1,SLC12A3
H00241,Combined proximal and distal renal tubular acidosis (RTA ty…,D00653,Dorzolamide hydrochloride (JP18/USP),DG01135,1,CA2
H00241,Combined proximal and distal renal tubular acidosis (RTA ty…,D00655,Methazolamide (JAN/USP/INN),,1,CA2
H00241,Combined proximal and distal renal tubular acidosis (RTA ty…,D07871,Dorzolamide (INN),DG01135,1,CA2
H00241,Combined proximal and distal renal tubular acidosis (RTA ty…,D02441,Ethoxzolamide,,1,CA2
H00241,Combined proximal and distal renal tubular acidosis (RTA ty…,D00218,Acetazolamide (JP18/USP/INN),DG01134,1,CA2
H00241,Combined proximal and distal renal tubular acidosis (RTA ty…,D00518,Dichlorphenamide (USP),,1,CA2
H00241,Combined proximal and distal renal tubular acidosis (RTA ty…,D00537,Topiramate (JAN/USP/INN),,1,CA2
H00241,Combined proximal and distal renal tubular acidosis (RTA ty…,D03845,Sezolamide hydrochloride (USAN),,1,CA2
H00241,Combined proximal and distal renal tubular acidosis (RTA ty…,D00652,Brinzolamide (JAN/USP/INN),,1,CA2
H00241,Combined proximal and distal renal tubular acidosis (RTA ty…,D01196,Acetazolamide sodium (JAN),DG01134,1,CA2
H00241,Combined proximal and distal renal tubular acidosis (RTA ty…,D01822,Clofenamide (JAN/INN),,1,CA2
H00242,Liddle syndrome,D00386,Triamterene (JP18/USP/INN),,3,(LIDLS1); (LIDLS2); (LIDLS3)
H00242,Liddle syndrome,D07447,Amiloride (INN),DG00275,3,(LIDLS1); (LIDLS2); (LIDLS3)
H00242,Liddle syndrome,D12346,Idrevloride (USAN),,3,(LIDLS1); (LIDLS2); (LIDLS3)
H00242,Liddle syndrome,D00649,Amiloride hydrochloride (USP),DG00275,3,(LIDLS1); (LIDLS2); (LIDLS3)
H00243,Hyperkalemic distal renal tubular acidosis (RTA type 4),D00386,Triamterene (JP18/USP/INN),,4,(LIDLS1); (LIDLS2); (LIDLS3); (PHA1A)
H00243,Hyperkalemic distal renal tubular acidosis (RTA type 4),D07447,Amiloride (INN),DG00275,3,(LIDLS1); (LIDLS2); (LIDLS3)
H00243,Hyperkalemic distal renal tubular acidosis (RTA type 4),D12346,Idrevloride (USAN),,3,(LIDLS1); (LIDLS2); (LIDLS3)
H00243,Hyperkalemic distal renal tubular acidosis (RTA type 4),D00649,Amiloride hydrochloride (USP),DG00275,3,(LIDLS1); (LIDLS2); (LIDLS3)
H00243,Hyperkalemic distal renal tubular acidosis (RTA type 4),D00443,Spironolactone (JP18/USP/INN),,1,(PHA1A)
H00243,Hyperkalemic distal renal tubular acidosis (RTA type 4),D11667,Miricorilant (USAN/INN),,1,(PHA1A)
H00243,Hyperkalemic distal renal tubular acidosis (RTA type 4),D03917,Drospirenone (JAN/USP/INN),,1,(PHA1A)
H00243,Hyperkalemic distal renal tubular acidosis (RTA type 4),D03698,Desoxycorticosterone acetate (USP),DG00507,1,(PHA1A)
H00243,Hyperkalemic distal renal tubular acidosis (RTA type 4),D03699,Desoxycorticosterone pivalate (USP),DG00507,1,(PHA1A)
H00243,Hyperkalemic distal renal tubular acidosis (RTA type 4),D10528,Aldosterone (INN),,1,(PHA1A)
H00243,Hyperkalemic distal renal tubular acidosis (RTA type 4),D01943,Canrenoate potassium (USAN),,1,(PHA1A)
H00243,Hyperkalemic distal renal tubular acidosis (RTA type 4),D10633,Finerenone (JAN/USAN/INN),,1,(PHA1A)
H00243,Hyperkalemic distal renal tubular acidosis (RTA type 4),D05640,Prorenoate potassium (USAN/INN),,1,(PHA1A)
H00243,Hyperkalemic distal renal tubular acidosis (RTA type 4),D05020,Mexrenoate potassium (USAN),,1,(PHA1A)
H00243,Hyperkalemic distal renal tubular acidosis (RTA type 4),D03363,Canrenone (USAN),,1,(PHA1A)
H00245,Calcium sensing receptor (CASR) related disease,D06020,Tecalcet hydrochloride (USAN),,1,CASR
H00245,Calcium sensing receptor (CASR) related disease,D10676,Etelcalcetide (USAN/INN),DG01856,1,CASR
H00245,Calcium sensing receptor (CASR) related disease,D10677,Etelcalcetide hydrochloride (JAN/USAN),DG01856,1,CASR
H00245,Calcium sensing receptor (CASR) related disease,D03505,Cinacalcet hydrochloride (JAN/USAN),DG00513,1,CASR
H00245,Calcium sensing receptor (CASR) related disease,D11564,Upacicalcet sodium hydrate (JAN),,1,CASR
H00245,Calcium sensing receptor (CASR) related disease,D11063,Evocalcet (JAN/INN),,1,CASR
H00245,Calcium sensing receptor (CASR) related disease,D03504,Cinacalcet (USAN),DG00513,1,CASR
H00245,Calcium sensing receptor (CASR) related disease,D08991,Ronacaleret hydrochloride (USAN),,1,CASR
H00246,Primary hyperparathyroidism,D12419,Ziftomenib (USAN/INN),,1,MEN1
H00246,Primary hyperparathyroidism,D06020,Tecalcet hydrochloride (USAN),,1,CASR
H00246,Primary hyperparathyroidism,D10676,Etelcalcetide (USAN/INN),DG01856,1,CASR
H00246,Primary hyperparathyroidism,D10677,Etelcalcetide hydrochloride (JAN/USAN),DG01856,1,CASR
H00246,Primary hyperparathyroidism,D11564,Upacicalcet sodium hydrate (JAN),,1,CASR
H00246,Primary hyperparathyroidism,D11063,Evocalcet (JAN/INN),,1,CASR
H00246,Primary hyperparathyroidism,D03504,Cinacalcet (USAN),DG00513,1,CASR
H00246,Primary hyperparathyroidism,D08991,Ronacaleret hydrochloride (USAN),,1,CASR
H00247,Multiple endocrine neoplasia syndrome,D06678,Motesanib (USAN),DG01262,1,RET
H00247,Multiple endocrine neoplasia syndrome,D06407,Vandetanib (JAN/USAN/INN),,1,RET
H00247,Multiple endocrine neoplasia syndrome,D06402,Sunitinib malate (JAN/USAN),DG00712,1,RET
H00247,Multiple endocrine neoplasia syndrome,D12331,Zeteletinib adipate (USAN),DG03221,1,RET
H00247,Multiple endocrine neoplasia syndrome,D08524,Sorafenib (USAN/INN),DG00713,1,RET
H00247,Multiple endocrine neoplasia syndrome,D06272,Sorafenib tosylate (USAN),DG00713,1,RET
H00247,Multiple endocrine neoplasia syndrome,D10137,Regorafenib hydrate (JAN),DG00720,1,RET
H00247,Multiple endocrine neoplasia syndrome,D08947,Motesanib diphosphate (USAN),DG01262,1,RET
H00247,Multiple endocrine neoplasia syndrome,D10138,Regorafenib (USAN/INN),DG00720,1,RET
H00247,Multiple endocrine neoplasia syndrome,D12354,Pralsetinib hydrate (JAN),DG03223,1,RET
H00247,Multiple endocrine neoplasia syndrome,D08552,Sunitinib (INN),DG00712,1,RET
H00247,Multiple endocrine neoplasia syndrome,D09920,Lenvatinib mesylate (USAN),DG01362,1,RET
H00247,Multiple endocrine neoplasia syndrome,D12330,Zeteletinib (USAN),DG03221,1,RET
H00247,Multiple endocrine neoplasia syndrome,D11712,Pralsetinib (USAN/INN),DG03223,1,RET
H00247,Multiple endocrine neoplasia syndrome,D09919,Lenvatinib (USAN/INN),DG01362,1,RET
H00249,Thyroid hormone resistance syndrome,D08125,Levothyroxine (BAN),DG00510,1,THRB
H00249,Thyroid hormone resistance syndrome,D07214,Tiratricol (INN),,1,THRB
H00249,Thyroid hormone resistance syndrome,D01011,Liothyronine sodium (JP18/USP),DG01372,1,THRB
H00249,Thyroid hormone resistance syndrome,D08129,Liothyronine hydrochloride,DG01372,1,THRB
H00249,Thyroid hormone resistance syndrome,D03750,Dextrothyroxine sodium (USAN),,1,THRB
H00249,Thyroid hormone resistance syndrome,D11602,Resmetirom (USAN/INN),,1,THRB
H00249,Thyroid hormone resistance syndrome,D08128,Liothyronine (INN),DG01372,1,THRB
H00249,Thyroid hormone resistance syndrome,D09381,Sobetirome (USAN),,1,THRB
H00249,Thyroid hormone resistance syndrome,D01012,Dried thyroid (JP18),DG01993,1,THRB
H00249,Thyroid hormone resistance syndrome,D06482,Thyroid (USP),DG01993,1,THRB
H00249,Thyroid hormone resistance syndrome,D01010,Levothyroxine sodium (USP),DG00510,1,THRB
H00249,Thyroid hormone resistance syndrome,D11113,Levothyroxine sodium (INN),DG00510,1,THRB
H00250,Congenital nongoitrous hypothyroidism (CHNG),D10594,Rovatirelin hydrate (JAN),,1,TRHR
H00250,Congenital nongoitrous hypothyroidism (CHNG),D00176,Protirelin (JP18/USAN/INN),DG01171,1,TRHR
H00250,Congenital nongoitrous hypothyroidism (CHNG),D02007,Protirelin tartrate hydrate (JP18),DG01171,1,TRHR
H00250,Congenital nongoitrous hypothyroidism (CHNG),D01925,Taltirelin hydrate (JP18),,1,TRHR
H00250,Congenital nongoitrous hypothyroidism (CHNG),D09845,Montirelin hydrate (JAN),DG01347,1,TRHR
H00250,Congenital nongoitrous hypothyroidism (CHNG),D02588,Montirelin (INN),DG01347,1,TRHR
H00250,Congenital nongoitrous hypothyroidism (CHNG),D06120,Thyrotropin alfa (USAN/INN),,1,TRHR
H00250,Congenital nongoitrous hypothyroidism (CHNG),D08125,Levothyroxine (BAN),DG00510,1,THRA
H00250,Congenital nongoitrous hypothyroidism (CHNG),D07214,Tiratricol (INN),,1,THRA
H00250,Congenital nongoitrous hypothyroidism (CHNG),D01011,Liothyronine sodium (JP18/USP),DG01372,1,THRA
H00250,Congenital nongoitrous hypothyroidism (CHNG),D08129,Liothyronine hydrochloride,DG01372,1,THRA
H00250,Congenital nongoitrous hypothyroidism (CHNG),D03750,Dextrothyroxine sodium (USAN),,1,THRA
H00250,Congenital nongoitrous hypothyroidism (CHNG),D08128,Liothyronine (INN),DG01372,1,THRA
H00250,Congenital nongoitrous hypothyroidism (CHNG),D01012,Dried thyroid (JP18),DG01993,1,THRA
H00250,Congenital nongoitrous hypothyroidism (CHNG),D06482,Thyroid (USP),DG01993,1,THRA
H00251,Thyroid dyshormonogenesis,D07616,Carbimazole (INN),,1,TPO
H00251,Thyroid dyshormonogenesis,D00562,Propylthiouracil (JP18/USP/INN),,1,TPO
H00251,Thyroid dyshormonogenesis,D07519,Benzylthiouracil,,1,TPO
H00251,Thyroid dyshormonogenesis,D07231,Methylthiouracil (INN),,1,TPO
H00251,Thyroid dyshormonogenesis,D00401,Methimazole (USP),,1,TPO
H00252,Congenital nephrogenic diabetes insipidus,D02983,Argipressin tannate (USAN),,1,AVPR2
H00252,Congenital nephrogenic diabetes insipidus,D00366,Lypressin (USAN/INN),,1,AVPR2
H00252,Congenital nephrogenic diabetes insipidus,D11659,Tolvaptan sodium phosphate (JAN),DG03074,1,AVPR2
H00252,Congenital nephrogenic diabetes insipidus,D09820,Vasopressin tannate (JAN),DG00496,1,AVPR2
H00252,Congenital nephrogenic diabetes insipidus,D01855,Mozavaptane hydrochloride (JAN),,1,AVPR2
H00252,Congenital nephrogenic diabetes insipidus,D04752,Lixivaptan (USAN/INN),,1,AVPR2
H00252,Congenital nephrogenic diabetes insipidus,D01236,Conivaptan hydrochloride (JAN/USAN),DG00276,1,AVPR2
H00252,Congenital nephrogenic diabetes insipidus,D07227,Ornipressin (INN),,1,AVPR2
H00252,Congenital nephrogenic diabetes insipidus,D08571,Terlipressin acetate (JAN),DG00498,1,AVPR2
H00252,Congenital nephrogenic diabetes insipidus,D01213,Tolvaptan (JAN/USAN/INN),DG03074,1,AVPR2
H00252,Congenital nephrogenic diabetes insipidus,D00291,Desmopressin (INN),DG00497,1,AVPR2
H00252,Congenital nephrogenic diabetes insipidus,D07748,Conivaptan (INN),DG00276,1,AVPR2
H00252,Congenital nephrogenic diabetes insipidus,D06672,Terlipressin (USAN/INN),DG00498,1,AVPR2
H00252,Congenital nephrogenic diabetes insipidus,D00101,Vasopressin (JP18/USP),DG00496,1,AVPR2
H00252,Congenital nephrogenic diabetes insipidus,D02235,Desmopressin acetate (USP),DG00497,1,AVPR2
H00254,Growth hormone deficiency,D12467,Evobrutinib (USAN/INN),,1,BTK
H00254,Growth hormone deficiency,D12050,Pirtobrutinib (JAN/USAN),,1,BTK
H00254,Growth hormone deficiency,D10731,Spebrutinib besylate (USAN),DG01863,1,BTK
H00254,Growth hormone deficiency,D12052,Luxeptinib (USAN),,1,BTK
H00254,Growth hormone deficiency,D10893,Acalabrutinib (JAN/USAN/INN),DG03089,1,BTK
H00254,Growth hormone deficiency,D11070,Tirabrutinib hydrochloride (JAN),,1,BTK
H00254,Growth hormone deficiency,D11478,Branebrutinib (USAN),,1,BTK
H00254,Growth hormone deficiency,D11502,Vecabrutinib succinate (USAN),DG03023,1,BTK
H00254,Growth hormone deficiency,D12504,Nemtabrutinib (USAN/INN),,1,BTK
H00254,Growth hormone deficiency,D12489,Atuzabrutinib (USAN/INN),,1,BTK
H00254,Growth hormone deficiency,D12158,Elsubrutinib (USAN/INN),,1,BTK
H00254,Growth hormone deficiency,D11873,Rilzabrutinib (USAN/INN),,1,BTK
H00254,Growth hormone deficiency,D12285,Remibrutinib (USAN/INN),,1,BTK
H00254,Growth hormone deficiency,D11428,Vecabrutinib (USAN/INN),DG03023,1,BTK
H00254,Growth hormone deficiency,D10730,Spebrutinib (USAN/INN),DG01863,1,BTK
H00255,Hypogonadotropic hypogonadism,D10137,Regorafenib hydrate (JAN),DG00720,3,BRAF; FGFR1; RAF1
H00255,Hypogonadotropic hypogonadism,D10138,Regorafenib (USAN/INN),DG00720,3,BRAF; FGFR1; RAF1
H00255,Hypogonadotropic hypogonadism,D12515,Avutometinib (USAN/INN),DG03255,3,MAP2K1; MAP2K2; RAF1
H00255,Hypogonadotropic hypogonadism,D12534,Avutometinib potassium (USAN),DG03255,3,MAP2K1; MAP2K2; RAF1
H00255,Hypogonadotropic hypogonadism,D05029,Midostaurin (JAN/USAN/INN),,3,PRKCA; PRKCB; PRKCG
H00255,Hypogonadotropic hypogonadism,D11191,Tigilanol tiglate (USAN/INN),,3,PRKCA; PRKCB; PRKCG
H00255,Hypogonadotropic hypogonadism,D12291,Tovorafenib (USAN/INN),,3,ARAF; BRAF; RAF1
H00255,Hypogonadotropic hypogonadism,D10024,Selumetinib sulfate (JAN/USAN),DG01414,2,MAP2K1; MAP2K2
H00255,Hypogonadotropic hypogonadism,D12473,Zapnometinib (USAN/INN),,2,MAP2K1; MAP2K2
H00255,Hypogonadotropic hypogonadism,D10604,Binimetinib (JAN/USAN/INN),,2,MAP2K1; MAP2K2
H00255,Hypogonadotropic hypogonadism,D10615,Cobimetinib fumarate (USAN),DG01825,2,MAP2K1; MAP2K2
H00255,Hypogonadotropic hypogonadism,D10176,Trametinib dimethyl sulfoxide (JAN/USAN),DG00723,2,MAP2K1; MAP2K2
H00255,Hypogonadotropic hypogonadism,D10426,Pimasertib (USAN/INN),DG01410,2,MAP2K1; MAP2K2
H00255,Hypogonadotropic hypogonadism,D10405,Cobimetinib (USAN/INN),DG01825,2,MAP2K1; MAP2K2
H00255,Hypogonadotropic hypogonadism,D10175,Trametinib (USAN),DG00723,2,MAP2K1; MAP2K2
H00256,Familial glucocorticoid deficiency,D06544,"Corticotropin, repository (USP)",DG00492,1,MC2R
H00256,Familial glucocorticoid deficiency,D00284,Cosyntropin (USP),DG00493,1,MC2R
H00256,Familial glucocorticoid deficiency,D09801,Giractide acetate (JAN),DG01344,1,MC2R
H00256,Familial glucocorticoid deficiency,D03593,Corticotropin zinc hydroxide,DG00492,1,MC2R
H00256,Familial glucocorticoid deficiency,D00146,Corticotropin (USP/INN),DG00492,1,MC2R
H00256,Familial glucocorticoid deficiency,D09937,Giractide (INN),DG01344,1,MC2R
H00256,Familial glucocorticoid deficiency,D02105,Tetracosactide acetate (JAN),DG00493,1,MC2R
H00256,Familial glucocorticoid deficiency,D07417,Alsactide (INN),,1,MC2R
H00256,Familial glucocorticoid deficiency,D05827,Seractide acetate (USAN),,1,MC2R
H00258,Aldosterone synthase deficiency,D11061,Osilodrostat (USAN/INN),DG02839,1,CYP11B2
H00258,Aldosterone synthase deficiency,D11062,Osilodrostat phosphate (JAN/USAN),DG02839,1,CYP11B2
H00260,Pigmented micronodular adrenocortical disease,D07425,Papaverine (BAN),DG00043,2,PDE11A; PDE8B
H00260,Pigmented micronodular adrenocortical disease,D06103,Theophylline (USP),DG01061,2,PDE11A; PDE8B
H00260,Pigmented micronodular adrenocortical disease,D01238,Bucladesine sodium (JAN),DG00230,2,PDE11A; PDE8B
H00260,Pigmented micronodular adrenocortical disease,D05429,Aminophylline hydrate (JP18),DG01062,2,PDE11A; PDE8B
H00260,Pigmented micronodular adrenocortical disease,D06104,Theophylline sodium glycinate (USP),DG01061,2,PDE11A; PDE8B
H00260,Pigmented micronodular adrenocortical disease,D06132,Tibenelast sodium (USAN),,2,PDE11A; PDE8B
H00260,Pigmented micronodular adrenocortical disease,D07546,Bucladesine (INN),DG00230,2,PDE11A; PDE8B
H00260,Pigmented micronodular adrenocortical disease,D07961,Flavoxate (INN),DG00477,2,PDE11A; PDE8B
H00260,Pigmented micronodular adrenocortical disease,D00371,Theophylline (JP18),DG01061,2,PDE11A; PDE8B
H00260,Pigmented micronodular adrenocortical disease,D11630,Aminophylline dihydrate,DG01062,2,PDE11A; PDE8B
H00260,Pigmented micronodular adrenocortical disease,D00227,Aminophylline (USP/INN),DG01062,2,PDE11A; PDE8B
H00260,Pigmented micronodular adrenocortical disease,D08238,Moxaverine hydrochloride,DG00045,2,PDE11A; PDE8B
H00260,Pigmented micronodular adrenocortical disease,D09822,Theosalicin (JAN),,2,PDE11A; PDE8B
H00260,Pigmented micronodular adrenocortical disease,D02218,Papaverine hydrochloride (JP18/USP),DG00043,2,PDE11A; PDE8B
H00260,Pigmented micronodular adrenocortical disease,D01220,Trapidil (JP18/INN),,2,PDE11A; PDE8B
H00261,Meckel syndrome,D12488,Sepofarsen (USAN/INN),,1,(MKS4)
H00264,Charcot-Marie-Tooth disease,D01970,Omapatrilat (JAN/USAN/INN),,1,MME
H00264,Charcot-Marie-Tooth disease,D03349,Candoxatrilat (USAN/INN),,1,MME
H00264,Charcot-Marie-Tooth disease,D10225,Sacubitril (JAN/USAN/INN),,1,MME
H00264,Charcot-Marie-Tooth disease,D01070,Candoxatril (JAN/USAN/INN),,1,MME
H00264,Charcot-Marie-Tooth disease,D08464,Racecadotril (INN),,1,MME
H00264,Charcot-Marie-Tooth disease,D03929,Ecadotril (USAN/INN),,1,MME
H00264,Charcot-Marie-Tooth disease,D11199,Lesinidase alfa (USAN/INN),,1,NAGLU
H00264,Charcot-Marie-Tooth disease,D05857,Sodium dichloroacetate (USAN),,1,(CMTX6)
H00264,Charcot-Marie-Tooth disease,D07556,beta-Acetyldigoxin,,1,ATP1A1
H00264,Charcot-Marie-Tooth disease,D01972,Lanatoside C (JAN/INN),,1,ATP1A1
H00264,Charcot-Marie-Tooth disease,D00112,G-Strophanthin (JAN),,1,ATP1A1
H00264,Charcot-Marie-Tooth disease,D00297,Digitoxin (JAN/USP/INN),,1,ATP1A1
H00264,Charcot-Marie-Tooth disease,D07555,Acetyldigoxin,,1,ATP1A1
H00264,Charcot-Marie-Tooth disease,D01379,Proscillaridin (JAN/USAN/INN),,1,ATP1A1
H00264,Charcot-Marie-Tooth disease,D07147,Gitoformate (INN),,1,ATP1A1
H00265,Hereditary sensory and autonomic neuropathy,D00354,Lamotrigine (JAN/USP/INN),,2,(HSAN2D); (HSAN7)
H00265,Hereditary sensory and autonomic neuropathy,D00375,Mephenytoin (USP/INN),,2,(HSAN2D); (HSAN7)
H00265,Hereditary sensory and autonomic neuropathy,D02272,Quinidine sulfate (USP),DG00192,2,(HSAN2D); (HSAN7)
H00265,Hereditary sensory and autonomic neuropathy,D03492,Cifenline (USAN),DG00209,2,(HSAN2D); (HSAN7)
H00265,Hereditary sensory and autonomic neuropathy,D04521,Indecainide hydrochloride (USAN),,2,(HSAN2D); (HSAN7)
H00265,Hereditary sensory and autonomic neuropathy,D00739,Pramoxine hydrochloride (USP),DG00300,2,(HSAN2D); (HSAN7)
H00265,Hereditary sensory and autonomic neuropathy,D00533,Oxcarbazepine (JAN/USP/INN),,2,(HSAN2D); (HSAN7)
H00265,Hereditary sensory and autonomic neuropathy,D01768,Benoxinate hydrochloride (USP),DG00392,2,(HSAN2D); (HSAN7)
H00265,Hereditary sensory and autonomic neuropathy,D00538,Zonisamide (JP18/USP/INN),,2,(HSAN2D); (HSAN7)
H00265,Hereditary sensory and autonomic neuropathy,D00552,Benzocaine (USP/INN),DG00379,2,(HSAN2D); (HSAN7)
H00265,Hereditary sensory and autonomic neuropathy,D08407,Pramocaine (INN),DG00300,2,(HSAN2D); (HSAN7)
H00265,Hereditary sensory and autonomic neuropathy,D03991,Encainide hydrochloride (USAN),DG00203,2,(HSAN2D); (HSAN7)
H00265,Hereditary sensory and autonomic neuropathy,D08422,Procaine (INN),DG00298,2,(HSAN2D); (HSAN7)
H00265,Hereditary sensory and autonomic neuropathy,D07894,Encainide (INN),DG00203,2,(HSAN2D); (HSAN7)
H00265,Hereditary sensory and autonomic neuropathy,D00738,Mepivacaine hydrochloride (JP18/USP),DG00802,2,(HSAN2D); (HSAN7)
H00266,Hereditary spastic paraplegia,D05442,Perhexiline maleate (USAN),DG00334,1,CPT1C
H00266,Hereditary spastic paraplegia,D08340,Perhexiline (INN),DG00334,1,CPT1C
H00266,Hereditary spastic paraplegia,D05292,Oxfenicine (USAN/INN),,1,CPT1C
H00268,Lissencephaly,D09604,Dinaciclib (USAN/INN),,1,CDK5
H00269,Primary microcephaly,D10372,Palbociclib (JAN/USAN),DG01831,1,CDK6
H00269,Primary microcephaly,D11130,Trilaciclib (USAN/INN),DG03146,1,CDK6
H00269,Primary microcephaly,D10652,Palbociclib isethionate (USAN),DG01831,1,CDK6
H00269,Primary microcephaly,D10688,Abemaciclib (JAN/USAN/INN),,1,CDK6
H00269,Primary microcephaly,D11455,Lerociclib (USAN),,1,CDK6
H00269,Primary microcephaly,D10979,Ribociclib succinate (USAN),DG02084,1,CDK6
H00269,Primary microcephaly,D02880,Alvocidib hydrochloride (USAN),DG02041,1,CDK6
H00269,Primary microcephaly,D10883,Ribociclib (USAN/INN),DG02084,1,CDK6
H00269,Primary microcephaly,D11987,Trilaciclib dihydrochloride,DG03146,1,CDK6
H00269,Primary microcephaly,D09868,Alvocidib (USAN/INN),DG02041,1,CDK6
H00270,Periventricular nodular heterotopia,D12004,Simufilam hydrochloride (USAN),DG03149,1,(PVNH1)
H00270,Periventricular nodular heterotopia,D12003,Simufilam (USAN),DG03149,1,(PVNH1)
H00273,Pycnodysostosis,D08955,Odanacatib (JAN/USAN),,1,CTSK
H00273,Pycnodysostosis,D06634,Relacatib (USAN/INN),,1,CTSK
H00274,Papillon-Lefevre syndrome,D12120,Brensocatib (USAN/INN),,1,CTSC
H00277,Enterohemorrhagic Escherichia coli (EHEC) infection,D11692,Tirbanibulin mesylate (USAN),DG03082,10,SRC; TUBB; TUBB1; TUBB2A; TUBB2B; TUBB3; TUBB4A; TUBB4B; TUBB6; TUBB8
H00277,Enterohemorrhagic Escherichia coli (EHEC) infection,D11691,Tirbanibulin (USAN/INN),DG03082,10,SRC; TUBB; TUBB1; TUBB2A; TUBB2B; TUBB3; TUBB4A; TUBB4B; TUBB6; TUBB8
H00277,Enterohemorrhagic Escherichia coli (EHEC) infection,D05062,Mivobulin isethionate (USAN),,9,TUBB; TUBB1; TUBB2A; TUBB2B; TUBB3; TUBB4A; TUBB4B; TUBB6; TUBB8
H00277,Enterohemorrhagic Escherichia coli (EHEC) infection,D03364,Cantuzumab mertansine (USAN),,9,TUBB; TUBB1; TUBB2A; TUBB2B; TUBB3; TUBB4A; TUBB4B; TUBB6; TUBB8
H00277,Enterohemorrhagic Escherichia coli (EHEC) infection,D10454,Cantuzumab ravtansine (USAN/INN),,9,TUBB; TUBB1; TUBB2A; TUBB2B; TUBB3; TUBB4A; TUBB4B; TUBB6; TUBB8
H00277,Enterohemorrhagic Escherichia coli (EHEC) infection,D06304,Vindesine (USAN/INN),DG00691,9,TUBB; TUBB1; TUBB2A; TUBB2B; TUBB3; TUBB4A; TUBB4B; TUBB6; TUBB8
H00277,Enterohemorrhagic Escherichia coli (EHEC) infection,D12520,Sabizabulin hydrochloride (USAN),DG03253,9,TUBB; TUBB1; TUBB2A; TUBB2B; TUBB3; TUBB4A; TUBB4B; TUBB6; TUBB8
H00277,Enterohemorrhagic Escherichia coli (EHEC) infection,D02197,Vincristine sulfate (JP18/USP),DG00690,9,TUBB; TUBB1; TUBB2A; TUBB2B; TUBB3; TUBB4A; TUBB4B; TUBB6; TUBB8
H00277,Enterohemorrhagic Escherichia coli (EHEC) infection,D04066,Estramustine (USAN/INN),DG00724,9,TUBB; TUBB1; TUBB2A; TUBB2B; TUBB3; TUBB4A; TUBB4B; TUBB6; TUBB8
H00277,Enterohemorrhagic Escherichia coli (EHEC) infection,D10954,Mirvetuximab soravtansine (USAN/INN),,9,TUBB; TUBB1; TUBB2A; TUBB2B; TUBB3; TUBB4A; TUBB4B; TUBB6; TUBB8
H00277,Enterohemorrhagic Escherichia coli (EHEC) infection,D11238,Lifastuzumab vedotin (USAN/INN),,9,TUBB; TUBB1; TUBB2A; TUBB2B; TUBB3; TUBB4A; TUBB4B; TUBB6; TUBB8
H00277,Enterohemorrhagic Escherichia coli (EHEC) infection,D06308,Vinrosidine sulfate (USAN),,9,TUBB; TUBB1; TUBB2A; TUBB2B; TUBB3; TUBB4A; TUBB4B; TUBB6; TUBB8
H00277,Enterohemorrhagic Escherichia coli (EHEC) infection,D01068,Vinblastine sulfate (JP18/USP),DG00689,9,TUBB; TUBB1; TUBB2A; TUBB2B; TUBB3; TUBB4A; TUBB4B; TUBB6; TUBB8
H00277,Enterohemorrhagic Escherichia coli (EHEC) infection,D12582,Opadotin (USAN),,9,TUBB; TUBB1; TUBB2A; TUBB2B; TUBB3; TUBB4A; TUBB4B; TUBB6; TUBB8
H00277,Enterohemorrhagic Escherichia coli (EHEC) infection,D00491,Paclitaxel (JAN/USP/INN),DG01430,9,TUBB; TUBB1; TUBB2A; TUBB2B; TUBB3; TUBB4A; TUBB4B; TUBB6; TUBB8
H00278,Enteropathogenic Escherichia coli (EPEC) infection,D11692,Tirbanibulin mesylate (USAN),DG03082,10,SRC; TUBB; TUBB1; TUBB2A; TUBB2B; TUBB3; TUBB4A; TUBB4B; TUBB6; TUBB8
H00278,Enteropathogenic Escherichia coli (EPEC) infection,D11691,Tirbanibulin (USAN/INN),DG03082,10,SRC; TUBB; TUBB1; TUBB2A; TUBB2B; TUBB3; TUBB4A; TUBB4B; TUBB6; TUBB8
H00278,Enteropathogenic Escherichia coli (EPEC) infection,D05062,Mivobulin isethionate (USAN),,9,TUBB; TUBB1; TUBB2A; TUBB2B; TUBB3; TUBB4A; TUBB4B; TUBB6; TUBB8
H00278,Enteropathogenic Escherichia coli (EPEC) infection,D03364,Cantuzumab mertansine (USAN),,9,TUBB; TUBB1; TUBB2A; TUBB2B; TUBB3; TUBB4A; TUBB4B; TUBB6; TUBB8
H00278,Enteropathogenic Escherichia coli (EPEC) infection,D10454,Cantuzumab ravtansine (USAN/INN),,9,TUBB; TUBB1; TUBB2A; TUBB2B; TUBB3; TUBB4A; TUBB4B; TUBB6; TUBB8
H00278,Enteropathogenic Escherichia coli (EPEC) infection,D06304,Vindesine (USAN/INN),DG00691,9,TUBB; TUBB1; TUBB2A; TUBB2B; TUBB3; TUBB4A; TUBB4B; TUBB6; TUBB8
H00278,Enteropathogenic Escherichia coli (EPEC) infection,D12520,Sabizabulin hydrochloride (USAN),DG03253,9,TUBB; TUBB1; TUBB2A; TUBB2B; TUBB3; TUBB4A; TUBB4B; TUBB6; TUBB8
H00278,Enteropathogenic Escherichia coli (EPEC) infection,D02197,Vincristine sulfate (JP18/USP),DG00690,9,TUBB; TUBB1; TUBB2A; TUBB2B; TUBB3; TUBB4A; TUBB4B; TUBB6; TUBB8
H00278,Enteropathogenic Escherichia coli (EPEC) infection,D04066,Estramustine (USAN/INN),DG00724,9,TUBB; TUBB1; TUBB2A; TUBB2B; TUBB3; TUBB4A; TUBB4B; TUBB6; TUBB8
H00278,Enteropathogenic Escherichia coli (EPEC) infection,D10954,Mirvetuximab soravtansine (USAN/INN),,9,TUBB; TUBB1; TUBB2A; TUBB2B; TUBB3; TUBB4A; TUBB4B; TUBB6; TUBB8
H00278,Enteropathogenic Escherichia coli (EPEC) infection,D11238,Lifastuzumab vedotin (USAN/INN),,9,TUBB; TUBB1; TUBB2A; TUBB2B; TUBB3; TUBB4A; TUBB4B; TUBB6; TUBB8
H00278,Enteropathogenic Escherichia coli (EPEC) infection,D06308,Vinrosidine sulfate (USAN),,9,TUBB; TUBB1; TUBB2A; TUBB2B; TUBB3; TUBB4A; TUBB4B; TUBB6; TUBB8
H00278,Enteropathogenic Escherichia coli (EPEC) infection,D01068,Vinblastine sulfate (JP18/USP),DG00689,9,TUBB; TUBB1; TUBB2A; TUBB2B; TUBB3; TUBB4A; TUBB4B; TUBB6; TUBB8
H00278,Enteropathogenic Escherichia coli (EPEC) infection,D12582,Opadotin (USAN),,9,TUBB; TUBB1; TUBB2A; TUBB2B; TUBB3; TUBB4A; TUBB4B; TUBB6; TUBB8
H00278,Enteropathogenic Escherichia coli (EPEC) infection,D00491,Paclitaxel (JAN/USP/INN),DG01430,9,TUBB; TUBB1; TUBB2A; TUBB2B; TUBB3; TUBB4A; TUBB4B; TUBB6; TUBB8
H00282,Cryopyrin associated periodic syndrome,D12422,Selnoflast (USAN/INN),DG03239,1,NLRP3
H00282,Cryopyrin associated periodic syndrome,D12423,Selnoflast potassium (USAN),DG03239,1,NLRP3
H00285,Blau syndrome,D06619,Mifamurtide (USAN),,1,NOD2
H00285,Blau syndrome,D11385,Inarigivir soproxil (USAN),,1,NOD2
H00286,Crohn disease,D11200,Pegilodecakin (USAN/INN),,2,IL10RA; IL10RB
H00286,Crohn disease,D04505,Ilodecakin (USAN/INN),,2,IL10RA; IL10RB
H00286,Crohn disease,D06619,Mifamurtide (USAN),,1,NOD2
H00286,Crohn disease,D11385,Inarigivir soproxil (USAN),,1,NOD2
H00292,Hypertrophic cardiomyopathy,D12253,Aficamten (USAN/INN),,4,(CMH1); (CMH8); MYH6; MYL2
H00292,Hypertrophic cardiomyopathy,D04510,Imciromab pentetate (USAN),,2,(CMH1); MYH6
H00293,Arrhythmogenic right ventricular cardiomyopathy,D10304,Aladorian (USAN/INN),DG02040,1,RYR2
H00293,Arrhythmogenic right ventricular cardiomyopathy,D10305,Aladorian sodium (USAN),DG02040,1,RYR2
H00293,Arrhythmogenic right ventricular cardiomyopathy,D09620,Fresolimumab (USAN/INN),,1,TGFB3
H00294,Dilated cardiomyopathy,D04318,Glatiramer acetate (JAN/USAN),,5,HLA-DPA1; HLA-DPB1; HLA-DQA1; HLA-DQB1; HLA-DRB1
H00294,Dilated cardiomyopathy,D12253,Aficamten (USAN/INN),,2,(CMH1); MYH6
H00294,Dilated cardiomyopathy,D04510,Imciromab pentetate (USAN),,2,(CMH1); MYH6
H00294,Dilated cardiomyopathy,D10114,Drisapersen (USAN),DG01887,1,DMD
H00294,Dilated cardiomyopathy,D11528,Viltolarsen (JAN/USAN),,1,DMD
H00294,Dilated cardiomyopathy,D11988,Casimersen (USAN/INN),,1,DMD
H00294,Dilated cardiomyopathy,D11707,Golodirsen (USAN/INN),,1,DMD
H00294,Dilated cardiomyopathy,D10115,Drisapersen sodium (JAN/USAN),DG01887,1,DMD
H00294,Dilated cardiomyopathy,D09900,Eteplirsen (USAN/INN),,1,DMD
H00294,Dilated cardiomyopathy,D11918,Renadirsen sodium (JAN),,1,DMD
H00294,Dilated cardiomyopathy,D12265,Mavacamten (USAN/INN),,1,(CMH1)
H00294,Dilated cardiomyopathy,D02967,Apolizumab (USAN/INN),,1,HLA-DRB1
H00294,Dilated cardiomyopathy,D00354,Lamotrigine (JAN/USP/INN),,1,(CMD1E)
H00294,Dilated cardiomyopathy,D02087,Moricizine hydrochloride (USP),DG00208,1,(CMD1E)
H00294,Dilated cardiomyopathy,D00375,Mephenytoin (USP/INN),,1,(CMD1E)
H00295,Viral myocarditis,D04318,Glatiramer acetate (JAN/USAN),,1,HLA-DQB1
H00297,Plague,D10024,Selumetinib sulfate (JAN/USAN),DG01414,2,MAP2K1; MAP2K2
H00297,Plague,D12515,Avutometinib (USAN/INN),DG03255,2,MAP2K1; MAP2K2
H00297,Plague,D12473,Zapnometinib (USAN/INN),,2,MAP2K1; MAP2K2
H00297,Plague,D10604,Binimetinib (JAN/USAN/INN),,2,MAP2K1; MAP2K2
H00297,Plague,D10615,Cobimetinib fumarate (USAN),DG01825,2,MAP2K1; MAP2K2
H00297,Plague,D10176,Trametinib dimethyl sulfoxide (JAN/USAN),DG00723,2,MAP2K1; MAP2K2
H00297,Plague,D10426,Pimasertib (USAN/INN),DG01410,2,MAP2K1; MAP2K2
H00297,Plague,D10405,Cobimetinib (USAN/INN),DG01825,2,MAP2K1; MAP2K2
H00297,Plague,D12534,Avutometinib potassium (USAN),DG03255,2,MAP2K1; MAP2K2
H00297,Plague,D10175,Trametinib (USAN),DG00723,2,MAP2K1; MAP2K2
H00297,Plague,D09666,Selumetinib (USAN/INN),DG01414,2,MAP2K1; MAP2K2
H00297,Plague,D10486,Pimasertib hydrochloride (USAN),DG01410,2,MAP2K1; MAP2K2
H00297,Plague,D11675,Mirdametinib (USAN),,2,MAP2K1; MAP2K2
H00297,Plague,D09938,Nivocasan (USAN),,1,CASP1
H00297,Plague,D10416,Belnacasan (USAN/INN),,1,CASP1
H00298,Yersiniosis,D10024,Selumetinib sulfate (JAN/USAN),DG01414,2,MAP2K1; MAP2K2
H00298,Yersiniosis,D12515,Avutometinib (USAN/INN),DG03255,2,MAP2K1; MAP2K2
H00298,Yersiniosis,D12473,Zapnometinib (USAN/INN),,2,MAP2K1; MAP2K2
H00298,Yersiniosis,D10604,Binimetinib (JAN/USAN/INN),,2,MAP2K1; MAP2K2
H00298,Yersiniosis,D10615,Cobimetinib fumarate (USAN),DG01825,2,MAP2K1; MAP2K2
H00298,Yersiniosis,D10176,Trametinib dimethyl sulfoxide (JAN/USAN),DG00723,2,MAP2K1; MAP2K2
H00298,Yersiniosis,D10426,Pimasertib (USAN/INN),DG01410,2,MAP2K1; MAP2K2
H00298,Yersiniosis,D10405,Cobimetinib (USAN/INN),DG01825,2,MAP2K1; MAP2K2
H00298,Yersiniosis,D12534,Avutometinib potassium (USAN),DG03255,2,MAP2K1; MAP2K2
H00298,Yersiniosis,D10175,Trametinib (USAN),DG00723,2,MAP2K1; MAP2K2
H00298,Yersiniosis,D09666,Selumetinib (USAN/INN),DG01414,2,MAP2K1; MAP2K2
H00298,Yersiniosis,D10486,Pimasertib hydrochloride (USAN),DG01410,2,MAP2K1; MAP2K2
H00298,Yersiniosis,D11675,Mirdametinib (USAN),,2,MAP2K1; MAP2K2
H00298,Yersiniosis,D09938,Nivocasan (USAN),,1,CASP1
H00298,Yersiniosis,D10416,Belnacasan (USAN/INN),,1,CASP1
H00299,Shigellosis,D07257,Lonidamine (INN),,4,HK1; HK2; HK3; HKDC1
H00299,Shigellosis,D10658,Ralimetinib (USAN/INN),DG01847,4,MAPK11; MAPK12; MAPK13; MAPK14
H00299,Shigellosis,D10659,Ralimetinib mesylate (USAN),DG01847,4,MAPK11; MAPK12; MAPK13; MAPK14
H00299,Shigellosis,D09602,Dilmapimod (USAN/INN),DG01409,4,MAPK11; MAPK12; MAPK13; MAPK14
H00299,Shigellosis,D09603,Dilmapimod tosylate (USAN),DG01409,4,MAPK11; MAPK12; MAPK13; MAPK14
H00299,Shigellosis,D03736,Doramapimod (USAN/INN),,4,MAPK11; MAPK12; MAPK13; MAPK14
H00299,Shigellosis,D09639,Losmapimod (USAN/INN),,4,MAPK11; MAPK12; MAPK13; MAPK14
H00299,Shigellosis,D10959,Neflamapimod (USAN/INN),,4,MAPK11; MAPK12; MAPK13; MAPK14
H00299,Shigellosis,D11158,Leniolisib (USAN/INN),DG02927,3,PIK3CA; PIK3CB; PIK3CD
H00299,Shigellosis,D11774,Taselisib (USAN/INN),,3,PIK3CA; PIK3CB; PIK3CD
H00299,Shigellosis,D10635,Gedatolisib (USAN/INN),,3,PIK3CA; PIK3CB; PIK3CD
H00299,Shigellosis,D11727,Voxtalisib (USAN/INN),,3,PIK3CA; PIK3CB; PIK3CD
H00299,Shigellosis,D10543,Apitolisib (USAN/INN),,3,PIK3CA; PIK3CB; PIK3CD
H00299,Shigellosis,D11440,Bimiralisib (USAN/INN),,3,PIK3CA; PIK3CB; PIK3CD
H00299,Shigellosis,D10552,Dactolisib (USAN/INN),DG01826,3,PIK3CA; PIK3CB; PIK3CD
H00311,Legionellosis,D10368,Entolimod (USAN/INN),,1,TLR5
H00317,Melioidosis,D10368,Entolimod (USAN/INN),,1,TLR5
H00342,Tuberculosis,D03357,Interferon gamma-1a (genetical recombination) (JAN),DG00737,2,IFNGR1; IFNGR2
H00342,Tuberculosis,D08805,Interferon gamma-n1 (JAN),DG00737,2,IFNGR1; IFNGR2
H00342,Tuberculosis,D00747,Interferon gamma-1b (USAN/INN),DG00737,2,IFNGR1; IFNGR2
H00342,Tuberculosis,D04318,Glatiramer acetate (JAN/USAN),,2,HLA-DQB1; HLA-DRB1
H00342,Tuberculosis,D00299,Dihydrotachysterol (JAN/USP/INN),,1,VDR
H00342,Tuberculosis,D01125,Calcipotriene (USP),DG00394,1,VDR
H00342,Tuberculosis,D10198,Calcipotriol hydrate (JAN),DG00394,1,VDR
H00342,Tuberculosis,D01518,Alfacalcidol (JAN/INN),,1,VDR
H00342,Tuberculosis,D10565,Pefcalcitol (JAN/USAN/INN),,1,VDR
H00342,Tuberculosis,D03930,Ecalcidene (USAN/INN),,1,VDR
H00342,Tuberculosis,D08554,Tacalcitol (INN),DG00395,1,VDR
H00342,Tuberculosis,D00187,Ergocalciferol (JP18/USP),,1,VDR
H00342,Tuberculosis,D01662,Falecalcitriol (JAN/INN),,1,VDR
H00342,Tuberculosis,D01472,Tacalcitol hydrate (JP18),DG00395,1,VDR
H00342,Tuberculosis,D00930,Paricalcitol (JAN/USP/INN),,1,VDR
H00344,Leprosy,D04690,Lenercept (USAN/INN),,1,(LPRS4)
H00344,Leprosy,D00742,Etanercept (USAN/INN),,1,(LPRS4)
H00344,Leprosy,D10187,Pateclizumab (USAN),,1,(LPRS4)
H00344,Leprosy,D11503,Tomaralimab (USAN),,1,TLR2
H00361,Malaria,D06456,"Cellulose, oxidized regenerated (USP)",DG00168,1,(Beta)
H00361,Malaria,D03436,"Cellulose, oxidized (JAN/USP)",DG00168,1,(Beta)
H00361,Malaria,D11339,Valziflocept (USAN),,1,(SLE)
H00361,Malaria,D04687,Lenalidomide (JAN/USAN/INN),DG00744,1,TNF
H00361,Malaria,D09813,Lenalidomide hydrate (JAN),DG00744,1,TNF
H00361,Malaria,D12420,Licaminlimab (USAN/INN),,1,TNF
H00361,Malaria,D02597,Adalimumab (USAN/INN),,1,TNF
H00361,Malaria,D04358,Golimumab (USAN/INN),,1,TNF
H00361,Malaria,D04690,Lenercept (USAN/INN),,1,TNF
H00361,Malaria,D05263,Onercept (USAN/INN),,1,TNF
H00361,Malaria,D05393,Pegsunercept (USAN),,1,TNF
H00361,Malaria,D07436,Afelimomab (INN),,1,TNF
H00361,Malaria,D05146,Nerelimomab (USAN/INN),,1,TNF
H00361,Malaria,D02598,Infliximab (USAN/INN),,1,TNF
H00361,Malaria,D01583,Pirfenidone (JAN/USAN/INN),,1,TNF
H00365,Herpes simplex virus infection,D10635,Gedatolisib (USAN/INN),,4,MTOR; PIK3CA; PIK3CB; PIK3CD
H00365,Herpes simplex virus infection,D11727,Voxtalisib (USAN/INN),,4,MTOR; PIK3CA; PIK3CB; PIK3CD
H00365,Herpes simplex virus infection,D10543,Apitolisib (USAN/INN),,4,MTOR; PIK3CA; PIK3CB; PIK3CD
H00365,Herpes simplex virus infection,D11440,Bimiralisib (USAN/INN),,4,MTOR; PIK3CA; PIK3CB; PIK3CD
H00365,Herpes simplex virus infection,D10552,Dactolisib (USAN/INN),DG01826,4,MTOR; PIK3CA; PIK3CB; PIK3CD
H00365,Herpes simplex virus infection,D11501,Samotolisib (USAN),,4,MTOR; PIK3CA; PIK3CB; PIK3CD
H00365,Herpes simplex virus infection,D10718,Omipalisib (USAN/INN),,4,MTOR; PIK3CA; PIK3CB; PIK3CD
H00365,Herpes simplex virus infection,D10616,Dactolisib tosylate (USAN),DG01826,4,MTOR; PIK3CA; PIK3CB; PIK3CD
H00365,Herpes simplex virus infection,D06221,Triciribine phosphate (USAN),,3,AKT1; AKT2; AKT3
H00365,Herpes simplex virus infection,D10381,Afuresertib (USAN/INN),DG01408,3,AKT1; AKT2; AKT3
H00365,Herpes simplex virus infection,D10641,Ipatasertib (USAN/INN),DG02851,3,AKT1; AKT2; AKT3
H00365,Herpes simplex virus infection,D11074,Ipatasertib hydrochloride (JAN),DG02851,3,AKT1; AKT2; AKT3
H00365,Herpes simplex virus infection,D10674,Uprosertib (USAN/INN),,3,AKT1; AKT2; AKT3
H00365,Herpes simplex virus infection,D11508,Miransertib mesylate (USAN),DG03026,3,AKT1; AKT2; AKT3
H00365,Herpes simplex virus infection,D11409,Miransertib (USAN/INN),DG03026,3,AKT1; AKT2; AKT3
H00368,Cytomegalovirus infection,D03584,Colforsin (USAN/INN),DG02877,9,ADCY1; ADCY2; ADCY3; ADCY4; ADCY5; ADCY6; ADCY7; ADCY8; ADCY9
H00368,Cytomegalovirus infection,D01697,Colforsin daropate hydrochloride (JAN),DG02877,9,ADCY1; ADCY2; ADCY3; ADCY4; ADCY5; ADCY6; ADCY7; ADCY8; ADCY9
H00368,Cytomegalovirus infection,D04318,Glatiramer acetate (JAN/USAN),,6,HLA-A; HLA-B; HLA-C; HLA-E; HLA-F; HLA-G
H00368,Cytomegalovirus infection,D05029,Midostaurin (JAN/USAN/INN),,5,PDGFRA; PDGFRB; PRKCA; PRKCB; PRKCG
H00368,Cytomegalovirus infection,D00184,Cyclosporine (USP),,5,PPP3CA; PPP3CB; PPP3CC; PPP3R1; PPP3R2
H00368,Cytomegalovirus infection,D10983,Ruclosporin (USAN/INN),,5,PPP3CA; PPP3CB; PPP3CC; PPP3R1; PPP3R2
H00368,Cytomegalovirus infection,D05480,Pimecrolimus (JAN/USAN/INN),,5,PPP3CA; PPP3CB; PPP3CC; PPP3R1; PPP3R2
H00368,Cytomegalovirus infection,D08556,Tacrolimus (INN),DG00439,5,PPP3CA; PPP3CB; PPP3CC; PPP3R1; PPP3R2
H00368,Cytomegalovirus infection,D09033,Voclosporin (JAN/USAN/INN),,5,PPP3CA; PPP3CB; PPP3CC; PPP3R1; PPP3R2
H00368,Cytomegalovirus infection,D00107,Tacrolimus (USP/INN),DG00439,5,PPP3CA; PPP3CB; PPP3CC; PPP3R1; PPP3R2
H00368,Cytomegalovirus infection,D10635,Gedatolisib (USAN/INN),,4,MTOR; PIK3CA; PIK3CB; PIK3CD
H00368,Cytomegalovirus infection,D11727,Voxtalisib (USAN/INN),,4,MTOR; PIK3CA; PIK3CB; PIK3CD
H00368,Cytomegalovirus infection,D10543,Apitolisib (USAN/INN),,4,MTOR; PIK3CA; PIK3CB; PIK3CD
H00368,Cytomegalovirus infection,D11440,Bimiralisib (USAN/INN),,4,MTOR; PIK3CA; PIK3CB; PIK3CD
H00368,Cytomegalovirus infection,D10552,Dactolisib (USAN/INN),DG01826,4,MTOR; PIK3CA; PIK3CB; PIK3CD
H00394,Measles,D11158,Leniolisib (USAN/INN),DG02927,3,PIK3CA; PIK3CB; PIK3CD
H00394,Measles,D11774,Taselisib (USAN/INN),,3,PIK3CA; PIK3CB; PIK3CD
H00394,Measles,D10635,Gedatolisib (USAN/INN),,3,PIK3CA; PIK3CB; PIK3CD
H00394,Measles,D11727,Voxtalisib (USAN/INN),,3,PIK3CA; PIK3CB; PIK3CD
H00394,Measles,D10543,Apitolisib (USAN/INN),,3,PIK3CA; PIK3CB; PIK3CD
H00394,Measles,D11440,Bimiralisib (USAN/INN),,3,PIK3CA; PIK3CB; PIK3CD
H00394,Measles,D10552,Dactolisib (USAN/INN),DG01826,3,PIK3CA; PIK3CB; PIK3CD
H00394,Measles,D10609,Buparlisib hydrochloride (JAN/USAN),DG01823,3,PIK3CA; PIK3CB; PIK3CD
H00394,Measles,D11501,Samotolisib (USAN),,3,PIK3CA; PIK3CB; PIK3CD
H00394,Measles,D10189,Pictilisib (USAN/INN),,3,PIK3CA; PIK3CB; PIK3CD
H00394,Measles,D10584,Buparlisib (USAN/INN),DG01823,3,PIK3CA; PIK3CB; PIK3CD
H00394,Measles,D10718,Omipalisib (USAN/INN),,3,PIK3CA; PIK3CB; PIK3CD
H00394,Measles,D10616,Dactolisib tosylate (USAN),DG01826,3,PIK3CA; PIK3CB; PIK3CD
H00394,Measles,D06221,Triciribine phosphate (USAN),,3,AKT1; AKT2; AKT3
H00394,Measles,D10381,Afuresertib (USAN/INN),DG01408,3,AKT1; AKT2; AKT3
H00398,Influenza,D06221,Triciribine phosphate (USAN),,3,AKT1; AKT2; AKT3
H00398,Influenza,D10381,Afuresertib (USAN/INN),DG01408,3,AKT1; AKT2; AKT3
H00398,Influenza,D10641,Ipatasertib (USAN/INN),DG02851,3,AKT1; AKT2; AKT3
H00398,Influenza,D11074,Ipatasertib hydrochloride (JAN),DG02851,3,AKT1; AKT2; AKT3
H00398,Influenza,D10674,Uprosertib (USAN/INN),,3,AKT1; AKT2; AKT3
H00398,Influenza,D11508,Miransertib mesylate (USAN),DG03026,3,AKT1; AKT2; AKT3
H00398,Influenza,D11409,Miransertib (USAN/INN),DG03026,3,AKT1; AKT2; AKT3
H00398,Influenza,D10382,Afuresertib hydrochloride (USAN),DG01408,3,AKT1; AKT2; AKT3
H00398,Influenza,D11371,Capivasertib (JAN/USAN),,3,AKT1; AKT2; AKT3
H00398,Influenza,D11158,Leniolisib (USAN/INN),DG02927,3,PIK3CA; PIK3CB; PIK3CD
H00398,Influenza,D11774,Taselisib (USAN/INN),,3,PIK3CA; PIK3CB; PIK3CD
H00398,Influenza,D10635,Gedatolisib (USAN/INN),,3,PIK3CA; PIK3CB; PIK3CD
H00398,Influenza,D11727,Voxtalisib (USAN/INN),,3,PIK3CA; PIK3CB; PIK3CD
H00398,Influenza,D10543,Apitolisib (USAN/INN),,3,PIK3CA; PIK3CB; PIK3CD
H00398,Influenza,D11440,Bimiralisib (USAN/INN),,3,PIK3CA; PIK3CB; PIK3CD
H00408,Type 1 diabetes mellitus,D04318,Glatiramer acetate (JAN/USAN),,3,HLA-DQA1; HLA-DQB1; HLA-DRB1
H00408,Type 1 diabetes mellitus,D06297,Vicriviroc maleate (USAN),,1,CCR5
H00408,Type 1 diabetes mellitus,D06557,Aplaviroc hydrochloride (USAN),,1,CCR5
H00408,Type 1 diabetes mellitus,D11399,Leronlimab (USAN/INN),,1,CCR5
H00408,Type 1 diabetes mellitus,D09878,Cenicriviroc (USAN/INN),DG01264,1,CCR5
H00408,Type 1 diabetes mellitus,D06670,Maraviroc (JAN/INN),,1,CCR5
H00408,Type 1 diabetes mellitus,D03210,Ancriviroc (USAN/INN),,1,CCR5
H00408,Type 1 diabetes mellitus,D09879,Cenicriviroc mesylate (USAN),DG01264,1,CCR5
H00408,Type 1 diabetes mellitus,D11823,Zalifrelimab (USAN/INN),,1,(SLE)
H00408,Type 1 diabetes mellitus,D12186,Vudalimab (USAN),,1,(SLE)
H00408,Type 1 diabetes mellitus,D12233,Quavonlimab (USAN/INN),,1,(SLE)
H00408,Type 1 diabetes mellitus,D12190,Cadonilimab (USAN/INN),,1,(SLE)
H00408,Type 1 diabetes mellitus,D12317,Bavunalimab (USAN/INN),,1,(SLE)
H00408,Type 1 diabetes mellitus,D12448,Botensilimab (USAN/INN),,1,(SLE)
H00408,Type 1 diabetes mellitus,D04603,Ipilimumab (USAN/INN),,1,(SLE)
H00409,Type 2 diabetes mellitus,D00631,Bepridil hydrochloride (USAN),DG00333,2,KCNJ11; KCNQ1
H00409,Type 2 diabetes mellitus,D02910,Amiodarone (USAN/INN),DG00204,2,KCNJ11; KCNQ1
H00409,Type 2 diabetes mellitus,D03914,Dronedarone hydrochloride (USP),DG00207,2,KCNJ11; KCNQ1
H00409,Type 2 diabetes mellitus,D07520,Bepridil (INN),DG00333,2,KCNJ11; KCNQ1
H00409,Type 2 diabetes mellitus,D00636,Amiodarone hydrochloride (JP18/USP),DG00204,2,KCNJ11; KCNQ1
H00409,Type 2 diabetes mellitus,D11775,Tarextumab (USAN/INN),,1,NOTCH2
H00409,Type 2 diabetes mellitus,D02689,Ramelteon (JAN/USAN/INN),,1,MTNR1B
H00409,Type 2 diabetes mellitus,D08170,Melatonin (JAN),,1,MTNR1B
H00409,Type 2 diabetes mellitus,D02578,Agomelatine (INN),,1,MTNR1B
H00409,Type 2 diabetes mellitus,D09388,Tasimelteon (USAN/INN),,1,MTNR1B
H00409,Type 2 diabetes mellitus,D01356,Glymidine sodium (JAN/USAN/INN),,1,KCNJ11
H00409,Type 2 diabetes mellitus,D05114,Naminidil (USAN/INN),,1,KCNJ11
H00409,Type 2 diabetes mellitus,D00294,Diazoxide (JAN/USP/INN),,1,KCNJ11
H00409,Type 2 diabetes mellitus,D04739,Linogliride (USAN/INN),DG02893,1,KCNJ11
H00409,Type 2 diabetes mellitus,D00418,Minoxidil (JAN/USP/INN),,1,KCNJ11
H00410,Maturity onset diabetes of the young (MODY),D00594,Repaglinide (JAN/USP/INN),,1,KCNJ11
H00410,Maturity onset diabetes of the young (MODY),D01356,Glymidine sodium (JAN/USAN/INN),,1,KCNJ11
H00410,Maturity onset diabetes of the young (MODY),D05114,Naminidil (USAN/INN),,1,KCNJ11
H00410,Maturity onset diabetes of the young (MODY),D00294,Diazoxide (JAN/USP/INN),,1,KCNJ11
H00410,Maturity onset diabetes of the young (MODY),D00631,Bepridil hydrochloride (USAN),DG00333,1,KCNJ11
H00410,Maturity onset diabetes of the young (MODY),D02910,Amiodarone (USAN/INN),DG00204,1,KCNJ11
H00410,Maturity onset diabetes of the young (MODY),D00336,Glyburide (USP),,1,KCNJ11
H00410,Maturity onset diabetes of the young (MODY),D03914,Dronedarone hydrochloride (USP),DG00207,1,KCNJ11
H00410,Maturity onset diabetes of the young (MODY),D00271,Chlorpropamide (JP18/USP/INN),,1,KCNJ11
H00410,Maturity onset diabetes of the young (MODY),D04739,Linogliride (USAN/INN),DG02893,1,KCNJ11
H00410,Maturity onset diabetes of the young (MODY),D07520,Bepridil (INN),DG00333,1,KCNJ11
H00410,Maturity onset diabetes of the young (MODY),D00380,Tolbutamide (JP18/USP/INN),DG00115,1,KCNJ11
H00410,Maturity onset diabetes of the young (MODY),D00418,Minoxidil (JAN/USP/INN),,1,KCNJ11
H00410,Maturity onset diabetes of the young (MODY),D05482,Pinacidil (USAN),,1,KCNJ11
H00410,Maturity onset diabetes of the young (MODY),D01854,Mitiglinide calcium hydrate (JP18),,1,KCNJ11
H00412,Hepatitis B,D11200,Pegilodecakin (USAN/INN),,1,IL10RB
H00412,Hepatitis B,D04505,Ilodecakin (USAN/INN),,1,IL10RB
H00412,Hepatitis B,D03304,Interferon beta (JAN),DG01751,1,IFNAR2
H00412,Hepatitis B,D04554,Interferon beta-1a (USAN),DG01751,1,IFNAR2
H00412,Hepatitis B,D10483,Peginterferon beta-1a (USAN/INN),,1,IFNAR2
H00412,Hepatitis B,D03305,Interferon alfa (NAMALWA) (JP18),DG01750,1,IFNAR2
H00412,Hepatitis B,D02744,Interferon alfacon-1 (USAN/INN),,1,IFNAR2
H00412,Hepatitis B,D04552,Interferon alfa-n1 (USAN),DG01750,1,IFNAR2
H00412,Hepatitis B,D04553,Interferon alfa-n3 (USAN),DG01750,1,IFNAR2
H00412,Hepatitis B,D02748,Peginterferon alfa-2b (USAN/INN),,1,IFNAR2
H00412,Hepatitis B,D11027,Ropeginterferon alfa-2b (INN),,1,IFNAR2
H00412,Hepatitis B,D08844,Albinterferon alfa-2b (USAN),,1,IFNAR2
H00412,Hepatitis B,D11082,Anifrolumab (USAN),,1,IFNAR2
H00412,Hepatitis B,D00746,Interferon beta-1b (USAN/INN),DG01751,1,IFNAR2
H00412,Hepatitis B,D00745,Interferon alfa-2a (USAN/INN),DG01750,1,IFNAR2
H00413,Hepatitis C,D06297,Vicriviroc maleate (USAN),,1,CCR5
H00413,Hepatitis C,D06557,Aplaviroc hydrochloride (USAN),,1,CCR5
H00413,Hepatitis C,D11399,Leronlimab (USAN/INN),,1,CCR5
H00413,Hepatitis C,D09878,Cenicriviroc (USAN/INN),DG01264,1,CCR5
H00413,Hepatitis C,D06670,Maraviroc (JAN/INN),,1,CCR5
H00413,Hepatitis C,D03210,Ancriviroc (USAN/INN),,1,CCR5
H00413,Hepatitis C,D09879,Cenicriviroc mesylate (USAN),DG01264,1,CCR5
H00418,Bardet-Biedl syndrome,D12488,Sepofarsen (USAN/INN),,1,(MKS4)
H00420,Familial partial lipodystrophy,D06221,Triciribine phosphate (USAN),,1,AKT2
H00420,Familial partial lipodystrophy,D10381,Afuresertib (USAN/INN),DG01408,1,AKT2
H00420,Familial partial lipodystrophy,D10641,Ipatasertib (USAN/INN),DG02851,1,AKT2
H00420,Familial partial lipodystrophy,D11074,Ipatasertib hydrochloride (JAN),DG02851,1,AKT2
H00420,Familial partial lipodystrophy,D10674,Uprosertib (USAN/INN),,1,AKT2
H00420,Familial partial lipodystrophy,D11508,Miransertib mesylate (USAN),DG03026,1,AKT2
H00420,Familial partial lipodystrophy,D11409,Miransertib (USAN/INN),DG03026,1,AKT2
H00420,Familial partial lipodystrophy,D10382,Afuresertib hydrochloride (USAN),DG01408,1,AKT2
H00420,Familial partial lipodystrophy,D11371,Capivasertib (JAN/USAN),,1,AKT2
H00420,Familial partial lipodystrophy,D09579,Arhalofenate (USAN/INN),,1,PPARG
H00420,Familial partial lipodystrophy,D11257,Seladelpar lysine (USAN),DG02957,1,PPARG
H00420,Familial partial lipodystrophy,D05091,Muraglitazar (USAN/INN),,1,PPARG
H00420,Familial partial lipodystrophy,D11256,Seladelpar (USAN/INN),DG02957,1,PPARG
H00420,Familial partial lipodystrophy,D04132,Farglitazar (USAN/INN),,1,PPARG
H00420,Familial partial lipodystrophy,D03996,Englitazone sodium (USAN),,1,PPARG
H00421,Mucopolysaccharidosis,D04670,Laronidase (USAN),,1,IDUA
H00421,Mucopolysaccharidosis,D01805,Aceglatone (JAN/INN),,1,GUSB
H00421,Mucopolysaccharidosis,D11004,Vestronidase alfa (USAN/INN),,1,GUSB
H00421,Mucopolysaccharidosis,D11025,Idursulfase beta (INN),,1,IDS
H00421,Mucopolysaccharidosis,D11812,Pabinafusp alfa (genetical recombination) (JAN),,1,IDS
H00421,Mucopolysaccharidosis,D04499,Idursulfase (USAN/INN),,1,IDS
H00421,Mucopolysaccharidosis,D11199,Lesinidase alfa (USAN/INN),,1,NAGLU
H00421,Mucopolysaccharidosis,D10333,Elosulfase alfa (USAN),,1,GALNS
H00421,Mucopolysaccharidosis,D06565,Galsulfase (USAN/INN),,1,ARSB
H00422,Glycoproteinoses,D11024,Velmanase alfa (USAN/INN),,1,MAN2B1
H00423,Sphingolipidosis,D09894,Eliglustat tartrate (JAN/USAN),DG00148,1,UGCG
H00423,Sphingolipidosis,D11633,Venglustat (USAN/INN),DG03067,1,UGCG
H00423,Sphingolipidosis,D11439,Lucerastat (JAN/USAN/INN),,1,UGCG
H00423,Sphingolipidosis,D05032,Miglustat (JAN/USAN/INN),,1,UGCG
H00423,Sphingolipidosis,D09893,Eliglustat (USAN/INN),DG00148,1,UGCG
H00423,Sphingolipidosis,D02784,Agalsidase alfa (USAN/INN),,1,GLA
H00423,Sphingolipidosis,D03228,Agalsidase beta (INN),,1,GLA
H00423,Sphingolipidosis,D05031,Migalastat hydrochloride (JAN/USAN),DG02691,1,GLA
H00423,Sphingolipidosis,D10820,Olipudase alfa (USAN/INN),,1,SMPD1
H00423,Sphingolipidosis,D09029,Velaglucerase alfa (USAN),,1,GBA
H00423,Sphingolipidosis,D02810,Alglucerase (JAN/USAN/INN),,1,GBA
H00423,Sphingolipidosis,D03020,Imiglucerase (USAN/INN),,1,GBA
H00423,Sphingolipidosis,D09675,Taliglucerase alfa (USAN/INN),,1,GBA
H00423,Sphingolipidosis,D12462,Cebsulfase alfa (USAN/INN),,1,ARSA
H00424,Defects in the degradation of sphingomyelin,D10820,Olipudase alfa (USAN/INN),,1,SMPD1
H00425,Lysosomal cysteine protease deficiencies,D08955,Odanacatib (JAN/USAN),,1,CTSK
H00425,Lysosomal cysteine protease deficiencies,D06634,Relacatib (USAN/INN),,1,CTSK
H00425,Lysosomal cysteine protease deficiencies,D12120,Brensocatib (USAN/INN),,1,CTSC
H00430,Fibrodysplasia ossificans progressiva,D12547,Zilurgisertib (USAN/INN),DG03259,1,ACVR1
H00430,Fibrodysplasia ossificans progressiva,D12548,Zilurgisertib fumarate (USAN),DG03259,1,ACVR1
H00431,Ossification of the posterior longitudinal ligament of spine,D09620,Fresolimumab (USAN/INN),,1,TGFB3
H00434,Camurati-Engelmann disease,D09620,Fresolimumab (USAN/INN),,1,TGFB1
H00436,Osteopetrosis,D03684,Denosumab (USAN),,1,TNFSF11
H00436,Osteopetrosis,D00653,Dorzolamide hydrochloride (JP18/USP),DG01135,1,CA2
H00436,Osteopetrosis,D00655,Methazolamide (JAN/USP/INN),,1,CA2
H00436,Osteopetrosis,D07871,Dorzolamide (INN),DG01135,1,CA2
H00436,Osteopetrosis,D02441,Ethoxzolamide,,1,CA2
H00436,Osteopetrosis,D00218,Acetazolamide (JP18/USP/INN),DG01134,1,CA2
H00436,Osteopetrosis,D00518,Dichlorphenamide (USP),,1,CA2
H00436,Osteopetrosis,D00537,Topiramate (JAN/USP/INN),,1,CA2
H00436,Osteopetrosis,D03845,Sezolamide hydrochloride (USAN),,1,CA2
H00436,Osteopetrosis,D00652,Brinzolamide (JAN/USP/INN),,1,CA2
H00436,Osteopetrosis,D01196,Acetazolamide sodium (JAN),DG01134,1,CA2
H00436,Osteopetrosis,D01822,Clofenamide (JAN/INN),,1,CA2
H00443,Osteoglophonic dysplasia,D11762,Lucitanib (USAN/INN),,1,FGFR1
H00443,Osteoglophonic dysplasia,D10137,Regorafenib hydrate (JAN),DG00720,1,FGFR1
H00443,Osteoglophonic dysplasia,D10138,Regorafenib (USAN/INN),DG00720,1,FGFR1
H00443,Osteoglophonic dysplasia,D12526,Catequentinib (USAN/INN),DG03258,1,FGFR1
H00443,Osteoglophonic dysplasia,D09589,Brivanib (USAN),DG01373,1,FGFR1
H00443,Osteoglophonic dysplasia,D05716,Repifermin (USAN/INN),,1,FGFR1
H00443,Osteoglophonic dysplasia,D09919,Lenvatinib (USAN/INN),DG01362,1,FGFR1
H00443,Osteoglophonic dysplasia,D11589,Infigratinib (USAN/INN),DG03062,1,FGFR1
H00443,Osteoglophonic dysplasia,D10481,Nintedanib (USAN/INN),DG01374,1,FGFR1
H00443,Osteoglophonic dysplasia,D11417,Pemigatinib (JAN/USAN/INN),,1,FGFR1
H00443,Osteoglophonic dysplasia,D11611,Infigratinib phosphate (USAN),DG03062,1,FGFR1
H00443,Osteoglophonic dysplasia,D09920,Lenvatinib mesylate (USAN),DG01362,1,FGFR1
H00443,Osteoglophonic dysplasia,D11461,Derazantinib hydrochloride (USAN),,1,FGFR1
H00443,Osteoglophonic dysplasia,D12405,Tasurgratinib succinate (JAN),DG03234,1,FGFR1
H00443,Osteoglophonic dysplasia,D11885,Surufatinib (USAN/INN),,1,FGFR1
H00455,Spinal muscular atrophy,D12273,Branaplam hydrochloride (USAN),DG03212,1,(SMA3)
H00455,Spinal muscular atrophy,D10881,Nusinersen (USAN/INN),DG02002,1,(SMA3)
H00455,Spinal muscular atrophy,D12272,Branaplam (USAN/INN),DG03212,1,(SMA3)
H00455,Spinal muscular atrophy,D05674,Quinbolone (USAN/INN),,1,AR
H00455,Spinal muscular atrophy,D00955,Nandrolone decanoate (JAN/USP),DG00142,1,AR
H00455,Spinal muscular atrophy,D01329,Oxendolone (JAN/USAN/INN),,1,AR
H00455,Spinal muscular atrophy,D03079,Benorterone (USAN/INN),,1,AR
H00455,Spinal muscular atrophy,D00956,Nandrolone phenpropionate (USP),DG00142,1,AR
H00455,Spinal muscular atrophy,D05116,Nandrolone cyclotate (USAN),DG00142,1,AR
H00455,Spinal muscular atrophy,D06086,Testosterone phenylacetate (USAN),DG00460,1,AR
H00455,Spinal muscular atrophy,D08574,Testosterone phenylpropionate,DG00460,1,AR
H00455,Spinal muscular atrophy,D06085,Testosterone ketolaurate (USAN/INN),DG00460,1,AR
H00455,Spinal muscular atrophy,D01149,Oxabolone cipionate (JAN/INN),,1,AR
H00455,Spinal muscular atrophy,D11105,Osaterone acetate (JAN),,1,AR
H00455,Spinal muscular atrophy,D00958,Testosterone enanthate (JP18/USP),DG00460,1,AR
H00456,Fronto-otopalatodigital syndromes,D12004,Simufilam hydrochloride (USAN),DG03149,1,(PVNH1)
H00456,Fronto-otopalatodigital syndromes,D12003,Simufilam (USAN),DG03149,1,(PVNH1)
H00458,Syndromic craniosynostoses,D12526,Catequentinib (USAN/INN),DG03258,3,FGFR1; FGFR2; FGFR3
H00458,Syndromic craniosynostoses,D05716,Repifermin (USAN/INN),,3,FGFR1; FGFR2; FGFR3
H00458,Syndromic craniosynostoses,D09919,Lenvatinib (USAN/INN),DG01362,3,FGFR1; FGFR2; FGFR3
H00458,Syndromic craniosynostoses,D11589,Infigratinib (USAN/INN),DG03062,3,FGFR1; FGFR2; FGFR3
H00458,Syndromic craniosynostoses,D10481,Nintedanib (USAN/INN),DG01374,3,FGFR1; FGFR2; FGFR3
H00458,Syndromic craniosynostoses,D11417,Pemigatinib (JAN/USAN/INN),,3,FGFR1; FGFR2; FGFR3
H00458,Syndromic craniosynostoses,D11611,Infigratinib phosphate (USAN),DG03062,3,FGFR1; FGFR2; FGFR3
H00458,Syndromic craniosynostoses,D09920,Lenvatinib mesylate (USAN),DG01362,3,FGFR1; FGFR2; FGFR3
H00458,Syndromic craniosynostoses,D11461,Derazantinib hydrochloride (USAN),,3,FGFR1; FGFR2; FGFR3
H00458,Syndromic craniosynostoses,D12405,Tasurgratinib succinate (JAN),DG03234,3,FGFR1; FGFR2; FGFR3
H00458,Syndromic craniosynostoses,D12537,Catequentinib hydrochloride (USAN),DG03258,3,FGFR1; FGFR2; FGFR3
H00458,Syndromic craniosynostoses,D12545,Tinengotinib (USAN/INN),,3,FGFR1; FGFR2; FGFR3
H00458,Syndromic craniosynostoses,D12404,Tasurgratinib (INN),DG03234,3,FGFR1; FGFR2; FGFR3
H00458,Syndromic craniosynostoses,D10396,Nintedanib esylate (USAN),DG01374,3,FGFR1; FGFR2; FGFR3
H00458,Syndromic craniosynostoses,D11762,Lucitanib (USAN/INN),,2,FGFR1; FGFR2
H00469,Mitochondrial DNA depletion syndrome,D12466,Doxribtimine (USAN/INN),,1,(MTDPS2)
H00469,Mitochondrial DNA depletion syndrome,D12465,Doxecitine (USAN/INN),,1,(MTDPS2)
H00470,"Acromesomelic dysplasia, Maroteaux type",D04051,Erythrityl tetranitrate (USAN),,1,NPR2
H00470,"Acromesomelic dysplasia, Maroteaux type",D02935,Anaritide acetate (USAN),,1,NPR2
H00470,"Acromesomelic dysplasia, Maroteaux type",D11190,Vosoritide (USAN/INN),,1,NPR2
H00470,"Acromesomelic dysplasia, Maroteaux type",D10063,Cenderitide (USAN),,1,NPR2
H00472,Torg syndrome,D03061,Batimastat (USAN/INN),,1,MMP2
H00472,Torg syndrome,D03793,Ilomastat (USAN/INN),,1,MMP2
H00472,Torg syndrome,D03800,Rebimastat (USAN/INN),,1,MMP2
H00472,Torg syndrome,D03802,Tanomastat (USAN/INN),,1,MMP2
H00472,Torg syndrome,D03795,Marimastat (USAN/INN),,1,MMP2
H00472,Torg syndrome,D03797,Prinomastat (USAN/INN),,1,MMP2
H00479,Metaphyseal dysplasias,D03797,Prinomastat (USAN/INN),,2,(MANDP1); MMP9
H00479,Metaphyseal dysplasias,D03517,Cipemastat (USAN/INN),,2,(MANDP1); MMP9
H00479,Metaphyseal dysplasias,D08859,Apratastat (USAN/INN),,1,(MANDP1)
H00479,Metaphyseal dysplasias,D03061,Batimastat (USAN/INN),,1,MMP9
H00479,Metaphyseal dysplasias,D03793,Ilomastat (USAN/INN),,1,MMP9
H00479,Metaphyseal dysplasias,D03800,Rebimastat (USAN/INN),,1,MMP9
H00479,Metaphyseal dysplasias,D03802,Tanomastat (USAN/INN),,1,MMP9
H00479,Metaphyseal dysplasias,D11262,Andecaliximab (USAN/INN),,1,MMP9
H00479,Metaphyseal dysplasias,D03795,Marimastat (USAN/INN),,1,MMP9
H00479,Metaphyseal dysplasias,D11563,Abaloparatide acetate (JAN),DG03050,1,PTH1R
H00479,Metaphyseal dysplasias,D05364,Parathyroid hormone (human) (USAN),,1,PTH1R
H00479,Metaphyseal dysplasias,D06078,Teriparatide (USP/INN),DG00512,1,PTH1R
H00479,Metaphyseal dysplasias,D10885,Abaloparatide (USAN/INN),DG03050,1,PTH1R
H00479,Metaphyseal dysplasias,D12395,Palopegteriparatide (USAN/INN),,1,PTH1R
H00479,Metaphyseal dysplasias,D06546,Teriparatide acetate (USAN),DG00512,1,PTH1R
H00481,Cone-rod dystrophy and cone dystrophy,D09539,Gabapentin enacarbil (JAN/USAN/INN),DG01245,1,(RCD4)
H00481,Cone-rod dystrophy and cone dystrophy,D02716,Pregabalin (JAN/USAN/INN),,1,(RCD4)
H00481,Cone-rod dystrophy and cone dystrophy,D00332,Gabapentin (JAN/USP/INN),DG01245,1,(RCD4)
H00481,Cone-rod dystrophy and cone dystrophy,D07494,Barnidipine (INN),DG00325,1,CACNA1F
H00481,Cone-rod dystrophy and cone dystrophy,D11723,Levamlodipine maleate (USAN),DG03091,1,CACNA1F
H00481,Cone-rod dystrophy and cone dystrophy,D01908,Nilvadipine (JP18/USAN/INN),,1,CACNA1F
H00481,Cone-rod dystrophy and cone dystrophy,D00319,Felodipine (JP18/USP/INN),,1,CACNA1F
H00481,Cone-rod dystrophy and cone dystrophy,D03830,Diltiazem malate (USAN),DG00331,1,CACNA1F
H00481,Cone-rod dystrophy and cone dystrophy,D03067,Belfosdil (USAN/INN),,1,CACNA1F
H00481,Cone-rod dystrophy and cone dystrophy,D08441,Propiverine (INN),DG00479,1,CACNA1F
H00481,Cone-rod dystrophy and cone dystrophy,D10932,Etripamil (USAN/INN),,1,CACNA1F
H00481,Cone-rod dystrophy and cone dystrophy,D07845,Diltiazem (INN),DG00331,1,CACNA1F
H00481,Cone-rod dystrophy and cone dystrophy,D07185,Fendiline (INN),DG00332,1,CACNA1F
H00481,Cone-rod dystrophy and cone dystrophy,D07509,Benidipine (INN),DG00327,1,CACNA1F
H00481,Cone-rod dystrophy and cone dystrophy,D08009,Gallopamil (INN),DG00330,1,CACNA1F
H00482,Brachydactyly,D07425,Papaverine (BAN),DG00043,1,(HTNB)
H00482,Brachydactyly,D06103,Theophylline (USP),DG01061,1,(HTNB)
H00482,Brachydactyly,D01238,Bucladesine sodium (JAN),DG00230,1,(HTNB)
H00482,Brachydactyly,D05429,Aminophylline hydrate (JP18),DG01062,1,(HTNB)
H00482,Brachydactyly,D01198,Toborinone (JAN/USAN/INN),,1,(HTNB)
H00482,Brachydactyly,D11743,Ensifentrine (USAN/INN),,1,(HTNB)
H00482,Brachydactyly,D06104,Theophylline sodium glycinate (USP),DG01061,1,(HTNB)
H00482,Brachydactyly,D06132,Tibenelast sodium (USAN),,1,(HTNB)
H00482,Brachydactyly,D07546,Bucladesine (INN),DG00230,1,(HTNB)
H00482,Brachydactyly,D07961,Flavoxate (INN),DG00477,1,(HTNB)
H00482,Brachydactyly,D08294,Olprinone (INN),DG01396,1,(HTNB)
H00482,Brachydactyly,D04628,Isomazole hydrochloride (USAN),,1,(HTNB)
H00482,Brachydactyly,D00371,Theophylline (JP18),DG01061,1,(HTNB)
H00482,Brachydactyly,D00231,Inamrinone (USP),DG00228,1,(HTNB)
H00482,Brachydactyly,D07603,Caffeine citrate (USP),DG00974,1,(HTNB)
H00485,Robinow syndrome,D12210,Ozuriftmab vedotin (USAN),,1,ROR2
H00485,Robinow syndrome,D12209,Ozuriftamab (USAN),,1,ROR2
H00486,Sclerosteosis,D10094,Blosozumab (USAN),,1,SOST
H00486,Sclerosteosis,D10156,Romosozumab (USAN),,1,SOST
H00490,Diaphyseal dysplasia with anemia,D01684,Ozagrel sodium (JP18),DG01256,1,TBXAS1
H00490,Diaphyseal dysplasia with anemia,D01683,Ozagrel hydrochloride hydrate (JAN),DG01256,1,TBXAS1
H00490,Diaphyseal dysplasia with anemia,D07140,Picotamide (BAN),,1,TBXAS1
H00490,Diaphyseal dysplasia with anemia,D05727,Ridogrel (USAN/INN),,1,TBXAS1
H00490,Diaphyseal dysplasia with anemia,D01220,Trapidil (JP18/INN),,1,TBXAS1
H00490,Diaphyseal dysplasia with anemia,D03663,Dazoxiben hydrochloride (USAN),,1,TBXAS1
H00490,Diaphyseal dysplasia with anemia,D05502,Pirmagrel (USAN/INN),,1,TBXAS1
H00490,Diaphyseal dysplasia with anemia,D06077,Terbogrel (USAN/INN),,1,TBXAS1
H00490,Diaphyseal dysplasia with anemia,D08327,Ozagrel (INN),DG01256,1,TBXAS1
H00490,Diaphyseal dysplasia with anemia,D03661,Dazmegrel (USAN/INN),,1,TBXAS1
H00490,Diaphyseal dysplasia with anemia,D04276,Furegrelate sodium (USAN),,1,TBXAS1
H00495,Eiken dysplasia,D11563,Abaloparatide acetate (JAN),DG03050,1,PTH1R
H00495,Eiken dysplasia,D05364,Parathyroid hormone (human) (USAN),,1,PTH1R
H00495,Eiken dysplasia,D06078,Teriparatide (USP/INN),DG00512,1,PTH1R
H00495,Eiken dysplasia,D10885,Abaloparatide (USAN/INN),DG03050,1,PTH1R
H00495,Eiken dysplasia,D12395,Palopegteriparatide (USAN/INN),,1,PTH1R
H00495,Eiken dysplasia,D06546,Teriparatide acetate (USAN),DG00512,1,PTH1R
H00495,Eiken dysplasia,D03358,Teriparatide acetate (JAN),DG00512,1,PTH1R
H00504,Rubinstein-Taybi syndrome,D12394,Inobrodib (USAN),,2,CREBBP; EP300
H00505,FGFR3-related short limb skeletal dysplasia,D10481,Nintedanib (USAN/INN),DG01374,1,FGFR3
H00505,FGFR3-related short limb skeletal dysplasia,D11417,Pemigatinib (JAN/USAN/INN),,1,FGFR3
H00505,FGFR3-related short limb skeletal dysplasia,D10927,Erdafitinib (JAN/USAN/INN),,1,FGFR3
H00505,FGFR3-related short limb skeletal dysplasia,D11611,Infigratinib phosphate (USAN),DG03062,1,FGFR3
H00505,FGFR3-related short limb skeletal dysplasia,D12284,Recifercept (USAN/INN),,1,FGFR3
H00505,FGFR3-related short limb skeletal dysplasia,D12537,Catequentinib hydrochloride (USAN),DG03258,1,FGFR3
H00505,FGFR3-related short limb skeletal dysplasia,D09920,Lenvatinib mesylate (USAN),DG01362,1,FGFR3
H00505,FGFR3-related short limb skeletal dysplasia,D12526,Catequentinib (USAN/INN),DG03258,1,FGFR3
H00505,FGFR3-related short limb skeletal dysplasia,D05716,Repifermin (USAN/INN),,1,FGFR3
H00505,FGFR3-related short limb skeletal dysplasia,D10396,Nintedanib esylate (USAN),DG01374,1,FGFR3
H00505,FGFR3-related short limb skeletal dysplasia,D11461,Derazantinib hydrochloride (USAN),,1,FGFR3
H00505,FGFR3-related short limb skeletal dysplasia,D09919,Lenvatinib (USAN/INN),DG01362,1,FGFR3
H00505,FGFR3-related short limb skeletal dysplasia,D11445,Vofatamab (USAN),,1,FGFR3
H00505,FGFR3-related short limb skeletal dysplasia,D12405,Tasurgratinib succinate (JAN),DG03234,1,FGFR3
H00505,FGFR3-related short limb skeletal dysplasia,D12404,Tasurgratinib (INN),DG03234,1,FGFR3
H00507,Dyskeratosis congenita,D09630,Imetelstat sodium (USAN),,1,TERT
H00507,Dyskeratosis congenita,D09629,Imetelstat (USAN/INN),,1,TERT
H00508,Blomstrand syndrome,D11563,Abaloparatide acetate (JAN),DG03050,1,PTH1R
H00508,Blomstrand syndrome,D05364,Parathyroid hormone (human) (USAN),,1,PTH1R
H00508,Blomstrand syndrome,D06078,Teriparatide (USP/INN),DG00512,1,PTH1R
H00508,Blomstrand syndrome,D10885,Abaloparatide (USAN/INN),DG03050,1,PTH1R
H00508,Blomstrand syndrome,D12395,Palopegteriparatide (USAN/INN),,1,PTH1R
H00508,Blomstrand syndrome,D06546,Teriparatide acetate (USAN),DG00512,1,PTH1R
H00508,Blomstrand syndrome,D03358,Teriparatide acetate (JAN),DG00512,1,PTH1R
H00512,Permanent neonatal diabetes mellitus,D00594,Repaglinide (JAN/USP/INN),,2,(PNDM3); KCNJ11
H00512,Permanent neonatal diabetes mellitus,D01356,Glymidine sodium (JAN/USAN/INN),,2,(PNDM3); KCNJ11
H00512,Permanent neonatal diabetes mellitus,D05114,Naminidil (USAN/INN),,2,(PNDM3); KCNJ11
H00512,Permanent neonatal diabetes mellitus,D00294,Diazoxide (JAN/USP/INN),,2,(PNDM3); KCNJ11
H00512,Permanent neonatal diabetes mellitus,D00336,Glyburide (USP),,2,(PNDM3); KCNJ11
H00512,Permanent neonatal diabetes mellitus,D00271,Chlorpropamide (JP18/USP/INN),,2,(PNDM3); KCNJ11
H00512,Permanent neonatal diabetes mellitus,D04739,Linogliride (USAN/INN),DG02893,2,(PNDM3); KCNJ11
H00512,Permanent neonatal diabetes mellitus,D00380,Tolbutamide (JP18/USP/INN),DG00115,2,(PNDM3); KCNJ11
H00512,Permanent neonatal diabetes mellitus,D00418,Minoxidil (JAN/USP/INN),,2,(PNDM3); KCNJ11
H00512,Permanent neonatal diabetes mellitus,D05482,Pinacidil (USAN),,2,(PNDM3); KCNJ11
H00512,Permanent neonatal diabetes mellitus,D01854,Mitiglinide calcium hydrate (JP18),,2,(PNDM3); KCNJ11
H00512,Permanent neonatal diabetes mellitus,D02385,Levcromakalim (USAN/INN),,2,(PNDM3); KCNJ11
H00512,Permanent neonatal diabetes mellitus,D01111,Nateglinide (JP18/USP/INN),,2,(PNDM3); KCNJ11
H00512,Permanent neonatal diabetes mellitus,D04740,Linogliride fumarate (USAN),DG02893,2,(PNDM3); KCNJ11
H00512,Permanent neonatal diabetes mellitus,D06177,"Tolbutamide sodium, sterile",DG00115,2,(PNDM3); KCNJ11
H00513,Transient neonatal diabetes mellitus,D00594,Repaglinide (JAN/USP/INN),,2,(PNDM3); KCNJ11
H00513,Transient neonatal diabetes mellitus,D01356,Glymidine sodium (JAN/USAN/INN),,2,(PNDM3); KCNJ11
H00513,Transient neonatal diabetes mellitus,D05114,Naminidil (USAN/INN),,2,(PNDM3); KCNJ11
H00513,Transient neonatal diabetes mellitus,D00294,Diazoxide (JAN/USP/INN),,2,(PNDM3); KCNJ11
H00513,Transient neonatal diabetes mellitus,D00336,Glyburide (USP),,2,(PNDM3); KCNJ11
H00513,Transient neonatal diabetes mellitus,D00271,Chlorpropamide (JP18/USP/INN),,2,(PNDM3); KCNJ11
H00513,Transient neonatal diabetes mellitus,D04739,Linogliride (USAN/INN),DG02893,2,(PNDM3); KCNJ11
H00513,Transient neonatal diabetes mellitus,D00380,Tolbutamide (JP18/USP/INN),DG00115,2,(PNDM3); KCNJ11
H00513,Transient neonatal diabetes mellitus,D00418,Minoxidil (JAN/USP/INN),,2,(PNDM3); KCNJ11
H00513,Transient neonatal diabetes mellitus,D05482,Pinacidil (USAN),,2,(PNDM3); KCNJ11
H00513,Transient neonatal diabetes mellitus,D01854,Mitiglinide calcium hydrate (JP18),,2,(PNDM3); KCNJ11
H00513,Transient neonatal diabetes mellitus,D02385,Levcromakalim (USAN/INN),,2,(PNDM3); KCNJ11
H00513,Transient neonatal diabetes mellitus,D01111,Nateglinide (JP18/USP/INN),,2,(PNDM3); KCNJ11
H00513,Transient neonatal diabetes mellitus,D04740,Linogliride fumarate (USAN),DG02893,2,(PNDM3); KCNJ11
H00513,Transient neonatal diabetes mellitus,D06177,"Tolbutamide sodium, sterile",DG00115,2,(PNDM3); KCNJ11
H00517,Spondylocostal dysostosis,D10981,Rovalpituzumab tesirine (USAN/INN),,1,DLL3
H00517,Spondylocostal dysostosis,D11117,Rovalpituzumab (USAN),,1,DLL3
H00517,Spondylocostal dysostosis,D12234,Tarlatamab (USAN),,1,DLL3
H00523,Noonan syndrome and related disorders,D12515,Avutometinib (USAN/INN),DG03255,3,MAP2K1; MAP2K2; RAF1
H00523,Noonan syndrome and related disorders,D12534,Avutometinib potassium (USAN),DG03255,3,MAP2K1; MAP2K2; RAF1
H00523,Noonan syndrome and related disorders,D08524,Sorafenib (USAN/INN),DG00713,2,BRAF; RAF1
H00523,Noonan syndrome and related disorders,D06272,Sorafenib tosylate (USAN),DG00713,2,BRAF; RAF1
H00523,Noonan syndrome and related disorders,D10137,Regorafenib hydrate (JAN),DG00720,2,BRAF; RAF1
H00523,Noonan syndrome and related disorders,D10138,Regorafenib (USAN/INN),DG00720,2,BRAF; RAF1
H00523,Noonan syndrome and related disorders,D12291,Tovorafenib (USAN/INN),,2,BRAF; RAF1
H00523,Noonan syndrome and related disorders,D10024,Selumetinib sulfate (JAN/USAN),DG01414,2,MAP2K1; MAP2K2
H00523,Noonan syndrome and related disorders,D12473,Zapnometinib (USAN/INN),,2,MAP2K1; MAP2K2
H00523,Noonan syndrome and related disorders,D10604,Binimetinib (JAN/USAN/INN),,2,MAP2K1; MAP2K2
H00523,Noonan syndrome and related disorders,D10615,Cobimetinib fumarate (USAN),DG01825,2,MAP2K1; MAP2K2
H00523,Noonan syndrome and related disorders,D10176,Trametinib dimethyl sulfoxide (JAN/USAN),DG00723,2,MAP2K1; MAP2K2
H00523,Noonan syndrome and related disorders,D10426,Pimasertib (USAN/INN),DG01410,2,MAP2K1; MAP2K2
H00523,Noonan syndrome and related disorders,D10405,Cobimetinib (USAN/INN),DG01825,2,MAP2K1; MAP2K2
H00523,Noonan syndrome and related disorders,D10175,Trametinib (USAN),DG00723,2,MAP2K1; MAP2K2
H00525,Disorders of mitochondrial fatty-acid oxidation,D05442,Perhexiline maleate (USAN),DG00334,2,CPT1A; CPT2
H00525,Disorders of mitochondrial fatty-acid oxidation,D08340,Perhexiline (INN),DG00334,2,CPT1A; CPT2
H00525,Disorders of mitochondrial fatty-acid oxidation,D05292,Oxfenicine (USAN/INN),,1,CPT1A
H00527,Retinitis pigmentosa,D07257,Lonidamine (INN),,1,HK1
H00527,Retinitis pigmentosa,D00653,Dorzolamide hydrochloride (JP18/USP),DG01135,1,(RP17)
H00527,Retinitis pigmentosa,D00655,Methazolamide (JAN/USP/INN),,1,(RP17)
H00527,Retinitis pigmentosa,D07871,Dorzolamide (INN),DG01135,1,(RP17)
H00527,Retinitis pigmentosa,D02441,Ethoxzolamide,,1,(RP17)
H00527,Retinitis pigmentosa,D00218,Acetazolamide (JP18/USP/INN),DG01134,1,(RP17)
H00527,Retinitis pigmentosa,D00518,Dichlorphenamide (USP),,1,(RP17)
H00527,Retinitis pigmentosa,D00537,Topiramate (JAN/USP/INN),,1,(RP17)
H00527,Retinitis pigmentosa,D03845,Sezolamide hydrochloride (USAN),,1,(RP17)
H00527,Retinitis pigmentosa,D01196,Acetazolamide sodium (JAN),DG01134,1,(RP17)
H00527,Retinitis pigmentosa,D01822,Clofenamide (JAN/INN),,1,(RP17)
H00527,Retinitis pigmentosa,D11365,Tapinarof (JAN/USAN),,1,AHR
H00527,Retinitis pigmentosa,D05094,Mycophenolate mofetil hydrochloride (USAN),DG00739,1,(RP10)
H00527,Retinitis pigmentosa,D05096,Mycophenolic acid (USAN/INN),DG00739,1,(RP10)
H00527,Retinitis pigmentosa,D04936,Merimepodib (USAN/INN),,1,(RP10)
H00530,Joubert syndrome and related disorders,D12488,Sepofarsen (USAN/INN),,1,(MKS4)
H00531,Venous malformations,D10399,Rebastinib Tosylate (USAN),DG01368,1,TEK
H00531,Venous malformations,D10334,Rebastinib (USAN),DG01368,1,TEK
H00531,Venous malformations,D10137,Regorafenib hydrate (JAN),DG00720,1,TEK
H00531,Venous malformations,D10138,Regorafenib (USAN/INN),DG00720,1,TEK
H00531,Venous malformations,D10862,Altiratinib (USAN),,1,TEK
H00531,Venous malformations,D11540,Razuprotafib (USAN),,1,TEK
H00533,Hereditary hemorrhagic telangiectasia,D11260,Carotuximab (USAN/INN),,1,ENG
H00533,Hereditary hemorrhagic telangiectasia,D10106,Dalantercept (USAN),,1,ACVRL1
H00533,Hereditary hemorrhagic telangiectasia,D11709,Ascrinvacumab (USAN/INN),,1,ACVRL1
H00535,Lymphatic malformation,D11772,Tesevatinib (USAN/INN),DG03101,2,(LMPHM7); FLT4
H00535,Lymphatic malformation,D11773,Tesevatinib tosylate (USAN),DG03101,2,(LMPHM7); FLT4
H00535,Lymphatic malformation,D11541,Sitravatinib malate (USAN),DG03045,2,(LMPHM7); FLT4
H00535,Lymphatic malformation,D11140,Sitravatinib (USAN/INN),DG03045,2,(LMPHM7); FLT4
H00535,Lymphatic malformation,D06285,Vatalanib (USAN/INN),,1,FLT4
H00535,Lymphatic malformation,D11762,Lucitanib (USAN/INN),,1,FLT4
H00535,Lymphatic malformation,D10137,Regorafenib hydrate (JAN),DG00720,1,FLT4
H00535,Lymphatic malformation,D10138,Regorafenib (USAN/INN),DG00720,1,FLT4
H00535,Lymphatic malformation,D12526,Catequentinib (USAN/INN),DG03258,1,FLT4
H00535,Lymphatic malformation,D09919,Lenvatinib (USAN/INN),DG01362,1,FLT4
H00535,Lymphatic malformation,D05380,Pazopanib hydrochloride (JAN/USAN),,1,FLT4
H00535,Lymphatic malformation,D10481,Nintedanib (USAN/INN),DG01374,1,FLT4
H00535,Lymphatic malformation,D06678,Motesanib (USAN),DG01262,1,FLT4
H00535,Lymphatic malformation,D06272,Sorafenib tosylate (USAN),DG00713,1,FLT4
H00535,Lymphatic malformation,D08947,Motesanib diphosphate (USAN),DG01262,1,FLT4
H00536,Cerebral autosomal dominant arteriopathy with subcortical i…,D11775,Tarextumab (USAN/INN),,1,NOTCH3
H00537,Nephronophthisis,D12488,Sepofarsen (USAN/INN),,1,(MKS4)
H00538,Senior-Loken syndrome,D12488,Sepofarsen (USAN/INN),,1,(MKS4)
H00541,Autosomal dominant tubulointerstitial kidney disease,D06028,Technetium Tc 99m arcitumomab (USP),,1,(ADTKD2)
H00541,Autosomal dominant tubulointerstitial kidney disease,D02977,Arcitumomab (USAN/INN),,1,(ADTKD2)
H00541,Autosomal dominant tubulointerstitial kidney disease,D09895,Emepepimut-S (USAN),,1,(ADTKD2)
H00541,Autosomal dominant tubulointerstitial kidney disease,D09700,Yttrium Y 90 clivatuzumab tetraxetan (USAN),,1,(ADTKD2)
H00541,Autosomal dominant tubulointerstitial kidney disease,D09038,Remikiren (INN),,1,(ADTKD4)
H00541,Autosomal dominant tubulointerstitial kidney disease,D03743,Terlakiren (USAN/INN),,1,(ADTKD4)
H00541,Autosomal dominant tubulointerstitial kidney disease,D03741,Ditekiren (USAN),,1,(ADTKD4)
H00541,Autosomal dominant tubulointerstitial kidney disease,D06412,Aliskiren fumarate (JAN/USAN),DG00352,1,(ADTKD4)
H00541,Autosomal dominant tubulointerstitial kidney disease,D03208,Aliskiren (USAN/INN),DG00352,1,(ADTKD4)
H00541,Autosomal dominant tubulointerstitial kidney disease,D03738,Enalkiren (USAN/INN),,1,(ADTKD4)
H00541,Autosomal dominant tubulointerstitial kidney disease,D03745,Zankiren hydrochloride (USAN),,1,(ADTKD4)
H00546,Atrial septal defect,D12253,Aficamten (USAN/INN),,1,MYH6
H00546,Atrial septal defect,D04510,Imciromab pentetate (USAN),,1,MYH6
H00548,Brunner syndrome,D01888,Safrazine hydrochloride (JAN),,1,MAOA
H00548,Brunner syndrome,D07338,Iproclozide (INN),,1,MAOA
H00548,Brunner syndrome,D08349,Phenelzine (BAN),DG00948,1,MAOA
H00548,Brunner syndrome,D07337,Nialamide (INN),,1,MAOA
H00548,Brunner syndrome,D08085,Iproniazid phosphate,DG00950,1,MAOA
H00548,Brunner syndrome,D00826,Tranylcypromine sulfate (USP),DG00949,1,MAOA
H00548,Brunner syndrome,D02560,Brofaromine (INN),,1,MAOA
H00548,Brunner syndrome,D08625,Tranylcypromine (INN),DG00949,1,MAOA
H00548,Brunner syndrome,D02564,Pargyline hydrochloride (USAN),DG00264,1,MAOA
H00548,Brunner syndrome,D00505,Phenelzine sulfate (USP),DG00948,1,MAOA
H00548,Brunner syndrome,D08453,Pargyline (INN),DG00264,1,MAOA
H00548,Brunner syndrome,D02561,Moclobemide (USAN/INN),,1,MAOA
H00548,Brunner syndrome,D04092,Etryptamine acetate (USAN),,1,MAOA
H00548,Brunner syndrome,D05039,Minaprine (USAN/INN),DG00954,1,MAOA
H00548,Brunner syndrome,D08392,Pirlindole (INN),DG01277,1,MAOA
H00551,Alagille syndrome,D11775,Tarextumab (USAN/INN),,1,NOTCH2
H00554,Aortic valve disease,D11151,Crenigacestat (USAN/INN),,1,NOTCH1
H00554,Aortic valve disease,D11229,Brontictuzumab (USAN/INN),,1,NOTCH1
H00559,von Hippel-Lindau syndrome,D08956,Omacetaxine mepesuccinate (USAN),,1,CCND1
H00560,Pseudoxanthoma elasticum,D07457,Anisindione (INN),,1,(PXE-like)
H00561,Brachydactyly-mental retardation syndrome,D08870,Belinostat (USAN/INN),,1,HDAC4
H00561,Brachydactyly-mental retardation syndrome,D06320,Vorinostat (JAN/USAN),,1,HDAC4
H00561,Brachydactyly-mental retardation syndrome,D10084,Abexinostat hydrochloride (USAN),DG01402,1,HDAC4
H00561,Brachydactyly-mental retardation syndrome,D11319,Fimepinostat (USAN/INN),,1,HDAC4
H00561,Brachydactyly-mental retardation syndrome,D06637,Romidepsin (JAN/USAN/INN),,1,HDAC4
H00561,Brachydactyly-mental retardation syndrome,D10977,Remetinostat (USAN/INN),,1,HDAC4
H00561,Brachydactyly-mental retardation syndrome,D10060,Abexinostat (USAN),DG01402,1,HDAC4
H00561,Brachydactyly-mental retardation syndrome,D10321,Quisinostat (USAN/INN),DG01407,1,HDAC4
H00561,Brachydactyly-mental retardation syndrome,D10322,Quisinostat hydrochloride (USAN),DG01407,1,HDAC4
H00561,Brachydactyly-mental retardation syndrome,D09338,Entinostat (JAN/USAN/INN),,1,HDAC4
H00561,Brachydactyly-mental retardation syndrome,D10019,Panobinostat lactate (JAN),DG01403,1,HDAC4
H00561,Brachydactyly-mental retardation syndrome,D12551,Bocodepsin (USAN),DG03260,1,HDAC4
H00561,Brachydactyly-mental retardation syndrome,D12552,Bocodepsin besylate (USAN),DG03260,1,HDAC4
H00561,Brachydactyly-mental retardation syndrome,D10319,Panobinostat (USAN/INN),DG01403,1,HDAC4
H00562,Dystrophinopathies,D10114,Drisapersen (USAN),DG01887,1,DMD
H00562,Dystrophinopathies,D11528,Viltolarsen (JAN/USAN),,1,DMD
H00562,Dystrophinopathies,D11988,Casimersen (USAN/INN),,1,DMD
H00562,Dystrophinopathies,D11707,Golodirsen (USAN/INN),,1,DMD
H00562,Dystrophinopathies,D10115,Drisapersen sodium (JAN/USAN),DG01887,1,DMD
H00562,Dystrophinopathies,D09900,Eteplirsen (USAN/INN),,1,DMD
H00562,Dystrophinopathies,D11918,Renadirsen sodium (JAN),,1,DMD
H00568,Myotonic dystrophy,D10907,Baliforsen (USAN/INN),,1,(DM1)
H00575,Renal tubular dysgenesis,D09038,Remikiren (INN),,1,(ADTKD4)
H00575,Renal tubular dysgenesis,D03743,Terlakiren (USAN/INN),,1,(ADTKD4)
H00575,Renal tubular dysgenesis,D03741,Ditekiren (USAN),,1,(ADTKD4)
H00575,Renal tubular dysgenesis,D06412,Aliskiren fumarate (JAN/USAN),DG00352,1,(ADTKD4)
H00575,Renal tubular dysgenesis,D03208,Aliskiren (USAN/INN),DG00352,1,(ADTKD4)
H00575,Renal tubular dysgenesis,D03738,Enalkiren (USAN/INN),,1,(ADTKD4)
H00575,Renal tubular dysgenesis,D03745,Zankiren hydrochloride (USAN),,1,(ADTKD4)
H00575,Renal tubular dysgenesis,D03775,Spiraprilat (USAN/INN),,1,ACE
H00575,Renal tubular dysgenesis,D00362,Lisinopril (USP),DG00336,1,ACE
H00575,Renal tubular dysgenesis,D06076,Teprotide (USAN/INN),,1,ACE
H00575,Renal tubular dysgenesis,D00251,Captopril (JP18/USP/INN),,1,ACE
H00575,Renal tubular dysgenesis,D04312,Gemopatrilat (USAN/INN),,1,ACE
H00575,Renal tubular dysgenesis,D08068,Imidapril (INN),DG00347,1,ACE
H00575,Renal tubular dysgenesis,D01119,Temocapril hydrochloride (JP18/USAN),DG00345,1,ACE
H00575,Renal tubular dysgenesis,D08529,Spirapril (INN),DG00342,1,ACE
H00589,Familial exudative vitreoretinopathy,D12445,Foscenvivint (JAN/INN),,1,CTNNB1
H00591,Facioscapulohumeral muscular dystrophy,D03665,Decitabine (USAN/INN),,1,DNMT3B
H00591,Facioscapulohumeral muscular dystrophy,D03021,Azacitidine (JAN/USAN/INN),,1,DNMT3B
H00594,Distal myopathy,D12253,Aficamten (USAN/INN),,1,(CMH1)
H00594,Distal myopathy,D12265,Mavacamten (USAN/INN),,1,(CMH1)
H00594,Distal myopathy,D04510,Imciromab pentetate (USAN),,1,(CMH1)
H00595,Myofibrillar myopathies,D12253,Aficamten (USAN/INN),,1,MYL2
H00599,Ovarian dysgenesis,D00185,Estriol (JP18/USP),DG00463,1,ESR2
H00599,Ovarian dysgenesis,D00577,Diethylstilbestrol (USP/INN),DG00466,1,ESR2
H00599,Ovarian dysgenesis,D04496,Idoxifene (USAN/INN),,1,ESR2
H00599,Ovarian dysgenesis,D01602,Mepitiostane (JP18/INN),,1,ESR2
H00599,Ovarian dysgenesis,D00962,Clomiphene citrate (USP),DG00474,1,ESR2
H00599,Ovarian dysgenesis,D07783,Delmadinone (INN),DG02935,1,ESR2
H00599,Ovarian dysgenesis,D11829,Fluoroestradiol F18,,1,ESR2
H00599,Ovarian dysgenesis,D08409,Prasterone (USAN/INN),DG00141,1,ESR2
H00599,Ovarian dysgenesis,D01265,Epitiostanol (JAN/INN),,1,ESR2
H00599,Ovarian dysgenesis,D11514,Estetrol (JAN/USAN),DG03027,1,ESR2
H00599,Ovarian dysgenesis,D00269,Chlorotrianisene (INN),,1,ESR2
H00599,Ovarian dysgenesis,D07121,Alfatradiol (INN),,1,ESR2
H00599,Ovarian dysgenesis,D08910,Enclomiphene (USAN),DG01992,1,ESR2
H00599,Ovarian dysgenesis,D00067,Estrone (JAN/USP/INN),DG00464,1,ESR2
H00599,Ovarian dysgenesis,D07826,Hexestrol diphosphate sodium,DG00466,1,ESR2
H00602,Glucocorticoid-remediable aldosteronism (GRA),D03584,Colforsin (USAN/INN),DG02877,9,ADCY1; ADCY2; ADCY3; ADCY4; ADCY5; ADCY6; ADCY7; ADCY8; ADCY9
H00602,Glucocorticoid-remediable aldosteronism (GRA),D01697,Colforsin daropate hydrochloride (JAN),DG02877,9,ADCY1; ADCY2; ADCY3; ADCY4; ADCY5; ADCY6; ADCY7; ADCY8; ADCY9
H00602,Glucocorticoid-remediable aldosteronism (GRA),D06544,"Corticotropin, repository (USP)",DG00492,1,MC2R
H00602,Glucocorticoid-remediable aldosteronism (GRA),D00284,Cosyntropin (USP),DG00493,1,MC2R
H00602,Glucocorticoid-remediable aldosteronism (GRA),D09801,Giractide acetate (JAN),DG01344,1,MC2R
H00602,Glucocorticoid-remediable aldosteronism (GRA),D03593,Corticotropin zinc hydroxide,DG00492,1,MC2R
H00602,Glucocorticoid-remediable aldosteronism (GRA),D00146,Corticotropin (USP/INN),DG00492,1,MC2R
H00602,Glucocorticoid-remediable aldosteronism (GRA),D09937,Giractide (INN),DG01344,1,MC2R
H00602,Glucocorticoid-remediable aldosteronism (GRA),D02105,Tetracosactide acetate (JAN),DG00493,1,MC2R
H00602,Glucocorticoid-remediable aldosteronism (GRA),D07417,Alsactide (INN),,1,MC2R
H00602,Glucocorticoid-remediable aldosteronism (GRA),D05827,Seractide acetate (USAN),,1,MC2R
H00602,Glucocorticoid-remediable aldosteronism (GRA),D00410,Metyrapone (JP18/USP/INN),DG01166,1,CYP11B1
H00602,Glucocorticoid-remediable aldosteronism (GRA),D10950,Levoketoconazole (USAN/INN),,1,CYP11B1
H00602,Glucocorticoid-remediable aldosteronism (GRA),D05019,Metyrapone tartrate (USAN),DG01166,1,CYP11B1
H00602,Glucocorticoid-remediable aldosteronism (GRA),D09014,Terameprocol (INN/USAN),,1,SP1
H00603,Hypertension exacerbated in pregnancy,D00443,Spironolactone (JP18/USP/INN),,1,(PHA1A)
H00603,Hypertension exacerbated in pregnancy,D11667,Miricorilant (USAN/INN),,1,(PHA1A)
H00603,Hypertension exacerbated in pregnancy,D03917,Drospirenone (JAN/USP/INN),,1,(PHA1A)
H00603,Hypertension exacerbated in pregnancy,D03698,Desoxycorticosterone acetate (USP),DG00507,1,(PHA1A)
H00603,Hypertension exacerbated in pregnancy,D03699,Desoxycorticosterone pivalate (USP),DG00507,1,(PHA1A)
H00603,Hypertension exacerbated in pregnancy,D10528,Aldosterone (INN),,1,(PHA1A)
H00603,Hypertension exacerbated in pregnancy,D01943,Canrenoate potassium (USAN),,1,(PHA1A)
H00603,Hypertension exacerbated in pregnancy,D10633,Finerenone (JAN/USAN/INN),,1,(PHA1A)
H00603,Hypertension exacerbated in pregnancy,D05640,Prorenoate potassium (USAN/INN),,1,(PHA1A)
H00603,Hypertension exacerbated in pregnancy,D00386,Triamterene (JP18/USP/INN),,1,(PHA1A)
H00603,Hypertension exacerbated in pregnancy,D05020,Mexrenoate potassium (USAN),,1,(PHA1A)
H00603,Hypertension exacerbated in pregnancy,D03363,Canrenone (USAN),,1,(PHA1A)
H00603,Hypertension exacerbated in pregnancy,D01115,Eplerenone (JP18/USAN/INN),,1,(PHA1A)
H00603,Hypertension exacerbated in pregnancy,D00986,Fludrocortisone acetate (JP18/USP),DG00506,1,(PHA1A)
H00603,Hypertension exacerbated in pregnancy,D07792,Desoxycortone (INN),DG00507,1,(PHA1A)
H00604,"Deafness, autosomal dominant",D12422,Selnoflast (USAN/INN),DG03239,1,NLRP3
H00604,"Deafness, autosomal dominant",D12423,Selnoflast potassium (USAN),DG03239,1,NLRP3
H00604,"Deafness, autosomal dominant",D01323,Azosemide (JP18/USAN/INN),,1,(DFNA78)
H00604,"Deafness, autosomal dominant",D08001,Furosemide diolamine,DG00272,1,(DFNA78)
H00604,"Deafness, autosomal dominant",D00382,Torsemide (USP),DG00273,1,(DFNA78)
H00604,"Deafness, autosomal dominant",D04079,Ethacrynate sodium (USP),DG00274,1,(DFNA78)
H00604,"Deafness, autosomal dominant",D00247,Bumetanide (JP18/USP/INN),,1,(DFNA78)
H00604,"Deafness, autosomal dominant",D08619,Torasemide sodium,DG00273,1,(DFNA78)
H00604,"Deafness, autosomal dominant",D09772,Alilusem potassium (JAN),,1,(DFNA78)
H00604,"Deafness, autosomal dominant",D07999,Sodium furosemide,DG00272,1,(DFNA78)
H00604,"Deafness, autosomal dominant",D01634,Piretanide (JAN/USAN/INN),,1,(DFNA78)
H00604,"Deafness, autosomal dominant",D04111,Etozolin (USAN/INN),,1,(DFNA78)
H00604,"Deafness, autosomal dominant",D00313,Ethacrynic acid (USP),DG00274,1,(DFNA78)
H00604,"Deafness, autosomal dominant",D05093,Muzolimine (USAN/INN),,1,(DFNA78)
H00604,"Deafness, autosomal dominant",D00331,Furosemide (JP18/USP/INN),DG00272,1,(DFNA78)
H00605,"Deafness, autosomal recessive",D09659,Rilotumumab (USAN/INN),,1,HGF
H00605,"Deafness, autosomal recessive",D12398,Oremepermin alfa (USAN/INN),,1,HGF
H00605,"Deafness, autosomal recessive",D10123,Ficlatuzumab (USAN),,1,HGF
H00605,"Deafness, autosomal recessive",D03584,Colforsin (USAN/INN),DG02877,1,ADCY1
H00605,"Deafness, autosomal recessive",D01697,Colforsin daropate hydrochloride (JAN),DG02877,1,ADCY1
H00605,"Deafness, autosomal recessive",D11307,Telisotuzumab (USAN),,1,MET
H00605,"Deafness, autosomal recessive",D11139,Savolitinib (USAN/INN),,1,MET
H00605,"Deafness, autosomal recessive",D11541,Sitravatinib malate (USAN),DG03045,1,MET
H00605,"Deafness, autosomal recessive",D11763,Merestinib (USAN/INN),,1,MET
H00605,"Deafness, autosomal recessive",D11344,Telisotuzumab vedotin (USAN),,1,MET
H00605,"Deafness, autosomal recessive",D12424,Davutamig (USAN),,1,MET
H00605,"Deafness, autosomal recessive",D10696,Capmatinib (USAN/INN),DG02081,1,MET
H00605,"Deafness, autosomal recessive",D11717,Tepotinib (USAN/INN),DG03087,1,MET
H00605,"Deafness, autosomal recessive",D10862,Altiratinib (USAN),,1,MET
H00605,"Deafness, autosomal recessive",D10465,Golvatinib tartrate (USAN),DG01367,1,MET
H00606,Early infantile epileptic encephalopathy,D00537,Topiramate (JAN/USP/INN),,11,(DEE11); (DEE13); (DEE19); (DEE43); (DEE45); (DEE62); (DEE6B); (DEE74); (DEE78); (DEE79); (DEE92)
H00606,Early infantile epileptic encephalopathy,D11150,Cenobamate (USAN/INN),,11,(DEE11); (DEE13); (DEE19); (DEE43); (DEE45); (DEE62); (DEE6B); (DEE74); (DEE78); (DEE79); (DEE92)
H00606,Early infantile epileptic encephalopathy,D00058,gamma-Aminobutyric acid (JAN),,8,(DEE19); (DEE43); (DEE45); (DEE59); (DEE74); (DEE78); (DEE79); (DEE92)
H00606,Early infantile epileptic encephalopathy,D01316,Mexazolam (JAN/INN),,7,(DEE19); (DEE43); (DEE45); (DEE74); (DEE78); (DEE79); (DEE92)
H00606,Early infantile epileptic encephalopathy,D12449,Cipepofol (USAN/INN),,7,(DEE19); (DEE43); (DEE45); (DEE74); (DEE78); (DEE79); (DEE92)
H00606,Early infantile epileptic encephalopathy,D00430,Secobarbital (USP/INN),DG00917,7,(DEE19); (DEE43); (DEE45); (DEE74); (DEE78); (DEE79); (DEE92)
H00606,Early infantile epileptic encephalopathy,D01230,Flunitrazepam (JP18/USAN/INN),,7,(DEE19); (DEE43); (DEE45); (DEE74); (DEE78); (DEE79); (DEE92)
H00606,Early infantile epileptic encephalopathy,D01253,Clobazam (JAN/USAN/INN),,7,(DEE19); (DEE43); (DEE45); (DEE74); (DEE78); (DEE79); (DEE92)
H00606,Early infantile epileptic encephalopathy,D08690,Zolpidem (INN),DG00922,7,(DEE19); (DEE43); (DEE45); (DEE74); (DEE78); (DEE79); (DEE92)
H00606,Early infantile epileptic encephalopathy,D00338,Halazepam (USAN/INN),,7,(DEE19); (DEE43); (DEE45); (DEE74); (DEE78); (DEE79); (DEE92)
H00606,Early infantile epileptic encephalopathy,D08283,Nordazepam (INN),,7,(DEE19); (DEE43); (DEE45); (DEE74); (DEE78); (DEE79); (DEE92)
H00606,Early infantile epileptic encephalopathy,D08145,Loprazolam mesilate,DG00921,7,(DEE19); (DEE43); (DEE45); (DEE74); (DEE78); (DEE79); (DEE92)
H00606,Early infantile epileptic encephalopathy,D00267,Chlordiazepoxide (JP18/USP/INN),DG00908,7,(DEE19); (DEE43); (DEE45); (DEE74); (DEE78); (DEE79); (DEE92)
H00606,Early infantile epileptic encephalopathy,D01245,Bromazepam (JP18/USAN/INN),,7,(DEE19); (DEE43); (DEE45); (DEE74); (DEE78); (DEE79); (DEE92)
H00606,Early infantile epileptic encephalopathy,D00387,Triazolam (JP18/USP/INN),,7,(DEE19); (DEE43); (DEE45); (DEE74); (DEE78); (DEE79); (DEE92)
H00608,"46,XY disorder of sex development due to testosterone secre…",D01134,Epristeride (JAN/USAN/INN),,1,SRD5A2
H00608,"46,XY disorder of sex development due to testosterone secre…",D04646,Izonsteride (USAN/INN),,1,SRD5A2
H00608,"46,XY disorder of sex development due to testosterone secre…",D07121,Alfatradiol (INN),,1,SRD5A2
H00608,"46,XY disorder of sex development due to testosterone secre…",D04066,Estramustine (USAN/INN),DG00724,1,SRD5A2
H00608,"46,XY disorder of sex development due to testosterone secre…",D03820,Dutasteride (JAN/USP/INN),,1,SRD5A2
H00608,"46,XY disorder of sex development due to testosterone secre…",D00321,Finasteride (JAN/USP/INN),,1,SRD5A2
H00608,"46,XY disorder of sex development due to testosterone secre…",D04498,Idronoxil (USAN/INN),,1,SRD5A2
H00608,"46,XY disorder of sex development due to testosterone secre…",D02398,Estramustine phosphate sodium (USAN),DG00724,1,SRD5A2
H00608,"46,XY disorder of sex development due to testosterone secre…",D06397,Estramustine phosphate sodium hydrate (JAN),DG00724,1,SRD5A2
H00608,"46,XY disorder of sex development due to testosterone secre…",D05258,Serum gonadotrophin (JAN),,1,LHCGR
H00608,"46,XY disorder of sex development due to testosterone secre…",D06457,"Gonadotropin, chorionic (USP)",,1,LHCGR
H00608,"46,XY disorder of sex development due to testosterone secre…",D03478,Choriogonadotropin alfa (USAN/INN),,1,LHCGR
H00608,"46,XY disorder of sex development due to testosterone secre…",D06459,Purified human menopausal gonadotrophin (JAN),DG00472,1,LHCGR
H00608,"46,XY disorder of sex development due to testosterone secre…",D02692,Menotropins (USAN),DG00472,1,LHCGR
H00608,"46,XY disorder of sex development due to testosterone secre…",D04824,Lutropin alfa (USAN/INN),,1,LHCGR
H00623,Hajdu-Cheney syndrome,D11775,Tarextumab (USAN/INN),,1,NOTCH2
H00624,Progressive familial intrahepatic cholestasis,D09360,Obeticholic acid (JAN/USAN/INN),,1,(PFIC5)
H00624,Progressive familial intrahepatic cholestasis,D00734,Ursodiol (USP),,1,(PFIC5)
H00624,Progressive familial intrahepatic cholestasis,D11548,Tropifexor (USAN),,1,(PFIC5)
H00624,Progressive familial intrahepatic cholestasis,D10699,Cholic acid (JAN/USAN),,1,(PFIC5)
H00624,Progressive familial intrahepatic cholestasis,D00163,Chenodiol (USAN),,1,(PFIC5)
H00624,Progressive familial intrahepatic cholestasis,D08277,Turofexorate isopropyl (USAN/INN),,1,(PFIC5)
H00630,Rheumatoid arthritis,D01583,Pirfenidone (JAN/USAN/INN),,2,IL10; IL6
H00630,Rheumatoid arthritis,D02967,Apolizumab (USAN/INN),,1,HLA-DRB1
H00630,Rheumatoid arthritis,D04318,Glatiramer acetate (JAN/USAN),,1,HLA-DRB1
H00630,Rheumatoid arthritis,D08976,Pomalidomide (JAN/USAN/INN),,1,IL6
H00630,Rheumatoid arthritis,D10080,Sirukumab (USAN),,1,IL6
H00630,Rheumatoid arthritis,D09669,Siltuximab (USAN/INN),,1,IL6
H00630,Rheumatoid arthritis,D12487,Olokizumab (INN),,1,IL6
H00630,Rheumatoid arthritis,D10993,Tucidinostat (JAN/USAN/INN),,1,CD244
H00631,Cornelia de Lange syndrome,D08870,Belinostat (USAN/INN),,1,HDAC8
H00631,Cornelia de Lange syndrome,D06320,Vorinostat (JAN/USAN),,1,HDAC8
H00631,Cornelia de Lange syndrome,D10084,Abexinostat hydrochloride (USAN),DG01402,1,HDAC8
H00631,Cornelia de Lange syndrome,D11319,Fimepinostat (USAN/INN),,1,HDAC8
H00631,Cornelia de Lange syndrome,D06637,Romidepsin (JAN/USAN/INN),,1,HDAC8
H00631,Cornelia de Lange syndrome,D10977,Remetinostat (USAN/INN),,1,HDAC8
H00631,Cornelia de Lange syndrome,D09357,Mocetinostat dihydrobromide (USAN),DG01404,1,HDAC8
H00631,Cornelia de Lange syndrome,D10060,Abexinostat (USAN),DG01402,1,HDAC8
H00631,Cornelia de Lange syndrome,D10321,Quisinostat (USAN/INN),DG01407,1,HDAC8
H00631,Cornelia de Lange syndrome,D10322,Quisinostat hydrochloride (USAN),DG01407,1,HDAC8
H00631,Cornelia de Lange syndrome,D09338,Entinostat (JAN/USAN/INN),,1,HDAC8
H00631,Cornelia de Lange syndrome,D10019,Panobinostat lactate (JAN),DG01403,1,HDAC8
H00631,Cornelia de Lange syndrome,D12551,Bocodepsin (USAN),DG03260,1,HDAC8
H00631,Cornelia de Lange syndrome,D09641,Mocetinostat (USAN/INN),DG01404,1,HDAC8
H00631,Cornelia de Lange syndrome,D12552,Bocodepsin besylate (USAN),DG03260,1,HDAC8
H00632,Heterotaxy,D11701,Luspatercept (USAN/INN),,1,ACVR2B
H00632,Heterotaxy,D10620,Bimagrumab (JAN/USAN/INN),,1,ACVR2B
H00642,Lacrimo-auriculo-dento-digital syndrome,D10481,Nintedanib (USAN/INN),DG01374,2,FGFR2; FGFR3
H00642,Lacrimo-auriculo-dento-digital syndrome,D11417,Pemigatinib (JAN/USAN/INN),,2,FGFR2; FGFR3
H00642,Lacrimo-auriculo-dento-digital syndrome,D10927,Erdafitinib (JAN/USAN/INN),,2,FGFR2; FGFR3
H00642,Lacrimo-auriculo-dento-digital syndrome,D11611,Infigratinib phosphate (USAN),DG03062,2,FGFR2; FGFR3
H00642,Lacrimo-auriculo-dento-digital syndrome,D12537,Catequentinib hydrochloride (USAN),DG03258,2,FGFR2; FGFR3
H00642,Lacrimo-auriculo-dento-digital syndrome,D09920,Lenvatinib mesylate (USAN),DG01362,2,FGFR2; FGFR3
H00642,Lacrimo-auriculo-dento-digital syndrome,D12526,Catequentinib (USAN/INN),DG03258,2,FGFR2; FGFR3
H00642,Lacrimo-auriculo-dento-digital syndrome,D05716,Repifermin (USAN/INN),,2,FGFR2; FGFR3
H00642,Lacrimo-auriculo-dento-digital syndrome,D10396,Nintedanib esylate (USAN),DG01374,2,FGFR2; FGFR3
H00642,Lacrimo-auriculo-dento-digital syndrome,D11461,Derazantinib hydrochloride (USAN),,2,FGFR2; FGFR3
H00642,Lacrimo-auriculo-dento-digital syndrome,D09919,Lenvatinib (USAN/INN),DG01362,2,FGFR2; FGFR3
H00642,Lacrimo-auriculo-dento-digital syndrome,D12405,Tasurgratinib succinate (JAN),DG03234,2,FGFR2; FGFR3
H00642,Lacrimo-auriculo-dento-digital syndrome,D12404,Tasurgratinib (INN),DG03234,2,FGFR2; FGFR3
H00642,Lacrimo-auriculo-dento-digital syndrome,D12545,Tinengotinib (USAN/INN),,2,FGFR2; FGFR3
H00642,Lacrimo-auriculo-dento-digital syndrome,D11589,Infigratinib (USAN/INN),DG03062,2,FGFR2; FGFR3
H00647,Ectodermal dysplasia-syndactyly syndrome,D11525,Enfortumab vedotin (USAN),,1,NECTIN4
H00647,Ectodermal dysplasia-syndactyly syndrome,D11524,Enfortumab (USAN),,1,NECTIN4
H00656,Scapuloperoneal myopathy,D12253,Aficamten (USAN/INN),,1,(CMH1)
H00656,Scapuloperoneal myopathy,D12265,Mavacamten (USAN/INN),,1,(CMH1)
H00656,Scapuloperoneal myopathy,D04510,Imciromab pentetate (USAN),,1,(CMH1)
H00658,X-linked syndromic intellectual developmental disorder,D10109,Dasolampanel etibutil tosylate (USAN),,1,GRIA3
H00658,X-linked syndromic intellectual developmental disorder,D09035,Zonampanel (INN/USAN),,1,GRIA3
H00658,X-linked syndromic intellectual developmental disorder,D04131,Farampator (USAN/INN),,1,GRIA3
H00658,X-linked syndromic intellectual developmental disorder,D00537,Topiramate (JAN/USP/INN),,1,GRIA3
H00658,X-linked syndromic intellectual developmental disorder,D10107,Dasolampanel (USAN/INN),,1,GRIA3
H00658,X-linked syndromic intellectual developmental disorder,D10780,Perampanel hydrate (JAN),DG01901,1,GRIA3
H00658,X-linked syndromic intellectual developmental disorder,D12239,Pesampator (USAN),,1,GRIA3
H00658,X-linked syndromic intellectual developmental disorder,D09931,Mibampator (USAN/INN),,1,GRIA3
H00658,X-linked syndromic intellectual developmental disorder,D10108,Dasolampanel etibutil (USAN),,1,GRIA3
H00658,X-linked syndromic intellectual developmental disorder,D11414,Troriluzole (USAN),DG03011,1,GRIA3
H00658,X-linked syndromic intellectual developmental disorder,D02696,Talampanel (INN),,1,GRIA3
H00658,X-linked syndromic intellectual developmental disorder,D00775,Riluzole (JAN/USP/INN),,1,GRIA3
H00658,X-linked syndromic intellectual developmental disorder,D06656,Tezampanel (USAN),,1,GRIA3
H00658,X-linked syndromic intellectual developmental disorder,D08964,Perampanel (USAN),DG01901,1,GRIA3
H00658,X-linked syndromic intellectual developmental disorder,D11415,Troriluzole hydrochloride (USAN),DG03011,1,GRIA3
H00664,Anemia due to disorders of glycolytic enzymes,D07257,Lonidamine (INN),,1,HK1
H00679,Hypomyelinating leukodystrophy,D05062,Mivobulin isethionate (USAN),,1,TUBB4A
H00679,Hypomyelinating leukodystrophy,D03364,Cantuzumab mertansine (USAN),,1,TUBB4A
H00679,Hypomyelinating leukodystrophy,D10454,Cantuzumab ravtansine (USAN/INN),,1,TUBB4A
H00679,Hypomyelinating leukodystrophy,D06304,Vindesine (USAN/INN),DG00691,1,TUBB4A
H00679,Hypomyelinating leukodystrophy,D12520,Sabizabulin hydrochloride (USAN),DG03253,1,TUBB4A
H00679,Hypomyelinating leukodystrophy,D02197,Vincristine sulfate (JP18/USP),DG00690,1,TUBB4A
H00679,Hypomyelinating leukodystrophy,D04066,Estramustine (USAN/INN),DG00724,1,TUBB4A
H00679,Hypomyelinating leukodystrophy,D10954,Mirvetuximab soravtansine (USAN/INN),,1,TUBB4A
H00679,Hypomyelinating leukodystrophy,D11238,Lifastuzumab vedotin (USAN/INN),,1,TUBB4A
H00679,Hypomyelinating leukodystrophy,D06308,Vinrosidine sulfate (USAN),,1,TUBB4A
H00679,Hypomyelinating leukodystrophy,D01068,Vinblastine sulfate (JP18/USP),DG00689,1,TUBB4A
H00679,Hypomyelinating leukodystrophy,D12582,Opadotin (USAN),,1,TUBB4A
H00679,Hypomyelinating leukodystrophy,D00491,Paclitaxel (JAN/USP/INN),DG01430,1,TUBB4A
H00679,Hypomyelinating leukodystrophy,D10013,Indibulin (USAN/INN),,1,TUBB4A
H00679,Hypomyelinating leukodystrophy,D12220,Mecbotamab vedotin,,1,TUBB4A
H00680,Primary failure of tooth eruption,D11563,Abaloparatide acetate (JAN),DG03050,1,PTH1R
H00680,Primary failure of tooth eruption,D05364,Parathyroid hormone (human) (USAN),,1,PTH1R
H00680,Primary failure of tooth eruption,D06078,Teriparatide (USP/INN),DG00512,1,PTH1R
H00680,Primary failure of tooth eruption,D10885,Abaloparatide (USAN/INN),DG03050,1,PTH1R
H00680,Primary failure of tooth eruption,D12395,Palopegteriparatide (USAN/INN),,1,PTH1R
H00680,Primary failure of tooth eruption,D06546,Teriparatide acetate (USAN),DG00512,1,PTH1R
H00680,Primary failure of tooth eruption,D03358,Teriparatide acetate (JAN),DG00512,1,PTH1R
H00681,Acne inversa,D11453,Nirogacestat hydrobromide (USAN),DG03016,3,NCSTN; PSEN1; PSENEN
H00681,Acne inversa,D08869,Begacestat (USAN/INN),,3,NCSTN; PSEN1; PSENEN
H00681,Acne inversa,D10960,Nirogacestat (USAN/INN),DG03016,3,NCSTN; PSEN1; PSENEN
H00681,Acne inversa,D09869,Avagacestat (USAN),,3,NCSTN; PSEN1; PSENEN
H00681,Acne inversa,D11151,Crenigacestat (USAN/INN),,3,NCSTN; PSEN1; PSENEN
H00681,Acne inversa,D09010,Tarenflurbil (USAN/INN),,3,NCSTN; PSEN1; PSENEN
H00681,Acne inversa,D12235,Osugacestat (USAN/INN),,3,NCSTN; PSEN1; PSENEN
H00681,Acne inversa,D09377,Semagacestat (USAN/INN),,3,NCSTN; PSEN1; PSENEN
H00690,Aland Island eye disease,D07494,Barnidipine (INN),DG00325,1,CACNA1F
H00690,Aland Island eye disease,D11723,Levamlodipine maleate (USAN),DG03091,1,CACNA1F
H00690,Aland Island eye disease,D01908,Nilvadipine (JP18/USAN/INN),,1,CACNA1F
H00690,Aland Island eye disease,D00319,Felodipine (JP18/USP/INN),,1,CACNA1F
H00690,Aland Island eye disease,D03830,Diltiazem malate (USAN),DG00331,1,CACNA1F
H00690,Aland Island eye disease,D03067,Belfosdil (USAN/INN),,1,CACNA1F
H00690,Aland Island eye disease,D08441,Propiverine (INN),DG00479,1,CACNA1F
H00690,Aland Island eye disease,D10932,Etripamil (USAN/INN),,1,CACNA1F
H00690,Aland Island eye disease,D07845,Diltiazem (INN),DG00331,1,CACNA1F
H00690,Aland Island eye disease,D07185,Fendiline (INN),DG00332,1,CACNA1F
H00690,Aland Island eye disease,D07509,Benidipine (INN),DG00327,1,CACNA1F
H00690,Aland Island eye disease,D08009,Gallopamil (INN),DG00330,1,CACNA1F
H00690,Aland Island eye disease,D06129,Tiapamil hydrochloride (USAN),,1,CACNA1F
H00690,Aland Island eye disease,D02914,Amlodipine maleate (USAN),DG00322,1,CACNA1F
H00690,Aland Island eye disease,D01849,Lercanidipine hydrochloride (JAN/USAN),DG00326,1,CACNA1F
H00696,Haim-Munk syndrome,D12120,Brensocatib (USAN/INN),,1,CTSC
H00699,Central core disease,D10304,Aladorian (USAN/INN),DG02040,1,RYR1
H00699,Central core disease,D10305,Aladorian sodium (USAN),DG02040,1,RYR1
H00703,Myosin storage myopathy,D12253,Aficamten (USAN/INN),,1,(CMH1)
H00703,Myosin storage myopathy,D12265,Mavacamten (USAN/INN),,1,(CMH1)
H00703,Myosin storage myopathy,D04510,Imciromab pentetate (USAN),,1,(CMH1)
H00711,Russell-Silver syndrome,D10352,Dusigitumab (USAN/INN),,1,IGF2
H00713,Beckwith-Wiedemann syndrome,D09569,Ezogabine (USAN),,1,KCNQ1
H00713,Beckwith-Wiedemann syndrome,D09758,Ambasilide (INN),,1,KCNQ1
H00713,Beckwith-Wiedemann syndrome,D00631,Bepridil hydrochloride (USAN),DG00333,1,KCNQ1
H00713,Beckwith-Wiedemann syndrome,D03037,Azimilide dihydrochloride (USAN),,1,KCNQ1
H00713,Beckwith-Wiedemann syndrome,D03914,Dronedarone hydrochloride (USP),DG00207,1,KCNQ1
H00713,Beckwith-Wiedemann syndrome,D02910,Amiodarone (USAN/INN),DG00204,1,KCNQ1
H00713,Beckwith-Wiedemann syndrome,D04192,Flindokalner (USAN/INN),,1,KCNQ1
H00713,Beckwith-Wiedemann syndrome,D09757,Terikalant (INN),,1,KCNQ1
H00713,Beckwith-Wiedemann syndrome,D00636,Amiodarone hydrochloride (JP18/USP),DG00204,1,KCNQ1
H00713,Beckwith-Wiedemann syndrome,D07520,Bepridil (INN),DG00333,1,KCNQ1
H00713,Beckwith-Wiedemann syndrome,D02537,Dronedarone (INN),DG00207,1,KCNQ1
H00713,Beckwith-Wiedemann syndrome,D10352,Dusigitumab (USAN/INN),,1,IGF2
H00715,Darier disease,D10715,Mipsagargin (USAN/INN),,1,ATP2A2
H00719,Leprechaunism,D04475,Insulin aspart (USP/INN),,1,INSR
H00719,Leprechaunism,D04547,"Insulin, isophane (USP)",,1,INSR
H00719,Leprechaunism,D04542,Insulin human zinc (USP),,1,INSR
H00719,Leprechaunism,D04549,"Insulin zinc, extended (USP)",,1,INSR
H00719,Leprechaunism,D04550,"Insulin zinc, prompt (USP)",,1,INSR
H00719,Leprechaunism,D05622,Proinsulin human (USAN),,1,INSR
H00719,Leprechaunism,D04546,"Insulin, dalanated (USAN)",,1,INSR
H00719,Leprechaunism,D03230,Insulin human (USP/INN),,1,INSR
H00719,Leprechaunism,D04543,"Insulin human zinc, extended (USP)",,1,INSR
H00719,Leprechaunism,D08080,"Insulin injection, biphasic isophane (BAN)",,1,INSR
H00719,Leprechaunism,D00085,Insulin (JAN/USP),,1,INSR
H00719,Leprechaunism,D04551,Insulin zinc (USP),,1,INSR
H00719,Leprechaunism,D04545,Insulin I 131 (USAN),,1,INSR
H00719,Leprechaunism,D12358,Insulin icodec (USAN/INN),,1,INSR
H00719,Leprechaunism,D04539,Insulin detemir (USAN/INN),,1,INSR
H00720,Long QT syndrome,D00631,Bepridil hydrochloride (USAN),DG00333,4,(LQT2); CACNA1C; KCNJ5; KCNQ1
H00720,Long QT syndrome,D03914,Dronedarone hydrochloride (USP),DG00207,4,(LQT2); CACNA1C; KCNJ5; KCNQ1
H00720,Long QT syndrome,D07520,Bepridil (INN),DG00333,4,(LQT2); CACNA1C; KCNJ5; KCNQ1
H00720,Long QT syndrome,D02537,Dronedarone (INN),DG00207,4,(LQT2); CACNA1C; KCNJ5; KCNQ1
H00720,Long QT syndrome,D02910,Amiodarone (USAN/INN),DG00204,4,(CMD1E); (LQT2); KCNJ5; KCNQ1
H00720,Long QT syndrome,D00636,Amiodarone hydrochloride (JP18/USP),DG00204,4,(CMD1E); (LQT2); KCNJ5; KCNQ1
H00720,Long QT syndrome,D04789,Lubeluzole (USAN/INN),,3,CALM1; CALM2; CALM3
H00720,Long QT syndrome,D00537,Topiramate (JAN/USP/INN),,2,(CMD1E); CACNA1C
H00720,Long QT syndrome,D09833,Levosemotiadil fumarate (JAN),,2,(CMD1E); CACNA1C
H00720,Long QT syndrome,D09757,Terikalant (INN),,2,(LQT2); KCNQ1
H00720,Long QT syndrome,D02182,Cocaine hydrochloride (JP18/USP),DG00808,2,(CMD1E); (LQT2)
H00720,Long QT syndrome,D00110,Cocaine (USP),DG00808,2,(CMD1E); (LQT2)
H00720,Long QT syndrome,D09758,Ambasilide (INN),,2,(LQT2); KCNQ1
H00720,Long QT syndrome,D03037,Azimilide dihydrochloride (USAN),,2,(LQT2); KCNQ1
H00720,Long QT syndrome,D07494,Barnidipine (INN),DG00325,1,CACNA1C
H00725,Short QT syndrome,D09757,Terikalant (INN),,2,(LQT2); KCNQ1
H00725,Short QT syndrome,D00631,Bepridil hydrochloride (USAN),DG00333,2,(LQT2); KCNQ1
H00725,Short QT syndrome,D02910,Amiodarone (USAN/INN),DG00204,2,(LQT2); KCNQ1
H00725,Short QT syndrome,D09758,Ambasilide (INN),,2,(LQT2); KCNQ1
H00725,Short QT syndrome,D03037,Azimilide dihydrochloride (USAN),,2,(LQT2); KCNQ1
H00725,Short QT syndrome,D03914,Dronedarone hydrochloride (USP),DG00207,2,(LQT2); KCNQ1
H00725,Short QT syndrome,D07520,Bepridil (INN),DG00333,2,(LQT2); KCNQ1
H00725,Short QT syndrome,D00636,Amiodarone hydrochloride (JP18/USP),DG00204,2,(LQT2); KCNQ1
H00725,Short QT syndrome,D02537,Dronedarone (INN),DG00207,2,(LQT2); KCNQ1
H00725,Short QT syndrome,D03732,Dexsotalol hydrochloride (USAN),,1,(LQT2)
H00725,Short QT syndrome,D01026,Sotalol hydrochloride (JAN/USP),DG00307,1,(LQT2)
H00725,Short QT syndrome,D08060,Ibutilide (INN),DG00205,1,(LQT2)
H00725,Short QT syndrome,D00648,Ibutilide fumarate (USP),DG00205,1,(LQT2)
H00725,Short QT syndrome,D06206,Trecetilide fumarate (USAN),DG02906,1,(LQT2)
H00725,Short QT syndrome,D02182,Cocaine hydrochloride (JP18/USP),DG00808,1,(LQT2)
H00728,Brugada syndrome,D00631,Bepridil hydrochloride (USAN),DG00333,2,CACNA1C; KCND3
H00728,Brugada syndrome,D00537,Topiramate (JAN/USP/INN),,2,(CMD1E); CACNA1C
H00728,Brugada syndrome,D03914,Dronedarone hydrochloride (USP),DG00207,2,CACNA1C; KCND3
H00728,Brugada syndrome,D07520,Bepridil (INN),DG00333,2,CACNA1C; KCND3
H00728,Brugada syndrome,D09833,Levosemotiadil fumarate (JAN),,2,(CMD1E); CACNA1C
H00728,Brugada syndrome,D02537,Dronedarone (INN),DG00207,2,CACNA1C; KCND3
H00728,Brugada syndrome,D02910,Amiodarone (USAN/INN),DG00204,2,(CMD1E); KCND3
H00728,Brugada syndrome,D00636,Amiodarone hydrochloride (JP18/USP),DG00204,2,(CMD1E); KCND3
H00728,Brugada syndrome,D06665,Vernakalant hydrochloride (USAN),,2,(CMD1E); KCND3
H00728,Brugada syndrome,D07494,Barnidipine (INN),DG00325,1,CACNA1C
H00728,Brugada syndrome,D11723,Levamlodipine maleate (USAN),DG03091,1,CACNA1C
H00728,Brugada syndrome,D01908,Nilvadipine (JP18/USAN/INN),,1,CACNA1C
H00728,Brugada syndrome,D00319,Felodipine (JP18/USP/INN),,1,CACNA1C
H00728,Brugada syndrome,D03830,Diltiazem malate (USAN),DG00331,1,CACNA1C
H00728,Brugada syndrome,D03067,Belfosdil (USAN/INN),,1,CACNA1C
H00729,Sick sinus syndrome,D08095,Ivabradine hydrochloride (JAN/USAN),DG00246,1,(BRGDA8)
H00729,Sick sinus syndrome,D07165,Ivabradine (USAN/INN),DG00246,1,(BRGDA8)
H00729,Sick sinus syndrome,D12253,Aficamten (USAN/INN),,1,MYH6
H00729,Sick sinus syndrome,D04510,Imciromab pentetate (USAN),,1,MYH6
H00729,Sick sinus syndrome,D00354,Lamotrigine (JAN/USP/INN),,1,(CMD1E)
H00729,Sick sinus syndrome,D02087,Moricizine hydrochloride (USP),DG00208,1,(CMD1E)
H00729,Sick sinus syndrome,D00375,Mephenytoin (USP/INN),,1,(CMD1E)
H00729,Sick sinus syndrome,D02272,Quinidine sulfate (USP),DG00192,1,(CMD1E)
H00729,Sick sinus syndrome,D03492,Cifenline (USAN),DG00209,1,(CMD1E)
H00729,Sick sinus syndrome,D04521,Indecainide hydrochloride (USAN),,1,(CMD1E)
H00729,Sick sinus syndrome,D00739,Pramoxine hydrochloride (USP),DG00300,1,(CMD1E)
H00729,Sick sinus syndrome,D00533,Oxcarbazepine (JAN/USP/INN),,1,(CMD1E)
H00729,Sick sinus syndrome,D01768,Benoxinate hydrochloride (USP),DG00392,1,(CMD1E)
H00729,Sick sinus syndrome,D00538,Zonisamide (JP18/USP/INN),,1,(CMD1E)
H00729,Sick sinus syndrome,D00552,Benzocaine (USP/INN),DG00379,1,(CMD1E)
H00730,Familial idiopathic ventricular fibrillation,D00354,Lamotrigine (JAN/USP/INN),,1,(CMD1E)
H00730,Familial idiopathic ventricular fibrillation,D02087,Moricizine hydrochloride (USP),DG00208,1,(CMD1E)
H00730,Familial idiopathic ventricular fibrillation,D00375,Mephenytoin (USP/INN),,1,(CMD1E)
H00730,Familial idiopathic ventricular fibrillation,D02272,Quinidine sulfate (USP),DG00192,1,(CMD1E)
H00730,Familial idiopathic ventricular fibrillation,D03492,Cifenline (USAN),DG00209,1,(CMD1E)
H00730,Familial idiopathic ventricular fibrillation,D04521,Indecainide hydrochloride (USAN),,1,(CMD1E)
H00730,Familial idiopathic ventricular fibrillation,D00739,Pramoxine hydrochloride (USP),DG00300,1,(CMD1E)
H00730,Familial idiopathic ventricular fibrillation,D00533,Oxcarbazepine (JAN/USP/INN),,1,(CMD1E)
H00730,Familial idiopathic ventricular fibrillation,D01768,Benoxinate hydrochloride (USP),DG00392,1,(CMD1E)
H00730,Familial idiopathic ventricular fibrillation,D00538,Zonisamide (JP18/USP/INN),,1,(CMD1E)
H00730,Familial idiopathic ventricular fibrillation,D00552,Benzocaine (USP/INN),DG00379,1,(CMD1E)
H00730,Familial idiopathic ventricular fibrillation,D08407,Pramocaine (INN),DG00300,1,(CMD1E)
H00730,Familial idiopathic ventricular fibrillation,D03991,Encainide hydrochloride (USAN),DG00203,1,(CMD1E)
H00730,Familial idiopathic ventricular fibrillation,D08422,Procaine (INN),DG00298,1,(CMD1E)
H00730,Familial idiopathic ventricular fibrillation,D07894,Encainide (INN),DG00203,1,(CMD1E)
H00731,Atrial fibrillation,D00631,Bepridil hydrochloride (USAN),DG00333,2,(ATFB7); KCNQ1
H00731,Atrial fibrillation,D02910,Amiodarone (USAN/INN),DG00204,2,(CMD1E); KCNQ1
H00731,Atrial fibrillation,D00636,Amiodarone hydrochloride (JP18/USP),DG00204,2,(CMD1E); KCNQ1
H00731,Atrial fibrillation,D07520,Bepridil (INN),DG00333,2,(ATFB7); KCNQ1
H00731,Atrial fibrillation,D06665,Vernakalant hydrochloride (USAN),,2,(ATFB7); (CMD1E)
H00731,Atrial fibrillation,D09569,Ezogabine (USAN),,1,KCNQ1
H00731,Atrial fibrillation,D09758,Ambasilide (INN),,1,KCNQ1
H00731,Atrial fibrillation,D03037,Azimilide dihydrochloride (USAN),,1,KCNQ1
H00731,Atrial fibrillation,D03914,Dronedarone hydrochloride (USP),DG00207,1,KCNQ1
H00731,Atrial fibrillation,D04192,Flindokalner (USAN/INN),,1,KCNQ1
H00731,Atrial fibrillation,D09757,Terikalant (INN),,1,KCNQ1
H00731,Atrial fibrillation,D02537,Dronedarone (INN),DG00207,1,KCNQ1
H00731,Atrial fibrillation,D04127,Dalfampridine (USAN),,1,(ATFB7)
H00731,Atrial fibrillation,D10228,Amifampridine (USAN/INN),DG02003,1,(ATFB7)
H00731,Atrial fibrillation,D10689,Amifampridine phosphate (JAN/USAN),DG02003,1,(ATFB7)
H00743,Paramyotonia congenita,D00354,Lamotrigine (JAN/USP/INN),,1,(HYPP
H00743,Paramyotonia congenita,D00375,Mephenytoin (USP/INN),,1,(HYPP
H00743,Paramyotonia congenita,D02272,Quinidine sulfate (USP),DG00192,1,(HYPP
H00743,Paramyotonia congenita,D03492,Cifenline (USAN),DG00209,1,(HYPP
H00743,Paramyotonia congenita,D04521,Indecainide hydrochloride (USAN),,1,(HYPP
H00743,Paramyotonia congenita,D00739,Pramoxine hydrochloride (USP),DG00300,1,(HYPP
H00743,Paramyotonia congenita,D00533,Oxcarbazepine (JAN/USP/INN),,1,(HYPP
H00743,Paramyotonia congenita,D01768,Benoxinate hydrochloride (USP),DG00392,1,(HYPP
H00743,Paramyotonia congenita,D00538,Zonisamide (JP18/USP/INN),,1,(HYPP
H00743,Paramyotonia congenita,D00552,Benzocaine (USP/INN),DG00379,1,(HYPP
H00743,Paramyotonia congenita,D08407,Pramocaine (INN),DG00300,1,(HYPP
H00743,Paramyotonia congenita,D03991,Encainide hydrochloride (USAN),DG00203,1,(HYPP
H00743,Paramyotonia congenita,D08422,Procaine (INN),DG00298,1,(HYPP
H00743,Paramyotonia congenita,D07894,Encainide (INN),DG00203,1,(HYPP
H00743,Paramyotonia congenita,D00738,Mepivacaine hydrochloride (JP18/USP),DG00802,1,(HYPP
H00744,Potassium-aggravated myotonia,D00354,Lamotrigine (JAN/USP/INN),,1,(HYPP
H00744,Potassium-aggravated myotonia,D00375,Mephenytoin (USP/INN),,1,(HYPP
H00744,Potassium-aggravated myotonia,D02272,Quinidine sulfate (USP),DG00192,1,(HYPP
H00744,Potassium-aggravated myotonia,D03492,Cifenline (USAN),DG00209,1,(HYPP
H00744,Potassium-aggravated myotonia,D04521,Indecainide hydrochloride (USAN),,1,(HYPP
H00744,Potassium-aggravated myotonia,D00739,Pramoxine hydrochloride (USP),DG00300,1,(HYPP
H00744,Potassium-aggravated myotonia,D00533,Oxcarbazepine (JAN/USP/INN),,1,(HYPP
H00744,Potassium-aggravated myotonia,D01768,Benoxinate hydrochloride (USP),DG00392,1,(HYPP
H00744,Potassium-aggravated myotonia,D00538,Zonisamide (JP18/USP/INN),,1,(HYPP
H00744,Potassium-aggravated myotonia,D00552,Benzocaine (USP/INN),DG00379,1,(HYPP
H00744,Potassium-aggravated myotonia,D08407,Pramocaine (INN),DG00300,1,(HYPP
H00744,Potassium-aggravated myotonia,D03991,Encainide hydrochloride (USAN),DG00203,1,(HYPP
H00744,Potassium-aggravated myotonia,D08422,Procaine (INN),DG00298,1,(HYPP
H00744,Potassium-aggravated myotonia,D07894,Encainide (INN),DG00203,1,(HYPP
H00744,Potassium-aggravated myotonia,D00738,Mepivacaine hydrochloride (JP18/USP),DG00802,1,(HYPP
H00745,Hyperkalemic periodic paralysis,D00354,Lamotrigine (JAN/USP/INN),,1,(HYPP
H00745,Hyperkalemic periodic paralysis,D00375,Mephenytoin (USP/INN),,1,(HYPP
H00745,Hyperkalemic periodic paralysis,D02272,Quinidine sulfate (USP),DG00192,1,(HYPP
H00745,Hyperkalemic periodic paralysis,D03492,Cifenline (USAN),DG00209,1,(HYPP
H00745,Hyperkalemic periodic paralysis,D04521,Indecainide hydrochloride (USAN),,1,(HYPP
H00745,Hyperkalemic periodic paralysis,D00739,Pramoxine hydrochloride (USP),DG00300,1,(HYPP
H00745,Hyperkalemic periodic paralysis,D00533,Oxcarbazepine (JAN/USP/INN),,1,(HYPP
H00745,Hyperkalemic periodic paralysis,D01768,Benoxinate hydrochloride (USP),DG00392,1,(HYPP
H00745,Hyperkalemic periodic paralysis,D00538,Zonisamide (JP18/USP/INN),,1,(HYPP
H00745,Hyperkalemic periodic paralysis,D00552,Benzocaine (USP/INN),DG00379,1,(HYPP
H00745,Hyperkalemic periodic paralysis,D08407,Pramocaine (INN),DG00300,1,(HYPP
H00745,Hyperkalemic periodic paralysis,D03991,Encainide hydrochloride (USAN),DG00203,1,(HYPP
H00745,Hyperkalemic periodic paralysis,D08422,Procaine (INN),DG00298,1,(HYPP
H00745,Hyperkalemic periodic paralysis,D07894,Encainide (INN),DG00203,1,(HYPP
H00745,Hyperkalemic periodic paralysis,D00738,Mepivacaine hydrochloride (JP18/USP),DG00802,1,(HYPP
H00746,Hypokalemic periodic paralysis,D00537,Topiramate (JAN/USP/INN),,2,(HYPP; CACNA1S
H00746,Hypokalemic periodic paralysis,D09833,Levosemotiadil fumarate (JAN),,2,(HYPP; CACNA1S
H00746,Hypokalemic periodic paralysis,D07494,Barnidipine (INN),DG00325,1,CACNA1S
H00746,Hypokalemic periodic paralysis,D11723,Levamlodipine maleate (USAN),DG03091,1,CACNA1S
H00746,Hypokalemic periodic paralysis,D01908,Nilvadipine (JP18/USAN/INN),,1,CACNA1S
H00746,Hypokalemic periodic paralysis,D00319,Felodipine (JP18/USP/INN),,1,CACNA1S
H00746,Hypokalemic periodic paralysis,D03830,Diltiazem malate (USAN),DG00331,1,CACNA1S
H00746,Hypokalemic periodic paralysis,D03067,Belfosdil (USAN/INN),,1,CACNA1S
H00746,Hypokalemic periodic paralysis,D08441,Propiverine (INN),DG00479,1,CACNA1S
H00746,Hypokalemic periodic paralysis,D10932,Etripamil (USAN/INN),,1,CACNA1S
H00746,Hypokalemic periodic paralysis,D07845,Diltiazem (INN),DG00331,1,CACNA1S
H00746,Hypokalemic periodic paralysis,D07185,Fendiline (INN),DG00332,1,CACNA1S
H00746,Hypokalemic periodic paralysis,D07509,Benidipine (INN),DG00327,1,CACNA1S
H00746,Hypokalemic periodic paralysis,D08009,Gallopamil (INN),DG00330,1,CACNA1S
H00746,Hypokalemic periodic paralysis,D06129,Tiapamil hydrochloride (USAN),,1,CACNA1S
H00749,Episodic ataxias,D04127,Dalfampridine (USAN),,1,(EA1)
H00749,Episodic ataxias,D10228,Amifampridine (USAN/INN),DG02003,1,(EA1)
H00749,Episodic ataxias,D10689,Amifampridine phosphate (JAN/USAN),DG02003,1,(EA1)
H00749,Episodic ataxias,D06652,Tedisamil (USAN),DG00206,1,(EA1)
H00749,Episodic ataxias,D06653,Tedisamil sesquifumarate (USAN),DG00206,1,(EA1)
H00749,Episodic ataxias,D00354,Lamotrigine (JAN/USP/INN),,1,(DEE11)
H00749,Episodic ataxias,D00375,Mephenytoin (USP/INN),,1,(DEE11)
H00749,Episodic ataxias,D02272,Quinidine sulfate (USP),DG00192,1,(DEE11)
H00749,Episodic ataxias,D03492,Cifenline (USAN),DG00209,1,(DEE11)
H00749,Episodic ataxias,D04521,Indecainide hydrochloride (USAN),,1,(DEE11)
H00749,Episodic ataxias,D00739,Pramoxine hydrochloride (USP),DG00300,1,(DEE11)
H00749,Episodic ataxias,D00533,Oxcarbazepine (JAN/USP/INN),,1,(DEE11)
H00749,Episodic ataxias,D01768,Benoxinate hydrochloride (USP),DG00392,1,(DEE11)
H00749,Episodic ataxias,D00538,Zonisamide (JP18/USP/INN),,1,(DEE11)
H00749,Episodic ataxias,D00552,Benzocaine (USP/INN),DG00379,1,(DEE11)
H00755,Acrokeratosis verruciformis,D10715,Mipsagargin (USAN/INN),,1,ATP2A2
H00759,Waardenburg syndrome,D11974,Centhaquine (USAN),DG03144,1,EDNRB
H00759,Waardenburg syndrome,D07538,Bosentan (INN),DG00266,1,EDNRB
H00759,Waardenburg syndrome,D01227,Bosentan (USAN),DG00266,1,EDNRB
H00759,Waardenburg syndrome,D10135,Macitentan (JAN/USAN),,1,EDNRB
H00759,Waardenburg syndrome,D11964,Sovatelitide (USAN),,1,EDNRB
H00759,Waardenburg syndrome,D11441,Aprocitentan (USAN/INN),,1,EDNRB
H00759,Waardenburg syndrome,D11975,Centhaquine citrate (USAN),DG03144,1,EDNRB
H00764,Chromosome 5p deletion syndrome,D09630,Imetelstat sodium (USAN),,1,TERT
H00764,Chromosome 5p deletion syndrome,D09629,Imetelstat (USAN/INN),,1,TERT
H00768,Autosomal recessive intellectual developmental disorder,D10109,Dasolampanel etibutil tosylate (USAN),,2,(MRT6); (MRT76)
H00768,Autosomal recessive intellectual developmental disorder,D00537,Topiramate (JAN/USP/INN),,2,(MRT6); (MRT76)
H00768,Autosomal recessive intellectual developmental disorder,D10107,Dasolampanel (USAN/INN),,2,(MRT6); (MRT76)
H00768,Autosomal recessive intellectual developmental disorder,D10108,Dasolampanel etibutil (USAN),,2,(MRT6); (MRT76)
H00768,Autosomal recessive intellectual developmental disorder,D11414,Troriluzole (USAN),DG03011,2,(MRT6); (MRT76)
H00768,Autosomal recessive intellectual developmental disorder,D00775,Riluzole (JAN/USP/INN),,2,(MRT6); (MRT76)
H00768,Autosomal recessive intellectual developmental disorder,D06656,Tezampanel (USAN),,2,(MRT6); (MRT76)
H00768,Autosomal recessive intellectual developmental disorder,D11415,Troriluzole hydrochloride (USAN),DG03011,2,(MRT6); (MRT76)
H00768,Autosomal recessive intellectual developmental disorder,D11767,Opicinumab (USAN/INN),,1,(MRT64)
H00768,Autosomal recessive intellectual developmental disorder,D12000,Mezigdomide (USAN),,1,(MRT2)
H00768,Autosomal recessive intellectual developmental disorder,D09035,Zonampanel (INN/USAN),,1,(MRT76)
H00768,Autosomal recessive intellectual developmental disorder,D04131,Farampator (USAN/INN),,1,(MRT76)
H00768,Autosomal recessive intellectual developmental disorder,D10780,Perampanel hydrate (JAN),DG01901,1,(MRT76)
H00768,Autosomal recessive intellectual developmental disorder,D12239,Pesampator (USAN),,1,(MRT76)
H00768,Autosomal recessive intellectual developmental disorder,D09931,Mibampator (USAN/INN),,1,(MRT76)
H00769,Hyperekplexia,D10470,Strychnine nitrate,,1,(HKPX1)
H00770,Congenital myasthenic syndrome,D02275,Suxamethonium chloride hydrate (JP18),DG00768,4,(CMS1A/1B); (CMS2A/2C); (CMS3A/3B/3C); (CMS4A/4B/4C)
H00770,Congenital myasthenic syndrome,D00999,Acetylcholine chloride (JP18/USP/INN),DG01133,4,(CMS1A/1B); (CMS2A/2C); (CMS3A/3B/3C); (CMS4A/4B/4C)
H00770,Congenital myasthenic syndrome,D03365,Nicotine (USP),DG00994,4,(CMS1A/1B); (CMS2A/2C); (CMS3A/3B/3C); (CMS4A/4B/4C)
H00770,Congenital myasthenic syndrome,D04303,Gantacurium chloride (USAN/INN),,4,(CMS1A/1B); (CMS2A/2C); (CMS3A/3B/3C); (CMS4A/4B/4C)
H00770,Congenital myasthenic syndrome,D07770,Cytisinicline (USAN),,4,(CMS1A/1B); (CMS2A/2C); (CMS3A/3B/3C); (CMS4A/4B/4C)
H00770,Congenital myasthenic syndrome,D00766,Succinylcholine chloride (USP),DG00768,4,(CMS1A/1B); (CMS2A/2C); (CMS3A/3B/3C); (CMS4A/4B/4C)
H00770,Congenital myasthenic syndrome,D05156,Nicotine bitartrate (USAN),DG00994,4,(CMS1A/1B); (CMS2A/2C); (CMS3A/3B/3C); (CMS4A/4B/4C)
H00770,Congenital myasthenic syndrome,D02202,Lobeline hydrochloride (JAN),DG01287,4,(CMS1A/1B); (CMS2A/2C); (CMS3A/3B/3C); (CMS4A/4B/4C)
H00770,Congenital myasthenic syndrome,D08138,Lobeline sulfate,DG01287,4,(CMS1A/1B); (CMS2A/2C); (CMS3A/3B/3C); (CMS4A/4B/4C)
H00770,Congenital myasthenic syndrome,D05157,Nicotine polacrilex (USP),DG00994,4,(CMS1A/1B); (CMS2A/2C); (CMS3A/3B/3C); (CMS4A/4B/4C)
H00770,Congenital myasthenic syndrome,D02364,Lobeline (INN),DG01287,4,(CMS1A/1B); (CMS2A/2C); (CMS3A/3B/3C); (CMS4A/4B/4C)
H00770,Congenital myasthenic syndrome,D00611,Mecamylamine hydrochloride (USP),DG00252,4,(CMS1A/1B); (CMS2A/2C); (CMS3A/3B/3C); (CMS4A/4B/4C)
H00770,Congenital myasthenic syndrome,D00761,Metocurine iodide (USAN),,4,(CMS1A/1B); (CMS2A/2C); (CMS3A/3B/3C); (CMS4A/4B/4C)
H00770,Congenital myasthenic syndrome,D10921,Daxibotulinumtoxin A (USAN),,1,(CMS18)
H00770,Congenital myasthenic syndrome,D11405,Prabotulinumtoxin A (USAN),DG00772,1,(CMS18)
H00771,Inherited erythromelalgia,D00354,Lamotrigine (JAN/USP/INN),,1,(HSAN2D)
H00771,Inherited erythromelalgia,D00375,Mephenytoin (USP/INN),,1,(HSAN2D)
H00771,Inherited erythromelalgia,D02272,Quinidine sulfate (USP),DG00192,1,(HSAN2D)
H00771,Inherited erythromelalgia,D03492,Cifenline (USAN),DG00209,1,(HSAN2D)
H00771,Inherited erythromelalgia,D04521,Indecainide hydrochloride (USAN),,1,(HSAN2D)
H00771,Inherited erythromelalgia,D00739,Pramoxine hydrochloride (USP),DG00300,1,(HSAN2D)
H00771,Inherited erythromelalgia,D00533,Oxcarbazepine (JAN/USP/INN),,1,(HSAN2D)
H00771,Inherited erythromelalgia,D01768,Benoxinate hydrochloride (USP),DG00392,1,(HSAN2D)
H00771,Inherited erythromelalgia,D00538,Zonisamide (JP18/USP/INN),,1,(HSAN2D)
H00771,Inherited erythromelalgia,D00552,Benzocaine (USP/INN),DG00379,1,(HSAN2D)
H00771,Inherited erythromelalgia,D08407,Pramocaine (INN),DG00300,1,(HSAN2D)
H00771,Inherited erythromelalgia,D03991,Encainide hydrochloride (USAN),DG00203,1,(HSAN2D)
H00771,Inherited erythromelalgia,D07299,Lacosamide (JAN/USAN/INN),,1,(HSAN2D)
H00771,Inherited erythromelalgia,D08422,Procaine (INN),DG00298,1,(HSAN2D)
H00771,Inherited erythromelalgia,D07894,Encainide (INN),DG00203,1,(HSAN2D)
H00772,Paroxysmal extreme pain disorder,D00354,Lamotrigine (JAN/USP/INN),,1,(HSAN2D)
H00772,Paroxysmal extreme pain disorder,D00375,Mephenytoin (USP/INN),,1,(HSAN2D)
H00772,Paroxysmal extreme pain disorder,D02272,Quinidine sulfate (USP),DG00192,1,(HSAN2D)
H00772,Paroxysmal extreme pain disorder,D03492,Cifenline (USAN),DG00209,1,(HSAN2D)
H00772,Paroxysmal extreme pain disorder,D04521,Indecainide hydrochloride (USAN),,1,(HSAN2D)
H00772,Paroxysmal extreme pain disorder,D00739,Pramoxine hydrochloride (USP),DG00300,1,(HSAN2D)
H00772,Paroxysmal extreme pain disorder,D00533,Oxcarbazepine (JAN/USP/INN),,1,(HSAN2D)
H00772,Paroxysmal extreme pain disorder,D01768,Benoxinate hydrochloride (USP),DG00392,1,(HSAN2D)
H00772,Paroxysmal extreme pain disorder,D00538,Zonisamide (JP18/USP/INN),,1,(HSAN2D)
H00772,Paroxysmal extreme pain disorder,D00552,Benzocaine (USP/INN),DG00379,1,(HSAN2D)
H00772,Paroxysmal extreme pain disorder,D08407,Pramocaine (INN),DG00300,1,(HSAN2D)
H00772,Paroxysmal extreme pain disorder,D03991,Encainide hydrochloride (USAN),DG00203,1,(HSAN2D)
H00772,Paroxysmal extreme pain disorder,D07299,Lacosamide (JAN/USAN/INN),,1,(HSAN2D)
H00772,Paroxysmal extreme pain disorder,D08422,Procaine (INN),DG00298,1,(HSAN2D)
H00772,Paroxysmal extreme pain disorder,D07894,Encainide (INN),DG00203,1,(HSAN2D)
H00773,Autosomal dominant intellectual developmental disorder,D12215,Esmethadone hydrochloride (USAN),DG03176,2,GRIN1; GRIN2B
H00773,Autosomal dominant intellectual developmental disorder,D00536,Felbamate (USPINN),,2,GRIN1; GRIN2B
H00773,Autosomal dominant intellectual developmental disorder,D03878,Dizocilpine maleate (USAN),,2,GRIN1; GRIN2B
H00773,Autosomal dominant intellectual developmental disorder,D05453,Phencyclidine hydrochloride (USAN),,2,GRIN1; GRIN2B
H00773,Autosomal dominant intellectual developmental disorder,D07283,Esketamine (USAN/INN),DG01829,2,GRIN1; GRIN2B
H00773,Autosomal dominant intellectual developmental disorder,D02102,Methadone hydrochloride (JAN/USP),DG00999,2,GRIN1; GRIN2B
H00773,Autosomal dominant intellectual developmental disorder,D07306,Budipine (INN),DG00866,2,GRIN1; GRIN2B
H00773,Autosomal dominant intellectual developmental disorder,D00777,Amantadine hydrochloride (JP18/USP),DG00860,2,GRIN1; GRIN2B
H00773,Autosomal dominant intellectual developmental disorder,D07589,Budipine hydrochloride,DG00866,2,GRIN1; GRIN2B
H00773,Autosomal dominant intellectual developmental disorder,D04905,Memantine hydrochloride (JAN/USP),DG00986,2,GRIN1; GRIN2B
H00773,Autosomal dominant intellectual developmental disorder,D03679,Delucemine hydrochloride (USAN),,2,GRIN1; GRIN2B
H00773,Autosomal dominant intellectual developmental disorder,D00774,Orphenadrine citrate (USP),DG01252,2,GRIN1; GRIN2B
H00773,Autosomal dominant intellectual developmental disorder,D11415,Troriluzole hydrochloride (USAN),DG03011,2,GRIN1; GRIN2B
H00773,Autosomal dominant intellectual developmental disorder,D08596,Tiletamine (INN),DG01380,2,GRIN1; GRIN2B
H00773,Autosomal dominant intellectual developmental disorder,D08121,Levomethadone (INN),DG01002,2,GRIN1; GRIN2B
H00774,Congenital insensitivity to pain,D00354,Lamotrigine (JAN/USP/INN),,1,(HSAN2D)
H00774,Congenital insensitivity to pain,D00375,Mephenytoin (USP/INN),,1,(HSAN2D)
H00774,Congenital insensitivity to pain,D02272,Quinidine sulfate (USP),DG00192,1,(HSAN2D)
H00774,Congenital insensitivity to pain,D03492,Cifenline (USAN),DG00209,1,(HSAN2D)
H00774,Congenital insensitivity to pain,D04521,Indecainide hydrochloride (USAN),,1,(HSAN2D)
H00774,Congenital insensitivity to pain,D00739,Pramoxine hydrochloride (USP),DG00300,1,(HSAN2D)
H00774,Congenital insensitivity to pain,D00533,Oxcarbazepine (JAN/USP/INN),,1,(HSAN2D)
H00774,Congenital insensitivity to pain,D01768,Benoxinate hydrochloride (USP),DG00392,1,(HSAN2D)
H00774,Congenital insensitivity to pain,D00538,Zonisamide (JP18/USP/INN),,1,(HSAN2D)
H00774,Congenital insensitivity to pain,D00552,Benzocaine (USP/INN),DG00379,1,(HSAN2D)
H00774,Congenital insensitivity to pain,D08407,Pramocaine (INN),DG00300,1,(HSAN2D)
H00774,Congenital insensitivity to pain,D03991,Encainide hydrochloride (USAN),DG00203,1,(HSAN2D)
H00774,Congenital insensitivity to pain,D07299,Lacosamide (JAN/USAN/INN),,1,(HSAN2D)
H00774,Congenital insensitivity to pain,D08422,Procaine (INN),DG00298,1,(HSAN2D)
H00774,Congenital insensitivity to pain,D07894,Encainide (INN),DG00203,1,(HSAN2D)
H00775,Hemiplegic migraine,D00354,Lamotrigine (JAN/USP/INN),,1,(DEE6B)
H00775,Hemiplegic migraine,D00375,Mephenytoin (USP/INN),,1,(DEE6B)
H00775,Hemiplegic migraine,D02272,Quinidine sulfate (USP),DG00192,1,(DEE6B)
H00775,Hemiplegic migraine,D03492,Cifenline (USAN),DG00209,1,(DEE6B)
H00775,Hemiplegic migraine,D04521,Indecainide hydrochloride (USAN),,1,(DEE6B)
H00775,Hemiplegic migraine,D00739,Pramoxine hydrochloride (USP),DG00300,1,(DEE6B)
H00775,Hemiplegic migraine,D00533,Oxcarbazepine (JAN/USP/INN),,1,(DEE6B)
H00775,Hemiplegic migraine,D01768,Benoxinate hydrochloride (USP),DG00392,1,(DEE6B)
H00775,Hemiplegic migraine,D00538,Zonisamide (JP18/USP/INN),,1,(DEE6B)
H00775,Hemiplegic migraine,D00552,Benzocaine (USP/INN),DG00379,1,(DEE6B)
H00775,Hemiplegic migraine,D08407,Pramocaine (INN),DG00300,1,(DEE6B)
H00775,Hemiplegic migraine,D03991,Encainide hydrochloride (USAN),DG00203,1,(DEE6B)
H00775,Hemiplegic migraine,D08422,Procaine (INN),DG00298,1,(DEE6B)
H00775,Hemiplegic migraine,D07894,Encainide (INN),DG00203,1,(DEE6B)
H00775,Hemiplegic migraine,D00738,Mepivacaine hydrochloride (JP18/USP),DG00802,1,(DEE6B)
H00783,Febrile seizures,D00537,Topiramate (JAN/USP/INN),,2,(DEE6B); (DEE74)
H00783,Febrile seizures,D11150,Cenobamate (USAN/INN),,2,(DEE6B); (DEE74)
H00783,Febrile seizures,D08095,Ivabradine hydrochloride (JAN/USAN),DG00246,1,(FEB2)
H00783,Febrile seizures,D07165,Ivabradine (USAN/INN),DG00246,1,(FEB2)
H00783,Febrile seizures,D01316,Mexazolam (JAN/INN),,1,(DEE74)
H00783,Febrile seizures,D12449,Cipepofol (USAN/INN),,1,(DEE74)
H00783,Febrile seizures,D00430,Secobarbital (USP/INN),DG00917,1,(DEE74)
H00783,Febrile seizures,D01230,Flunitrazepam (JP18/USAN/INN),,1,(DEE74)
H00783,Febrile seizures,D01253,Clobazam (JAN/USAN/INN),,1,(DEE74)
H00783,Febrile seizures,D08690,Zolpidem (INN),DG00922,1,(DEE74)
H00783,Febrile seizures,D00338,Halazepam (USAN/INN),,1,(DEE74)
H00783,Febrile seizures,D08283,Nordazepam (INN),,1,(DEE74)
H00783,Febrile seizures,D08145,Loprazolam mesilate,DG00921,1,(DEE74)
H00783,Febrile seizures,D00267,Chlordiazepoxide (JP18/USP/INN),DG00908,1,(DEE74)
H00783,Febrile seizures,D01245,Bromazepam (JP18/USAN/INN),,1,(DEE74)
H00787,Congenital stationary night blindness,D07494,Barnidipine (INN),DG00325,1,CACNA1F
H00787,Congenital stationary night blindness,D11723,Levamlodipine maleate (USAN),DG03091,1,CACNA1F
H00787,Congenital stationary night blindness,D01908,Nilvadipine (JP18/USAN/INN),,1,CACNA1F
H00787,Congenital stationary night blindness,D00319,Felodipine (JP18/USP/INN),,1,CACNA1F
H00787,Congenital stationary night blindness,D03830,Diltiazem malate (USAN),DG00331,1,CACNA1F
H00787,Congenital stationary night blindness,D03067,Belfosdil (USAN/INN),,1,CACNA1F
H00787,Congenital stationary night blindness,D08441,Propiverine (INN),DG00479,1,CACNA1F
H00787,Congenital stationary night blindness,D10932,Etripamil (USAN/INN),,1,CACNA1F
H00787,Congenital stationary night blindness,D07845,Diltiazem (INN),DG00331,1,CACNA1F
H00787,Congenital stationary night blindness,D07185,Fendiline (INN),DG00332,1,CACNA1F
H00787,Congenital stationary night blindness,D07509,Benidipine (INN),DG00327,1,CACNA1F
H00787,Congenital stationary night blindness,D08009,Gallopamil (INN),DG00330,1,CACNA1F
H00787,Congenital stationary night blindness,D06129,Tiapamil hydrochloride (USAN),,1,CACNA1F
H00787,Congenital stationary night blindness,D02914,Amlodipine maleate (USAN),DG00322,1,CACNA1F
H00787,Congenital stationary night blindness,D01849,Lercanidipine hydrochloride (JAN/USAN),DG00326,1,CACNA1F
H00794,Aromatase excess syndrome,D03749,Plomestane (USAN/INN),,1,CYP19A1
H00794,Aromatase excess syndrome,D03778,Fadrozole hydrochloride hydrate (JAN),DG01292,1,CYP19A1
H00794,Aromatase excess syndrome,D07260,Formestane (INN),,1,CYP19A1
H00794,Aromatase excess syndrome,D00964,Letrozole (JAN/USP/INN),,1,CYP19A1
H00794,Aromatase excess syndrome,D05746,Rogletimide (USAN/INN),,1,CYP19A1
H00794,Aromatase excess syndrome,D00574,Aminoglutethimide (USP/INN),,1,CYP19A1
H00794,Aromatase excess syndrome,D03781,Liarozole fumarate (USAN),DG01293,1,CYP19A1
H00794,Aromatase excess syndrome,D00153,Testolactone (USP/INN),,1,CYP19A1
H00794,Aromatase excess syndrome,D00963,Exemestane (JAN/USP/INN),,1,CYP19A1
H00794,Aromatase excess syndrome,D00960,Anastrozole (JP18/USP/INN),,1,CYP19A1
H00794,Aromatase excess syndrome,D03786,Vorozole (USAN/INN),,1,CYP19A1
H00794,Aromatase excess syndrome,D07940,Fadrozole (INN),DG01292,1,CYP19A1
H00794,Aromatase excess syndrome,D02451,Fadrozole hydrochloride (USAN),DG01292,1,CYP19A1
H00794,Aromatase excess syndrome,D03784,Liarozole hydrochloride (USAN),DG01293,1,CYP19A1
H00798,Familial carpal tunnel syndrome,D10940,Inotersen (USAN/INN),DG02693,1,(CTS1)
H00798,Familial carpal tunnel syndrome,D11116,Patisiran (USAN/INN),DG02955,1,(CTS1)
H00798,Familial carpal tunnel syndrome,D11917,Vutrisiran (USAN/INN),DG03127,1,(CTS1)
H00798,Familial carpal tunnel syndrome,D11972,Acoramidis (USAN),DG03143,1,(CTS1)
H00798,Familial carpal tunnel syndrome,D11973,Acoramidis hydrochloride (JAN/USAN),DG03143,1,(CTS1)
H00798,Familial carpal tunnel syndrome,D09673,Tafamidis (JAN/USAN/INN),DG01009,1,(CTS1)
H00798,Familial carpal tunnel syndrome,D09674,Tafamidis meglumine (JAN/USAN),DG01009,1,(CTS1)
H00798,Familial carpal tunnel syndrome,D10794,Patisiran sodium (JAN),DG02955,1,(CTS1)
H00798,Familial carpal tunnel syndrome,D10941,Inotersen sodium (USAN),DG02693,1,(CTS1)
H00798,Familial carpal tunnel syndrome,D11916,Vutrisiran sodium (JAN),DG03127,1,(CTS1)
H00800,Loeys-Dietz syndrome,D09620,Fresolimumab (USAN/INN),,2,TGFB2; TGFB3
H00800,Loeys-Dietz syndrome,D06563,Belagenpumatucel-L (USAN),,1,TGFB2
H00800,Loeys-Dietz syndrome,D10203,Trabedersen (INN/BAN),,1,TGFB2
H00800,Loeys-Dietz syndrome,D10437,Galunisertib (USAN/INN),,1,TGFBR1
H00800,Loeys-Dietz syndrome,D11893,Bintrafusp alfa (USAN/INN),,1,TGFBR2
H00801,Familial thoracic aortic aneurysm and dissection,D11893,Bintrafusp alfa (USAN/INN),,1,TGFBR2
H00801,Familial thoracic aortic aneurysm and dissection,D10437,Galunisertib (USAN/INN),,1,TGFBR1
H00806,Benign familial neonatal seizure,D09569,Ezogabine (USAN),,2,(BFNS2); (DEE7)
H00806,Benign familial neonatal seizure,D04192,Flindokalner (USAN/INN),,2,(BFNS2); (DEE7)
H00807,Nocturnal frontal lobe epilepsy,D00999,Acetylcholine chloride (JP18/USP/INN),DG01133,3,(ENFL4); CHRNA4; CHRNB2
H00807,Nocturnal frontal lobe epilepsy,D02204,Hexamethonium bromide (JAN/INN),,3,(ENFL4); CHRNA4; CHRNB2
H00807,Nocturnal frontal lobe epilepsy,D00764,Pipecuronium bromide (JAN/USAN/INN),,3,(ENFL4); CHRNA4; CHRNB2
H00807,Nocturnal frontal lobe epilepsy,D00765,Rocuronium bromide (JAN/USP/INN),,3,(ENFL4); CHRNA4; CHRNB2
H00807,Nocturnal frontal lobe epilepsy,D00760,Doxacurium chloride (USAN/INN),,3,(ENFL4); CHRNA4; CHRNB2
H00807,Nocturnal frontal lobe epilepsy,D00758,Atracurium besylate (USP),DG00771,3,(ENFL4); CHRNA4; CHRNB2
H00807,Nocturnal frontal lobe epilepsy,D05156,Nicotine bitartrate (USAN),DG00994,3,(ENFL4); CHRNA4; CHRNB2
H00807,Nocturnal frontal lobe epilepsy,D00492,Pancuronium bromide (JP18/USP/INN),DG00769,3,(ENFL4); CHRNA4; CHRNB2
H00807,Nocturnal frontal lobe epilepsy,D07770,Cytisinicline (USAN),,3,(ENFL4); CHRNA4; CHRNB2
H00807,Nocturnal frontal lobe epilepsy,D02202,Lobeline hydrochloride (JAN),DG01287,3,(ENFL4); CHRNA4; CHRNB2
H00807,Nocturnal frontal lobe epilepsy,D05157,Nicotine polacrilex (USP),DG00994,3,(ENFL4); CHRNA4; CHRNB2
H00807,Nocturnal frontal lobe epilepsy,D02364,Lobeline (INN),DG01287,3,(ENFL4); CHRNA4; CHRNB2
H00807,Nocturnal frontal lobe epilepsy,D00611,Mecamylamine hydrochloride (USP),DG00252,3,(ENFL4); CHRNA4; CHRNB2
H00807,Nocturnal frontal lobe epilepsy,D02207,Tubocurarine chloride (USP),DG00767,3,(ENFL4); CHRNA4; CHRNB2
H00807,Nocturnal frontal lobe epilepsy,D00759,Cisatracurium besylate (USP),,3,(ENFL4); CHRNA4; CHRNB2
H00808,Idiopathic generalized epilepsies,D01316,Mexazolam (JAN/INN),,2,(DEE19); (EIG10)
H00808,Idiopathic generalized epilepsies,D12449,Cipepofol (USAN/INN),,2,(DEE19); (EIG10)
H00808,Idiopathic generalized epilepsies,D00430,Secobarbital (USP/INN),DG00917,2,(DEE19); (EIG10)
H00808,Idiopathic generalized epilepsies,D01230,Flunitrazepam (JP18/USAN/INN),,2,(DEE19); (EIG10)
H00808,Idiopathic generalized epilepsies,D01253,Clobazam (JAN/USAN/INN),,2,(DEE19); (EIG10)
H00808,Idiopathic generalized epilepsies,D08690,Zolpidem (INN),DG00922,2,(DEE19); (EIG10)
H00808,Idiopathic generalized epilepsies,D00338,Halazepam (USAN/INN),,2,(DEE19); (EIG10)
H00808,Idiopathic generalized epilepsies,D08283,Nordazepam (INN),,2,(DEE19); (EIG10)
H00808,Idiopathic generalized epilepsies,D08145,Loprazolam mesilate,DG00921,2,(DEE19); (EIG10)
H00808,Idiopathic generalized epilepsies,D00267,Chlordiazepoxide (JP18/USP/INN),DG00908,2,(DEE19); (EIG10)
H00808,Idiopathic generalized epilepsies,D01245,Bromazepam (JP18/USAN/INN),,2,(DEE19); (EIG10)
H00808,Idiopathic generalized epilepsies,D00387,Triazolam (JP18/USP/INN),,2,(DEE19); (EIG10)
H00808,Idiopathic generalized epilepsies,D01328,Clotiazepam (JP18/INN),,2,(DEE19); (EIG10)
H00808,Idiopathic generalized epilepsies,D05980,Suritozole (USAN/INN),,2,(DEE19); (EIG10)
H00808,Idiopathic generalized epilepsies,D00457,Quazepam (JAN/USP/INN),,2,(DEE19); (EIG10)
H00810,Progressive myoclonic epilepsy,D04127,Dalfampridine (USAN),,1,KCNC1
H00810,Progressive myoclonic epilepsy,D10228,Amifampridine (USAN/INN),DG02003,1,KCNC1
H00810,Progressive myoclonic epilepsy,D10689,Amifampridine phosphate (JAN/USAN),DG02003,1,KCNC1
H00811,Distal arthrogryposis,D11363,Reldesemtiv (USAN),,2,(DA2B)
H00821,Age-related macular degeneration,D12379,Galegenimab (USAN/INN),,1,(ARMD7)
H00821,Age-related macular degeneration,D11613,Pegcetacoplan (JAN/USAN/INN),,1,C3
H00821,Age-related macular degeneration,D06619,Mifamurtide (USAN),,1,TLR4
H00821,Age-related macular degeneration,D04043,Eritoran tetrasodium (USAN),DG01426,1,TLR4
H00821,Age-related macular degeneration,D09573,Eritoran sodium (JAN),DG01426,1,TLR4
H00821,Age-related macular degeneration,D11668,Mosedipimod (USAN/INN),,1,TLR4
H00821,Age-related macular degeneration,D12252,Iptacopan hydrochloride (USAN),DG03207,1,CFB
H00821,Age-related macular degeneration,D12251,Iptacopan (USAN/INN),DG03207,1,CFB
H00823,ABCD syndrome,D11974,Centhaquine (USAN),DG03144,1,EDNRB
H00823,ABCD syndrome,D07538,Bosentan (INN),DG00266,1,EDNRB
H00823,ABCD syndrome,D01227,Bosentan (USAN),DG00266,1,EDNRB
H00823,ABCD syndrome,D10135,Macitentan (JAN/USAN),,1,EDNRB
H00823,ABCD syndrome,D11964,Sovatelitide (USAN),,1,EDNRB
H00823,ABCD syndrome,D11441,Aprocitentan (USAN/INN),,1,EDNRB
H00823,ABCD syndrome,D11975,Centhaquine citrate (USAN),DG03144,1,EDNRB
H00824,Calcification of joints and arteries,D12373,Quemliclustat (USAN/INN),,1,NT5E
H00824,Calcification of joints and arteries,D12401,Uliledlimab (USAN/INN),,1,NT5E
H00824,Calcification of joints and arteries,D10963,Oleclumab (USAN/INN),,1,NT5E
H00831,Primary dystonia,D05062,Mivobulin isethionate (USAN),,1,TUBB4A
H00831,Primary dystonia,D03364,Cantuzumab mertansine (USAN),,1,TUBB4A
H00831,Primary dystonia,D10454,Cantuzumab ravtansine (USAN/INN),,1,TUBB4A
H00831,Primary dystonia,D06304,Vindesine (USAN/INN),DG00691,1,TUBB4A
H00831,Primary dystonia,D12520,Sabizabulin hydrochloride (USAN),DG03253,1,TUBB4A
H00831,Primary dystonia,D02197,Vincristine sulfate (JP18/USP),DG00690,1,TUBB4A
H00831,Primary dystonia,D04066,Estramustine (USAN/INN),DG00724,1,TUBB4A
H00831,Primary dystonia,D10954,Mirvetuximab soravtansine (USAN/INN),,1,TUBB4A
H00831,Primary dystonia,D11238,Lifastuzumab vedotin (USAN/INN),,1,TUBB4A
H00831,Primary dystonia,D06308,Vinrosidine sulfate (USAN),,1,TUBB4A
H00831,Primary dystonia,D01068,Vinblastine sulfate (JP18/USP),DG00689,1,TUBB4A
H00831,Primary dystonia,D12582,Opadotin (USAN),,1,TUBB4A
H00831,Primary dystonia,D00491,Paclitaxel (JAN/USP/INN),DG01430,1,TUBB4A
H00831,Primary dystonia,D10013,Indibulin (USAN/INN),,1,TUBB4A
H00831,Primary dystonia,D12220,Mecbotamab vedotin,,1,TUBB4A
H00835,Succinic semialdehyde dehydrogenase deficiency,D00710,Valproate sodium (USAN),DG00849,1,ALDH5A1
H00835,Succinic semialdehyde dehydrogenase deficiency,D08667,Calcium valproate,DG00849,1,ALDH5A1
H00835,Succinic semialdehyde dehydrogenase deficiency,D00304,Divalproex sodium (USP),DG00849,1,ALDH5A1
H00835,Succinic semialdehyde dehydrogenase deficiency,D00399,Valproic acid (USP),DG00849,1,ALDH5A1
H00837,Leber congenital amaurosis,D05062,Mivobulin isethionate (USAN),,1,TUBB4B
H00837,Leber congenital amaurosis,D03364,Cantuzumab mertansine (USAN),,1,TUBB4B
H00837,Leber congenital amaurosis,D10454,Cantuzumab ravtansine (USAN/INN),,1,TUBB4B
H00837,Leber congenital amaurosis,D06304,Vindesine (USAN/INN),DG00691,1,TUBB4B
H00837,Leber congenital amaurosis,D12520,Sabizabulin hydrochloride (USAN),DG03253,1,TUBB4B
H00837,Leber congenital amaurosis,D02197,Vincristine sulfate (JP18/USP),DG00690,1,TUBB4B
H00837,Leber congenital amaurosis,D04066,Estramustine (USAN/INN),DG00724,1,TUBB4B
H00837,Leber congenital amaurosis,D10954,Mirvetuximab soravtansine (USAN/INN),,1,TUBB4B
H00837,Leber congenital amaurosis,D11238,Lifastuzumab vedotin (USAN/INN),,1,TUBB4B
H00837,Leber congenital amaurosis,D06308,Vinrosidine sulfate (USAN),,1,TUBB4B
H00837,Leber congenital amaurosis,D01068,Vinblastine sulfate (JP18/USP),DG00689,1,TUBB4B
H00837,Leber congenital amaurosis,D12582,Opadotin (USAN),,1,TUBB4B
H00837,Leber congenital amaurosis,D00491,Paclitaxel (JAN/USP/INN),DG01430,1,TUBB4B
H00837,Leber congenital amaurosis,D10013,Indibulin (USAN/INN),,1,TUBB4B
H00837,Leber congenital amaurosis,D12220,Mecbotamab vedotin,,1,TUBB4B
H00838,Congenital fibrosis of the extraocular muscles,D05062,Mivobulin isethionate (USAN),,1,TUBB3
H00838,Congenital fibrosis of the extraocular muscles,D03364,Cantuzumab mertansine (USAN),,1,TUBB3
H00838,Congenital fibrosis of the extraocular muscles,D10454,Cantuzumab ravtansine (USAN/INN),,1,TUBB3
H00838,Congenital fibrosis of the extraocular muscles,D06304,Vindesine (USAN/INN),DG00691,1,TUBB3
H00838,Congenital fibrosis of the extraocular muscles,D12520,Sabizabulin hydrochloride (USAN),DG03253,1,TUBB3
H00838,Congenital fibrosis of the extraocular muscles,D02197,Vincristine sulfate (JP18/USP),DG00690,1,TUBB3
H00838,Congenital fibrosis of the extraocular muscles,D04066,Estramustine (USAN/INN),DG00724,1,TUBB3
H00838,Congenital fibrosis of the extraocular muscles,D10954,Mirvetuximab soravtansine (USAN/INN),,1,TUBB3
H00838,Congenital fibrosis of the extraocular muscles,D11238,Lifastuzumab vedotin (USAN/INN),,1,TUBB3
H00838,Congenital fibrosis of the extraocular muscles,D06308,Vinrosidine sulfate (USAN),,1,TUBB3
H00838,Congenital fibrosis of the extraocular muscles,D01068,Vinblastine sulfate (JP18/USP),DG00689,1,TUBB3
H00838,Congenital fibrosis of the extraocular muscles,D12582,Opadotin (USAN),,1,TUBB3
H00838,Congenital fibrosis of the extraocular muscles,D00491,Paclitaxel (JAN/USP/INN),DG01430,1,TUBB3
H00838,Congenital fibrosis of the extraocular muscles,D10013,Indibulin (USAN/INN),,1,TUBB3
H00838,Congenital fibrosis of the extraocular muscles,D12220,Mecbotamab vedotin,,1,TUBB3
H00845,Familial amyloidosis,D10940,Inotersen (USAN/INN),DG02693,1,(CTS1)
H00845,Familial amyloidosis,D11116,Patisiran (USAN/INN),DG02955,1,(CTS1)
H00845,Familial amyloidosis,D11917,Vutrisiran (USAN/INN),DG03127,1,(CTS1)
H00845,Familial amyloidosis,D11972,Acoramidis (USAN),DG03143,1,(CTS1)
H00845,Familial amyloidosis,D11973,Acoramidis hydrochloride (JAN/USAN),DG03143,1,(CTS1)
H00856,Distal hereditary motor neuropathies,D07945,Fenfluramine (INN),DG00103,1,SIGMAR1
H00856,Distal hereditary motor neuropathies,D11383,Blarcamesine (USAN),DG03048,1,SIGMAR1
H00856,Distal hereditary motor neuropathies,D03744,Dextromethorphan polistirex (USAN),DG01078,1,SIGMAR1
H00856,Distal hereditary motor neuropathies,D08297,Opipramol (INN),DG00930,1,SIGMAR1
H00856,Distal hereditary motor neuropathies,D03742,Dextromethorphan (USP),DG01078,1,SIGMAR1
H00856,Distal hereditary motor neuropathies,D04502,Igmesine hydrochloride (USAN),,1,SIGMAR1
H00856,Distal hereditary motor neuropathies,D02688,Tiospirone hydrochloride (USAN),,1,SIGMAR1
H00856,Distal hereditary motor neuropathies,D04148,Fenfluramine hydrochloride (JAN/USAN),DG00103,1,SIGMAR1
H00856,Distal hereditary motor neuropathies,D11549,Blarcamesine hydrochloride (USAN),DG03048,1,SIGMAR1
H00856,Distal hereditary motor neuropathies,D02684,Rimcazole hydrochloride (USAN),,1,SIGMAR1
H00856,Distal hereditary motor neuropathies,D07316,Captodiame (BAN),,1,SIGMAR1
H00856,Distal hereditary motor neuropathies,D00848,Dextromethorphan hydrobromide (USP),DG01078,1,SIGMAR1
H00856,Distal hereditary motor neuropathies,D01477,Opipramol hydrochloride (JAN/USAN),DG00930,1,SIGMAR1
H00862,Tourette syndrome,D03158,Brocresine (USAN/INN),,1,HDC
H00862,Tourette syndrome,D07405,Tritoqualine (INN),,1,HDC
H00865,Lethal congenital contractural syndrome,D10943,Istiratumab (USAN/INN),,1,ERBB3
H00865,Lethal congenital contractural syndrome,D12185,Patritumab (USAN/INN),,1,ERBB3
H00865,Lethal congenital contractural syndrome,D11239,Lumretuzumab (USAN/INN),,1,ERBB3
H00865,Lethal congenital contractural syndrome,D11991,Zenocutuzumab (USAN/INN),,1,ERBB3
H00865,Lethal congenital contractural syndrome,D11777,Seribantumab (USAN/INN),,1,ERBB3
H00865,Lethal congenital contractural syndrome,D11750,Duligotuzumab (USAN),,1,ERBB3
H00865,Lethal congenital contractural syndrome,D11141,Tucatinib (USAN/INN),DG03240,1,ERBB3
H00865,Lethal congenital contractural syndrome,D03350,Canertinib dihydrochloride (USAN),,1,ERBB3
H00865,Lethal congenital contractural syndrome,D12184,Patritumab deruxtecan (USAN/INN),,1,ERBB3
H00865,Lethal congenital contractural syndrome,D12442,Tucatinib ethanolate (JAN),DG03240,1,ERBB3
H00865,Lethal congenital contractural syndrome,D03584,Colforsin (USAN/INN),DG02877,1,ADCY6
H00865,Lethal congenital contractural syndrome,D01697,Colforsin daropate hydrochloride (JAN),DG02877,1,ADCY6
H00881,Li-Fraumeni syndrome,D08887,Cenersen sodium (USAN),,1,TP53
H00892,Bronchiectasis with or without elevated sweat chloride,D00386,Triamterene (JP18/USP/INN),,3,(LIDLS1); (LIDLS2); (LIDLS3)
H00892,Bronchiectasis with or without elevated sweat chloride,D07447,Amiloride (INN),DG00275,3,(LIDLS1); (LIDLS2); (LIDLS3)
H00892,Bronchiectasis with or without elevated sweat chloride,D12346,Idrevloride (USAN),,3,(LIDLS1); (LIDLS2); (LIDLS3)
H00892,Bronchiectasis with or without elevated sweat chloride,D00649,Amiloride hydrochloride (USP),DG00275,3,(LIDLS1); (LIDLS2); (LIDLS3)
H00894,FG syndrome,D12004,Simufilam hydrochloride (USAN),DG03149,1,(PVNH1)
H00894,FG syndrome,D12003,Simufilam (USAN),DG03149,1,(PVNH1)
H00910,Hirschsprung disease,D11974,Centhaquine (USAN),DG03144,1,EDNRB
H00910,Hirschsprung disease,D07538,Bosentan (INN),DG00266,1,EDNRB
H00910,Hirschsprung disease,D01227,Bosentan (USAN),DG00266,1,EDNRB
H00910,Hirschsprung disease,D10135,Macitentan (JAN/USAN),,1,EDNRB
H00910,Hirschsprung disease,D11964,Sovatelitide (USAN),,1,EDNRB
H00910,Hirschsprung disease,D11441,Aprocitentan (USAN/INN),,1,EDNRB
H00910,Hirschsprung disease,D11975,Centhaquine citrate (USAN),DG03144,1,EDNRB
H00910,Hirschsprung disease,D06678,Motesanib (USAN),DG01262,1,RET
H00910,Hirschsprung disease,D06407,Vandetanib (JAN/USAN/INN),,1,RET
H00910,Hirschsprung disease,D06402,Sunitinib malate (JAN/USAN),DG00712,1,RET
H00910,Hirschsprung disease,D12331,Zeteletinib adipate (USAN),DG03221,1,RET
H00910,Hirschsprung disease,D08524,Sorafenib (USAN/INN),DG00713,1,RET
H00910,Hirschsprung disease,D06272,Sorafenib tosylate (USAN),DG00713,1,RET
H00910,Hirschsprung disease,D10137,Regorafenib hydrate (JAN),DG00720,1,RET
H00910,Hirschsprung disease,D08947,Motesanib diphosphate (USAN),DG01262,1,RET
H00912,Tumor necrosis factor receptor-associated periodic syndrome,D08562,Tasonermin (INN),,1,TNFRSF1A
H00933,Hereditary pancreatitis,D05183,Ulinastatin (JP18),,2,PRSS1; PRSS2
H00933,Hereditary pancreatitis,D09916,Ivacaftor (USAN/INN),,1,CFTR
H00933,Hereditary pancreatitis,D11042,Tezacaftor and ivacaftor,,1,CFTR
H00933,Hereditary pancreatitis,D11536,Bamocaftor potassium (USAN),DG03043,1,CFTR
H00933,Hereditary pancreatitis,D11535,Bamocaftor (USAN),DG03043,1,CFTR
H00933,Hereditary pancreatitis,D11724,Galicaftor (USAN/INN),,1,CFTR
H00933,Hereditary pancreatitis,D12140,Navocaftor (USAN/INN),,1,CFTR
H00933,Hereditary pancreatitis,D11402,Olacaftor (USAN/INN),,1,CFTR
H00933,Hereditary pancreatitis,D10134,Lumacaftor (USAN/INN),,1,CFTR
H00933,Hereditary pancreatitis,D03605,Crofelemer (USAN),,1,CFTR
H00933,Hereditary pancreatitis,D11683,Posenacaftor (USAN),,1,CFTR
H00933,Hereditary pancreatitis,D11041,Tezacaftor (USAN/INN),,1,CFTR
H00933,Hereditary pancreatitis,D11700,"Elexacaftor, ivacaftor and tezacaftor",,1,CFTR
H00933,Hereditary pancreatitis,D11682,Nesolicaftor (USAN),,1,CFTR
H00933,Hereditary pancreatitis,D10685,Lumacaftor and ivacaftor,,1,CFTR
H00937,Precocious puberty,D05258,Serum gonadotrophin (JAN),,1,LHCGR
H00937,Precocious puberty,D06457,"Gonadotropin, chorionic (USP)",,1,LHCGR
H00937,Precocious puberty,D03478,Choriogonadotropin alfa (USAN/INN),,1,LHCGR
H00937,Precocious puberty,D06459,Purified human menopausal gonadotrophin (JAN),DG00472,1,LHCGR
H00937,Precocious puberty,D02692,Menotropins (USAN),DG00472,1,LHCGR
H00937,Precocious puberty,D04824,Lutropin alfa (USAN/INN),,1,LHCGR
H00938,Factor XI deficiency,D11802,Milvexian (USAN),,1,F11
H00938,Factor XI deficiency,D12563,Frunexian (USAN),DG03261,1,F11
H00938,Factor XI deficiency,D12564,Frunexian hydrochloride (USAN),DG03261,1,F11
H00942,Rabson-Mendenhall syndrome,D04475,Insulin aspart (USP/INN),,1,INSR
H00942,Rabson-Mendenhall syndrome,D04547,"Insulin, isophane (USP)",,1,INSR
H00942,Rabson-Mendenhall syndrome,D04542,Insulin human zinc (USP),,1,INSR
H00942,Rabson-Mendenhall syndrome,D04549,"Insulin zinc, extended (USP)",,1,INSR
H00942,Rabson-Mendenhall syndrome,D04550,"Insulin zinc, prompt (USP)",,1,INSR
H00942,Rabson-Mendenhall syndrome,D05622,Proinsulin human (USAN),,1,INSR
H00942,Rabson-Mendenhall syndrome,D04546,"Insulin, dalanated (USAN)",,1,INSR
H00942,Rabson-Mendenhall syndrome,D03230,Insulin human (USP/INN),,1,INSR
H00942,Rabson-Mendenhall syndrome,D04543,"Insulin human zinc, extended (USP)",,1,INSR
H00942,Rabson-Mendenhall syndrome,D08080,"Insulin injection, biphasic isophane (BAN)",,1,INSR
H00942,Rabson-Mendenhall syndrome,D00085,Insulin (JAN/USP),,1,INSR
H00942,Rabson-Mendenhall syndrome,D04551,Insulin zinc (USP),,1,INSR
H00942,Rabson-Mendenhall syndrome,D04545,Insulin I 131 (USAN),,1,INSR
H00942,Rabson-Mendenhall syndrome,D12358,Insulin icodec (USAN/INN),,1,INSR
H00942,Rabson-Mendenhall syndrome,D04539,Insulin detemir (USAN/INN),,1,INSR
H00947,Pilomatricoma,D12445,Foscenvivint (JAN/INN),,1,CTNNB1
H00948,Renal hypouricemia,D09922,Lesinurad sodium (USAN),DG01388,1,(RHUC1)
H00948,Renal hypouricemia,D01056,Benzbromarone (JP18/USAN/INN),,1,(RHUC1)
H00948,Renal hypouricemia,D09921,Lesinurad (USAN/INN),DG01388,1,(RHUC1)
H00948,Renal hypouricemia,D11129,Verinurad (USAN/INN),,1,(RHUC1)
H00953,Gelatinous drop-like corneal dystrophy,D12360,Datopotamab (USAN/INN),,1,TACSTD2
H00953,Gelatinous drop-like corneal dystrophy,D10985,Sacituzumab govitecan (USAN/INN),,1,TACSTD2
H00953,Gelatinous drop-like corneal dystrophy,D12359,Datopotamab deruxtecan (USAN/INN),,1,TACSTD2
H00978,Thrombocytopenia (THC),D09728,Bosutinib hydrate (JAN),DG00718,1,SRC
H00978,Thrombocytopenia (THC),D03252,Bosutinib (USAN),DG00718,1,SRC
H00978,Thrombocytopenia (THC),D09664,Saracatinib (USAN/INN),DG01418,1,SRC
H00978,Thrombocytopenia (THC),D09665,Saracatinib difumarate (USAN),DG01418,1,SRC
H00978,Thrombocytopenia (THC),D10423,Ilorasertib (USAN/INN),,1,SRC
H00978,Thrombocytopenia (THC),D06414,Dasatinib (USAN),DG00714,1,SRC
H00978,Thrombocytopenia (THC),D11691,Tirbanibulin (USAN/INN),DG03082,1,SRC
H00978,Thrombocytopenia (THC),D11692,Tirbanibulin mesylate (USAN),DG03082,1,SRC
H00978,Thrombocytopenia (THC),D03658,Dasatinib (JAN/INN),DG00714,1,SRC
H00982,Sideroblastic anemia,D10003,Hemin (JAN),,1,ALAS2
H00986,Multiple pterygium syndrome,D02275,Suxamethonium chloride hydrate (JP18),DG00768,3,"(CMS1A/1B); (CMS3A/3B/3C); (LMPS,"
H00986,Multiple pterygium syndrome,D00999,Acetylcholine chloride (JP18/USP/INN),DG01133,3,"(CMS1A/1B); (CMS3A/3B/3C); (LMPS,"
H00986,Multiple pterygium syndrome,D03365,Nicotine (USP),DG00994,3,"(CMS1A/1B); (CMS3A/3B/3C); (LMPS,"
H00986,Multiple pterygium syndrome,D04303,Gantacurium chloride (USAN/INN),,3,"(CMS1A/1B); (CMS3A/3B/3C); (LMPS,"
H00986,Multiple pterygium syndrome,D07770,Cytisinicline (USAN),,3,"(CMS1A/1B); (CMS3A/3B/3C); (LMPS,"
H00986,Multiple pterygium syndrome,D00766,Succinylcholine chloride (USP),DG00768,3,"(CMS1A/1B); (CMS3A/3B/3C); (LMPS,"
H00986,Multiple pterygium syndrome,D05156,Nicotine bitartrate (USAN),DG00994,3,"(CMS1A/1B); (CMS3A/3B/3C); (LMPS,"
H00986,Multiple pterygium syndrome,D02202,Lobeline hydrochloride (JAN),DG01287,3,"(CMS1A/1B); (CMS3A/3B/3C); (LMPS,"
H00986,Multiple pterygium syndrome,D08138,Lobeline sulfate,DG01287,3,"(CMS1A/1B); (CMS3A/3B/3C); (LMPS,"
H00986,Multiple pterygium syndrome,D05157,Nicotine polacrilex (USP),DG00994,3,"(CMS1A/1B); (CMS3A/3B/3C); (LMPS,"
H00986,Multiple pterygium syndrome,D02364,Lobeline (INN),DG01287,3,"(CMS1A/1B); (CMS3A/3B/3C); (LMPS,"
H00986,Multiple pterygium syndrome,D00611,Mecamylamine hydrochloride (USP),DG00252,3,"(CMS1A/1B); (CMS3A/3B/3C); (LMPS,"
H00986,Multiple pterygium syndrome,D00761,Metocurine iodide (USAN),,3,"(CMS1A/1B); (CMS3A/3B/3C); (LMPS,"
H00992,Seckel syndrome,D11148,Berzosertib (USAN/INN),,1,ATR
H00992,Seckel syndrome,D11787,Ceralasertib (USAN/INN),,1,ATR
H00992,Seckel syndrome,D12321,Camonsertib (USAN),,1,ATR
H00995,Combined deficiency of vitamin K-dependent clotting factors,D00564,Warfarin sodium (USP),DG00149,1,(VKCFD2)
H00995,Combined deficiency of vitamin K-dependent clotting factors,D09677,Tecarfarin sodium (USAN),DG01390,1,(VKCFD2)
H00995,Combined deficiency of vitamin K-dependent clotting factors,D07064,Acenocoumarol (INN),,1,(VKCFD2)
H00995,Combined deficiency of vitamin K-dependent clotting factors,D03798,Dicumarol (USAN),,1,(VKCFD2)
H00995,Combined deficiency of vitamin K-dependent clotting factors,D08354,Phenindione (INN),,1,(VKCFD2)
H00995,Combined deficiency of vitamin K-dependent clotting factors,D07969,Fluindione (INN),,1,(VKCFD2)
H00995,Combined deficiency of vitamin K-dependent clotting factors,D01280,Warfarin potassium (JP18),DG00149,1,(VKCFD2)
H00995,Combined deficiency of vitamin K-dependent clotting factors,D07134,Flocoumafen (JAN),,1,(VKCFD2)
H00995,Combined deficiency of vitamin K-dependent clotting factors,D08682,Warfarin (INN),DG00149,1,(VKCFD2)
H00995,Combined deficiency of vitamin K-dependent clotting factors,D07136,Diphenadione (INN),,1,(VKCFD2)
H00995,Combined deficiency of vitamin K-dependent clotting factors,D07135,Clorindione (INN),,1,(VKCFD2)
H00995,Combined deficiency of vitamin K-dependent clotting factors,D05457,Phenprocoumon (USAN/INN),,1,(VKCFD2)
H00995,Combined deficiency of vitamin K-dependent clotting factors,D07137,Tioclomarol (INN),,1,(VKCFD2)
H00995,Combined deficiency of vitamin K-dependent clotting factors,D07131,Ethyl biscoumacetate (INN),,1,(VKCFD2)
H00995,Combined deficiency of vitamin K-dependent clotting factors,D09676,Tecarfarin (USAN/INN),DG01390,1,(VKCFD2)
H00997,CATSHL syndrome,D10481,Nintedanib (USAN/INN),DG01374,1,FGFR3
H00997,CATSHL syndrome,D11417,Pemigatinib (JAN/USAN/INN),,1,FGFR3
H00997,CATSHL syndrome,D10927,Erdafitinib (JAN/USAN/INN),,1,FGFR3
H00997,CATSHL syndrome,D11611,Infigratinib phosphate (USAN),DG03062,1,FGFR3
H00997,CATSHL syndrome,D12284,Recifercept (USAN/INN),,1,FGFR3
H00997,CATSHL syndrome,D12537,Catequentinib hydrochloride (USAN),DG03258,1,FGFR3
H00997,CATSHL syndrome,D09920,Lenvatinib mesylate (USAN),DG01362,1,FGFR3
H00997,CATSHL syndrome,D12526,Catequentinib (USAN/INN),DG03258,1,FGFR3
H00997,CATSHL syndrome,D05716,Repifermin (USAN/INN),,1,FGFR3
H00997,CATSHL syndrome,D10396,Nintedanib esylate (USAN),DG01374,1,FGFR3
H00997,CATSHL syndrome,D11461,Derazantinib hydrochloride (USAN),,1,FGFR3
H00997,CATSHL syndrome,D09919,Lenvatinib (USAN/INN),DG01362,1,FGFR3
H00997,CATSHL syndrome,D11445,Vofatamab (USAN),,1,FGFR3
H00997,CATSHL syndrome,D12405,Tasurgratinib succinate (JAN),DG03234,1,FGFR3
H00997,CATSHL syndrome,D12404,Tasurgratinib (INN),DG03234,1,FGFR3
H00998,Alternating hemiplegia of childhood,D07556,beta-Acetyldigoxin,,2,(DEE98); (DEE99)
H00998,Alternating hemiplegia of childhood,D01972,Lanatoside C (JAN/INN),,2,(DEE98); (DEE99)
H00998,Alternating hemiplegia of childhood,D00112,G-Strophanthin (JAN),,2,(DEE98); (DEE99)
H00998,Alternating hemiplegia of childhood,D00297,Digitoxin (JAN/USP/INN),,2,(DEE98); (DEE99)
H00998,Alternating hemiplegia of childhood,D07555,Acetyldigoxin,,2,(DEE98); (DEE99)
H00998,Alternating hemiplegia of childhood,D01379,Proscillaridin (JAN/USAN/INN),,2,(DEE98); (DEE99)
H00998,Alternating hemiplegia of childhood,D07147,Gitoformate (INN),,2,(DEE98); (DEE99)
H00998,Alternating hemiplegia of childhood,D02587,Metildigoxin (JP18),DG00191,2,(DEE98); (DEE99)
H00998,Alternating hemiplegia of childhood,D00645,Bretylium tosylate (USP),,2,(DEE98); (DEE99)
H00998,Alternating hemiplegia of childhood,D00631,Bepridil hydrochloride (USAN),DG00333,2,(DEE98); (DEE99)
H00998,Alternating hemiplegia of childhood,D00298,Digoxin (JP18/USP),,2,(DEE98); (DEE99)
H00998,Alternating hemiplegia of childhood,D09847,Metildigoxin (INN),DG00191,2,(DEE98); (DEE99)
H00998,Alternating hemiplegia of childhood,D06881,Acetyldigitoxin (INN),,2,(DEE98); (DEE99)
H00998,Alternating hemiplegia of childhood,D01240,Deslanoside (JP18/USP/INN),,2,(DEE98); (DEE99)
H00998,Alternating hemiplegia of childhood,D07520,Bepridil (INN),DG00333,2,(DEE98); (DEE99)
H01005,Dopamine beta-hydroxylase deficiency,D03787,Nepicastat hydrochloride (USAN),,1,DBH
H01006,Hereditary angioedema,D10177,Trebananib (USAN),,1,ANGPT1
H01006,Hereditary angioedema,D03330,Kallidinogenase (JP18/INN),,1,KNG1
H01006,Hereditary angioedema,D07568,Aminomethylbenzoic acid,,1,PLG
H01006,Hereditary angioedema,D12149,Plasminogen,,1,PLG
H01006,Hereditary angioedema,D00160,Aminocaproic acid (USP/INN),,1,PLG
H01006,Hereditary angioedema,D01136,Tranexamic acid (JP18/USP/INN),,1,PLG
H01007,Choroid plexus papilloma,D08887,Cenersen sodium (USAN),,1,TP53
H01016,Primary bile acid malabsorption,D10952,Maralixibat chloride (USAN/INN),DG02832,1,(PBAM1)
H01016,Primary bile acid malabsorption,D11716,Odevixibat (USAN),,1,(PBAM1)
H01016,Primary bile acid malabsorption,D10795,Elobixibat hydrate (JAN),DG01924,1,(PBAM1)
H01016,Primary bile acid malabsorption,D10951,Maralixibat (USAN),DG02832,1,(PBAM1)
H01016,Primary bile acid malabsorption,D11539,Linerixibat (JAN/USAN),,1,(PBAM1)
H01016,Primary bile acid malabsorption,D10796,Elobixibat (USAN/INN),DG01924,1,(PBAM1)
H01019,Catecholaminergic polymorphic ventricular tachycardia,D04789,Lubeluzole (USAN/INN),,2,CALM1; CALM3
H01019,Catecholaminergic polymorphic ventricular tachycardia,D10304,Aladorian (USAN/INN),DG02040,1,RYR2
H01019,Catecholaminergic polymorphic ventricular tachycardia,D10305,Aladorian sodium (USAN),DG02040,1,RYR2
H01027,Microphthalmia,D12351,Tinlarebant (USAN),,1,(MCOPCB10)
H01031,Orthostatic intolerance,D04781,Lortalamine (USAN/INN),,1,SLC6A2
H01031,Orthostatic intolerance,D07875,Doxepin (INN),DG00937,1,SLC6A2
H01031,Orthostatic intolerance,D09340,Esreboxetine (USAN/INN),DG01309,1,SLC6A2
H01031,Orthostatic intolerance,D01546,Dothiepin hydrochloride (USAN),DG00940,1,SLC6A2
H01031,Orthostatic intolerance,D11941,Toludesvenlafaxine hydrochloride (USAN),DG03141,1,SLC6A2
H01031,Orthostatic intolerance,D11622,Amphetamine aspartate monohydrate,,1,SLC6A2
H01031,Orthostatic intolerance,D02574,Atomoxetine hydrochloride (JAN/USP),DG00970,1,SLC6A2
H01031,Orthostatic intolerance,D06004,Tandamine hydrochloride (USAN),,1,SLC6A2
H01031,Orthostatic intolerance,D10698,Centanafadine hydrochloride (USAN),DG01858,1,SLC6A2
H01031,Orthostatic intolerance,D00817,Bupropion hydrochloride (JAN/USP),DG00957,1,SLC6A2
H01031,Orthostatic intolerance,D00811,Clomipramine hydrochloride (JP18/USP),DG00929,1,SLC6A2
H01031,Orthostatic intolerance,D02182,Cocaine hydrochloride (JP18/USP),DG00808,1,SLC6A2
H01031,Orthostatic intolerance,D00821,Venlafaxine hydrochloride (JAN/USP),DG00959,1,SLC6A2
H01031,Orthostatic intolerance,D07591,Bupropion (INN),DG00957,1,SLC6A2
H01031,Orthostatic intolerance,D08072,Imipraminoxide hydrochloride,DG01542,1,SLC6A2
H01033,Congenital bilateral absence of vas deferens,D09916,Ivacaftor (USAN/INN),,1,CFTR
H01033,Congenital bilateral absence of vas deferens,D11042,Tezacaftor and ivacaftor,,1,CFTR
H01033,Congenital bilateral absence of vas deferens,D11536,Bamocaftor potassium (USAN),DG03043,1,CFTR
H01033,Congenital bilateral absence of vas deferens,D11535,Bamocaftor (USAN),DG03043,1,CFTR
H01033,Congenital bilateral absence of vas deferens,D11724,Galicaftor (USAN/INN),,1,CFTR
H01033,Congenital bilateral absence of vas deferens,D12140,Navocaftor (USAN/INN),,1,CFTR
H01033,Congenital bilateral absence of vas deferens,D11402,Olacaftor (USAN/INN),,1,CFTR
H01033,Congenital bilateral absence of vas deferens,D10134,Lumacaftor (USAN/INN),,1,CFTR
H01033,Congenital bilateral absence of vas deferens,D03605,Crofelemer (USAN),,1,CFTR
H01033,Congenital bilateral absence of vas deferens,D11683,Posenacaftor (USAN),,1,CFTR
H01033,Congenital bilateral absence of vas deferens,D11041,Tezacaftor (USAN/INN),,1,CFTR
H01033,Congenital bilateral absence of vas deferens,D11700,"Elexacaftor, ivacaftor and tezacaftor",,1,CFTR
H01033,Congenital bilateral absence of vas deferens,D11682,Nesolicaftor (USAN),,1,CFTR
H01033,Congenital bilateral absence of vas deferens,D10685,Lumacaftor and ivacaftor,,1,CFTR
H01033,Congenital bilateral absence of vas deferens,D11507,Elexacaftor (USAN),,1,CFTR
H01039,Ovarian hyperstimulation syndrome,D05258,Serum gonadotrophin (JAN),,1,FSHR
H01039,Ovarian hyperstimulation syndrome,D04429,Follitropin alfa (genetical recombination) (JAN),,1,FSHR
H01039,Ovarian hyperstimulation syndrome,D06457,"Gonadotropin, chorionic (USP)",,1,FSHR
H01039,Ovarian hyperstimulation syndrome,D04430,Follitropin beta (genetical recombination) (JAN),,1,FSHR
H01039,Ovarian hyperstimulation syndrome,D06459,Purified human menopausal gonadotrophin (JAN),DG00472,1,FSHR
H01039,Ovarian hyperstimulation syndrome,D06400,Follitropin delta (USAN),,1,FSHR
H01039,Ovarian hyperstimulation syndrome,D06269,Urofollitropin (USAN/INN),,1,FSHR
H01039,Ovarian hyperstimulation syndrome,D02692,Menotropins (USAN),DG00472,1,FSHR
H01039,Ovarian hyperstimulation syndrome,D08895,Corifollitropin alfa (INN/USAN),,1,FSHR
H01071,Acute alcohol sensitivity,D00131,Disulfiram (JP18/USP/INN),,1,ALDH2
H01071,Acute alcohol sensitivity,D00123,Cyanamide (JP18),,1,ALDH2
H01078,Fletcher factor deficiency,D08004,Gabexate (INN),DG01400,1,KLKB1
H01078,Fletcher factor deficiency,D10845,Conestat alfa (INN),,1,KLKB1
H01078,Fletcher factor deficiency,D11674,Berotralstat hydrochloride (JAN/USAN),DG03079,1,KLKB1
H01078,Fletcher factor deficiency,D12396,Sebetralstat (USAN/INN),,1,KLKB1
H01078,Fletcher factor deficiency,D03931,Ecallantide (USAN/INN),,1,KLKB1
H01078,Fletcher factor deficiency,D11673,Berotralstat (USAN/INN),DG03079,1,KLKB1
H01078,Fletcher factor deficiency,D12574,Feniralstat hydrochloride (USAN),DG03263,1,KLKB1
H01078,Fletcher factor deficiency,D11094,Lanadelumab (USAN),,1,KLKB1
H01078,Fletcher factor deficiency,D01672,Gabexate mesilate (JP18),DG01400,1,KLKB1
H01078,Fletcher factor deficiency,D12573,Feniralstat (USAN/INN),DG03263,1,KLKB1
H01096,Pyruvate kinase deficiency,D12362,Etavopivat (USAN/INN),,1,PKLR
H01097,Spastic quadriplegic cerebral palsy,D00710,Valproate sodium (USAN),DG00849,1,(DEE89)
H01097,Spastic quadriplegic cerebral palsy,D08667,Calcium valproate,DG00849,1,(DEE89)
H01097,Spastic quadriplegic cerebral palsy,D00304,Divalproex sodium (USP),DG00849,1,(DEE89)
H01097,Spastic quadriplegic cerebral palsy,D00399,Valproic acid (USP),DG00849,1,(DEE89)
H01102,Pituitary adenomas,D03584,Colforsin (USAN/INN),DG02877,9,ADCY1; ADCY2; ADCY3; ADCY4; ADCY5; ADCY6; ADCY7; ADCY8; ADCY9
H01102,Pituitary adenomas,D01697,Colforsin daropate hydrochloride (JAN),DG02877,9,ADCY1; ADCY2; ADCY3; ADCY4; ADCY5; ADCY6; ADCY7; ADCY8; ADCY9
H01102,Pituitary adenomas,D03905,Corticorelin (human) (JAN),DG01167,2,CRHR1; CRHR2
H01102,Pituitary adenomas,D03592,Corticorelin ovine triflutate (USAN),DG01167,2,CRHR1; CRHR2
H01102,Pituitary adenomas,D03591,Corticorelin acetate (USAN),DG01167,2,CRHR1; CRHR2
H01102,Pituitary adenomas,D12060,Temuterkib mesylate (USAN),DG03154,2,MAPK1; MAPK3
H01102,Pituitary adenomas,D11285,Ravoxertinib (USAN/INN),,2,MAPK1; MAPK3
H01102,Pituitary adenomas,D11038,Ulixertinib (INN),,2,MAPK1; MAPK3
H01102,Pituitary adenomas,D12059,Temuterkib (USAN),DG03154,2,MAPK1; MAPK3
H01102,Pituitary adenomas,D11365,Tapinarof (JAN/USAN),,1,AHR
H01102,Pituitary adenomas,D09610,Emicerfont (USAN/INN),,1,CRHR1
H01102,Pituitary adenomas,D10022,Pexacerfont (USAN/INN),,1,CRHR1
H01102,Pituitary adenomas,D12366,Crinecerfont (USAN),,1,CRHR1
H01102,Pituitary adenomas,D09695,Verucerfont (USAN/INN),,1,CRHR1
H01102,Pituitary adenomas,D12259,Aumolertinib mesylate (USAN),DG03209,1,EGFR
H01103,Alpha-1-antitrypsin deficiency,D11965,alpha 1-Antitrypsin,,1,SERPINA1
H01106,Plasminogen activator inhibitor type 1 deficiency,D08656,Aleplasinin (USAN/INN),,1,SERPINE1
H01106,Plasminogen activator inhibitor type 1 deficiency,D06160,Tiplasinin (USAN),,1,SERPINE1
H01106,Plasminogen activator inhibitor type 1 deficiency,D03766,Diaplasinin (USAN),,1,SERPINE1
H01109,Chronic mucocutaneous candidiasis,D10061,Brodalumab (USAN),,1,(CANDF5)
H01109,Chronic mucocutaneous candidiasis,D11550,Bimekizumab (USAN/INN),,1,(CANDF6)
H01109,Chronic mucocutaneous candidiasis,D10902,Afasevikumab (USAN/INN),,1,(CANDF6)
H01111,Cortisone reductase deficiency,D02028,Diammonium glycyrrhizinate (JAN),DG03217,1,HSD11B1
H01111,Cortisone reductase deficiency,D02264,Dipotassium glycyrrhizinate (JAN),DG03217,1,HSD11B1
H01111,Cortisone reductase deficiency,D00156,Glycyrrhetinic acid (JAN),,1,HSD11B1
H01111,Cortisone reductase deficiency,D04987,Monoammonium glycyrrhizinate (JAN),DG03217,1,HSD11B1
H01111,Cortisone reductase deficiency,D01899,Carbenoxolone sodium (JAN/USAN),DG00024,1,HSD11B1
H01111,Cortisone reductase deficiency,D07615,Carbenoxolone (INN),DG00024,1,HSD11B1
H01122,Congenital pulmonary alveolar proteinosis,D09930,Mavrilimumab (USAN/INN),,1,(SMDP4)
H01122,Congenital pulmonary alveolar proteinosis,D05803,Sargramostim (USP/INN),,1,(SMDP4)
H01122,Congenital pulmonary alveolar proteinosis,D05066,Molgramostim (USAN/INN),,1,(SMDP4)
H01122,Congenital pulmonary alveolar proteinosis,D05712,Regramostim (USAN/INN),,1,(SMDP4)
H01126,Familial renal glucosuria,D10055,Remogliflozin etabonate (USAN/INN),,1,SLC5A2
H01126,Familial renal glucosuria,D10313,Ertugliflozin (USAN/INN),DG02836,1,SLC5A2
H01126,Familial renal glucosuria,D11043,Ertugliflozin pidolate,DG02836,1,SLC5A2
H01126,Familial renal glucosuria,D09978,Tofogliflozin (USAN),,1,SLC5A2
H01126,Familial renal glucosuria,D09592,Canagliflozin (USAN/INN),,1,SLC5A2
H01126,Familial renal glucosuria,D09763,Dapagliflozin propanediol (USAN),DG00122,1,SLC5A2
H01126,Familial renal glucosuria,D10865,Bexagliflozin (USAN),,1,SLC5A2
H01126,Familial renal glucosuria,D08897,Dapagliflozin (USAN/INN),DG00122,1,SLC5A2
H01126,Familial renal glucosuria,D10196,Ipragliflozin (INN),DG01248,1,SLC5A2
H01126,Familial renal glucosuria,D10195,Luseogliflozin hydrate (JAN),,1,SLC5A2
H01126,Familial renal glucosuria,D10459,Empagliflozin (JAN/USAN/INN),,1,SLC5A2
H01126,Familial renal glucosuria,D10669,Sotagliflozin (USAN/INN),,1,SLC5A2
H01126,Familial renal glucosuria,D06641,Sergliflozin etabonate (USAN),,1,SLC5A2
H01126,Familial renal glucosuria,D10200,Ipragliflozin L-proline (JAN),DG01248,1,SLC5A2
H01129,Brody myopathy,D10715,Mipsagargin (USAN/INN),,1,ATP2A1
H01132,Aplastic anemia,D11120,Emapalumab (USAN/INN),,1,IFNG
H01132,Aplastic anemia,D04242,Fontolizumab (USAN/INN),,1,IFNG
H01132,Aplastic anemia,D09630,Imetelstat sodium (USAN),,1,TERT
H01132,Aplastic anemia,D09629,Imetelstat (USAN/INN),,1,TERT
H01143,Vitamin D-dependent rickets,D00299,Dihydrotachysterol (JAN/USP/INN),,1,VDR
H01143,Vitamin D-dependent rickets,D01125,Calcipotriene (USP),DG00394,1,VDR
H01143,Vitamin D-dependent rickets,D10198,Calcipotriol hydrate (JAN),DG00394,1,VDR
H01143,Vitamin D-dependent rickets,D01518,Alfacalcidol (JAN/INN),,1,VDR
H01143,Vitamin D-dependent rickets,D10565,Pefcalcitol (JAN/USAN/INN),,1,VDR
H01143,Vitamin D-dependent rickets,D03930,Ecalcidene (USAN/INN),,1,VDR
H01143,Vitamin D-dependent rickets,D08554,Tacalcitol (INN),DG00395,1,VDR
H01143,Vitamin D-dependent rickets,D00187,Ergocalciferol (JP18/USP),,1,VDR
H01143,Vitamin D-dependent rickets,D01662,Falecalcitriol (JAN/INN),,1,VDR
H01143,Vitamin D-dependent rickets,D01472,Tacalcitol hydrate (JP18),DG00395,1,VDR
H01143,Vitamin D-dependent rickets,D00930,Paricalcitol (JAN/USP/INN),,1,VDR
H01143,Vitamin D-dependent rickets,D00628,Secalciferol (JAN/USAN/INN),,1,VDR
H01143,Vitamin D-dependent rickets,D00188,Cholecalciferol (JP18/USP),,1,VDR
H01143,Vitamin D-dependent rickets,D01009,Doxercalciferol (USAN/INN),,1,VDR
H01143,Vitamin D-dependent rickets,D00122,Calcifediol (USP/INN),DG00124,1,VDR
H01161,Aromatic L-amino acid decarboxylase deficiency,D04997,Methyldopate hydrochloride (USP),,1,DDC
H01161,Aromatic L-amino acid decarboxylase deficiency,D00558,Carbidopa (USP),,1,DDC
H01161,Aromatic L-amino acid decarboxylase deficiency,D01653,Benserazide hydrochloride (JP18),DG01296,1,DDC
H01161,Aromatic L-amino acid decarboxylase deficiency,D12407,Eladocagene exuparvovec (USAN/INN),,1,DDC
H01161,Aromatic L-amino acid decarboxylase deficiency,D03082,Benserazide (USAN/INN),DG01296,1,DDC
H01174,Congenital diarrhea,D09355,Linaclotide (JAN/USAN),DG00079,1,(DIAR6)
H01174,Congenital diarrhea,D10976,Recanaclotide (USAN/INN),,1,(DIAR6)
H01174,Congenital diarrhea,D09948,Plecanatide (USAN/INN),,1,(DIAR6)
H01174,Congenital diarrhea,D11233,Dolcanatide (USAN/INN),,1,(DIAR6)
H01174,Congenital diarrhea,D06612,Linaclotide acetate (USAN),DG00079,1,(DIAR6)
H01174,Congenital diarrhea,D10657,Pradigastat sodium (USAN),DG01846,1,(DIAR7)
H01174,Congenital diarrhea,D10664,Pradigastat (USAN),DG01846,1,(DIAR7)
H01174,Congenital diarrhea,D09027,Tucotuzumab celmoleukin (USAN/INN),,1,(DIAR5)
H01174,Congenital diarrhea,D09207,Catumaxomab (INN),,1,(DIAR5)
H01174,Congenital diarrhea,D03958,Edrecolomab (USAN/INN),,1,(DIAR5)
H01174,Congenital diarrhea,D11653,Tenapanor hydrochloride (JAN/USAN),DG03072,1,(DIAR8)
H01174,Congenital diarrhea,D11652,Tenapanor (USAN/INN),DG03072,1,(DIAR8)
H01186,Abnormal thyroid hormone metabolism,D00562,Propylthiouracil (JP18/USP/INN),,1,(THMA2)
H01191,Asthma with nasal polyps and aspirin intolerance,D00419,Misoprostol (JAN/USP/INN),,1,PTGER2
H01191,Asthma with nasal polyps and aspirin intolerance,D09614,Evatanepag sodium (USAN),DG01894,1,PTGER2
H01191,Asthma with nasal polyps and aspirin intolerance,D05732,Rioprostil (USAN/INN),,1,PTGER2
H01191,Asthma with nasal polyps and aspirin intolerance,D09969,Taprenepag isopropyl (USAN),DG01895,1,PTGER2
H01191,Asthma with nasal polyps and aspirin intolerance,D10965,Omidenepag (USAN/INN),DG02831,1,PTGER2
H01191,Asthma with nasal polyps and aspirin intolerance,D10966,Omidenepag isopropyl (JAN),DG02831,1,PTGER2
H01191,Asthma with nasal polyps and aspirin intolerance,D09613,Evatanepag (USAN/INN),DG01894,1,PTGER2
H01191,Asthma with nasal polyps and aspirin intolerance,D09968,Taprenepag (USAN/INN),DG01895,1,PTGER2
H01191,Asthma with nasal polyps and aspirin intolerance,D03269,Dinoprostone betadex (JAN),DG00448,1,PTGER2
H01191,Asthma with nasal polyps and aspirin intolerance,D02975,Arbaprostil (USAN/INN),,1,PTGER2
H01191,Asthma with nasal polyps and aspirin intolerance,D02725,Sulprostone (USAN/INN),,1,PTGER2
H01191,Asthma with nasal polyps and aspirin intolerance,D03187,Butaprost (USAN/INN),,1,PTGER2
H01191,Asthma with nasal polyps and aspirin intolerance,D00079,Dinoprostone (JAN/USP/INN),DG00448,1,PTGER2
H01191,Asthma with nasal polyps and aspirin intolerance,D02726,Meteneprost (USAN/INN),,1,PTGER2
H01191,Asthma with nasal polyps and aspirin intolerance,D01891,Enprostil (JAN/USAN/INN),,1,PTGER2
H01193,Familial tumoral calcinosis,D10913,Burosumab (USAN/INN),,1,FGF23
H01197,Dihydrofolate reductase deficiency,D05500,Piritrexim isethionate (USAN),,1,DHFR
H01197,Dihydrofolate reductase deficiency,D02115,Methotrexate sodium,DG00681,1,DHFR
H01197,Dihydrofolate reductase deficiency,D11352,Pemetrexed tromethamine (USAN),DG00682,1,DHFR
H01197,Dihydrofolate reductase deficiency,D03942,Edatrexate (USAN/INN),,1,DHFR
H01197,Dihydrofolate reductase deficiency,D07472,Pemetrexed (INN),DG00682,1,DHFR
H01197,Dihydrofolate reductase deficiency,D06238,Trimetrexate (USAN/INN),DG01013,1,DHFR
H01197,Dihydrofolate reductase deficiency,D10596,Pemetrexed sodium hemipentahydrate (JAN),DG00682,1,DHFR
H01197,Dihydrofolate reductase deficiency,D05589,Pralatrexate (JAN/USAN/INN),,1,DHFR
H01197,Dihydrofolate reductase deficiency,D05999,Talotrexin ammonium (USAN),,1,DHFR
H01197,Dihydrofolate reductase deficiency,D06503,Pemetrexed sodium hydrate (JAN),DG00682,1,DHFR
H01197,Dihydrofolate reductase deficiency,D06239,Trimetrexate glucuronate (USAN),DG01013,1,DHFR
H01197,Dihydrofolate reductase deficiency,D03828,Pemetrexed disodium (USAN),DG00682,1,DHFR
H01197,Dihydrofolate reductase deficiency,D00142,Methotrexate (JP18/USP/INN),DG00681,1,DHFR
H01199,Hyperalphalipoproteinemia,D11648,Volanesorsen (USAN/INN),DG03070,1,(HALP2)
H01199,Hyperalphalipoproteinemia,D11650,Volanesorsen sodium (USAN),DG03070,1,(HALP2)
H01199,Hyperalphalipoproteinemia,D09708,Dalcetrapib (USAN/INN),,1,(HALP1)
H01199,Hyperalphalipoproteinemia,D08855,Anacetrapib (JAN/USAN),,1,(HALP1)
H01199,Hyperalphalipoproteinemia,D06195,Torcetrapib (USAN/INN),,1,(HALP1)
H01199,Hyperalphalipoproteinemia,D05255,Omega-3-acid ethyl esters (USP),,1,(HALP1)
H01199,Hyperalphalipoproteinemia,D10121,Evacetrapib (USAN),,1,(HALP1)
H01202,Cataract,D03658,Dasatinib (JAN/INN),DG00714,1,EPHA2
H01202,Cataract,D11541,Sitravatinib malate (USAN),DG03045,1,EPHA2
H01202,Cataract,D06414,Dasatinib (USAN),DG00714,1,EPHA2
H01202,Cataract,D11140,Sitravatinib (USAN/INN),DG03045,1,EPHA2
H01203,Primary congenital glaucoma,D10399,Rebastinib Tosylate (USAN),DG01368,1,TEK
H01203,Primary congenital glaucoma,D10334,Rebastinib (USAN),DG01368,1,TEK
H01203,Primary congenital glaucoma,D10137,Regorafenib hydrate (JAN),DG00720,1,TEK
H01203,Primary congenital glaucoma,D10138,Regorafenib (USAN/INN),DG00720,1,TEK
H01203,Primary congenital glaucoma,D10862,Altiratinib (USAN),,1,TEK
H01203,Primary congenital glaucoma,D11540,Razuprotafib (USAN),,1,TEK
H01204,"Cerebellar ataxia, mental retardation (MR), and dysequilibr…",D00653,Dorzolamide hydrochloride (JP18/USP),DG01135,1,(CAMRQ3)
H01204,"Cerebellar ataxia, mental retardation (MR), and dysequilibr…",D00655,Methazolamide (JAN/USP/INN),,1,(CAMRQ3)
H01204,"Cerebellar ataxia, mental retardation (MR), and dysequilibr…",D07871,Dorzolamide (INN),DG01135,1,(CAMRQ3)
H01204,"Cerebellar ataxia, mental retardation (MR), and dysequilibr…",D02441,Ethoxzolamide,,1,(CAMRQ3)
H01204,"Cerebellar ataxia, mental retardation (MR), and dysequilibr…",D00218,Acetazolamide (JP18/USP/INN),DG01134,1,(CAMRQ3)
H01204,"Cerebellar ataxia, mental retardation (MR), and dysequilibr…",D00518,Dichlorphenamide (USP),,1,(CAMRQ3)
H01204,"Cerebellar ataxia, mental retardation (MR), and dysequilibr…",D03845,Sezolamide hydrochloride (USAN),,1,(CAMRQ3)
H01204,"Cerebellar ataxia, mental retardation (MR), and dysequilibr…",D01196,Acetazolamide sodium (JAN),DG01134,1,(CAMRQ3)
H01204,"Cerebellar ataxia, mental retardation (MR), and dysequilibr…",D01822,Clofenamide (JAN/INN),,1,(CAMRQ3)
H01205,Coumarin resistance,D07457,Anisindione (INN),,1,(PXE-like)
H01205,Coumarin resistance,D00564,Warfarin sodium (USP),DG00149,1,(VKCFD2)
H01205,Coumarin resistance,D09677,Tecarfarin sodium (USAN),DG01390,1,(VKCFD2)
H01205,Coumarin resistance,D07064,Acenocoumarol (INN),,1,(VKCFD2)
H01205,Coumarin resistance,D03798,Dicumarol (USAN),,1,(VKCFD2)
H01205,Coumarin resistance,D08354,Phenindione (INN),,1,(VKCFD2)
H01205,Coumarin resistance,D07969,Fluindione (INN),,1,(VKCFD2)
H01205,Coumarin resistance,D01280,Warfarin potassium (JP18),DG00149,1,(VKCFD2)
H01205,Coumarin resistance,D07134,Flocoumafen (JAN),,1,(VKCFD2)
H01205,Coumarin resistance,D08682,Warfarin (INN),DG00149,1,(VKCFD2)
H01205,Coumarin resistance,D07136,Diphenadione (INN),,1,(VKCFD2)
H01205,Coumarin resistance,D07135,Clorindione (INN),,1,(VKCFD2)
H01205,Coumarin resistance,D05457,Phenprocoumon (USAN/INN),,1,(VKCFD2)
H01205,Coumarin resistance,D07137,Tioclomarol (INN),,1,(VKCFD2)
H01205,Coumarin resistance,D07131,Ethyl biscoumacetate (INN),,1,(VKCFD2)
H01206,Plasminogen deficiency,D07568,Aminomethylbenzoic acid,,1,PLG
H01206,Plasminogen deficiency,D00160,Aminocaproic acid (USP/INN),,1,PLG
H01206,Plasminogen deficiency,D01136,Tranexamic acid (JP18/USP/INN),,1,PLG
H01207,Trigonocephaly,D11762,Lucitanib (USAN/INN),,1,FGFR1
H01207,Trigonocephaly,D10137,Regorafenib hydrate (JAN),DG00720,1,FGFR1
H01207,Trigonocephaly,D10138,Regorafenib (USAN/INN),DG00720,1,FGFR1
H01207,Trigonocephaly,D12526,Catequentinib (USAN/INN),DG03258,1,FGFR1
H01207,Trigonocephaly,D09589,Brivanib (USAN),DG01373,1,FGFR1
H01207,Trigonocephaly,D05716,Repifermin (USAN/INN),,1,FGFR1
H01207,Trigonocephaly,D09919,Lenvatinib (USAN/INN),DG01362,1,FGFR1
H01207,Trigonocephaly,D11589,Infigratinib (USAN/INN),DG03062,1,FGFR1
H01207,Trigonocephaly,D10481,Nintedanib (USAN/INN),DG01374,1,FGFR1
H01207,Trigonocephaly,D11417,Pemigatinib (JAN/USAN/INN),,1,FGFR1
H01207,Trigonocephaly,D11611,Infigratinib phosphate (USAN),DG03062,1,FGFR1
H01207,Trigonocephaly,D09920,Lenvatinib mesylate (USAN),DG01362,1,FGFR1
H01207,Trigonocephaly,D11461,Derazantinib hydrochloride (USAN),,1,FGFR1
H01207,Trigonocephaly,D12405,Tasurgratinib succinate (JAN),DG03234,1,FGFR1
H01207,Trigonocephaly,D11885,Surufatinib (USAN/INN),,1,FGFR1
H01210,Hypomagnesemia,D07556,beta-Acetyldigoxin,,1,ATP1A1
H01210,Hypomagnesemia,D01972,Lanatoside C (JAN/INN),,1,ATP1A1
H01210,Hypomagnesemia,D00112,G-Strophanthin (JAN),,1,ATP1A1
H01210,Hypomagnesemia,D00297,Digitoxin (JAN/USP/INN),,1,ATP1A1
H01210,Hypomagnesemia,D07555,Acetyldigoxin,,1,ATP1A1
H01210,Hypomagnesemia,D01379,Proscillaridin (JAN/USAN/INN),,1,ATP1A1
H01210,Hypomagnesemia,D07147,Gitoformate (INN),,1,ATP1A1
H01210,Hypomagnesemia,D02587,Metildigoxin (JP18),DG00191,1,ATP1A1
H01210,Hypomagnesemia,D00645,Bretylium tosylate (USP),,1,ATP1A1
H01210,Hypomagnesemia,D00631,Bepridil hydrochloride (USAN),DG00333,1,ATP1A1
H01210,Hypomagnesemia,D00298,Digoxin (JP18/USP),,1,ATP1A1
H01210,Hypomagnesemia,D09847,Metildigoxin (INN),DG00191,1,ATP1A1
H01210,Hypomagnesemia,D06881,Acetyldigitoxin (INN),,1,ATP1A1
H01210,Hypomagnesemia,D01240,Deslanoside (JP18/USP/INN),,1,ATP1A1
H01210,Hypomagnesemia,D07520,Bepridil (INN),DG00333,1,ATP1A1
H01216,Left ventricular noncompaction,D12253,Aficamten (USAN/INN),,1,(CMH1)
H01216,Left ventricular noncompaction,D12265,Mavacamten (USAN/INN),,1,(CMH1)
H01216,Left ventricular noncompaction,D04510,Imciromab pentetate (USAN),,1,(CMH1)
H01217,Primary localized cutaneous amyloidosis,D09623,Glembatumumab (USAN/INN),,1,(PLCA3)
H01217,Primary localized cutaneous amyloidosis,D09912,Glembatumumab vedotin (USAN),,1,(PLCA3)
H01217,Primary localized cutaneous amyloidosis,D11080,Nemolizumab (USAN/INN),,1,IL31RA
H01217,Primary localized cutaneous amyloidosis,D11800,Vixarelimab (USAN),,1,OSMR
H01222,Cowden syndrome,D11011,Alpelisib (JAN/USAN/INN),,1,PIK3CA
H01222,Cowden syndrome,D11158,Leniolisib (USAN/INN),DG02927,1,PIK3CA
H01222,Cowden syndrome,D11869,Paxalisib (USAN/INN),,1,PIK3CA
H01222,Cowden syndrome,D11774,Taselisib (USAN/INN),,1,PIK3CA
H01222,Cowden syndrome,D10635,Gedatolisib (USAN/INN),,1,PIK3CA
H01222,Cowden syndrome,D10797,Copanlisib hydrochloride (USAN),DG01926,1,PIK3CA
H01222,Cowden syndrome,D11727,Voxtalisib (USAN/INN),,1,PIK3CA
H01222,Cowden syndrome,D10867,Copanlisib (USAN/INN),DG01926,1,PIK3CA
H01222,Cowden syndrome,D11942,Inavolisib (USAN/INN),,1,PIK3CA
H01222,Cowden syndrome,D10543,Apitolisib (USAN/INN),,1,PIK3CA
H01222,Cowden syndrome,D11440,Bimiralisib (USAN/INN),,1,PIK3CA
H01222,Cowden syndrome,D10552,Dactolisib (USAN/INN),DG01826,1,PIK3CA
H01222,Cowden syndrome,D10609,Buparlisib hydrochloride (JAN/USAN),DG01823,1,PIK3CA
H01222,Cowden syndrome,D10798,Copanlisib hydrochloride hydrate (JAN),DG01926,1,PIK3CA
H01222,Cowden syndrome,D11501,Samotolisib (USAN),,1,PIK3CA
H01225,D-2-hydroxyglutaric aciduria,D10901,Enasidenib (USAN/INN),DG02837,1,IDH2
H01225,D-2-hydroxyglutaric aciduria,D11835,Vorasidenib citrate (USAN),DG03113,1,IDH2
H01225,D-2-hydroxyglutaric aciduria,D11834,Vorasidenib (USAN/INN),DG03113,1,IDH2
H01225,D-2-hydroxyglutaric aciduria,D11044,Enasidenib mesylate (USAN),DG02837,1,IDH2
H01227,Inflammatory bowel disease (IBD),D11200,Pegilodecakin (USAN/INN),,2,IL10RA; IL10RB
H01227,Inflammatory bowel disease (IBD),D04505,Ilodecakin (USAN/INN),,2,IL10RA; IL10RB
H01227,Inflammatory bowel disease (IBD),D06619,Mifamurtide (USAN),,1,NOD2
H01227,Inflammatory bowel disease (IBD),D11385,Inarigivir soproxil (USAN),,1,NOD2
H01227,Inflammatory bowel disease (IBD),D01583,Pirfenidone (JAN/USAN/INN),,1,IL10
H01227,Inflammatory bowel disease (IBD),D03968,Elacridar hydrochloride (USAN),,1,ABCB1
H01227,Inflammatory bowel disease (IBD),D03128,Biricodar dicitrate (USAN),,1,ABCB1
H01227,Inflammatory bowel disease (IBD),D06008,Tariquidar (USAN/INN),,1,ABCB1
H01227,Inflammatory bowel disease (IBD),D11783,Encequidar mesylate (USAN),DG03103,1,ABCB1
H01227,Inflammatory bowel disease (IBD),D06387,Zosuquidar trihydrochloride (USAN),,1,ABCB1
H01227,Inflammatory bowel disease (IBD),D06084,Tesmilifene hydrochloride (USAN),,1,ABCB1
H01227,Inflammatory bowel disease (IBD),D11782,Encequidar (USAN/INN),DG03103,1,ABCB1
H01227,Inflammatory bowel disease (IBD),D06277,Valspodar (USAN/INN),,1,ABCB1
H01228,Insulin-resistant diabetes mellitus with acanthosis nigrica…,D04475,Insulin aspart (USP/INN),,1,INSR
H01228,Insulin-resistant diabetes mellitus with acanthosis nigrica…,D04547,"Insulin, isophane (USP)",,1,INSR
H01228,Insulin-resistant diabetes mellitus with acanthosis nigrica…,D04542,Insulin human zinc (USP),,1,INSR
H01228,Insulin-resistant diabetes mellitus with acanthosis nigrica…,D04549,"Insulin zinc, extended (USP)",,1,INSR
H01228,Insulin-resistant diabetes mellitus with acanthosis nigrica…,D04550,"Insulin zinc, prompt (USP)",,1,INSR
H01228,Insulin-resistant diabetes mellitus with acanthosis nigrica…,D05622,Proinsulin human (USAN),,1,INSR
H01228,Insulin-resistant diabetes mellitus with acanthosis nigrica…,D04546,"Insulin, dalanated (USAN)",,1,INSR
H01228,Insulin-resistant diabetes mellitus with acanthosis nigrica…,D03230,Insulin human (USP/INN),,1,INSR
H01228,Insulin-resistant diabetes mellitus with acanthosis nigrica…,D04543,"Insulin human zinc, extended (USP)",,1,INSR
H01228,Insulin-resistant diabetes mellitus with acanthosis nigrica…,D08080,"Insulin injection, biphasic isophane (BAN)",,1,INSR
H01228,Insulin-resistant diabetes mellitus with acanthosis nigrica…,D00085,Insulin (JAN/USP),,1,INSR
H01228,Insulin-resistant diabetes mellitus with acanthosis nigrica…,D04551,Insulin zinc (USP),,1,INSR
H01228,Insulin-resistant diabetes mellitus with acanthosis nigrica…,D04545,Insulin I 131 (USAN),,1,INSR
H01228,Insulin-resistant diabetes mellitus with acanthosis nigrica…,D12358,Insulin icodec (USAN/INN),,1,INSR
H01228,Insulin-resistant diabetes mellitus with acanthosis nigrica…,D04539,Insulin detemir (USAN/INN),,1,INSR
H01235,Bleeding disorder platelet-type,D06649,Tadocizumab (USAN),,2,ITGA2B; ITGB3
H01235,Bleeding disorder platelet-type,D05834,Sibrafiban (USAN/INN),,2,ITGA2B; ITGB3
H01235,Bleeding disorder platelet-type,D04659,Lamifiban (USAN/INN),DG01420,2,ITGA2B; ITGB3
H01235,Bleeding disorder platelet-type,D05267,Orbofiban acetate (USAN),,2,ITGA2B; ITGB3
H01235,Bleeding disorder platelet-type,D05772,Roxifiban acetate (USAN),,2,ITGA2B; ITGB3
H01235,Bleeding disorder platelet-type,D06888,Eptifibatide (INN),,2,ITGA2B; ITGB3
H01235,Bleeding disorder platelet-type,D08607,Tirofiban (INN),DG00159,2,ITGA2B; ITGB3
H01235,Bleeding disorder platelet-type,D12163,Zalunfiban acetate (USAN),DG03167,2,ITGA2B; ITGB3
H01235,Bleeding disorder platelet-type,D04785,Lotrafiban hydrochloride (USAN),,2,ITGA2B; ITGB3
H01235,Bleeding disorder platelet-type,D01029,Tirofiban hydrochloride (USAN),DG00159,2,ITGA2B; ITGB3
H01235,Bleeding disorder platelet-type,D12051,Zalunfiban (USAN),DG03167,2,ITGA2B; ITGB3
H01235,Bleeding disorder platelet-type,D02778,Abciximab (USAN/INN),,2,ITGA2B; ITGB3
H01235,Bleeding disorder platelet-type,D06335,Xemilofiban hydrochloride (USAN),,2,ITGA2B; ITGB3
H01235,Bleeding disorder platelet-type,D04660,Lamifiban hydrochloride (USAN),DG01420,2,ITGA2B; ITGB3
H01235,Bleeding disorder platelet-type,D03971,Elarofiban (USAN),,2,ITGA2B; ITGB3
H01251,Focal cortical dysplasia of Taylor,D10543,Apitolisib (USAN/INN),,1,MTOR
H01251,Focal cortical dysplasia of Taylor,D11440,Bimiralisib (USAN/INN),,1,MTOR
H01251,Focal cortical dysplasia of Taylor,D10076,Olcorolimus (USAN),,1,MTOR
H01251,Focal cortical dysplasia of Taylor,D11869,Paxalisib (USAN/INN),,1,MTOR
H01251,Focal cortical dysplasia of Taylor,D06068,Temsirolimus (JAN/USAN/INN),,1,MTOR
H01251,Focal cortical dysplasia of Taylor,D10718,Omipalisib (USAN/INN),,1,MTOR
H01251,Focal cortical dysplasia of Taylor,D11727,Voxtalisib (USAN/INN),,1,MTOR
H01251,Focal cortical dysplasia of Taylor,D06669,Zotarolimus (USAN/INN),,1,MTOR
H01251,Focal cortical dysplasia of Taylor,D11663,Onatasertib (USAN),,1,MTOR
H01251,Focal cortical dysplasia of Taylor,D10635,Gedatolisib (USAN/INN),,1,MTOR
H01251,Focal cortical dysplasia of Taylor,D08900,Ridaforolimus (JAN/USAN/INN),,1,MTOR
H01251,Focal cortical dysplasia of Taylor,D10552,Dactolisib (USAN/INN),DG01826,1,MTOR
H01251,Focal cortical dysplasia of Taylor,D10616,Dactolisib tosylate (USAN),DG01826,1,MTOR
H01251,Focal cortical dysplasia of Taylor,D02714,Everolimus (JAN/USAN/INN),,1,MTOR
H01251,Focal cortical dysplasia of Taylor,D11501,Samotolisib (USAN),,1,MTOR
H01254,Congenital prothrombin deficiency,D06410,Thrombomodulin alfa (USAN/INN),,1,F2
H01254,Congenital prothrombin deficiency,D00181,Argatroban (USP),DG00163,1,F2
H01254,Congenital prothrombin deficiency,D03728,Napsagatran (USAN),,1,F2
H01254,Congenital prothrombin deficiency,D09707,Dabigatran (USAN/INN),DG00164,1,F2
H01254,Congenital prothrombin deficiency,D11280,Bivalirudin trifluoroacetate (USAN),DG02963,1,F2
H01254,Congenital prothrombin deficiency,D01981,Ximelagatran (JAN/USAN/INN),,1,F2
H01254,Congenital prothrombin deficiency,D06880,Lepirudin (INN),,1,F2
H01254,Congenital prothrombin deficiency,D07082,Dabigatran etexilate mesylate (USAN),DG00164,1,F2
H01254,Congenital prothrombin deficiency,D07144,Dabigatran etexilate (USAN/INN),DG00164,1,F2
H01254,Congenital prothrombin deficiency,D03692,Desirudin (USAN/INN),,1,F2
H01254,Congenital prothrombin deficiency,D07143,Melagatran (INN),,1,F2
H01254,Congenital prothrombin deficiency,D03722,Efegatran sulfate (USAN),,1,F2
H01254,Congenital prothrombin deficiency,D03136,Bivalirudin (USAN/INN),DG02963,1,F2
H01257,GABA-transaminase deficiency,D00399,Valproic acid (USP),DG00849,1,ABAT
H01257,GABA-transaminase deficiency,D08667,Calcium valproate,DG00849,1,ABAT
H01257,GABA-transaminase deficiency,D00535,Vigabatrin (JAN/USP/INN),,1,ABAT
H01257,GABA-transaminase deficiency,D00710,Valproate sodium (USAN),DG00849,1,ABAT
H01257,GABA-transaminase deficiency,D00304,Divalproex sodium (USP),DG00849,1,ABAT
H01261,Congenital glucose-galactose malabsorption,D10669,Sotagliflozin (USAN/INN),,1,SLC5A1
H01263,Progressive cardiac conduction defect (PCCD),D00354,Lamotrigine (JAN/USP/INN),,1,(CMD1E)
H01263,Progressive cardiac conduction defect (PCCD),D02087,Moricizine hydrochloride (USP),DG00208,1,(CMD1E)
H01263,Progressive cardiac conduction defect (PCCD),D00375,Mephenytoin (USP/INN),,1,(CMD1E)
H01263,Progressive cardiac conduction defect (PCCD),D02272,Quinidine sulfate (USP),DG00192,1,(CMD1E)
H01263,Progressive cardiac conduction defect (PCCD),D03492,Cifenline (USAN),DG00209,1,(CMD1E)
H01263,Progressive cardiac conduction defect (PCCD),D04521,Indecainide hydrochloride (USAN),,1,(CMD1E)
H01263,Progressive cardiac conduction defect (PCCD),D00739,Pramoxine hydrochloride (USP),DG00300,1,(CMD1E)
H01263,Progressive cardiac conduction defect (PCCD),D00533,Oxcarbazepine (JAN/USP/INN),,1,(CMD1E)
H01263,Progressive cardiac conduction defect (PCCD),D01768,Benoxinate hydrochloride (USP),DG00392,1,(CMD1E)
H01263,Progressive cardiac conduction defect (PCCD),D00538,Zonisamide (JP18/USP/INN),,1,(CMD1E)
H01263,Progressive cardiac conduction defect (PCCD),D00552,Benzocaine (USP/INN),DG00379,1,(CMD1E)
H01263,Progressive cardiac conduction defect (PCCD),D08407,Pramocaine (INN),DG00300,1,(CMD1E)
H01263,Progressive cardiac conduction defect (PCCD),D03991,Encainide hydrochloride (USAN),DG00203,1,(CMD1E)
H01263,Progressive cardiac conduction defect (PCCD),D08422,Procaine (INN),DG00298,1,(CMD1E)
H01263,Progressive cardiac conduction defect (PCCD),D07894,Encainide (INN),DG00203,1,(CMD1E)
H01267,Familial hyperinsulinemic hypoglycemia,D01810,Nicorandil (JP18/USAN/INN),,2,(PNDM3); KCNJ11
H01267,Familial hyperinsulinemic hypoglycemia,D00594,Repaglinide (JAN/USP/INN),,2,(PNDM3); KCNJ11
H01267,Familial hyperinsulinemic hypoglycemia,D01356,Glymidine sodium (JAN/USAN/INN),,2,(PNDM3); KCNJ11
H01267,Familial hyperinsulinemic hypoglycemia,D05114,Naminidil (USAN/INN),,2,(PNDM3); KCNJ11
H01267,Familial hyperinsulinemic hypoglycemia,D00336,Glyburide (USP),,2,(PNDM3); KCNJ11
H01267,Familial hyperinsulinemic hypoglycemia,D00271,Chlorpropamide (JP18/USP/INN),,2,(PNDM3); KCNJ11
H01267,Familial hyperinsulinemic hypoglycemia,D04739,Linogliride (USAN/INN),DG02893,2,(PNDM3); KCNJ11
H01267,Familial hyperinsulinemic hypoglycemia,D00380,Tolbutamide (JP18/USP/INN),DG00115,2,(PNDM3); KCNJ11
H01267,Familial hyperinsulinemic hypoglycemia,D00418,Minoxidil (JAN/USP/INN),,2,(PNDM3); KCNJ11
H01267,Familial hyperinsulinemic hypoglycemia,D05482,Pinacidil (USAN),,2,(PNDM3); KCNJ11
H01267,Familial hyperinsulinemic hypoglycemia,D01854,Mitiglinide calcium hydrate (JP18),,2,(PNDM3); KCNJ11
H01267,Familial hyperinsulinemic hypoglycemia,D02385,Levcromakalim (USAN/INN),,2,(PNDM3); KCNJ11
H01267,Familial hyperinsulinemic hypoglycemia,D01111,Nateglinide (JP18/USP/INN),,2,(PNDM3); KCNJ11
H01267,Familial hyperinsulinemic hypoglycemia,D04740,Linogliride fumarate (USAN),DG02893,2,(PNDM3); KCNJ11
H01267,Familial hyperinsulinemic hypoglycemia,D06177,"Tolbutamide sodium, sterile",DG00115,2,(PNDM3); KCNJ11
H01270,Familial hypobetalipoproteinemia,D11753,Evinacumab (USAN/INN),,1,(FHBL2)
H01270,Familial hypobetalipoproteinemia,D08946,Mipomersen sodium (USAN),,1,APOB
H01274,Growth delay due to insulin-like growth factor I resistance,D10943,Istiratumab (USAN/INN),,1,IGF1R
H01274,Growth delay due to insulin-like growth factor I resistance,D10056,Robatumumab (USAN/INN),,1,IGF1R
H01274,Growth delay due to insulin-like growth factor I resistance,D04870,Mecasermin rinfabate (USAN/INN),DG01359,1,IGF1R
H01274,Growth delay due to insulin-like growth factor I resistance,D00967,Toremifene citrate (JAN/USAN),DG00735,1,IGF1R
H01274,Growth delay due to insulin-like growth factor I resistance,D03297,Mecasermin (USAN/INN),DG01359,1,IGF1R
H01274,Growth delay due to insulin-like growth factor I resistance,D04491,Ibutamoren mesylate (USAN),,1,IGF1R
H01274,Growth delay due to insulin-like growth factor I resistance,D09680,Teprotumumab (USAN/INN),,1,IGF1R
H01274,Growth delay due to insulin-like growth factor I resistance,D09345,Figitumumab (USAN),,1,IGF1R
H01274,Growth delay due to insulin-like growth factor I resistance,D09746,Dalotuzumab (USAN),,1,IGF1R
H01274,Growth delay due to insulin-like growth factor I resistance,D09908,Ganitumab (USAN/INN),,1,IGF1R
H01274,Growth delay due to insulin-like growth factor I resistance,D08620,Toremifene (INN),DG00735,1,IGF1R
H01274,Growth delay due to insulin-like growth factor I resistance,D09925,Linsitinib (USAN/INN),,1,IGF1R
H01274,Growth delay due to insulin-like growth factor I resistance,D09328,Cixutumumab (USAN),,1,IGF1R
H01276,Chronic idiopathic intestinal pseudo-obstruction,D12004,Simufilam hydrochloride (USAN),DG03149,1,(PVNH1)
H01276,Chronic idiopathic intestinal pseudo-obstruction,D12003,Simufilam (USAN),DG03149,1,(PVNH1)
H01282,Spermatogenic failure,D12006,Trotabresib (USAN),,1,(SPGF21)
H01282,Spermatogenic failure,D12266,Pelabresib (USAN/INN),,1,(SPGF21)
H01282,Spermatogenic failure,D11131,Apabetalone (USAN/INN),,1,(SPGF21)
H01282,Spermatogenic failure,D08344,Tozasertib lactate (USAN),DG01365,1,(SPGF5)
H01282,Spermatogenic failure,D10423,Ilorasertib (USAN/INN),,1,(SPGF5)
H01282,Spermatogenic failure,D08279,Tozasertib (USAN),DG01365,1,(SPGF5)
H01287,Congenital mirror movements,D12558,Emzadirib (USAN),,1,RAD51
H01294,Nephrogenic syndrome of inappropriate antidiuresis,D02983,Argipressin tannate (USAN),,1,AVPR2
H01294,Nephrogenic syndrome of inappropriate antidiuresis,D00366,Lypressin (USAN/INN),,1,AVPR2
H01294,Nephrogenic syndrome of inappropriate antidiuresis,D11659,Tolvaptan sodium phosphate (JAN),DG03074,1,AVPR2
H01294,Nephrogenic syndrome of inappropriate antidiuresis,D09820,Vasopressin tannate (JAN),DG00496,1,AVPR2
H01294,Nephrogenic syndrome of inappropriate antidiuresis,D01855,Mozavaptane hydrochloride (JAN),,1,AVPR2
H01294,Nephrogenic syndrome of inappropriate antidiuresis,D04752,Lixivaptan (USAN/INN),,1,AVPR2
H01294,Nephrogenic syndrome of inappropriate antidiuresis,D01236,Conivaptan hydrochloride (JAN/USAN),DG00276,1,AVPR2
H01294,Nephrogenic syndrome of inappropriate antidiuresis,D07227,Ornipressin (INN),,1,AVPR2
H01294,Nephrogenic syndrome of inappropriate antidiuresis,D08571,Terlipressin acetate (JAN),DG00498,1,AVPR2
H01294,Nephrogenic syndrome of inappropriate antidiuresis,D01213,Tolvaptan (JAN/USAN/INN),DG03074,1,AVPR2
H01294,Nephrogenic syndrome of inappropriate antidiuresis,D00291,Desmopressin (INN),DG00497,1,AVPR2
H01294,Nephrogenic syndrome of inappropriate antidiuresis,D07748,Conivaptan (INN),DG00276,1,AVPR2
H01294,Nephrogenic syndrome of inappropriate antidiuresis,D06672,Terlipressin (USAN/INN),DG00498,1,AVPR2
H01294,Nephrogenic syndrome of inappropriate antidiuresis,D00101,Vasopressin (JP18/USP),DG00496,1,AVPR2
H01294,Nephrogenic syndrome of inappropriate antidiuresis,D02235,Desmopressin acetate (USP),DG00497,1,AVPR2
H01295,Neurodegeneration due to cerebral folate transport deficien…,D12250,Pafolacianine sodium (USAN),DG03206,1,FOLR1
H01295,Neurodegeneration due to cerebral folate transport deficien…,D12183,Farletuzumab ecteribulin (USAN),,1,FOLR1
H01295,Neurodegeneration due to cerebral folate transport deficien…,D12249,Pafolacianine (USAN/INN),DG03206,1,FOLR1
H01295,Neurodegeneration due to cerebral folate transport deficien…,D10953,Mirvetuximab (USAN/INN),,1,FOLR1
H01295,Neurodegeneration due to cerebral folate transport deficien…,D10954,Mirvetuximab soravtansine (USAN/INN),,1,FOLR1
H01295,Neurodegeneration due to cerebral folate transport deficien…,D09343,Farletuzumab (USAN),,1,FOLR1
H01295,Neurodegeneration due to cerebral folate transport deficien…,D10434,Vintafolide (USAN/INN),,1,FOLR1
H01298,Pulmonary alveolar microlithiasis,D11238,Lifastuzumab vedotin (USAN/INN),,1,SLC34A2
H01298,Pulmonary alveolar microlithiasis,D11237,Lifastuzumab (USAN),,1,SLC34A2
H01299,Idiopathic pulmonary fibrosis,D09630,Imetelstat sodium (USAN),,1,TERT
H01299,Idiopathic pulmonary fibrosis,D09629,Imetelstat (USAN/INN),,1,TERT
H01302,Hyperchlorhidrosis isolated (HCHLH),D00653,Dorzolamide hydrochloride (JP18/USP),DG01135,1,CA12
H01302,Hyperchlorhidrosis isolated (HCHLH),D00655,Methazolamide (JAN/USP/INN),,1,CA12
H01302,Hyperchlorhidrosis isolated (HCHLH),D07871,Dorzolamide (INN),DG01135,1,CA12
H01302,Hyperchlorhidrosis isolated (HCHLH),D02441,Ethoxzolamide,,1,CA12
H01302,Hyperchlorhidrosis isolated (HCHLH),D00218,Acetazolamide (JP18/USP/INN),DG01134,1,CA12
H01302,Hyperchlorhidrosis isolated (HCHLH),D00518,Dichlorphenamide (USP),,1,CA12
H01302,Hyperchlorhidrosis isolated (HCHLH),D03845,Sezolamide hydrochloride (USAN),,1,CA12
H01302,Hyperchlorhidrosis isolated (HCHLH),D01196,Acetazolamide sodium (JAN),DG01134,1,CA12
H01302,Hyperchlorhidrosis isolated (HCHLH),D01822,Clofenamide (JAN/INN),,1,CA12
H01309,"Sarcoidosis, early-onset",D06619,Mifamurtide (USAN),,1,NOD2
H01309,"Sarcoidosis, early-onset",D11385,Inarigivir soproxil (USAN),,1,NOD2
H01310,Multi-minicore disease,D10304,Aladorian (USAN/INN),DG02040,1,RYR1
H01310,Multi-minicore disease,D10305,Aladorian sodium (USAN),DG02040,1,RYR1
H01351,Spastic ataxia,D00184,Cyclosporine (USP),,1,(SPAX9)
H01351,Spastic ataxia,D10983,Ruclosporin (USAN/INN),,1,(SPAX9)
H01351,Spastic ataxia,D05480,Pimecrolimus (JAN/USAN/INN),,1,(SPAX9)
H01351,Spastic ataxia,D08556,Tacrolimus (INN),DG00439,1,(SPAX9)
H01351,Spastic ataxia,D09033,Voclosporin (JAN/USAN/INN),,1,(SPAX9)
H01351,Spastic ataxia,D00107,Tacrolimus (USP/INN),DG00439,1,(SPAX9)
H01358,Atopic dermatitis,D06619,Mifamurtide (USAN),,1,NOD2
H01358,Atopic dermatitis,D11385,Inarigivir soproxil (USAN),,1,NOD2
H01358,Atopic dermatitis,D09633,Lebrikizumab (USAN/INN),,1,IL13
H01358,Atopic dermatitis,D08857,Anrukinzumab (USAN),,1,IL13
H01358,Atopic dermatitis,D11598,Romilkimab (USAN/INN),,1,IL13
H01358,Atopic dermatitis,D11503,Tomaralimab (USAN),,1,TLR2
H01358,Atopic dermatitis,D11504,Tilsotolimod (USAN/INN),DG03024,1,TLR9
H01358,Atopic dermatitis,D08841,Agatolimod (USAN),DG01428,1,TLR9
H01358,Atopic dermatitis,D08842,Agatolimod sodium (USAN),DG01428,1,TLR9
H01358,Atopic dermatitis,D12276,Cobitolimod sodium (USAN),DG03213,1,TLR9
H01358,Atopic dermatitis,D12275,Cobitolimod (USAN/INN),DG03213,1,TLR9
H01358,Atopic dermatitis,D11505,Tilsotolimod sodium (USAN),DG03024,1,TLR9
H01359,Anaphylaxis,D12450,Elenestinib (USAN),,1,KIT
H01359,Anaphylaxis,D06285,Vatalanib (USAN/INN),,1,KIT
H01359,Anaphylaxis,D10137,Regorafenib hydrate (JAN),DG00720,1,KIT
H01359,Anaphylaxis,D10138,Regorafenib (USAN/INN),DG00720,1,KIT
H01359,Anaphylaxis,D08953,Nilotinib (USAN/INN),DG00716,1,KIT
H01359,Anaphylaxis,D11279,Avapritinib (USAN/INN),,1,KIT
H01359,Anaphylaxis,D12175,Olverembatinib (USAN/INN),,1,KIT
H01359,Anaphylaxis,D12526,Catequentinib (USAN/INN),DG03258,1,KIT
H01359,Anaphylaxis,D05029,Midostaurin (JAN/USAN/INN),,1,KIT
H01359,Anaphylaxis,D05380,Pazopanib hydrochloride (JAN/USAN),,1,KIT
H01359,Anaphylaxis,D11353,Ripretinib (USAN),,1,KIT
H01359,Anaphylaxis,D06678,Motesanib (USAN),DG01262,1,KIT
H01359,Anaphylaxis,D12540,Briquilimab (USAN/INN),,1,KIT
H01359,Anaphylaxis,D11270,Pexidartinib (USAN/INN),DG02960,1,KIT
H01359,Anaphylaxis,D06272,Sorafenib tosylate (USAN),DG00713,1,KIT
H01360,Allergic rhinitis,D09878,Cenicriviroc (USAN/INN),DG01264,2,CCR2; CCR5
H01360,Allergic rhinitis,D09879,Cenicriviroc mesylate (USAN),DG01264,2,CCR2; CCR5
H01360,Allergic rhinitis,D06297,Vicriviroc maleate (USAN),,1,CCR5
H01360,Allergic rhinitis,D06557,Aplaviroc hydrochloride (USAN),,1,CCR5
H01360,Allergic rhinitis,D11399,Leronlimab (USAN/INN),,1,CCR5
H01360,Allergic rhinitis,D06670,Maraviroc (JAN/INN),,1,CCR5
H01360,Allergic rhinitis,D03210,Ancriviroc (USAN/INN),,1,CCR5
H01360,Allergic rhinitis,D10404,Eldelumab (USAN/INN),,1,CXCL10
H01360,Allergic rhinitis,D09979,Tralokinumab (USAN/INN),,1,IL13
H01360,Allergic rhinitis,D09633,Lebrikizumab (USAN/INN),,1,IL13
H01360,Allergic rhinitis,D08857,Anrukinzumab (USAN),,1,IL13
H01360,Allergic rhinitis,D11598,Romilkimab (USAN/INN),,1,IL13
H01360,Allergic rhinitis,D11997,Ilacirnon (USAN),DG03147,1,CCR2
H01360,Allergic rhinitis,D11998,Ilacirnon sodium (USAN),DG03147,1,CCR2
H01360,Allergic rhinitis,D10972,Plozalizumab (USAN/INN),,1,CCR2
H01361,Eosinophilic esophagitis,D11771,Tezepelumab (USAN/INN),,1,TSLP
H01362,Dermatitis herpetiformis,D04318,Glatiramer acetate (JAN/USAN),,2,HLA-DQA1; HLA-DQB1
H01376,Acrofacial dysostosis,D10172,Teriflunomide (USAN),,1,(POADS)
H01376,Acrofacial dysostosis,D03154,Brequinar sodium (USAN),,1,(POADS)
H01376,Acrofacial dysostosis,D11890,Emvododstat (USAN),,1,(POADS)
H01376,Acrofacial dysostosis,D00749,Leflunomide (JAN/USP/INN),,1,(POADS)
H01381,Antithrombin III deficiency,D11810,Fitusiran sodium (JAN),,1,SERPINC1
H01381,Antithrombin III deficiency,D01844,Fondaparinux sodium (JAN/USP/INN),,1,SERPINC1
H01381,Antithrombin III deficiency,D03674,Enoxaparin sodium (JAN/USP/INN),DG00150,1,SERPINC1
H01381,Antithrombin III deficiency,D02112,Heparin sodium (JP18/USP/INN),DG00150,1,SERPINC1
H01381,Antithrombin III deficiency,D02980,Adomiparin sodium (USAN),DG00150,1,SERPINC1
H01381,Antithrombin III deficiency,D03337,Reviparin sodium (JAN),DG00150,1,SERPINC1
H01381,Antithrombin III deficiency,D03353,Dalteparin sodium (JAN/USP/INN),DG00150,1,SERPINC1
H01381,Antithrombin III deficiency,D03673,Deligoparin sodium (USAN/INN),DG00150,1,SERPINC1
H01381,Antithrombin III deficiency,D08547,Sulodexide (INN),,1,SERPINC1
H01381,Antithrombin III deficiency,D10418,Delparantag pentahydrochloride (USAN),,1,SERPINC1
H01381,Antithrombin III deficiency,D04427,Heparin calcium (JP18),DG00150,1,SERPINC1
H01381,Antithrombin III deficiency,D02956,Anticoagulant heparin (USP),,1,SERPINC1
H01381,Antithrombin III deficiency,D06398,Tinzaparin sodium (USAN),DG00150,1,SERPINC1
H01381,Antithrombin III deficiency,D04977,Parnaparin sodium (JP18),DG00150,1,SERPINC1
H01381,Antithrombin III deficiency,D07510,Adomiparin (USAN),DG00150,1,SERPINC1
H01385,Rienhoff syndrome,D09620,Fresolimumab (USAN/INN),,1,TGFB3
H01387,Activated PI3K-delta syndrome,D11158,Leniolisib (USAN/INN),DG02927,1,PIK3CD
H01387,Activated PI3K-delta syndrome,D11774,Taselisib (USAN/INN),,1,PIK3CD
H01387,Activated PI3K-delta syndrome,D10635,Gedatolisib (USAN/INN),,1,PIK3CD
H01387,Activated PI3K-delta syndrome,D12514,Amdizalisib (USAN/INN),,1,PIK3CD
H01387,Activated PI3K-delta syndrome,D11658,Duvelisib hydrate (JAN),DG03073,1,PIK3CD
H01387,Activated PI3K-delta syndrome,D10797,Copanlisib hydrochloride (USAN),DG01926,1,PIK3CD
H01387,Activated PI3K-delta syndrome,D11354,Nemiralisib succinate (USAN),DG02995,1,PIK3CD
H01387,Activated PI3K-delta syndrome,D11727,Voxtalisib (USAN/INN),,1,PIK3CD
H01387,Activated PI3K-delta syndrome,D11437,Parsaclisib (USAN/INN),DG03025,1,PIK3CD
H01387,Activated PI3K-delta syndrome,D10867,Copanlisib (USAN/INN),DG01926,1,PIK3CD
H01387,Activated PI3K-delta syndrome,D12009,Zandelisib (JAN/USAN/INN),,1,PIK3CD
H01387,Activated PI3K-delta syndrome,D10543,Apitolisib (USAN/INN),,1,PIK3CD
H01387,Activated PI3K-delta syndrome,D11440,Bimiralisib (USAN/INN),,1,PIK3CD
H01387,Activated PI3K-delta syndrome,D10924,Dezapelisib (USAN/INN),,1,PIK3CD
H01387,Activated PI3K-delta syndrome,D10552,Dactolisib (USAN/INN),DG01826,1,PIK3CD
H01391,Familial episodic pain syndrome,D00354,Lamotrigine (JAN/USP/INN),,2,(FEPS2); (HSAN7)
H01391,Familial episodic pain syndrome,D00375,Mephenytoin (USP/INN),,2,(FEPS2); (HSAN7)
H01391,Familial episodic pain syndrome,D02272,Quinidine sulfate (USP),DG00192,2,(FEPS2); (HSAN7)
H01391,Familial episodic pain syndrome,D03492,Cifenline (USAN),DG00209,2,(FEPS2); (HSAN7)
H01391,Familial episodic pain syndrome,D04521,Indecainide hydrochloride (USAN),,2,(FEPS2); (HSAN7)
H01391,Familial episodic pain syndrome,D00739,Pramoxine hydrochloride (USP),DG00300,2,(FEPS2); (HSAN7)
H01391,Familial episodic pain syndrome,D00533,Oxcarbazepine (JAN/USP/INN),,2,(FEPS2); (HSAN7)
H01391,Familial episodic pain syndrome,D01768,Benoxinate hydrochloride (USP),DG00392,2,(FEPS2); (HSAN7)
H01391,Familial episodic pain syndrome,D00538,Zonisamide (JP18/USP/INN),,2,(FEPS2); (HSAN7)
H01391,Familial episodic pain syndrome,D00552,Benzocaine (USP/INN),DG00379,2,(FEPS2); (HSAN7)
H01391,Familial episodic pain syndrome,D08407,Pramocaine (INN),DG00300,2,(FEPS2); (HSAN7)
H01391,Familial episodic pain syndrome,D03991,Encainide hydrochloride (USAN),DG00203,2,(FEPS2); (HSAN7)
H01391,Familial episodic pain syndrome,D08422,Procaine (INN),DG00298,2,(FEPS2); (HSAN7)
H01391,Familial episodic pain syndrome,D07894,Encainide (INN),DG00203,2,(FEPS2); (HSAN7)
H01391,Familial episodic pain syndrome,D00738,Mepivacaine hydrochloride (JP18/USP),DG00802,2,(FEPS2); (HSAN7)
H01395,Autosomal recessive progressive external ophthalmoplegia,D12466,Doxribtimine (USAN/INN),,1,(MTDPS2)
H01395,Autosomal recessive progressive external ophthalmoplegia,D12465,Doxecitine (USAN/INN),,1,(MTDPS2)
H01396,Moyamoya disease,D12516,Zagociguat (USAN/INN),,1,GUCY1A3
H01396,Moyamoya disease,D09572,Riociguat (JAN/USAN/INN),,1,GUCY1A3
H01396,Moyamoya disease,D00517,Amyl nitrite (JP18/USP),,1,GUCY1A3
H01396,Moyamoya disease,D11051,Vericiguat (JAN/USAN/INN),,1,GUCY1A3
H01396,Moyamoya disease,D11274,Praliciguat (USAN/INN),,1,GUCY1A3
H01396,Moyamoya disease,D01810,Nicorandil (JP18/USAN/INN),,1,GUCY1A3
H01396,Moyamoya disease,D11475,Olinciguat (USAN/INN),,1,GUCY1A3
H01396,Moyamoya disease,D07577,Cinaciguat (JAN/INN),,1,GUCY1A3
H01398,Primary hyperammonemia (Urea cycle disorders),D11695,Pegzilarginase (USAN/INN),,1,ARG1
H01398,Primary hyperammonemia (Urea cycle disorders),D11792,Numidargistat (USAN/INN),,1,ARG1
H01398,Primary hyperammonemia (Urea cycle disorders),D07130,Carglumic acid (JAN/USAN/INN),,1,CPS1
H01400,Secondary hyperammonemia,D00653,Dorzolamide hydrochloride (JP18/USP),DG01135,1,CA5A
H01400,Secondary hyperammonemia,D00655,Methazolamide (JAN/USP/INN),,1,CA5A
H01400,Secondary hyperammonemia,D07871,Dorzolamide (INN),DG01135,1,CA5A
H01400,Secondary hyperammonemia,D02441,Ethoxzolamide,,1,CA5A
H01400,Secondary hyperammonemia,D00218,Acetazolamide (JP18/USP/INN),DG01134,1,CA5A
H01400,Secondary hyperammonemia,D00518,Dichlorphenamide (USP),,1,CA5A
H01400,Secondary hyperammonemia,D03845,Sezolamide hydrochloride (USAN),,1,CA5A
H01400,Secondary hyperammonemia,D01196,Acetazolamide sodium (JAN),DG01134,1,CA5A
H01400,Secondary hyperammonemia,D01822,Clofenamide (JAN/INN),,1,CA5A
H01400,Secondary hyperammonemia,D08340,Perhexiline (INN),DG00334,1,CPT2
H01400,Secondary hyperammonemia,D05442,Perhexiline maleate (USAN),DG00334,1,CPT2
H01413,Adams-Oliver syndrome,D11151,Crenigacestat (USAN/INN),,1,NOTCH1
H01413,Adams-Oliver syndrome,D11229,Brontictuzumab (USAN/INN),,1,NOTCH1
H01413,Adams-Oliver syndrome,D11642,Dilpacimab (USAN/INN),,1,DLL4
H01413,Adams-Oliver syndrome,D11126,Navicixizumab (USAN/INN),,1,DLL4
H01413,Adams-Oliver syndrome,D10353,Demcizumab (USAN/INN),,1,DLL4
H01413,Adams-Oliver syndrome,D10460,Enoticumab (USAN/INN),,1,DLL4
H01431,Cushing syndrome,D03584,Colforsin (USAN/INN),DG02877,9,ADCY1; ADCY2; ADCY3; ADCY4; ADCY5; ADCY6; ADCY7; ADCY8; ADCY9
H01431,Cushing syndrome,D01697,Colforsin daropate hydrochloride (JAN),DG02877,9,ADCY1; ADCY2; ADCY3; ADCY4; ADCY5; ADCY6; ADCY7; ADCY8; ADCY9
H01431,Cushing syndrome,D03905,Corticorelin (human) (JAN),DG01167,2,CRHR1; CRHR2
H01431,Cushing syndrome,D03592,Corticorelin ovine triflutate (USAN),DG01167,2,CRHR1; CRHR2
H01431,Cushing syndrome,D03591,Corticorelin acetate (USAN),DG01167,2,CRHR1; CRHR2
H01431,Cushing syndrome,D07425,Papaverine (BAN),DG00043,2,PDE11A; PDE8B
H01431,Cushing syndrome,D06103,Theophylline (USP),DG01061,2,PDE11A; PDE8B
H01431,Cushing syndrome,D01238,Bucladesine sodium (JAN),DG00230,2,PDE11A; PDE8B
H01431,Cushing syndrome,D05429,Aminophylline hydrate (JP18),DG01062,2,PDE11A; PDE8B
H01431,Cushing syndrome,D06104,Theophylline sodium glycinate (USP),DG01061,2,PDE11A; PDE8B
H01431,Cushing syndrome,D06132,Tibenelast sodium (USAN),,2,PDE11A; PDE8B
H01431,Cushing syndrome,D07546,Bucladesine (INN),DG00230,2,PDE11A; PDE8B
H01431,Cushing syndrome,D07961,Flavoxate (INN),DG00477,2,PDE11A; PDE8B
H01431,Cushing syndrome,D00371,Theophylline (JP18),DG01061,2,PDE11A; PDE8B
H01431,Cushing syndrome,D11630,Aminophylline dihydrate,DG01062,2,PDE11A; PDE8B
H01433,Budd-Chiari syndrome,D11768,Pacritinib (USAN/INN),,1,JAK2
H01433,Budd-Chiari syndrome,D09783,Tofacitinib citrate (JAN/USAN),DG00742,1,JAK2
H01433,Budd-Chiari syndrome,D11600,Zotiraciclib citrate (USAN),DG03058,1,JAK2
H01433,Budd-Chiari syndrome,D11599,Zotiraciclib (USAN),DG03058,1,JAK2
H01433,Budd-Chiari syndrome,D10653,Peficitinib (USAN/INN),DG01853,1,JAK2
H01433,Budd-Chiari syndrome,D11677,Gusacitinib hydrochloride (USAN),DG03080,1,JAK2
H01433,Budd-Chiari syndrome,D10365,Gandotinib (USAN/INN),,1,JAK2
H01433,Budd-Chiari syndrome,D11106,Filgotinib maleate (JAN/USAN),DG01991,1,JAK2
H01433,Budd-Chiari syndrome,D11866,Deuruxolitinib (USAN),DG03114,1,JAK2
H01433,Budd-Chiari syndrome,D10630,Fedratinib (USAN/INN),DG02968,1,JAK2
H01433,Budd-Chiari syndrome,D10308,Baricitinib (JAN/USAN/INN),,1,JAK2
H01433,Budd-Chiari syndrome,D09960,Ruxolitinib phosphate (JAN/USAN),DG00719,1,JAK2
H01433,Budd-Chiari syndrome,D12476,Tuspetinib (USAN/INN),,1,JAK2
H01433,Budd-Chiari syndrome,D11676,Gusacitinib (USAN/INN),DG03080,1,JAK2
H01433,Budd-Chiari syndrome,D11296,Fedratinib hydrochloride (USAN),DG02968,1,JAK2
H01434,Atypical hemolytic uremic syndrome,D11613,Pegcetacoplan (JAN/USAN/INN),,1,C3
H01434,Atypical hemolytic uremic syndrome,D12252,Iptacopan hydrochloride (USAN),DG03207,1,CFB
H01434,Atypical hemolytic uremic syndrome,D12251,Iptacopan (USAN/INN),DG03207,1,CFB
H01450,Obsessive-compulsive disorder,D04148,Fenfluramine hydrochloride (JAN/USAN),DG00103,2,HTR2A; SLC6A4
H01450,Obsessive-compulsive disorder,D04788,Lubazodone hydrochloride (USAN),,2,HTR2A; SLC6A4
H01450,Obsessive-compulsive disorder,D00283,Clozapine (JAN/USP/INN),,2,DRD4; HTR2A
H01450,Obsessive-compulsive disorder,D02656,Fananserin (USAN/INN),,2,DRD4; HTR2A
H01450,Obsessive-compulsive disorder,D00454,Olanzapine (JAN/USP/INN),DG00898,2,DRD4; HTR2A
H01450,Obsessive-compulsive disorder,D00820,Trazodone hydrochloride (JAN/USP),DG00952,2,HTR2A; SLC6A4
H01450,Obsessive-compulsive disorder,D07945,Fenfluramine (INN),DG00103,2,HTR2A; SLC6A4
H01450,Obsessive-compulsive disorder,D06623,Olanzapine pamoate (USAN),DG00898,2,DRD4; HTR2A
H01450,Obsessive-compulsive disorder,D08626,Trazodone (INN),DG00952,2,HTR2A; SLC6A4
H01450,Obsessive-compulsive disorder,D05458,Phentermine (USAN/INN),DG00102,2,MAOA; SLC6A4
H01450,Obsessive-compulsive disorder,D05459,Phentermine hydrochloride (USP),DG00102,2,MAOA; SLC6A4
H01450,Obsessive-compulsive disorder,D09977,Temanogrel hydrochloride (USAN),DG01334,1,HTR2A
H01450,Obsessive-compulsive disorder,D07756,Cyamemazine tartrate,DG00872,1,HTR2A
H01450,Obsessive-compulsive disorder,D01548,Mosapramine hydrochloride (JAN),DG00905,1,HTR2A
H01450,Obsessive-compulsive disorder,D08257,Nefazodone (INN),DG00953,1,HTR2A
H01456,Diabetic nephropathy,D03775,Spiraprilat (USAN/INN),,1,ACE
H01456,Diabetic nephropathy,D00362,Lisinopril (USP),DG00336,1,ACE
H01456,Diabetic nephropathy,D06076,Teprotide (USAN/INN),,1,ACE
H01456,Diabetic nephropathy,D04312,Gemopatrilat (USAN/INN),,1,ACE
H01456,Diabetic nephropathy,D08068,Imidapril (INN),DG00347,1,ACE
H01456,Diabetic nephropathy,D01119,Temocapril hydrochloride (JP18/USAN),DG00345,1,ACE
H01456,Diabetic nephropathy,D08529,Spirapril (INN),DG00342,1,ACE
H01456,Diabetic nephropathy,D03440,Ceronapril (USAN/INN),,1,ACE
H01456,Diabetic nephropathy,D01549,Imidapril hydrochloride (JP18),DG00347,1,ACE
H01456,Diabetic nephropathy,D03756,Indolapril hydrochloride (USAN),,1,ACE
H01456,Diabetic nephropathy,D07499,Benazepril (INN),DG00339,1,ACE
H01456,Diabetic nephropathy,D01069,Cilazapril (USAN),DG00340,1,ACE
H01456,Diabetic nephropathy,D03077,Benazeprilat (USAN/INN),,1,ACE
H01456,Diabetic nephropathy,D08566,Temocapril (INN),DG00345,1,ACE
H01456,Diabetic nephropathy,D07781,Delapril (INN),DG00343,1,ACE
H01457,Diabetic retinopathy,D03775,Spiraprilat (USAN/INN),,1,ACE
H01457,Diabetic retinopathy,D00362,Lisinopril (USP),DG00336,1,ACE
H01457,Diabetic retinopathy,D06076,Teprotide (USAN/INN),,1,ACE
H01457,Diabetic retinopathy,D00251,Captopril (JP18/USP/INN),,1,ACE
H01457,Diabetic retinopathy,D04312,Gemopatrilat (USAN/INN),,1,ACE
H01457,Diabetic retinopathy,D08068,Imidapril (INN),DG00347,1,ACE
H01457,Diabetic retinopathy,D01119,Temocapril hydrochloride (JP18/USAN),DG00345,1,ACE
H01457,Diabetic retinopathy,D08529,Spirapril (INN),DG00342,1,ACE
H01457,Diabetic retinopathy,D03440,Ceronapril (USAN/INN),,1,ACE
H01457,Diabetic retinopathy,D01549,Imidapril hydrochloride (JP18),DG00347,1,ACE
H01457,Diabetic retinopathy,D03756,Indolapril hydrochloride (USAN),,1,ACE
H01457,Diabetic retinopathy,D07499,Benazepril (INN),DG00339,1,ACE
H01457,Diabetic retinopathy,D01069,Cilazapril (USAN),DG00340,1,ACE
H01457,Diabetic retinopathy,D03077,Benazeprilat (USAN/INN),,1,ACE
H01457,Diabetic retinopathy,D08566,Temocapril (INN),DG00345,1,ACE
H01459,Diabetic neuropathy,D11244,Vanucizumab (USAN/INN),,1,VEGFA
H01459,Diabetic neuropathy,D11516,Faricimab (USAN/INN),,1,VEGFA
H01459,Diabetic neuropathy,D11890,Emvododstat (USAN),,1,VEGFA
H01459,Diabetic neuropathy,D11126,Navicixizumab (USAN/INN),,1,VEGFA
H01459,Diabetic neuropathy,D05697,Ranibizumab (USAN/INN),,1,VEGFA
H01459,Diabetic neuropathy,D10819,Aflibercept beta (genetical recombination) (JAN),,1,VEGFA
H01459,Diabetic neuropathy,D05386,Pegaptanib sodium (JAN/USAN),,1,VEGFA
H01459,Diabetic neuropathy,D11083,Brolucizumab (USAN/INN),,1,VEGFA
H01459,Diabetic neuropathy,D11642,Dilpacimab (USAN/INN),,1,VEGFA
H01459,Diabetic neuropathy,D08874,Bevasiranib sodium (USAN),,1,VEGFA
H01459,Diabetic neuropathy,D12508,Tarcocimab tedromer (INN),,1,VEGFA
H01459,Diabetic neuropathy,D09574,Aflibercept (USAN/INN),,1,VEGFA
H01459,Diabetic neuropathy,D11517,Abicipar pegol (USAN/INN),,1,VEGFA
H01459,Diabetic neuropathy,D12507,Tarcocimab (INN),,1,VEGFA
H01459,Diabetic neuropathy,D06409,Bevacizumab (USAN),,1,VEGFA
H01463,Mycosis fungoides,D08956,Omacetaxine mepesuccinate (USAN),,1,MYC
H01463,Mycosis fungoides,D08887,Cenersen sodium (USAN),,1,TP53
H01464,Mantle cell lymphoma,D08956,Omacetaxine mepesuccinate (USAN),,1,CCND1
H01464,Mantle cell lymphoma,D08887,Cenersen sodium (USAN),,1,TP53
H01466,Ulcerative colitis,D01583,Pirfenidone (JAN/USAN/INN),,1,IL10
H01468,Eosinophilic granulomatosis with polyangiitis,D02967,Apolizumab (USAN/INN),,2,HLA-DRB1; HLA-DRB4
H01468,Eosinophilic granulomatosis with polyangiitis,D04318,Glatiramer acetate (JAN/USAN),,2,HLA-DRB1; HLA-DRB4
H01468,Eosinophilic granulomatosis with polyangiitis,D01583,Pirfenidone (JAN/USAN/INN),,1,IL10
H01470,Giant cell tumor of bone,D08887,Cenersen sodium (USAN),,1,TP53
H01471,Lymphangioma,D11772,Tesevatinib (USAN/INN),DG03101,1,FLT4
H01471,Lymphangioma,D06285,Vatalanib (USAN/INN),,1,FLT4
H01471,Lymphangioma,D11762,Lucitanib (USAN/INN),,1,FLT4
H01471,Lymphangioma,D11541,Sitravatinib malate (USAN),DG03045,1,FLT4
H01471,Lymphangioma,D10137,Regorafenib hydrate (JAN),DG00720,1,FLT4
H01471,Lymphangioma,D10138,Regorafenib (USAN/INN),DG00720,1,FLT4
H01471,Lymphangioma,D12526,Catequentinib (USAN/INN),DG03258,1,FLT4
H01471,Lymphangioma,D09919,Lenvatinib (USAN/INN),DG01362,1,FLT4
H01471,Lymphangioma,D05380,Pazopanib hydrochloride (JAN/USAN),,1,FLT4
H01471,Lymphangioma,D10481,Nintedanib (USAN/INN),DG01374,1,FLT4
H01471,Lymphangioma,D06678,Motesanib (USAN),DG01262,1,FLT4
H01471,Lymphangioma,D06272,Sorafenib tosylate (USAN),DG00713,1,FLT4
H01471,Lymphangioma,D08947,Motesanib diphosphate (USAN),DG01262,1,FLT4
H01471,Lymphangioma,D08881,Cediranib (USAN/INN),DG01360,1,FLT4
H01471,Lymphangioma,D03218,Axitinib (JAN/USAN),,1,FLT4
H01476,Behcet disease,D04318,Glatiramer acetate (JAN/USAN),,1,HLA-B
H01476,Behcet disease,D01583,Pirfenidone (JAN/USAN/INN),,1,IL10
H01479,Castleman disease,D08976,Pomalidomide (JAN/USAN/INN),,1,IL6
H01479,Castleman disease,D10080,Sirukumab (USAN),,1,IL6
H01479,Castleman disease,D12487,Olokizumab (INN),,1,IL6
H01479,Castleman disease,D01583,Pirfenidone (JAN/USAN/INN),,1,IL6
H01481,Myelodysplastic syndrome,D11834,Vorasidenib (USAN/INN),DG03113,2,IDH1; IDH2
H01481,Myelodysplastic syndrome,D11835,Vorasidenib citrate (USAN),DG03113,2,IDH1; IDH2
H01481,Myelodysplastic syndrome,D11090,Ivosidenib (JAN/USAN/INN),,1,IDH1
H01481,Myelodysplastic syndrome,D12483,Olutasidenib (USAN/INN),,1,IDH1
H01481,Myelodysplastic syndrome,D10901,Enasidenib (USAN/INN),DG02837,1,IDH2
H01481,Myelodysplastic syndrome,D11044,Enasidenib mesylate (USAN),DG02837,1,IDH2
H01481,Myelodysplastic syndrome,D11768,Pacritinib (USAN/INN),,1,JAK2
H01481,Myelodysplastic syndrome,D09783,Tofacitinib citrate (JAN/USAN),DG00742,1,JAK2
H01481,Myelodysplastic syndrome,D11600,Zotiraciclib citrate (USAN),DG03058,1,JAK2
H01481,Myelodysplastic syndrome,D11599,Zotiraciclib (USAN),DG03058,1,JAK2
H01481,Myelodysplastic syndrome,D10653,Peficitinib (USAN/INN),DG01853,1,JAK2
H01481,Myelodysplastic syndrome,D11677,Gusacitinib hydrochloride (USAN),DG03080,1,JAK2
H01481,Myelodysplastic syndrome,D10365,Gandotinib (USAN/INN),,1,JAK2
H01481,Myelodysplastic syndrome,D11106,Filgotinib maleate (JAN/USAN),DG01991,1,JAK2
H01481,Myelodysplastic syndrome,D11866,Deuruxolitinib (USAN),DG03114,1,JAK2
H01482,Infantile hemangioma,D11772,Tesevatinib (USAN/INN),DG03101,1,KDR
H01482,Infantile hemangioma,D06285,Vatalanib (USAN/INN),,1,KDR
H01482,Infantile hemangioma,D11762,Lucitanib (USAN/INN),,1,KDR
H01482,Infantile hemangioma,D11541,Sitravatinib malate (USAN),DG03045,1,KDR
H01482,Infantile hemangioma,D10137,Regorafenib hydrate (JAN),DG00720,1,KDR
H01482,Infantile hemangioma,D10138,Regorafenib (USAN/INN),DG00720,1,KDR
H01482,Infantile hemangioma,D12526,Catequentinib (USAN/INN),DG03258,1,KDR
H01482,Infantile hemangioma,D09589,Brivanib (USAN),DG01373,1,KDR
H01482,Infantile hemangioma,D09919,Lenvatinib (USAN/INN),DG01362,1,KDR
H01482,Infantile hemangioma,D05029,Midostaurin (JAN/USAN/INN),,1,KDR
H01482,Infantile hemangioma,D05380,Pazopanib hydrochloride (JAN/USAN),,1,KDR
H01482,Infantile hemangioma,D11288,Rivoceranib (USAN/INN),DG02966,1,KDR
H01482,Infantile hemangioma,D10481,Nintedanib (USAN/INN),DG01374,1,KDR
H01482,Infantile hemangioma,D06678,Motesanib (USAN),DG01262,1,KDR
H01482,Infantile hemangioma,D09945,Pegdinetanib (USAN/INN),,1,KDR
H01490,Multiple sclerosis,D02967,Apolizumab (USAN/INN),,1,HLA-DRB1
H01490,Multiple sclerosis,D12186,Vudalimab (USAN),,1,(SLEB2)
H01490,Multiple sclerosis,D10574,Pembrolizumab (USAN),,1,(SLEB2)
H01490,Multiple sclerosis,D11820,Balstilimab (USAN/INN),,1,(SLEB2)
H01490,Multiple sclerosis,D11827,Retifanlimab (USAN),,1,(SLEB2)
H01490,Multiple sclerosis,D12347,Volrustomig (USAN),,1,(SLEB2)
H01490,Multiple sclerosis,D10316,Nivolumab (USAN/INN),,1,(SLEB2)
H01490,Multiple sclerosis,D12202,Toripalimab (USAN/INN),,1,(SLEB2)
H01490,Multiple sclerosis,D11108,Cemiplimab (USAN),,1,(SLEB2)
H01490,Multiple sclerosis,D11488,Cetrelimab (USAN/INN),,1,(SLEB2)
H01490,Multiple sclerosis,D11605,Spartalizumab (USAN/INN),,1,(SLEB2)
H01490,Multiple sclerosis,D12190,Cadonilimab (USAN/INN),,1,(SLEB2)
H01490,Multiple sclerosis,D12195,Izuralimab (USAN),,1,(SLEB2)
H01490,Multiple sclerosis,D12231,Peresolimab (USAN),,1,(SLEB2)
H01490,Multiple sclerosis,D11366,Dostarlimab (USAN),,1,(SLEB2)
H01492,Systemic sclerosis,D04318,Glatiramer acetate (JAN/USAN),,5,HLA-DPA1; HLA-DPB1; HLA-DQA1; HLA-DQB1; HLA-DRB1
H01492,Systemic sclerosis,D12370,Lutikizumab (INN),,2,IL1A; IL1B
H01492,Systemic sclerosis,D06635,Rilonacept (USAN/INN),,2,IL1A; IL1B
H01492,Systemic sclerosis,D01583,Pirfenidone (JAN/USAN/INN),,2,IL1A; IL1B
H01492,Systemic sclerosis,D12350,Vilamakitug (USAN),,1,IL1A
H01492,Systemic sclerosis,D11253,Bermekimab (USAN),,1,IL1A
H01492,Systemic sclerosis,D11759,Isunakinra (USAN/INN),,1,IL1R1
H01492,Systemic sclerosis,D02934,Anakinra (USAN/INN),,1,IL1R1
H01492,Systemic sclerosis,D09943,Oxelumab (USAN/INN),,1,TNFSF4
H01492,Systemic sclerosis,D12550,Amlitelimab (USAN/INN),,1,TNFSF4
H01492,Systemic sclerosis,D02967,Apolizumab (USAN/INN),,1,HLA-DRB1
H01492,Systemic sclerosis,D09911,Gevokizumab (USAN/INN),,1,IL1B
H01492,Systemic sclerosis,D09315,Canakinumab (USAN/INN),,1,IL1B
H01502,Sjogren syndrome,D02967,Apolizumab (USAN/INN),,1,HLA-DRB1
H01502,Sjogren syndrome,D04318,Glatiramer acetate (JAN/USAN),,1,HLA-DRB1
H01504,Vogt-Koyanagi-Harada syndrome,D02967,Apolizumab (USAN/INN),,2,HLA-DRB1; HLA-DRB4
H01504,Vogt-Koyanagi-Harada syndrome,D04318,Glatiramer acetate (JAN/USAN),,2,HLA-DRB1; HLA-DRB4
H01507,Seronegative arthritis,D04318,Glatiramer acetate (JAN/USAN),,1,HLA-B
H01508,Salivary gland cancer,D11772,Tesevatinib (USAN/INN),DG03101,2,EGFR; ERBB2
H01508,Salivary gland cancer,D08108,Lapatinib (INN),DG00715,2,EGFR; ERBB2
H01508,Salivary gland cancer,D09724,Afatinib (USAN/INN),DG00717,2,EGFR; ERBB2
H01508,Salivary gland cancer,D12229,Poziotinib (USAN/INN),DG03196,2,EGFR; ERBB2
H01508,Salivary gland cancer,D09690,Varlitinib tosylate (USAN),DG01357,2,EGFR; ERBB2
H01508,Salivary gland cancer,D12230,Poziotinib hydrochloride (USAN),DG03196,2,EGFR; ERBB2
H01508,Salivary gland cancer,D04024,Lapatinib ditosylate (USAN),DG00715,2,EGFR; ERBB2
H01508,Salivary gland cancer,D12457,Tuxobertinib (USAN/INN),,2,EGFR; ERBB2
H01508,Salivary gland cancer,D09733,Afatinib dimaleate (USAN),DG00717,2,EGFR; ERBB2
H01508,Salivary gland cancer,D08950,Neratinib (USAN/INN),DG02303,2,EGFR; ERBB2
H01508,Salivary gland cancer,D03350,Canertinib dihydrochloride (USAN),,2,EGFR; ERBB2
H01508,Salivary gland cancer,D10898,Neratinib maleate,DG02303,2,EGFR; ERBB2
H01508,Salivary gland cancer,D10514,Dacomitinib (USAN),DG01793,2,EGFR; ERBB2
H01508,Salivary gland cancer,D09883,Dacomitinib (INN),DG01793,2,EGFR; ERBB2
H01508,Salivary gland cancer,D11773,Tesevatinib tosylate (USAN),DG03101,2,EGFR; ERBB2
H01509,Tonsillar cancer,D08956,Omacetaxine mepesuccinate (USAN),,1,MYC
H01509,Tonsillar cancer,D10464,Firtecan pegol (USAN/INN),,1,HIF1A
H01510,Malignant paraganglioma,D06678,Motesanib (USAN),DG01262,1,RET
H01510,Malignant paraganglioma,D06407,Vandetanib (JAN/USAN/INN),,1,RET
H01510,Malignant paraganglioma,D06402,Sunitinib malate (JAN/USAN),DG00712,1,RET
H01510,Malignant paraganglioma,D12331,Zeteletinib adipate (USAN),DG03221,1,RET
H01510,Malignant paraganglioma,D08524,Sorafenib (USAN/INN),DG00713,1,RET
H01510,Malignant paraganglioma,D06272,Sorafenib tosylate (USAN),DG00713,1,RET
H01510,Malignant paraganglioma,D10137,Regorafenib hydrate (JAN),DG00720,1,RET
H01510,Malignant paraganglioma,D08947,Motesanib diphosphate (USAN),DG01262,1,RET
H01510,Malignant paraganglioma,D10138,Regorafenib (USAN/INN),DG00720,1,RET
H01510,Malignant paraganglioma,D12354,Pralsetinib hydrate (JAN),DG03223,1,RET
H01510,Malignant paraganglioma,D08552,Sunitinib (INN),DG00712,1,RET
H01510,Malignant paraganglioma,D09920,Lenvatinib mesylate (USAN),DG01362,1,RET
H01510,Malignant paraganglioma,D12330,Zeteletinib (USAN),DG03221,1,RET
H01510,Malignant paraganglioma,D11712,Pralsetinib (USAN/INN),DG03223,1,RET
H01510,Malignant paraganglioma,D09919,Lenvatinib (USAN/INN),DG01362,1,RET
H01511,Mast-cell leukemia,D12450,Elenestinib (USAN),,1,KIT
H01511,Mast-cell leukemia,D06285,Vatalanib (USAN/INN),,1,KIT
H01511,Mast-cell leukemia,D10137,Regorafenib hydrate (JAN),DG00720,1,KIT
H01511,Mast-cell leukemia,D10138,Regorafenib (USAN/INN),DG00720,1,KIT
H01511,Mast-cell leukemia,D08953,Nilotinib (USAN/INN),DG00716,1,KIT
H01511,Mast-cell leukemia,D11279,Avapritinib (USAN/INN),,1,KIT
H01511,Mast-cell leukemia,D12175,Olverembatinib (USAN/INN),,1,KIT
H01511,Mast-cell leukemia,D12526,Catequentinib (USAN/INN),DG03258,1,KIT
H01511,Mast-cell leukemia,D05380,Pazopanib hydrochloride (JAN/USAN),,1,KIT
H01511,Mast-cell leukemia,D11353,Ripretinib (USAN),,1,KIT
H01511,Mast-cell leukemia,D06678,Motesanib (USAN),DG01262,1,KIT
H01511,Mast-cell leukemia,D12540,Briquilimab (USAN/INN),,1,KIT
H01511,Mast-cell leukemia,D11270,Pexidartinib (USAN/INN),DG02960,1,KIT
H01511,Mast-cell leukemia,D06272,Sorafenib tosylate (USAN),DG00713,1,KIT
H01511,Mast-cell leukemia,D11271,Pexidartinib hydrochloride (JAN/USAN),DG02960,1,KIT
H01512,Langerhans cell histiocytosis,D08524,Sorafenib (USAN/INN),DG00713,1,BRAF
H01512,Langerhans cell histiocytosis,D10064,Dabrafenib (USAN),DG00721,1,BRAF
H01512,Langerhans cell histiocytosis,D06272,Sorafenib tosylate (USAN),DG00713,1,BRAF
H01512,Langerhans cell histiocytosis,D10104,Dabrafenib mesylate (USAN),DG00721,1,BRAF
H01512,Langerhans cell histiocytosis,D10137,Regorafenib hydrate (JAN),DG00720,1,BRAF
H01512,Langerhans cell histiocytosis,D10138,Regorafenib (USAN/INN),DG00720,1,BRAF
H01512,Langerhans cell histiocytosis,D09996,Vemurafenib (JAN/USAN/INN),,1,BRAF
H01512,Langerhans cell histiocytosis,D11411,Lifirafenib maleate (USAN),DG03009,1,BRAF
H01512,Langerhans cell histiocytosis,D11410,Lifirafenib (USAN/INN),DG03009,1,BRAF
H01512,Langerhans cell histiocytosis,D12291,Tovorafenib (USAN/INN),,1,BRAF
H01512,Langerhans cell histiocytosis,D11053,Encorafenib (JAN/USAN/INN),,1,BRAF
H01512,Langerhans cell histiocytosis,D10024,Selumetinib sulfate (JAN/USAN),DG01414,1,MAP2K1
H01512,Langerhans cell histiocytosis,D12515,Avutometinib (USAN/INN),DG03255,1,MAP2K1
H01512,Langerhans cell histiocytosis,D12473,Zapnometinib (USAN/INN),,1,MAP2K1
H01512,Langerhans cell histiocytosis,D10604,Binimetinib (JAN/USAN/INN),,1,MAP2K1
H01513,Retinoblastoma,D12399,Sulanemadlin (USAN/INN),,2,MDM2; MDM4
H01513,Retinoblastoma,D11219,Idasanutlin (USAN/INN),,1,MDM2
H01513,Retinoblastoma,D12378,Navtemadlin (USAN/INN),,1,MDM2
H01513,Retinoblastoma,D12418,Siremadlin succinate (USAN),DG03238,1,MDM2
H01513,Retinoblastoma,D12417,Siremadlin (USAN/INN),DG03238,1,MDM2
H01514,Landau-Kleffner syndrome,D12215,Esmethadone hydrochloride (USAN),DG03176,1,GRIN2A
H01514,Landau-Kleffner syndrome,D00536,Felbamate (USPINN),,1,GRIN2A
H01514,Landau-Kleffner syndrome,D03878,Dizocilpine maleate (USAN),,1,GRIN2A
H01514,Landau-Kleffner syndrome,D05453,Phencyclidine hydrochloride (USAN),,1,GRIN2A
H01514,Landau-Kleffner syndrome,D07283,Esketamine (USAN/INN),DG01829,1,GRIN2A
H01514,Landau-Kleffner syndrome,D02102,Methadone hydrochloride (JAN/USP),DG00999,1,GRIN2A
H01514,Landau-Kleffner syndrome,D07306,Budipine (INN),DG00866,1,GRIN2A
H01514,Landau-Kleffner syndrome,D00777,Amantadine hydrochloride (JP18/USP),DG00860,1,GRIN2A
H01514,Landau-Kleffner syndrome,D07589,Budipine hydrochloride,DG00866,1,GRIN2A
H01514,Landau-Kleffner syndrome,D04905,Memantine hydrochloride (JAN/USP),DG00986,1,GRIN2A
H01514,Landau-Kleffner syndrome,D03679,Delucemine hydrochloride (USAN),,1,GRIN2A
H01514,Landau-Kleffner syndrome,D00774,Orphenadrine citrate (USP),DG01252,1,GRIN2A
H01514,Landau-Kleffner syndrome,D11415,Troriluzole hydrochloride (USAN),DG03011,1,GRIN2A
H01514,Landau-Kleffner syndrome,D08596,Tiletamine (INN),DG01380,1,GRIN2A
H01514,Landau-Kleffner syndrome,D08121,Levomethadone (INN),DG01002,1,GRIN2A
H01516,Adult onset Still disease,D02967,Apolizumab (USAN/INN),,1,HLA-DRB1
H01516,Adult onset Still disease,D04318,Glatiramer acetate (JAN/USAN),,1,HLA-DRB1
H01516,Adult onset Still disease,D04487,Iboctadekin (USAN/INN),,1,IL18
H01522,Zollinger-Ellison syndrome,D12419,Ziftomenib (USAN/INN),,1,MEN1
H01529,Avascular necrosis of femoral head,D09018,Tilarginine acetate (USAN),,1,NOS3
H01529,Avascular necrosis of femoral head,D05479,Pimagedine hydrochloride (USAN),,1,NOS3
H01529,Avascular necrosis of femoral head,D11244,Vanucizumab (USAN/INN),,1,VEGFA
H01529,Avascular necrosis of femoral head,D11516,Faricimab (USAN/INN),,1,VEGFA
H01529,Avascular necrosis of femoral head,D11890,Emvododstat (USAN),,1,VEGFA
H01529,Avascular necrosis of femoral head,D11126,Navicixizumab (USAN/INN),,1,VEGFA
H01529,Avascular necrosis of femoral head,D05697,Ranibizumab (USAN/INN),,1,VEGFA
H01529,Avascular necrosis of femoral head,D10819,Aflibercept beta (genetical recombination) (JAN),,1,VEGFA
H01529,Avascular necrosis of femoral head,D05386,Pegaptanib sodium (JAN/USAN),,1,VEGFA
H01529,Avascular necrosis of femoral head,D11083,Brolucizumab (USAN/INN),,1,VEGFA
H01529,Avascular necrosis of femoral head,D11642,Dilpacimab (USAN/INN),,1,VEGFA
H01529,Avascular necrosis of femoral head,D08874,Bevasiranib sodium (USAN),,1,VEGFA
H01529,Avascular necrosis of femoral head,D12508,Tarcocimab tedromer (INN),,1,VEGFA
H01529,Avascular necrosis of femoral head,D09574,Aflibercept (USAN/INN),,1,VEGFA
H01529,Avascular necrosis of femoral head,D11517,Abicipar pegol (USAN/INN),,1,VEGFA
H01548,West Nile fever,D06297,Vicriviroc maleate (USAN),,1,CCR5
H01548,West Nile fever,D06557,Aplaviroc hydrochloride (USAN),,1,CCR5
H01548,West Nile fever,D11399,Leronlimab (USAN/INN),,1,CCR5
H01548,West Nile fever,D09878,Cenicriviroc (USAN/INN),DG01264,1,CCR5
H01548,West Nile fever,D06670,Maraviroc (JAN/INN),,1,CCR5
H01548,West Nile fever,D03210,Ancriviroc (USAN/INN),,1,CCR5
H01548,West Nile fever,D09879,Cenicriviroc mesylate (USAN),DG01264,1,CCR5
H01552,Down syndrome,D11588,Lorecivivint (USAN/INN),,1,(MRD7)
H01554,Fallopian tube cancer,D11772,Tesevatinib (USAN/INN),DG03101,1,ERBB2
H01554,Fallopian tube cancer,D08108,Lapatinib (INN),DG00715,1,ERBB2
H01554,Fallopian tube cancer,D06610,Lapuleucel-T (USAN),,1,ERBB2
H01554,Fallopian tube cancer,D09724,Afatinib (USAN/INN),DG00717,1,ERBB2
H01554,Fallopian tube cancer,D12229,Poziotinib (USAN/INN),DG03196,1,ERBB2
H01554,Fallopian tube cancer,D11141,Tucatinib (USAN/INN),DG03240,1,ERBB2
H01554,Fallopian tube cancer,D03257,Trastuzumab (USAN/INN),,1,ERBB2
H01554,Fallopian tube cancer,D09690,Varlitinib tosylate (USAN),DG01357,1,ERBB2
H01554,Fallopian tube cancer,D12230,Poziotinib hydrochloride (USAN),DG03196,1,ERBB2
H01554,Fallopian tube cancer,D10446,Margetuximab (USAN/INN),,1,ERBB2
H01554,Fallopian tube cancer,D04024,Lapatinib ditosylate (USAN),DG00715,1,ERBB2
H01554,Fallopian tube cancer,D12457,Tuxobertinib (USAN/INN),,1,ERBB2
H01554,Fallopian tube cancer,D09733,Afatinib dimaleate (USAN),DG00717,1,ERBB2
H01554,Fallopian tube cancer,D09980,Trastuzumab emtansine (USAN/INN),,1,ERBB2
H01554,Fallopian tube cancer,D12236,Runimotamab (USAN/INN),,1,ERBB2
H01555,Merkel cell carcinoma,D08887,Cenersen sodium (USAN),,1,TP53
H01556,Meningioma,D06221,Triciribine phosphate (USAN),,1,AKT1
H01556,Meningioma,D10381,Afuresertib (USAN/INN),DG01408,1,AKT1
H01556,Meningioma,D10641,Ipatasertib (USAN/INN),DG02851,1,AKT1
H01556,Meningioma,D11074,Ipatasertib hydrochloride (JAN),DG02851,1,AKT1
H01556,Meningioma,D10674,Uprosertib (USAN/INN),,1,AKT1
H01556,Meningioma,D11508,Miransertib mesylate (USAN),DG03026,1,AKT1
H01556,Meningioma,D11409,Miransertib (USAN/INN),DG03026,1,AKT1
H01556,Meningioma,D10382,Afuresertib hydrochloride (USAN),DG01408,1,AKT1
H01556,Meningioma,D11371,Capivasertib (JAN/USAN),,1,AKT1
H01556,Meningioma,D10671,Taladegib (USAN/INN),,1,SMO
H01556,Meningioma,D10729,Sonidegib phosphate (USAN),DG01854,1,SMO
H01556,Meningioma,D09992,Vismodegib (USAN/INN),,1,SMO
H01556,Meningioma,D10636,Glasdegib (USAN/INN),DG02912,1,SMO
H01556,Meningioma,D10325,Patidegib hydrochloride (USAN),DG01274,1,SMO
H01556,Meningioma,D10324,Patidegib (USAN/INN),DG01274,1,SMO
H01557,Hepatic angiosarcoma,D08917,Ezatiostat hydrochloride (USAN),,1,GSTP1
H01557,Hepatic angiosarcoma,D12055,Sotorasib (JAN/USAN),,1,KRAS
H01557,Hepatic angiosarcoma,D12301,Adagrasib (USAN/INN),,1,KRAS
H01557,Hepatic angiosarcoma,D08887,Cenersen sodium (USAN),,1,TP53
H01558,Parathyroid carcinoma,D06020,Tecalcet hydrochloride (USAN),,1,CASR
H01558,Parathyroid carcinoma,D10676,Etelcalcetide (USAN/INN),DG01856,1,CASR
H01558,Parathyroid carcinoma,D10677,Etelcalcetide hydrochloride (JAN/USAN),DG01856,1,CASR
H01558,Parathyroid carcinoma,D11564,Upacicalcet sodium hydrate (JAN),,1,CASR
H01558,Parathyroid carcinoma,D11063,Evocalcet (JAN/INN),,1,CASR
H01558,Parathyroid carcinoma,D03504,Cinacalcet (USAN),DG00513,1,CASR
H01558,Parathyroid carcinoma,D08991,Ronacaleret hydrochloride (USAN),,1,CASR
H01559,Oropharyngeal cancer,D12259,Aumolertinib mesylate (USAN),DG03209,1,EGFR
H01559,Oropharyngeal cancer,D10958,Naquotinib (USAN/INN),DG03112,1,EGFR
H01559,Oropharyngeal cancer,D11772,Tesevatinib (USAN/INN),DG03101,1,EGFR
H01559,Oropharyngeal cancer,D08108,Lapatinib (INN),DG00715,1,EGFR
H01559,Oropharyngeal cancer,D10439,Imgatuzumab (USAN/INN),,1,EGFR
H01559,Oropharyngeal cancer,D11125,Modotuximab (USAN/INN),,1,EGFR
H01559,Oropharyngeal cancer,D09724,Afatinib (USAN/INN),DG00717,1,EGFR
H01559,Oropharyngeal cancer,D12001,Mobocertinib (USAN/INN),DG03148,1,EGFR
H01559,Oropharyngeal cancer,D12229,Poziotinib (USAN/INN),DG03196,1,EGFR
H01559,Oropharyngeal cancer,D11874,Serclutamab talirine (USAN/INN),,1,EGFR
H01559,Oropharyngeal cancer,D09690,Varlitinib tosylate (USAN),DG01357,1,EGFR
H01559,Oropharyngeal cancer,D05350,Panitumumab (USAN/INN),,1,EGFR
H01559,Oropharyngeal cancer,D11411,Lifirafenib maleate (USAN),DG03009,1,EGFR
H01559,Oropharyngeal cancer,D12230,Poziotinib hydrochloride (USAN),DG03196,1,EGFR
H01559,Oropharyngeal cancer,D04862,Masoprocol (USAN/INN),,1,EGFR
H01563,HIV infection,D09662,Rontalizumab (USAN/INN),,13,IFNA1; IFNA10; IFNA13; IFNA14; IFNA16; IFNA17; IFNA2; IFNA21; IFNA4; IFNA5; IFNA6; IFNA7; IFNA8
H01563,HIV infection,D09668,Sifalimumab (USAN/INN),,13,IFNA1; IFNA10; IFNA13; IFNA14; IFNA16; IFNA17; IFNA2; IFNA21; IFNA4; IFNA5; IFNA6; IFNA7; IFNA8
H01563,HIV infection,D04318,Glatiramer acetate (JAN/USAN),,6,HLA-A; HLA-B; HLA-C; HLA-E; HLA-F; HLA-G
H01563,HIV infection,D00184,Cyclosporine (USP),,5,PPP3CA; PPP3CB; PPP3CC; PPP3R1; PPP3R2
H01563,HIV infection,D10983,Ruclosporin (USAN/INN),,5,PPP3CA; PPP3CB; PPP3CC; PPP3R1; PPP3R2
H01563,HIV infection,D05480,Pimecrolimus (JAN/USAN/INN),,5,PPP3CA; PPP3CB; PPP3CC; PPP3R1; PPP3R2
H01563,HIV infection,D08556,Tacrolimus (INN),DG00439,5,PPP3CA; PPP3CB; PPP3CC; PPP3R1; PPP3R2
H01563,HIV infection,D09033,Voclosporin (JAN/USAN/INN),,5,PPP3CA; PPP3CB; PPP3CC; PPP3R1; PPP3R2
H01563,HIV infection,D00107,Tacrolimus (USP/INN),DG00439,5,PPP3CA; PPP3CB; PPP3CC; PPP3R1; PPP3R2
H01563,HIV infection,D01583,Pirfenidone (JAN/USAN/INN),,3,CCL2; IL10; TNF
H01563,HIV infection,D11158,Leniolisib (USAN/INN),DG02927,3,PIK3CA; PIK3CB; PIK3CD
H01563,HIV infection,D11774,Taselisib (USAN/INN),,3,PIK3CA; PIK3CB; PIK3CD
H01563,HIV infection,D10635,Gedatolisib (USAN/INN),,3,PIK3CA; PIK3CB; PIK3CD
H01563,HIV infection,D11727,Voxtalisib (USAN/INN),,3,PIK3CA; PIK3CB; PIK3CD
H01563,HIV infection,D10543,Apitolisib (USAN/INN),,3,PIK3CA; PIK3CB; PIK3CD
H01570,Autosomal dominant striatal degeneration,D07425,Papaverine (BAN),DG00043,2,PDE10A; PDE8B
H01570,Autosomal dominant striatal degeneration,D06103,Theophylline (USP),DG01061,2,PDE10A; PDE8B
H01570,Autosomal dominant striatal degeneration,D01238,Bucladesine sodium (JAN),DG00230,2,PDE10A; PDE8B
H01570,Autosomal dominant striatal degeneration,D05429,Aminophylline hydrate (JP18),DG01062,2,PDE10A; PDE8B
H01570,Autosomal dominant striatal degeneration,D06104,Theophylline sodium glycinate (USP),DG01061,2,PDE10A; PDE8B
H01570,Autosomal dominant striatal degeneration,D06132,Tibenelast sodium (USAN),,2,PDE10A; PDE8B
H01570,Autosomal dominant striatal degeneration,D07546,Bucladesine (INN),DG00230,2,PDE10A; PDE8B
H01570,Autosomal dominant striatal degeneration,D07961,Flavoxate (INN),DG00477,2,PDE10A; PDE8B
H01570,Autosomal dominant striatal degeneration,D00371,Theophylline (JP18),DG01061,2,PDE10A; PDE8B
H01570,Autosomal dominant striatal degeneration,D11630,Aminophylline dihydrate,DG01062,2,PDE10A; PDE8B
H01570,Autosomal dominant striatal degeneration,D00227,Aminophylline (USP/INN),DG01062,2,PDE10A; PDE8B
H01570,Autosomal dominant striatal degeneration,D08238,Moxaverine hydrochloride,DG00045,2,PDE10A; PDE8B
H01570,Autosomal dominant striatal degeneration,D09822,Theosalicin (JAN),,2,PDE10A; PDE8B
H01570,Autosomal dominant striatal degeneration,D02218,Papaverine hydrochloride (JP18/USP),DG00043,2,PDE10A; PDE8B
H01570,Autosomal dominant striatal degeneration,D01220,Trapidil (JP18/INN),,2,PDE10A; PDE8B
H01573,Zimmermann-Laband syndrome,D03547,Clofilium phosphate (USAN/INN),,1,(ZLS1)
H01574,Familial idiopathic basal ganglia calcification,D06285,Vatalanib (USAN/INN),,1,PDGFRB
H01574,Familial idiopathic basal ganglia calcification,D11541,Sitravatinib malate (USAN),DG03045,1,PDGFRB
H01574,Familial idiopathic basal ganglia calcification,D12002,Seralutinib (USAN/INN),,1,PDGFRB
H01574,Familial idiopathic basal ganglia calcification,D10137,Regorafenib hydrate (JAN),DG00720,1,PDGFRB
H01574,Familial idiopathic basal ganglia calcification,D10138,Regorafenib (USAN/INN),DG00720,1,PDGFRB
H01574,Familial idiopathic basal ganglia calcification,D08953,Nilotinib (USAN/INN),DG00716,1,PDGFRB
H01574,Familial idiopathic basal ganglia calcification,D10423,Ilorasertib (USAN/INN),,1,PDGFRB
H01574,Familial idiopathic basal ganglia calcification,D12526,Catequentinib (USAN/INN),DG03258,1,PDGFRB
H01574,Familial idiopathic basal ganglia calcification,D05029,Midostaurin (JAN/USAN/INN),,1,PDGFRB
H01574,Familial idiopathic basal ganglia calcification,D05380,Pazopanib hydrochloride (JAN/USAN),,1,PDGFRB
H01574,Familial idiopathic basal ganglia calcification,D10481,Nintedanib (USAN/INN),DG01374,1,PDGFRB
H01574,Familial idiopathic basal ganglia calcification,D06678,Motesanib (USAN),DG01262,1,PDGFRB
H01574,Familial idiopathic basal ganglia calcification,D06272,Sorafenib tosylate (USAN),DG00713,1,PDGFRB
H01574,Familial idiopathic basal ganglia calcification,D08947,Motesanib diphosphate (USAN),DG01262,1,PDGFRB
H01574,Familial idiopathic basal ganglia calcification,D10103,Crenolanib besylate (USAN),DG01361,1,PDGFRB
H01577,Essential tremor,D08132,Lisuride (INN),DG00453,1,(ETM1)
H01577,Essential tremor,D00784,Ropinirole hydrochloride (JAN/USP),DG00862,1,(ETM1)
H01577,Essential tremor,D01462,Lisuride maleate (JAN),DG00453,1,(ETM1)
H01577,Essential tremor,D04097,Etilevodopa (USAN/INN),,1,(ETM1)
H01577,Essential tremor,D08489,Ropinirole (USAN/INN),DG00862,1,(ETM1)
H01577,Essential tremor,D07305,Piribedil (INN),,1,(ETM1)
H01577,Essential tremor,D11982,Trazpiroben (USAN/INN),,1,(ETM1)
H01577,Essential tremor,D02676,Oxiperomide (USAN/INN),,1,(ETM1)
H01577,Essential tremor,D03214,Aplindore fumarate (USAN),,1,(ETM1)
H01577,Essential tremor,D09366,Pardoprunox hydrochloride (USAN),DG01324,1,(ETM1)
H01577,Essential tremor,D02612,Thiothixene hydrochloride (USP),DG00895,1,(ETM1)
H01577,Essential tremor,D05682,Quinpirole hydrochloride (USAN),,1,(ETM1)
H01577,Essential tremor,D10355,Aripiprazole cavoxil (USAN),DG00906,1,(ETM1)
H01577,Essential tremor,D07870,Dopamine (INN),DG00213,1,(ETM1)
H01577,Essential tremor,D00559,Pramipexole dihydrochloride (USP),DG00863,1,(ETM1)
H01579,Congenital symmetric circumferential skin creases,D05062,Mivobulin isethionate (USAN),,1,TUBB
H01579,Congenital symmetric circumferential skin creases,D03364,Cantuzumab mertansine (USAN),,1,TUBB
H01579,Congenital symmetric circumferential skin creases,D10454,Cantuzumab ravtansine (USAN/INN),,1,TUBB
H01579,Congenital symmetric circumferential skin creases,D06304,Vindesine (USAN/INN),DG00691,1,TUBB
H01579,Congenital symmetric circumferential skin creases,D12520,Sabizabulin hydrochloride (USAN),DG03253,1,TUBB
H01579,Congenital symmetric circumferential skin creases,D02197,Vincristine sulfate (JP18/USP),DG00690,1,TUBB
H01579,Congenital symmetric circumferential skin creases,D04066,Estramustine (USAN/INN),DG00724,1,TUBB
H01579,Congenital symmetric circumferential skin creases,D10954,Mirvetuximab soravtansine (USAN/INN),,1,TUBB
H01579,Congenital symmetric circumferential skin creases,D11238,Lifastuzumab vedotin (USAN/INN),,1,TUBB
H01579,Congenital symmetric circumferential skin creases,D06308,Vinrosidine sulfate (USAN),,1,TUBB
H01579,Congenital symmetric circumferential skin creases,D01068,Vinblastine sulfate (JP18/USP),DG00689,1,TUBB
H01579,Congenital symmetric circumferential skin creases,D12582,Opadotin (USAN),,1,TUBB
H01579,Congenital symmetric circumferential skin creases,D00491,Paclitaxel (JAN/USP/INN),DG01430,1,TUBB
H01579,Congenital symmetric circumferential skin creases,D10013,Indibulin (USAN/INN),,1,TUBB
H01579,Congenital symmetric circumferential skin creases,D12220,Mecbotamab vedotin,,1,TUBB
H01590,Chronic eosinophilic leukemia,D11541,Sitravatinib malate (USAN),DG03045,1,PDGFRA
H01590,Chronic eosinophilic leukemia,D12002,Seralutinib (USAN/INN),,1,PDGFRA
H01590,Chronic eosinophilic leukemia,D09939,Olaratumab (USAN/INN),,1,PDGFRA
H01590,Chronic eosinophilic leukemia,D10423,Ilorasertib (USAN/INN),,1,PDGFRA
H01590,Chronic eosinophilic leukemia,D08953,Nilotinib (USAN/INN),DG00716,1,PDGFRA
H01590,Chronic eosinophilic leukemia,D11279,Avapritinib (USAN/INN),,1,PDGFRA
H01590,Chronic eosinophilic leukemia,D12526,Catequentinib (USAN/INN),DG03258,1,PDGFRA
H01590,Chronic eosinophilic leukemia,D05029,Midostaurin (JAN/USAN/INN),,1,PDGFRA
H01590,Chronic eosinophilic leukemia,D05380,Pazopanib hydrochloride (JAN/USAN),,1,PDGFRA
H01590,Chronic eosinophilic leukemia,D11353,Ripretinib (USAN),,1,PDGFRA
H01590,Chronic eosinophilic leukemia,D10481,Nintedanib (USAN/INN),DG01374,1,PDGFRA
H01590,Chronic eosinophilic leukemia,D06678,Motesanib (USAN),DG01262,1,PDGFRA
H01590,Chronic eosinophilic leukemia,D08947,Motesanib diphosphate (USAN),DG01262,1,PDGFRA
H01590,Chronic eosinophilic leukemia,D08066,Imatinib (INN),DG00710,1,PDGFRA
H01590,Chronic eosinophilic leukemia,D10103,Crenolanib besylate (USAN),DG01361,1,PDGFRA
H01591,Gastrotintestinal stromal tumor,D08953,Nilotinib (USAN/INN),DG00716,2,KIT; PDGFRA
H01591,Gastrotintestinal stromal tumor,D12526,Catequentinib (USAN/INN),DG03258,2,KIT; PDGFRA
H01591,Gastrotintestinal stromal tumor,D05029,Midostaurin (JAN/USAN/INN),,2,KIT; PDGFRA
H01591,Gastrotintestinal stromal tumor,D05380,Pazopanib hydrochloride (JAN/USAN),,2,KIT; PDGFRA
H01591,Gastrotintestinal stromal tumor,D06678,Motesanib (USAN),DG01262,2,KIT; PDGFRA
H01591,Gastrotintestinal stromal tumor,D08947,Motesanib diphosphate (USAN),DG01262,2,KIT; PDGFRA
H01591,Gastrotintestinal stromal tumor,D08066,Imatinib (INN),DG00710,2,KIT; PDGFRA
H01591,Gastrotintestinal stromal tumor,D08544,Toceranib phosphate (USAN),DG01363,2,KIT; PDGFRA
H01591,Gastrotintestinal stromal tumor,D08503,Toceranib (USAN),DG01363,2,KIT; PDGFRA
H01591,Gastrotintestinal stromal tumor,D12537,Catequentinib hydrochloride (USAN),DG03258,2,KIT; PDGFRA
H01591,Gastrotintestinal stromal tumor,D08552,Sunitinib (INN),DG00712,2,KIT; PDGFRA
H01591,Gastrotintestinal stromal tumor,D12444,Nilotinib hydrochloride dihydrate (JAN),DG00716,2,KIT; PDGFRA
H01591,Gastrotintestinal stromal tumor,D06413,Nilotinib hydrochloride hydrate (JAN),DG00716,2,KIT; PDGFRA
H01591,Gastrotintestinal stromal tumor,D11541,Sitravatinib malate (USAN),DG03045,1,PDGFRA
H01591,Gastrotintestinal stromal tumor,D12002,Seralutinib (USAN/INN),,1,PDGFRA
H01592,Medullary thyroid cancer,D12055,Sotorasib (JAN/USAN),,1,KRAS
H01592,Medullary thyroid cancer,D12301,Adagrasib (USAN/INN),,1,KRAS
H01592,Medullary thyroid cancer,D06678,Motesanib (USAN),DG01262,1,RET
H01592,Medullary thyroid cancer,D06402,Sunitinib malate (JAN/USAN),DG00712,1,RET
H01592,Medullary thyroid cancer,D12331,Zeteletinib adipate (USAN),DG03221,1,RET
H01592,Medullary thyroid cancer,D08524,Sorafenib (USAN/INN),DG00713,1,RET
H01592,Medullary thyroid cancer,D06272,Sorafenib tosylate (USAN),DG00713,1,RET
H01592,Medullary thyroid cancer,D10137,Regorafenib hydrate (JAN),DG00720,1,RET
H01592,Medullary thyroid cancer,D08947,Motesanib diphosphate (USAN),DG01262,1,RET
H01592,Medullary thyroid cancer,D10138,Regorafenib (USAN/INN),DG00720,1,RET
H01592,Medullary thyroid cancer,D12354,Pralsetinib hydrate (JAN),DG03223,1,RET
H01592,Medullary thyroid cancer,D08552,Sunitinib (INN),DG00712,1,RET
H01592,Medullary thyroid cancer,D09920,Lenvatinib mesylate (USAN),DG01362,1,RET
H01592,Medullary thyroid cancer,D12330,Zeteletinib (USAN),DG03221,1,RET
H01592,Medullary thyroid cancer,D09919,Lenvatinib (USAN/INN),DG01362,1,RET
H01593,Osteoporosis,D03287,Elcatonin (JP18/INN),,1,CALCR
H01593,Osteoporosis,D09600,Davalintide (USAN/INN),DG01352,1,CALCR
H01593,Osteoporosis,D09771,Avicatonin (JAN/INN),,1,CALCR
H01593,Osteoporosis,D09601,Davalintide acetate (USAN),DG01352,1,CALCR
H01599,Hypereosinophilic syndrome,D11541,Sitravatinib malate (USAN),DG03045,1,PDGFRA
H01599,Hypereosinophilic syndrome,D12002,Seralutinib (USAN/INN),,1,PDGFRA
H01599,Hypereosinophilic syndrome,D09939,Olaratumab (USAN/INN),,1,PDGFRA
H01599,Hypereosinophilic syndrome,D10423,Ilorasertib (USAN/INN),,1,PDGFRA
H01599,Hypereosinophilic syndrome,D08953,Nilotinib (USAN/INN),DG00716,1,PDGFRA
H01599,Hypereosinophilic syndrome,D11279,Avapritinib (USAN/INN),,1,PDGFRA
H01599,Hypereosinophilic syndrome,D12526,Catequentinib (USAN/INN),DG03258,1,PDGFRA
H01599,Hypereosinophilic syndrome,D05029,Midostaurin (JAN/USAN/INN),,1,PDGFRA
H01599,Hypereosinophilic syndrome,D05380,Pazopanib hydrochloride (JAN/USAN),,1,PDGFRA
H01599,Hypereosinophilic syndrome,D11353,Ripretinib (USAN),,1,PDGFRA
H01599,Hypereosinophilic syndrome,D10481,Nintedanib (USAN/INN),DG01374,1,PDGFRA
H01599,Hypereosinophilic syndrome,D06678,Motesanib (USAN),DG01262,1,PDGFRA
H01599,Hypereosinophilic syndrome,D08947,Motesanib diphosphate (USAN),DG01262,1,PDGFRA
H01599,Hypereosinophilic syndrome,D08066,Imatinib (INN),DG00710,1,PDGFRA
H01599,Hypereosinophilic syndrome,D10103,Crenolanib besylate (USAN),DG01361,1,PDGFRA
H01600,Parkinsonian syndrome,D11420,Prasinezumab (USAN/INN),,1,SNCA
H01600,Parkinsonian syndrome,D11467,Cinpanemab (USAN),,1,SNCA
H01601,Anaplastic large-cell lymphoma,D10450,Alectinib hydrochloride (JAN),DG01625,1,ALK
H01601,Anaplastic large-cell lymphoma,D11012,Lorlatinib (JAN/USAN/INN),,1,ALK
H01601,Anaplastic large-cell lymphoma,D11356,Ensartinib hydrochloride (USAN),DG02996,1,ALK
H01601,Anaplastic large-cell lymphoma,D11346,Ensartinib (USAN),DG02996,1,ALK
H01601,Anaplastic large-cell lymphoma,D11454,Repotrectinib (USAN),,1,ALK
H01601,Anaplastic large-cell lymphoma,D10926,Entrectinib (JAN/USAN/INN),,1,ALK
H01601,Anaplastic large-cell lymphoma,D10866,Brigatinib (JAN/USAN),,1,ALK
H01601,Anaplastic large-cell lymphoma,D10542,Alectinib (USAN/INN),DG01625,1,ALK
H01601,Anaplastic large-cell lymphoma,D10551,Ceritinib (JAN/USAN/INN),,1,ALK
H01603,Primary aldosteronism,D00631,Bepridil hydrochloride (USAN),DG00333,4,ATP1A1; CACNA1D; CACNA1H; KCNJ5
H01603,Primary aldosteronism,D07520,Bepridil (INN),DG00333,4,ATP1A1; CACNA1D; CACNA1H; KCNJ5
H01603,Primary aldosteronism,D04789,Lubeluzole (USAN/INN),,3,CALM1; CALM2; CALM3
H01603,Primary aldosteronism,D05024,Mibefradil dihydrochloride (USAN),DG00328,2,CACNA1D; CACNA1H
H01603,Primary aldosteronism,D08217,Mibefradil (INN),DG00328,2,CACNA1D; CACNA1H
H01603,Primary aldosteronism,D03914,Dronedarone hydrochloride (USP),DG00207,2,CACNA1D; KCNJ5
H01603,Primary aldosteronism,D02537,Dronedarone (INN),DG00207,2,CACNA1D; KCNJ5
H01603,Primary aldosteronism,D07556,beta-Acetyldigoxin,,1,ATP1A1
H01603,Primary aldosteronism,D01972,Lanatoside C (JAN/INN),,1,ATP1A1
H01603,Primary aldosteronism,D00112,G-Strophanthin (JAN),,1,ATP1A1
H01603,Primary aldosteronism,D00297,Digitoxin (JAN/USP/INN),,1,ATP1A1
H01603,Primary aldosteronism,D07555,Acetyldigoxin,,1,ATP1A1
H01603,Primary aldosteronism,D01379,Proscillaridin (JAN/USAN/INN),,1,ATP1A1
H01603,Primary aldosteronism,D07147,Gitoformate (INN),,1,ATP1A1
H01603,Primary aldosteronism,D02587,Metildigoxin (JP18),DG00191,1,ATP1A1
H01605,Myelofibrosis,D09783,Tofacitinib citrate (JAN/USAN),DG00742,1,JAK2
H01605,Myelofibrosis,D11600,Zotiraciclib citrate (USAN),DG03058,1,JAK2
H01605,Myelofibrosis,D11599,Zotiraciclib (USAN),DG03058,1,JAK2
H01605,Myelofibrosis,D10653,Peficitinib (USAN/INN),DG01853,1,JAK2
H01605,Myelofibrosis,D11677,Gusacitinib hydrochloride (USAN),DG03080,1,JAK2
H01605,Myelofibrosis,D10365,Gandotinib (USAN/INN),,1,JAK2
H01605,Myelofibrosis,D11106,Filgotinib maleate (JAN/USAN),DG01991,1,JAK2
H01605,Myelofibrosis,D11866,Deuruxolitinib (USAN),DG03114,1,JAK2
H01605,Myelofibrosis,D10630,Fedratinib (USAN/INN),DG02968,1,JAK2
H01605,Myelofibrosis,D10308,Baricitinib (JAN/USAN/INN),,1,JAK2
H01605,Myelofibrosis,D12476,Tuspetinib (USAN/INN),,1,JAK2
H01605,Myelofibrosis,D11676,Gusacitinib (USAN/INN),DG03080,1,JAK2
H01605,Myelofibrosis,D11046,Delgocitinib (JAN/USAN/INN),,1,JAK2
H01605,Myelofibrosis,D10721,Peficitinib hydrobromide (JAN/USAN),DG01853,1,JAK2
H01605,Myelofibrosis,D12545,Tinengotinib (USAN/INN),,1,JAK2
H01611,Alcohol dependence,D01548,Mosapramine hydrochloride (JAN),DG00905,2,DRD2; HTR2A
H01611,Alcohol dependence,D02666,Iloperidone (USAN/INN),,2,DRD2; HTR2A
H01611,Alcohol dependence,D10495,Zicronapine succinate (USAN),DG01539,2,DRD2; HTR2A
H01611,Alcohol dependence,D09819,Chlorpromazine tannate (JAN),DG00867,2,DRD2; HTR2A
H01611,Alcohol dependence,D10355,Aripiprazole cavoxil (USAN),DG00906,2,DRD2; HTR2A
H01611,Alcohol dependence,D02340,Loxapine (USAN/INN),DG00897,2,DRD2; HTR2A
H01611,Alcohol dependence,D08456,Quetiapine (INN),DG00899,2,DRD2; HTR2A
H01611,Alcohol dependence,D09876,Cariprazine hydrochloride (JAN/USAN),DG01305,2,DRD2; HTR2A
H01611,Alcohol dependence,D02675,Ocaperidone (USAN),,2,DRD2; HTR2A
H01611,Alcohol dependence,D05340,Paliperidone palmitate (JAN/USAN),DG00907,2,DRD2; HTR2A
H01611,Alcohol dependence,D00795,Mesoridazine besylate (USP),DG00883,2,DRD2; HTR2A
H01611,Alcohol dependence,D02680,Pipotiazine palmitate (USAN),DG00884,2,DRD2; HTR2A
H01611,Alcohol dependence,D00794,Loxapine succinate (USP),DG00897,2,DRD2; HTR2A
H01611,Alcohol dependence,D03274,Chlorpromazine hibenzate (JAN),DG00867,2,DRD2; HTR2A
H01611,Alcohol dependence,D01477,Opipramol hydrochloride (JAN/USAN),DG00930,2,DRD2; HTR2A
H01612,Essential thrombocythemia,D11768,Pacritinib (USAN/INN),,1,JAK2
H01612,Essential thrombocythemia,D09783,Tofacitinib citrate (JAN/USAN),DG00742,1,JAK2
H01612,Essential thrombocythemia,D11600,Zotiraciclib citrate (USAN),DG03058,1,JAK2
H01612,Essential thrombocythemia,D11599,Zotiraciclib (USAN),DG03058,1,JAK2
H01612,Essential thrombocythemia,D10653,Peficitinib (USAN/INN),DG01853,1,JAK2
H01612,Essential thrombocythemia,D11677,Gusacitinib hydrochloride (USAN),DG03080,1,JAK2
H01612,Essential thrombocythemia,D10365,Gandotinib (USAN/INN),,1,JAK2
H01612,Essential thrombocythemia,D11106,Filgotinib maleate (JAN/USAN),DG01991,1,JAK2
H01612,Essential thrombocythemia,D11866,Deuruxolitinib (USAN),DG03114,1,JAK2
H01612,Essential thrombocythemia,D10630,Fedratinib (USAN/INN),DG02968,1,JAK2
H01612,Essential thrombocythemia,D10308,Baricitinib (JAN/USAN/INN),,1,JAK2
H01612,Essential thrombocythemia,D09960,Ruxolitinib phosphate (JAN/USAN),DG00719,1,JAK2
H01612,Essential thrombocythemia,D12476,Tuspetinib (USAN/INN),,1,JAK2
H01612,Essential thrombocythemia,D11676,Gusacitinib (USAN/INN),DG03080,1,JAK2
H01612,Essential thrombocythemia,D11296,Fedratinib hydrochloride (USAN),DG02968,1,JAK2
H01613,Follicular lymphoma,D12394,Inobrodib (USAN),,2,CREBBP; EP300
H01613,Follicular lymphoma,D10679,Venetoclax (JAN/USAN/INN),,1,BCL2
H01613,Follicular lymphoma,D08954,Obatoclax mesylate (USAN),,1,BCL2
H01613,Follicular lymphoma,D05216,Oblimersen sodium (USAN),DG00728,1,BCL2
H01613,Follicular lymphoma,D08290,Oblimersen (INN),DG00728,1,BCL2
H01613,Follicular lymphoma,D11662,Valemetostat tosilate (JAN),DG03075,1,EZH2
H01613,Follicular lymphoma,D11551,Valemetostat (INN),DG03075,1,EZH2
H01613,Follicular lymphoma,D11444,Tazemetostat (USAN/INN),DG03020,1,EZH2
H01615,Irritable bowel syndrome,D10976,Recanaclotide (USAN/INN),,1,(DIAR6)
H01615,Irritable bowel syndrome,D11233,Dolcanatide (USAN/INN),,1,(DIAR6)
H01615,Irritable bowel syndrome,D06612,Linaclotide acetate (USAN),DG00079,1,(DIAR6)
H01619,Primary pulmonary hypertension,D03779,Dibotermin alfa (USAN/INN),,1,BMPR2
H01621,Pulmonary arterial hypertension,D03779,Dibotermin alfa (USAN/INN),,1,BMPR2
H01621,Pulmonary arterial hypertension,D10106,Dalantercept (USAN),,1,ACVRL1
H01621,Pulmonary arterial hypertension,D11709,Ascrinvacumab (USAN/INN),,1,ACVRL1
H01633,High blood pressure,D00386,Triamterene (JP18/USP/INN),,3,(LIDLS1); (LIDLS2); (PHA1A)
H01633,High blood pressure,D07447,Amiloride (INN),DG00275,2,(LIDLS1); (LIDLS2)
H01633,High blood pressure,D12346,Idrevloride (USAN),,2,(LIDLS1); (LIDLS2)
H01633,High blood pressure,D00649,Amiloride hydrochloride (USP),DG00275,2,(LIDLS1); (LIDLS2)
H01633,High blood pressure,D11061,Osilodrostat (USAN/INN),DG02839,1,CYP11B2
H01633,High blood pressure,D11062,Osilodrostat phosphate (JAN/USAN),DG02839,1,CYP11B2
H01633,High blood pressure,D11667,Miricorilant (USAN/INN),,1,(PHA1A)
H01633,High blood pressure,D03917,Drospirenone (JAN/USP/INN),,1,(PHA1A)
H01633,High blood pressure,D03698,Desoxycorticosterone acetate (USP),DG00507,1,(PHA1A)
H01633,High blood pressure,D03699,Desoxycorticosterone pivalate (USP),DG00507,1,(PHA1A)
H01633,High blood pressure,D10528,Aldosterone (INN),,1,(PHA1A)
H01633,High blood pressure,D01943,Canrenoate potassium (USAN),,1,(PHA1A)
H01633,High blood pressure,D10633,Finerenone (JAN/USAN/INN),,1,(PHA1A)
H01633,High blood pressure,D05640,Prorenoate potassium (USAN/INN),,1,(PHA1A)
H01633,High blood pressure,D05020,Mexrenoate potassium (USAN),,1,(PHA1A)
H01635,Hyperlipidemia,D03747,Ibrolipim (USAN/INN),,1,(FCHL3)
H01635,Hyperlipidemia,D03343,Dextran sulfate sodium sulfur 5 (JP18),DG00180,1,(FCHL3)
H01635,Hyperlipidemia,D10843,Alipogene tiparvovec (INN),,1,(FCHL3)
H01635,Hyperlipidemia,D05255,Omega-3-acid ethyl esters (USP),,1,(FCHL3)
H01635,Hyperlipidemia,D02047,Dextran sulfate sodium (JAN),DG00180,1,(FCHL3)
H01635,Hyperlipidemia,D04268,Elastase ES,,1,(FCHL3)
H01646,Major depressive disorder,D09973,Telotristat (USAN/INN),DG02809,1,TPH2
H01646,Major depressive disorder,D09974,Telotristat ethyl (USAN),DG02809,1,TPH2
H01646,Major depressive disorder,D09975,Telotristat etiprate (USAN),DG02809,1,TPH2
H01646,Major depressive disorder,D09977,Temanogrel hydrochloride (USAN),DG01334,1,HTR2A
H01646,Major depressive disorder,D07756,Cyamemazine tartrate,DG00872,1,HTR2A
H01646,Major depressive disorder,D01548,Mosapramine hydrochloride (JAN),DG00905,1,HTR2A
H01646,Major depressive disorder,D04148,Fenfluramine hydrochloride (JAN/USAN),DG00103,1,HTR2A
H01646,Major depressive disorder,D08257,Nefazodone (INN),DG00953,1,HTR2A
H01646,Major depressive disorder,D02666,Iloperidone (USAN/INN),,1,HTR2A
H01646,Major depressive disorder,D10495,Zicronapine succinate (USAN),DG01539,1,HTR2A
H01646,Major depressive disorder,D09819,Chlorpromazine tannate (JAN),DG00867,1,HTR2A
H01646,Major depressive disorder,D07700,Cinitapride (INN),DG01520,1,HTR2A
H01646,Major depressive disorder,D10355,Aripiprazole cavoxil (USAN),DG00906,1,HTR2A
H01646,Major depressive disorder,D04055,Esmirtazapine maleate (USAN),,1,HTR2A
H01646,Major depressive disorder,D02340,Loxapine (USAN/INN),DG00897,1,HTR2A
H01649,Schizophrenia,D10355,Aripiprazole cavoxil (USAN),DG00906,2,(ETM1); HTR2A
H01649,Schizophrenia,D01176,Blonanserin (JAN/INN),,2,(ETM1); HTR2A
H01649,Schizophrenia,D06221,Triciribine phosphate (USAN),,1,AKT1
H01649,Schizophrenia,D10381,Afuresertib (USAN/INN),DG01408,1,AKT1
H01649,Schizophrenia,D10641,Ipatasertib (USAN/INN),DG02851,1,AKT1
H01649,Schizophrenia,D11074,Ipatasertib hydrochloride (JAN),DG02851,1,AKT1
H01649,Schizophrenia,D10674,Uprosertib (USAN/INN),,1,AKT1
H01649,Schizophrenia,D11508,Miransertib mesylate (USAN),DG03026,1,AKT1
H01649,Schizophrenia,D11409,Miransertib (USAN/INN),DG03026,1,AKT1
H01649,Schizophrenia,D10382,Afuresertib hydrochloride (USAN),DG01408,1,AKT1
H01649,Schizophrenia,D11371,Capivasertib (JAN/USAN),,1,AKT1
H01649,Schizophrenia,D09977,Temanogrel hydrochloride (USAN),DG01334,1,HTR2A
H01649,Schizophrenia,D07756,Cyamemazine tartrate,DG00872,1,HTR2A
H01649,Schizophrenia,D01548,Mosapramine hydrochloride (JAN),DG00905,1,HTR2A
H01649,Schizophrenia,D04148,Fenfluramine hydrochloride (JAN/USAN),DG00103,1,HTR2A
H01656,Psoriasis,D04318,Glatiramer acetate (JAN/USAN),,1,HLA-C
H01666,Angiosarcoma,D12055,Sotorasib (JAN/USAN),,1,KRAS
H01666,Angiosarcoma,D12301,Adagrasib (USAN/INN),,1,KRAS
H01667,Medulloblastoma,D11219,Idasanutlin (USAN/INN),,1,MDM2
H01667,Medulloblastoma,D12378,Navtemadlin (USAN/INN),,1,MDM2
H01667,Medulloblastoma,D12418,Siremadlin succinate (USAN),DG03238,1,MDM2
H01667,Medulloblastoma,D12399,Sulanemadlin (USAN/INN),,1,MDM2
H01667,Medulloblastoma,D12417,Siremadlin (USAN/INN),DG03238,1,MDM2
H01667,Medulloblastoma,D09630,Imetelstat sodium (USAN),,1,TERT
H01667,Medulloblastoma,D09629,Imetelstat (USAN/INN),,1,TERT
H01667,Medulloblastoma,D08956,Omacetaxine mepesuccinate (USAN),,1,MYC
H01667,Medulloblastoma,D12445,Foscenvivint (JAN/INN),,1,CTNNB1
H01667,Medulloblastoma,D10671,Taladegib (USAN/INN),,1,SMO
H01667,Medulloblastoma,D10729,Sonidegib phosphate (USAN),DG01854,1,SMO
H01667,Medulloblastoma,D09992,Vismodegib (USAN/INN),,1,SMO
H01667,Medulloblastoma,D10636,Glasdegib (USAN/INN),DG02912,1,SMO
H01667,Medulloblastoma,D10325,Patidegib hydrochloride (USAN),DG01274,1,SMO
H01667,Medulloblastoma,D10324,Patidegib (USAN/INN),DG01274,1,SMO
H01671,Neurosis,D08132,Lisuride (INN),DG00453,1,DRD4
H01671,Neurosis,D00784,Ropinirole hydrochloride (JAN/USP),DG00862,1,DRD4
H01671,Neurosis,D01462,Lisuride maleate (JAN),DG00453,1,DRD4
H01671,Neurosis,D04097,Etilevodopa (USAN/INN),,1,DRD4
H01671,Neurosis,D08489,Ropinirole (USAN/INN),DG00862,1,DRD4
H01671,Neurosis,D02676,Oxiperomide (USAN/INN),,1,DRD4
H01671,Neurosis,D07870,Dopamine (INN),DG00213,1,DRD4
H01671,Neurosis,D05891,Sonepiprazole mesylate (USAN),,1,DRD4
H01671,Neurosis,D00559,Pramipexole dihydrochloride (USP),DG00863,1,DRD4
H01671,Neurosis,D09886,Dexpramipexole (USAN/INN),DG01331,1,DRD4
H01671,Neurosis,D00059,Levodopa (JP18/USP/INN),,1,DRD4
H01671,Neurosis,D11839,Foslevodopa (JAN/USAN/INN),,1,DRD4
H01671,Neurosis,D03891,Dopexamine (USAN/INN),DG00222,1,DRD4
H01671,Neurosis,D00633,Dopamine hydrochloride (JP18/USP),DG00213,1,DRD4
H01671,Neurosis,D09887,Dexpramipexole dihydrochloride (USAN),DG01331,1,DRD4
H01672,Juvenile idiopathic arthritis,D08976,Pomalidomide (JAN/USAN/INN),,1,IL6
H01672,Juvenile idiopathic arthritis,D10080,Sirukumab (USAN),,1,IL6
H01672,Juvenile idiopathic arthritis,D09669,Siltuximab (USAN/INN),,1,IL6
H01672,Juvenile idiopathic arthritis,D12487,Olokizumab (INN),,1,IL6
H01672,Juvenile idiopathic arthritis,D01583,Pirfenidone (JAN/USAN/INN),,1,IL6
H01674,Ankylosing spondylitis,D04318,Glatiramer acetate (JAN/USAN),,1,HLA-B
H01682,Syndrome of inappropriate antidiuretic hormone secretion,D02983,Argipressin tannate (USAN),,1,AVPR2
H01682,Syndrome of inappropriate antidiuretic hormone secretion,D00366,Lypressin (USAN/INN),,1,AVPR2
H01682,Syndrome of inappropriate antidiuretic hormone secretion,D11659,Tolvaptan sodium phosphate (JAN),DG03074,1,AVPR2
H01682,Syndrome of inappropriate antidiuretic hormone secretion,D09820,Vasopressin tannate (JAN),DG00496,1,AVPR2
H01682,Syndrome of inappropriate antidiuretic hormone secretion,D01855,Mozavaptane hydrochloride (JAN),,1,AVPR2
H01682,Syndrome of inappropriate antidiuretic hormone secretion,D04752,Lixivaptan (USAN/INN),,1,AVPR2
H01682,Syndrome of inappropriate antidiuretic hormone secretion,D01236,Conivaptan hydrochloride (JAN/USAN),DG00276,1,AVPR2
H01682,Syndrome of inappropriate antidiuretic hormone secretion,D07227,Ornipressin (INN),,1,AVPR2
H01682,Syndrome of inappropriate antidiuretic hormone secretion,D08571,Terlipressin acetate (JAN),DG00498,1,AVPR2
H01682,Syndrome of inappropriate antidiuretic hormone secretion,D01213,Tolvaptan (JAN/USAN/INN),DG03074,1,AVPR2
H01682,Syndrome of inappropriate antidiuretic hormone secretion,D00291,Desmopressin (INN),DG00497,1,AVPR2
H01682,Syndrome of inappropriate antidiuretic hormone secretion,D07748,Conivaptan (INN),DG00276,1,AVPR2
H01682,Syndrome of inappropriate antidiuretic hormone secretion,D06672,Terlipressin (USAN/INN),DG00498,1,AVPR2
H01682,Syndrome of inappropriate antidiuretic hormone secretion,D00101,Vasopressin (JP18/USP),DG00496,1,AVPR2
H01682,Syndrome of inappropriate antidiuretic hormone secretion,D02235,Desmopressin acetate (USP),DG00497,1,AVPR2
H01683,Disorders of antidiuretic hormone (ADH) secretion,D02983,Argipressin tannate (USAN),,1,AVPR2
H01683,Disorders of antidiuretic hormone (ADH) secretion,D00366,Lypressin (USAN/INN),,1,AVPR2
H01683,Disorders of antidiuretic hormone (ADH) secretion,D11659,Tolvaptan sodium phosphate (JAN),DG03074,1,AVPR2
H01683,Disorders of antidiuretic hormone (ADH) secretion,D09820,Vasopressin tannate (JAN),DG00496,1,AVPR2
H01683,Disorders of antidiuretic hormone (ADH) secretion,D01855,Mozavaptane hydrochloride (JAN),,1,AVPR2
H01683,Disorders of antidiuretic hormone (ADH) secretion,D04752,Lixivaptan (USAN/INN),,1,AVPR2
H01683,Disorders of antidiuretic hormone (ADH) secretion,D01236,Conivaptan hydrochloride (JAN/USAN),DG00276,1,AVPR2
H01683,Disorders of antidiuretic hormone (ADH) secretion,D07227,Ornipressin (INN),,1,AVPR2
H01683,Disorders of antidiuretic hormone (ADH) secretion,D08571,Terlipressin acetate (JAN),DG00498,1,AVPR2
H01683,Disorders of antidiuretic hormone (ADH) secretion,D01213,Tolvaptan (JAN/USAN/INN),DG03074,1,AVPR2
H01683,Disorders of antidiuretic hormone (ADH) secretion,D00291,Desmopressin (INN),DG00497,1,AVPR2
H01683,Disorders of antidiuretic hormone (ADH) secretion,D07748,Conivaptan (INN),DG00276,1,AVPR2
H01683,Disorders of antidiuretic hormone (ADH) secretion,D06672,Terlipressin (USAN/INN),DG00498,1,AVPR2
H01683,Disorders of antidiuretic hormone (ADH) secretion,D00101,Vasopressin (JP18/USP),DG00496,1,AVPR2
H01683,Disorders of antidiuretic hormone (ADH) secretion,D02235,Desmopressin acetate (USP),DG00497,1,AVPR2
H01694,Stevens-Johnson syndrome,D04318,Glatiramer acetate (JAN/USAN),,2,HLA-A; HLA-B
H01698,Giant cell arteritis,D02967,Apolizumab (USAN/INN),,1,HLA-DRB1
H01698,Giant cell arteritis,D04318,Glatiramer acetate (JAN/USAN),,1,HLA-DRB1
H01700,Hypopituitarism,D10594,Rovatirelin hydrate (JAN),,1,TRHR
H01700,Hypopituitarism,D00176,Protirelin (JP18/USAN/INN),DG01171,1,TRHR
H01700,Hypopituitarism,D02007,Protirelin tartrate hydrate (JP18),DG01171,1,TRHR
H01700,Hypopituitarism,D01925,Taltirelin hydrate (JP18),,1,TRHR
H01700,Hypopituitarism,D09845,Montirelin hydrate (JAN),DG01347,1,TRHR
H01700,Hypopituitarism,D02588,Montirelin (INN),DG01347,1,TRHR
H01700,Hypopituitarism,D06120,Thyrotropin alfa (USAN/INN),,1,TRHR
H01702,Glucocorticoid resistance syndrome,D03541,Clocortolone acetate (USAN),DG00416,1,NR3C1
H01702,Glucocorticoid resistance syndrome,D04467,Hydrocortisone hemisuccinate (USP),DG00012,1,NR3C1
H01702,Glucocorticoid resistance syndrome,D00324,Flunisolide (JAN/USP),DG01040,1,NR3C1
H01702,Glucocorticoid resistance syndrome,D06315,Fluticasone furoate (JAN/USAN/INN),DG00420,1,NR3C1
H01702,Glucocorticoid resistance syndrome,D07717,Clobetasone (INN),DG00411,1,NR3C1
H01702,Glucocorticoid resistance syndrome,D01387,Amcinonide (JAN/USP/INN),,1,NR3C1
H01702,Glucocorticoid resistance syndrome,D11665,Exicorilant (USAN/INN),,1,NR3C1
H01702,Glucocorticoid resistance syndrome,D01308,Halcinonide (JAN/USP/INN),,1,NR3C1
H01702,Glucocorticoid resistance syndrome,D06161,Tipredane (USAN),,1,NR3C1
H01702,Glucocorticoid resistance syndrome,D07116,Alclometasone (INN),DG00415,1,NR3C1
H01702,Glucocorticoid resistance syndrome,D01266,Difluprednate (JAN/USAN/INN),,1,NR3C1
H01702,Glucocorticoid resistance syndrome,D01442,Hydrocortisone succinate (JP18),DG00012,1,NR3C1
H01702,Glucocorticoid resistance syndrome,D08429,Proligestone (INN),,1,NR3C1
H01702,Glucocorticoid resistance syndrome,D01273,Clobetasone butyrate (JAN/USAN),DG00411,1,NR3C1
H01702,Glucocorticoid resistance syndrome,D00982,Prednisolone tebutate (JAN/USP),DG00093,1,NR3C1
H01703,Eating Disorders,D06342,Xorphanol mesylate (USAN),,1,OPRD1
H01703,Eating Disorders,D08246,Nalbuphine (INN),DG00822,1,OPRD1
H01703,Eating Disorders,D00847,Oxycodone hydrochloride (USP),DG00813,1,OPRD1
H01703,Eating Disorders,D05007,Metkephamid acetate (USAN),,1,OPRD1
H01703,Eating Disorders,D06189,Tonazocine mesylate (USAN),,1,OPRD1
H01703,Eating Disorders,D03783,Oxycodone terephthalate (USP),DG00813,1,OPRD1
H01703,Eating Disorders,D08144,Loperamide (INN),DG00092,1,OPRD1
H01703,Eating Disorders,D07937,Etorphine (INN),,1,OPRD1
H01703,Eating Disorders,D05113,Naltrexone (USAN/INN),DG00997,1,OPRD1
H01703,Eating Disorders,D08101,Ketobemidone hydrochloride,DG00815,1,OPRD1
H01703,Eating Disorders,D02095,Naltrexone hydrochloride (USP),DG00997,1,OPRD1
H01703,Eating Disorders,D05667,Quadazocine mesylate (USAN),,1,OPRD1
H01703,Eating Disorders,D08100,Ketobemidone (INN),DG00815,1,OPRD1
H01703,Eating Disorders,D02238,Levallorphan tartrate (JP18),,1,OPRD1
H01703,Eating Disorders,D07113,Loperamide oxide (INN),DG00092,1,OPRD1
H01705,Bilateral sudden sensorineural hearing loss,D09569,Ezogabine (USAN),,1,(DFNA2A)
H01705,Bilateral sudden sensorineural hearing loss,D04192,Flindokalner (USAN/INN),,1,(DFNA2A)
H01709,Glucocorticoid-induced osteonecrosis,D11244,Vanucizumab (USAN/INN),,1,VEGFA
H01709,Glucocorticoid-induced osteonecrosis,D11516,Faricimab (USAN/INN),,1,VEGFA
H01709,Glucocorticoid-induced osteonecrosis,D11890,Emvododstat (USAN),,1,VEGFA
H01709,Glucocorticoid-induced osteonecrosis,D11126,Navicixizumab (USAN/INN),,1,VEGFA
H01709,Glucocorticoid-induced osteonecrosis,D05697,Ranibizumab (USAN/INN),,1,VEGFA
H01709,Glucocorticoid-induced osteonecrosis,D10819,Aflibercept beta (genetical recombination) (JAN),,1,VEGFA
H01709,Glucocorticoid-induced osteonecrosis,D05386,Pegaptanib sodium (JAN/USAN),,1,VEGFA
H01709,Glucocorticoid-induced osteonecrosis,D11083,Brolucizumab (USAN/INN),,1,VEGFA
H01709,Glucocorticoid-induced osteonecrosis,D11642,Dilpacimab (USAN/INN),,1,VEGFA
H01709,Glucocorticoid-induced osteonecrosis,D08874,Bevasiranib sodium (USAN),,1,VEGFA
H01709,Glucocorticoid-induced osteonecrosis,D12508,Tarcocimab tedromer (INN),,1,VEGFA
H01709,Glucocorticoid-induced osteonecrosis,D09574,Aflibercept (USAN/INN),,1,VEGFA
H01709,Glucocorticoid-induced osteonecrosis,D11517,Abicipar pegol (USAN/INN),,1,VEGFA
H01709,Glucocorticoid-induced osteonecrosis,D12507,Tarcocimab (INN),,1,VEGFA
H01709,Glucocorticoid-induced osteonecrosis,D06409,Bevacizumab (USAN),,1,VEGFA
H01713,Diffuse panbronchiolitis,D04318,Glatiramer acetate (JAN/USAN),,2,HLA-A; HLA-B
H01714,Chronic obstructive pulmonary disease (COPD),D11965,alpha 1-Antitrypsin,,1,SERPINA1
H01714,Chronic obstructive pulmonary disease (COPD),D05922,Stannsoporfin (USAN/INN),,1,HMOX1
H01714,Chronic obstructive pulmonary disease (COPD),D03800,Rebimastat (USAN/INN),,1,MMP1
H01714,Chronic obstructive pulmonary disease (COPD),D03802,Tanomastat (USAN/INN),,1,MMP1
H01714,Chronic obstructive pulmonary disease (COPD),D03517,Cipemastat (USAN/INN),,1,MMP1
H01714,Chronic obstructive pulmonary disease (COPD),D03795,Marimastat (USAN/INN),,1,MMP1
H01714,Chronic obstructive pulmonary disease (COPD),D11020,Diclofenac etalhyaluronate sodium (JAN),DG02959,1,MMP1
H01723,Deep vein thrombosis,D11810,Fitusiran sodium (JAN),,1,SERPINC1
H01723,Deep vein thrombosis,D01844,Fondaparinux sodium (JAN/USP/INN),,1,SERPINC1
H01723,Deep vein thrombosis,D03674,Enoxaparin sodium (JAN/USP/INN),DG00150,1,SERPINC1
H01723,Deep vein thrombosis,D02112,Heparin sodium (JP18/USP/INN),DG00150,1,SERPINC1
H01723,Deep vein thrombosis,D02980,Adomiparin sodium (USAN),DG00150,1,SERPINC1
H01723,Deep vein thrombosis,D03337,Reviparin sodium (JAN),DG00150,1,SERPINC1
H01723,Deep vein thrombosis,D03673,Deligoparin sodium (USAN/INN),DG00150,1,SERPINC1
H01723,Deep vein thrombosis,D08547,Sulodexide (INN),,1,SERPINC1
H01723,Deep vein thrombosis,D10418,Delparantag pentahydrochloride (USAN),,1,SERPINC1
H01723,Deep vein thrombosis,D04427,Heparin calcium (JP18),DG00150,1,SERPINC1
H01723,Deep vein thrombosis,D02956,Anticoagulant heparin (USP),,1,SERPINC1
H01723,Deep vein thrombosis,D06398,Tinzaparin sodium (USAN),DG00150,1,SERPINC1
H01723,Deep vein thrombosis,D04977,Parnaparin sodium (JP18),DG00150,1,SERPINC1
H01723,Deep vein thrombosis,D07510,Adomiparin (USAN),DG00150,1,SERPINC1
H01723,Deep vein thrombosis,D03644,Danaparoid sodium (JAN/USAN),,1,SERPINC1
H01730,Myocardial infarction,D04690,Lenercept (USAN/INN),,1,(LPRS4)
H01730,Myocardial infarction,D00742,Etanercept (USAN/INN),,1,(LPRS4)
H01730,Myocardial infarction,D10187,Pateclizumab (USAN),,1,(LPRS4)
H01730,Myocardial infarction,D11829,Fluoroestradiol F18,,1,ESR1
H01730,Myocardial infarction,D08409,Prasterone (USAN/INN),DG00141,1,ESR1
H01730,Myocardial infarction,D01265,Epitiostanol (JAN/INN),,1,ESR1
H01730,Myocardial infarction,D07121,Alfatradiol (INN),,1,ESR1
H01730,Myocardial infarction,D08910,Enclomiphene (USAN),DG01992,1,ESR1
H01730,Myocardial infarction,D12049,Camizestrant (JAN/USAN),,1,ESR1
H01730,Myocardial infarction,D04061,Estradiol acetate (USAN),DG00462,1,ESR1
H01730,Myocardial infarction,D01617,Estradiol dipropionate (JAN),DG00462,1,ESR1
H01730,Myocardial infarction,D01989,Estriol diacetate benzoate (JAN),DG00463,1,ESR1
H01730,Myocardial infarction,D06551,Afimoxifene (USAN/INN),,1,ESR1
H01730,Myocardial infarction,D07221,Promestriene (INN),,1,ESR1
H01730,Myocardial infarction,D00898,Dienestrol (USP/INN),,1,ESR1
H01738,Noonan syndrome,D08524,Sorafenib (USAN/INN),DG00713,2,BRAF; RAF1
H01738,Noonan syndrome,D06272,Sorafenib tosylate (USAN),DG00713,2,BRAF; RAF1
H01738,Noonan syndrome,D10137,Regorafenib hydrate (JAN),DG00720,2,BRAF; RAF1
H01738,Noonan syndrome,D10138,Regorafenib (USAN/INN),DG00720,2,BRAF; RAF1
H01738,Noonan syndrome,D12291,Tovorafenib (USAN/INN),,2,BRAF; RAF1
H01738,Noonan syndrome,D10064,Dabrafenib (USAN),DG00721,1,BRAF
H01738,Noonan syndrome,D10104,Dabrafenib mesylate (USAN),DG00721,1,BRAF
H01738,Noonan syndrome,D09996,Vemurafenib (JAN/USAN/INN),,1,BRAF
H01738,Noonan syndrome,D11411,Lifirafenib maleate (USAN),DG03009,1,BRAF
H01738,Noonan syndrome,D11410,Lifirafenib (USAN/INN),DG03009,1,BRAF
H01738,Noonan syndrome,D11053,Encorafenib (JAN/USAN/INN),,1,BRAF
H01738,Noonan syndrome,D12055,Sotorasib (JAN/USAN),,1,KRAS
H01738,Noonan syndrome,D12301,Adagrasib (USAN/INN),,1,KRAS
H01738,Noonan syndrome,D12060,Temuterkib mesylate (USAN),DG03154,1,MAPK1
H01738,Noonan syndrome,D11285,Ravoxertinib (USAN/INN),,1,MAPK1
H01740,Macrothrombocytopenia,D06649,Tadocizumab (USAN),,2,ITGA2B; ITGB3
H01740,Macrothrombocytopenia,D05834,Sibrafiban (USAN/INN),,2,ITGA2B; ITGB3
H01740,Macrothrombocytopenia,D04659,Lamifiban (USAN/INN),DG01420,2,ITGA2B; ITGB3
H01740,Macrothrombocytopenia,D05267,Orbofiban acetate (USAN),,2,ITGA2B; ITGB3
H01740,Macrothrombocytopenia,D05772,Roxifiban acetate (USAN),,2,ITGA2B; ITGB3
H01740,Macrothrombocytopenia,D06888,Eptifibatide (INN),,2,ITGA2B; ITGB3
H01740,Macrothrombocytopenia,D08607,Tirofiban (INN),DG00159,2,ITGA2B; ITGB3
H01740,Macrothrombocytopenia,D12163,Zalunfiban acetate (USAN),DG03167,2,ITGA2B; ITGB3
H01740,Macrothrombocytopenia,D04785,Lotrafiban hydrochloride (USAN),,2,ITGA2B; ITGB3
H01740,Macrothrombocytopenia,D01029,Tirofiban hydrochloride (USAN),DG00159,2,ITGA2B; ITGB3
H01740,Macrothrombocytopenia,D12051,Zalunfiban (USAN),DG03167,2,ITGA2B; ITGB3
H01740,Macrothrombocytopenia,D02778,Abciximab (USAN/INN),,2,ITGA2B; ITGB3
H01740,Macrothrombocytopenia,D06335,Xemilofiban hydrochloride (USAN),,2,ITGA2B; ITGB3
H01740,Macrothrombocytopenia,D04660,Lamifiban hydrochloride (USAN),DG01420,2,ITGA2B; ITGB3
H01740,Macrothrombocytopenia,D03971,Elarofiban (USAN),,2,ITGA2B; ITGB3
H01741,Autoinflammation lipodystrophy and dermatosis syndrome,D12512,Zetomipzomib (USAN/INN),DG03252,1,PSMB8
H01741,Autoinflammation lipodystrophy and dermatosis syndrome,D12513,Zetomipzomib maleate (USAN),DG03252,1,PSMB8
H01742,Coronary artery disease,D03797,Prinomastat (USAN/INN),,1,MMP3
H01742,Coronary artery disease,D03795,Marimastat (USAN/INN),,1,MMP3
H01745,Cardiofaciocutaneous syndrome,D10024,Selumetinib sulfate (JAN/USAN),DG01414,2,MAP2K1; MAP2K2
H01745,Cardiofaciocutaneous syndrome,D12515,Avutometinib (USAN/INN),DG03255,2,MAP2K1; MAP2K2
H01745,Cardiofaciocutaneous syndrome,D12473,Zapnometinib (USAN/INN),,2,MAP2K1; MAP2K2
H01745,Cardiofaciocutaneous syndrome,D10604,Binimetinib (JAN/USAN/INN),,2,MAP2K1; MAP2K2
H01745,Cardiofaciocutaneous syndrome,D10615,Cobimetinib fumarate (USAN),DG01825,2,MAP2K1; MAP2K2
H01745,Cardiofaciocutaneous syndrome,D10176,Trametinib dimethyl sulfoxide (JAN/USAN),DG00723,2,MAP2K1; MAP2K2
H01745,Cardiofaciocutaneous syndrome,D10426,Pimasertib (USAN/INN),DG01410,2,MAP2K1; MAP2K2
H01745,Cardiofaciocutaneous syndrome,D10405,Cobimetinib (USAN/INN),DG01825,2,MAP2K1; MAP2K2
H01745,Cardiofaciocutaneous syndrome,D12534,Avutometinib potassium (USAN),DG03255,2,MAP2K1; MAP2K2
H01745,Cardiofaciocutaneous syndrome,D10175,Trametinib (USAN),DG00723,2,MAP2K1; MAP2K2
H01745,Cardiofaciocutaneous syndrome,D09666,Selumetinib (USAN/INN),DG01414,2,MAP2K1; MAP2K2
H01745,Cardiofaciocutaneous syndrome,D10486,Pimasertib hydrochloride (USAN),DG01410,2,MAP2K1; MAP2K2
H01745,Cardiofaciocutaneous syndrome,D11675,Mirdametinib (USAN),,2,MAP2K1; MAP2K2
H01745,Cardiofaciocutaneous syndrome,D08524,Sorafenib (USAN/INN),DG00713,1,BRAF
H01745,Cardiofaciocutaneous syndrome,D10064,Dabrafenib (USAN),DG00721,1,BRAF
H01749,Achondroplasia,D10481,Nintedanib (USAN/INN),DG01374,1,FGFR3
H01749,Achondroplasia,D11417,Pemigatinib (JAN/USAN/INN),,1,FGFR3
H01749,Achondroplasia,D10927,Erdafitinib (JAN/USAN/INN),,1,FGFR3
H01749,Achondroplasia,D11611,Infigratinib phosphate (USAN),DG03062,1,FGFR3
H01749,Achondroplasia,D12284,Recifercept (USAN/INN),,1,FGFR3
H01749,Achondroplasia,D12537,Catequentinib hydrochloride (USAN),DG03258,1,FGFR3
H01749,Achondroplasia,D09920,Lenvatinib mesylate (USAN),DG01362,1,FGFR3
H01749,Achondroplasia,D12526,Catequentinib (USAN/INN),DG03258,1,FGFR3
H01749,Achondroplasia,D05716,Repifermin (USAN/INN),,1,FGFR3
H01749,Achondroplasia,D10396,Nintedanib esylate (USAN),DG01374,1,FGFR3
H01749,Achondroplasia,D11461,Derazantinib hydrochloride (USAN),,1,FGFR3
H01749,Achondroplasia,D09919,Lenvatinib (USAN/INN),DG01362,1,FGFR3
H01749,Achondroplasia,D11445,Vofatamab (USAN),,1,FGFR3
H01749,Achondroplasia,D12405,Tasurgratinib succinate (JAN),DG03234,1,FGFR3
H01749,Achondroplasia,D12404,Tasurgratinib (INN),DG03234,1,FGFR3
H01750,Thanatophoric dysplasia,D10481,Nintedanib (USAN/INN),DG01374,1,FGFR3
H01750,Thanatophoric dysplasia,D11417,Pemigatinib (JAN/USAN/INN),,1,FGFR3
H01750,Thanatophoric dysplasia,D10927,Erdafitinib (JAN/USAN/INN),,1,FGFR3
H01750,Thanatophoric dysplasia,D11611,Infigratinib phosphate (USAN),DG03062,1,FGFR3
H01750,Thanatophoric dysplasia,D12284,Recifercept (USAN/INN),,1,FGFR3
H01750,Thanatophoric dysplasia,D12537,Catequentinib hydrochloride (USAN),DG03258,1,FGFR3
H01750,Thanatophoric dysplasia,D09920,Lenvatinib mesylate (USAN),DG01362,1,FGFR3
H01750,Thanatophoric dysplasia,D12526,Catequentinib (USAN/INN),DG03258,1,FGFR3
H01750,Thanatophoric dysplasia,D05716,Repifermin (USAN/INN),,1,FGFR3
H01750,Thanatophoric dysplasia,D10396,Nintedanib esylate (USAN),DG01374,1,FGFR3
H01750,Thanatophoric dysplasia,D11461,Derazantinib hydrochloride (USAN),,1,FGFR3
H01750,Thanatophoric dysplasia,D09919,Lenvatinib (USAN/INN),DG01362,1,FGFR3
H01750,Thanatophoric dysplasia,D11445,Vofatamab (USAN),,1,FGFR3
H01750,Thanatophoric dysplasia,D12405,Tasurgratinib succinate (JAN),DG03234,1,FGFR3
H01750,Thanatophoric dysplasia,D12404,Tasurgratinib (INN),DG03234,1,FGFR3
H01751,Weaver syndrome,D11662,Valemetostat tosilate (JAN),DG03075,1,EZH2
H01751,Weaver syndrome,D11551,Valemetostat (INN),DG03075,1,EZH2
H01751,Weaver syndrome,D11485,Tazemetostat hydrobromide (JAN/USAN),DG03020,1,EZH2
H01751,Weaver syndrome,D11444,Tazemetostat (USAN/INN),DG03020,1,EZH2
H01753,Antley-Bixler syndrome,D11762,Lucitanib (USAN/INN),,1,FGFR2
H01753,Antley-Bixler syndrome,D12526,Catequentinib (USAN/INN),DG03258,1,FGFR2
H01753,Antley-Bixler syndrome,D05716,Repifermin (USAN/INN),,1,FGFR2
H01753,Antley-Bixler syndrome,D09919,Lenvatinib (USAN/INN),DG01362,1,FGFR2
H01753,Antley-Bixler syndrome,D11589,Infigratinib (USAN/INN),DG03062,1,FGFR2
H01753,Antley-Bixler syndrome,D10481,Nintedanib (USAN/INN),DG01374,1,FGFR2
H01753,Antley-Bixler syndrome,D11417,Pemigatinib (JAN/USAN/INN),,1,FGFR2
H01753,Antley-Bixler syndrome,D11611,Infigratinib phosphate (USAN),DG03062,1,FGFR2
H01753,Antley-Bixler syndrome,D09920,Lenvatinib mesylate (USAN),DG01362,1,FGFR2
H01753,Antley-Bixler syndrome,D12456,Lirafugratinib hydrochloride (USAN),DG03245,1,FGFR2
H01753,Antley-Bixler syndrome,D11461,Derazantinib hydrochloride (USAN),,1,FGFR2
H01753,Antley-Bixler syndrome,D12405,Tasurgratinib succinate (JAN),DG03234,1,FGFR2
H01753,Antley-Bixler syndrome,D12455,Lirafugratinib (USAN),DG03245,1,FGFR2
H01753,Antley-Bixler syndrome,D10927,Erdafitinib (JAN/USAN/INN),,1,FGFR2
H01753,Antley-Bixler syndrome,D12537,Catequentinib hydrochloride (USAN),DG03258,1,FGFR2
H01754,Crouzon syndrome,D12526,Catequentinib (USAN/INN),DG03258,2,FGFR2; FGFR3
H01754,Crouzon syndrome,D05716,Repifermin (USAN/INN),,2,FGFR2; FGFR3
H01754,Crouzon syndrome,D09919,Lenvatinib (USAN/INN),DG01362,2,FGFR2; FGFR3
H01754,Crouzon syndrome,D11589,Infigratinib (USAN/INN),DG03062,2,FGFR2; FGFR3
H01754,Crouzon syndrome,D10481,Nintedanib (USAN/INN),DG01374,2,FGFR2; FGFR3
H01754,Crouzon syndrome,D11417,Pemigatinib (JAN/USAN/INN),,2,FGFR2; FGFR3
H01754,Crouzon syndrome,D11611,Infigratinib phosphate (USAN),DG03062,2,FGFR2; FGFR3
H01754,Crouzon syndrome,D09920,Lenvatinib mesylate (USAN),DG01362,2,FGFR2; FGFR3
H01754,Crouzon syndrome,D11461,Derazantinib hydrochloride (USAN),,2,FGFR2; FGFR3
H01754,Crouzon syndrome,D12405,Tasurgratinib succinate (JAN),DG03234,2,FGFR2; FGFR3
H01754,Crouzon syndrome,D10927,Erdafitinib (JAN/USAN/INN),,2,FGFR2; FGFR3
H01754,Crouzon syndrome,D12537,Catequentinib hydrochloride (USAN),DG03258,2,FGFR2; FGFR3
H01754,Crouzon syndrome,D12545,Tinengotinib (USAN/INN),,2,FGFR2; FGFR3
H01754,Crouzon syndrome,D12404,Tasurgratinib (INN),DG03234,2,FGFR2; FGFR3
H01754,Crouzon syndrome,D10396,Nintedanib esylate (USAN),DG01374,2,FGFR2; FGFR3
H01755,Apert syndrome,D11762,Lucitanib (USAN/INN),,1,FGFR2
H01755,Apert syndrome,D12526,Catequentinib (USAN/INN),DG03258,1,FGFR2
H01755,Apert syndrome,D05716,Repifermin (USAN/INN),,1,FGFR2
H01755,Apert syndrome,D09919,Lenvatinib (USAN/INN),DG01362,1,FGFR2
H01755,Apert syndrome,D11589,Infigratinib (USAN/INN),DG03062,1,FGFR2
H01755,Apert syndrome,D10481,Nintedanib (USAN/INN),DG01374,1,FGFR2
H01755,Apert syndrome,D11417,Pemigatinib (JAN/USAN/INN),,1,FGFR2
H01755,Apert syndrome,D11611,Infigratinib phosphate (USAN),DG03062,1,FGFR2
H01755,Apert syndrome,D09920,Lenvatinib mesylate (USAN),DG01362,1,FGFR2
H01755,Apert syndrome,D12456,Lirafugratinib hydrochloride (USAN),DG03245,1,FGFR2
H01755,Apert syndrome,D11461,Derazantinib hydrochloride (USAN),,1,FGFR2
H01755,Apert syndrome,D12405,Tasurgratinib succinate (JAN),DG03234,1,FGFR2
H01755,Apert syndrome,D12455,Lirafugratinib (USAN),DG03245,1,FGFR2
H01755,Apert syndrome,D10927,Erdafitinib (JAN/USAN/INN),,1,FGFR2
H01755,Apert syndrome,D12537,Catequentinib hydrochloride (USAN),DG03258,1,FGFR2
H01756,Pfeiffer syndrome,D11762,Lucitanib (USAN/INN),,2,FGFR1; FGFR2
H01756,Pfeiffer syndrome,D12526,Catequentinib (USAN/INN),DG03258,2,FGFR1; FGFR2
H01756,Pfeiffer syndrome,D05716,Repifermin (USAN/INN),,2,FGFR1; FGFR2
H01756,Pfeiffer syndrome,D09919,Lenvatinib (USAN/INN),DG01362,2,FGFR1; FGFR2
H01756,Pfeiffer syndrome,D11589,Infigratinib (USAN/INN),DG03062,2,FGFR1; FGFR2
H01756,Pfeiffer syndrome,D10481,Nintedanib (USAN/INN),DG01374,2,FGFR1; FGFR2
H01756,Pfeiffer syndrome,D11417,Pemigatinib (JAN/USAN/INN),,2,FGFR1; FGFR2
H01756,Pfeiffer syndrome,D11611,Infigratinib phosphate (USAN),DG03062,2,FGFR1; FGFR2
H01756,Pfeiffer syndrome,D09920,Lenvatinib mesylate (USAN),DG01362,2,FGFR1; FGFR2
H01756,Pfeiffer syndrome,D11461,Derazantinib hydrochloride (USAN),,2,FGFR1; FGFR2
H01756,Pfeiffer syndrome,D12405,Tasurgratinib succinate (JAN),DG03234,2,FGFR1; FGFR2
H01756,Pfeiffer syndrome,D12537,Catequentinib hydrochloride (USAN),DG03258,2,FGFR1; FGFR2
H01756,Pfeiffer syndrome,D12545,Tinengotinib (USAN/INN),,2,FGFR1; FGFR2
H01756,Pfeiffer syndrome,D12404,Tasurgratinib (INN),DG03234,2,FGFR1; FGFR2
H01756,Pfeiffer syndrome,D10396,Nintedanib esylate (USAN),DG01374,2,FGFR1; FGFR2
H01757,Cerebral autosomal recessive arteriopathy with subcortical …,D12379,Galegenimab (USAN/INN),,1,(ARMD7)
H01760,Hepatic glycogen storage disease,D04537,Ingliforib (USAN/INN),,1,PYGL
H01762,Muscle glycogen storage disease,D04537,Ingliforib (USAN/INN),,1,PYGM
H01762,Muscle glycogen storage disease,D11744,Avalglucosidase alfa (USAN/INN),,1,GAA
H01762,Muscle glycogen storage disease,D00625,Miglitol (JP18/USAN/INN),,1,GAA
H01762,Muscle glycogen storage disease,D11798,Cipaglucosidase alfa (USAN),,1,GAA
H01762,Muscle glycogen storage disease,D03207,Alglucosidase alfa (USAN/INN),,1,GAA
H01762,Muscle glycogen storage disease,D09606,Duvoglustat hydrochloride (USAN),DG01280,1,GAA
H01762,Muscle glycogen storage disease,D09605,Duvoglustat (USAN/INN),DG01280,1,GAA
H01762,Muscle glycogen storage disease,D11828,Clervonafusp alfa (USAN/INN),,1,GAA
H01762,Muscle glycogen storage disease,D01665,Voglibose (JP18/USAN/INN),,1,GAA
H01762,Muscle glycogen storage disease,D00216,Acarbose (JAN/USAN/INN),,1,GAA
H01762,Muscle glycogen storage disease,D09779,Emiglitate (JAN/INN),,1,GAA
H01774,Hyperostosis corticalis generalisata,D10094,Blosozumab (USAN),,1,SOST
H01774,Hyperostosis corticalis generalisata,D10156,Romosozumab (USAN),,1,SOST
H01780,Non-dystrophic myotonia,D00354,Lamotrigine (JAN/USP/INN),,1,(HYPP
H01780,Non-dystrophic myotonia,D00375,Mephenytoin (USP/INN),,1,(HYPP
H01780,Non-dystrophic myotonia,D02272,Quinidine sulfate (USP),DG00192,1,(HYPP
H01780,Non-dystrophic myotonia,D03492,Cifenline (USAN),DG00209,1,(HYPP
H01780,Non-dystrophic myotonia,D04521,Indecainide hydrochloride (USAN),,1,(HYPP
H01780,Non-dystrophic myotonia,D00739,Pramoxine hydrochloride (USP),DG00300,1,(HYPP
H01780,Non-dystrophic myotonia,D00533,Oxcarbazepine (JAN/USP/INN),,1,(HYPP
H01780,Non-dystrophic myotonia,D01768,Benoxinate hydrochloride (USP),DG00392,1,(HYPP
H01780,Non-dystrophic myotonia,D00538,Zonisamide (JP18/USP/INN),,1,(HYPP
H01780,Non-dystrophic myotonia,D00552,Benzocaine (USP/INN),DG00379,1,(HYPP
H01780,Non-dystrophic myotonia,D08407,Pramocaine (INN),DG00300,1,(HYPP
H01780,Non-dystrophic myotonia,D03991,Encainide hydrochloride (USAN),DG00203,1,(HYPP
H01780,Non-dystrophic myotonia,D08422,Procaine (INN),DG00298,1,(HYPP
H01780,Non-dystrophic myotonia,D07894,Encainide (INN),DG00203,1,(HYPP
H01780,Non-dystrophic myotonia,D00738,Mepivacaine hydrochloride (JP18/USP),DG00802,1,(HYPP
H01784,Primary hyperchylomicronemia,D03747,Ibrolipim (USAN/INN),,1,(FCHL3)
H01784,Primary hyperchylomicronemia,D03343,Dextran sulfate sodium sulfur 5 (JP18),DG00180,1,(FCHL3)
H01784,Primary hyperchylomicronemia,D10843,Alipogene tiparvovec (INN),,1,(FCHL3)
H01784,Primary hyperchylomicronemia,D05255,Omega-3-acid ethyl esters (USP),,1,(FCHL3)
H01784,Primary hyperchylomicronemia,D02047,Dextran sulfate sodium (JAN),DG00180,1,(FCHL3)
H01784,Primary hyperchylomicronemia,D04268,Elastase ES,,1,(FCHL3)
H01807,Hereditary diffuse leukoencephalopathy with spheroids,D09635,Linifanib (USAN/INN),,1,CSF1R
H01807,Hereditary diffuse leukoencephalopathy with spheroids,D06402,Sunitinib malate (JAN/USAN),DG00712,1,CSF1R
H01807,Hereditary diffuse leukoencephalopathy with spheroids,D11379,Edicotinib hydrochloride (USAN),DG03000,1,CSF1R
H01807,Hereditary diffuse leukoencephalopathy with spheroids,D11270,Pexidartinib (USAN/INN),DG02960,1,CSF1R
H01807,Hereditary diffuse leukoencephalopathy with spheroids,D11271,Pexidartinib hydrochloride (JAN/USAN),DG02960,1,CSF1R
H01807,Hereditary diffuse leukoencephalopathy with spheroids,D11378,Edicotinib (USAN),DG03000,1,CSF1R
H01807,Hereditary diffuse leukoencephalopathy with spheroids,D11885,Surufatinib (USAN/INN),,1,CSF1R
H01807,Hereditary diffuse leukoencephalopathy with spheroids,D12238,Vimseltinib (USAN/INN),,1,CSF1R
H01807,Hereditary diffuse leukoencephalopathy with spheroids,D08552,Sunitinib (INN),DG00712,1,CSF1R
H01807,Hereditary diffuse leukoencephalopathy with spheroids,D11952,Axatilimab (USAN/INN),,1,CSF1R
H01807,Hereditary diffuse leukoencephalopathy with spheroids,D12545,Tinengotinib (USAN/INN),,1,CSF1R
H01807,Hereditary diffuse leukoencephalopathy with spheroids,D02664,Mirimostim (JAN/INN),,1,CSF1R
H01807,Hereditary diffuse leukoencephalopathy with spheroids,D11234,Emactuzumab (USAN/INN),,1,CSF1R
H01810,Congenital myopathy,D11363,Reldesemtiv (USAN),,1,(CMYP15)
H01810,Congenital myopathy,D12253,Aficamten (USAN/INN),,1,(CMH1)
H01810,Congenital myopathy,D12265,Mavacamten (USAN/INN),,1,(CMH1)
H01810,Congenital myopathy,D04510,Imciromab pentetate (USAN),,1,(CMH1)
H01810,Congenital myopathy,D07494,Barnidipine (INN),DG00325,1,CACNA1S
H01810,Congenital myopathy,D11723,Levamlodipine maleate (USAN),DG03091,1,CACNA1S
H01810,Congenital myopathy,D01908,Nilvadipine (JP18/USAN/INN),,1,CACNA1S
H01810,Congenital myopathy,D00319,Felodipine (JP18/USP/INN),,1,CACNA1S
H01810,Congenital myopathy,D03830,Diltiazem malate (USAN),DG00331,1,CACNA1S
H01810,Congenital myopathy,D03067,Belfosdil (USAN/INN),,1,CACNA1S
H01810,Congenital myopathy,D08441,Propiverine (INN),DG00479,1,CACNA1S
H01810,Congenital myopathy,D10932,Etripamil (USAN/INN),,1,CACNA1S
H01810,Congenital myopathy,D07845,Diltiazem (INN),DG00331,1,CACNA1S
H01810,Congenital myopathy,D07185,Fendiline (INN),DG00332,1,CACNA1S
H01810,Congenital myopathy,D07509,Benidipine (INN),DG00327,1,CACNA1S
H01812,Rasmussen encephalitis,D12186,Vudalimab (USAN),,2,(SLE); (SLEB2)
H01812,Rasmussen encephalitis,D12347,Volrustomig (USAN),,2,(SLE); (SLEB2)
H01812,Rasmussen encephalitis,D12190,Cadonilimab (USAN/INN),,2,(SLE); (SLEB2)
H01812,Rasmussen encephalitis,D10574,Pembrolizumab (USAN),,1,(SLEB2)
H01812,Rasmussen encephalitis,D11820,Balstilimab (USAN/INN),,1,(SLEB2)
H01812,Rasmussen encephalitis,D11827,Retifanlimab (USAN),,1,(SLEB2)
H01812,Rasmussen encephalitis,D10316,Nivolumab (USAN/INN),,1,(SLEB2)
H01812,Rasmussen encephalitis,D12202,Toripalimab (USAN/INN),,1,(SLEB2)
H01812,Rasmussen encephalitis,D11108,Cemiplimab (USAN),,1,(SLEB2)
H01812,Rasmussen encephalitis,D11488,Cetrelimab (USAN/INN),,1,(SLEB2)
H01812,Rasmussen encephalitis,D11605,Spartalizumab (USAN/INN),,1,(SLEB2)
H01812,Rasmussen encephalitis,D12195,Izuralimab (USAN),,1,(SLEB2)
H01812,Rasmussen encephalitis,D12231,Peresolimab (USAN),,1,(SLEB2)
H01812,Rasmussen encephalitis,D11366,Dostarlimab (USAN),,1,(SLEB2)
H01812,Rasmussen encephalitis,D12119,Sintilimab (USAN/INN),,1,(SLEB2)
H01813,Lennox-Gastaut syndrome,D10168,Tanzisertib (USAN),,1,MAPK10
H01815,Malignant migrating partial seizures in infancy,D00354,Lamotrigine (JAN/USP/INN),,1,(DEE6B)
H01815,Malignant migrating partial seizures in infancy,D00375,Mephenytoin (USP/INN),,1,(DEE6B)
H01815,Malignant migrating partial seizures in infancy,D02272,Quinidine sulfate (USP),DG00192,1,(DEE6B)
H01815,Malignant migrating partial seizures in infancy,D03492,Cifenline (USAN),DG00209,1,(DEE6B)
H01815,Malignant migrating partial seizures in infancy,D04521,Indecainide hydrochloride (USAN),,1,(DEE6B)
H01815,Malignant migrating partial seizures in infancy,D00739,Pramoxine hydrochloride (USP),DG00300,1,(DEE6B)
H01815,Malignant migrating partial seizures in infancy,D00533,Oxcarbazepine (JAN/USP/INN),,1,(DEE6B)
H01815,Malignant migrating partial seizures in infancy,D01768,Benoxinate hydrochloride (USP),DG00392,1,(DEE6B)
H01815,Malignant migrating partial seizures in infancy,D00538,Zonisamide (JP18/USP/INN),,1,(DEE6B)
H01815,Malignant migrating partial seizures in infancy,D00552,Benzocaine (USP/INN),DG00379,1,(DEE6B)
H01815,Malignant migrating partial seizures in infancy,D08407,Pramocaine (INN),DG00300,1,(DEE6B)
H01815,Malignant migrating partial seizures in infancy,D03991,Encainide hydrochloride (USAN),DG00203,1,(DEE6B)
H01815,Malignant migrating partial seizures in infancy,D08422,Procaine (INN),DG00298,1,(DEE6B)
H01815,Malignant migrating partial seizures in infancy,D07894,Encainide (INN),DG00203,1,(DEE6B)
H01815,Malignant migrating partial seizures in infancy,D00738,Mepivacaine hydrochloride (JP18/USP),DG00802,1,(DEE6B)
H01818,Dravet syndrome,D00354,Lamotrigine (JAN/USP/INN),,1,(DEE6B)
H01818,Dravet syndrome,D00375,Mephenytoin (USP/INN),,1,(DEE6B)
H01818,Dravet syndrome,D02272,Quinidine sulfate (USP),DG00192,1,(DEE6B)
H01818,Dravet syndrome,D03492,Cifenline (USAN),DG00209,1,(DEE6B)
H01818,Dravet syndrome,D04521,Indecainide hydrochloride (USAN),,1,(DEE6B)
H01818,Dravet syndrome,D00739,Pramoxine hydrochloride (USP),DG00300,1,(DEE6B)
H01818,Dravet syndrome,D00533,Oxcarbazepine (JAN/USP/INN),,1,(DEE6B)
H01818,Dravet syndrome,D01768,Benoxinate hydrochloride (USP),DG00392,1,(DEE6B)
H01818,Dravet syndrome,D00538,Zonisamide (JP18/USP/INN),,1,(DEE6B)
H01818,Dravet syndrome,D00552,Benzocaine (USP/INN),DG00379,1,(DEE6B)
H01818,Dravet syndrome,D08407,Pramocaine (INN),DG00300,1,(DEE6B)
H01818,Dravet syndrome,D03991,Encainide hydrochloride (USAN),DG00203,1,(DEE6B)
H01818,Dravet syndrome,D08422,Procaine (INN),DG00298,1,(DEE6B)
H01818,Dravet syndrome,D07894,Encainide (INN),DG00203,1,(DEE6B)
H01818,Dravet syndrome,D00738,Mepivacaine hydrochloride (JP18/USP),DG00802,1,(DEE6B)
H01827,"Rolandic epilepsy, mental retardation, and speech dyspraxia",D12215,Esmethadone hydrochloride (USAN),DG03176,1,GRIN2A
H01827,"Rolandic epilepsy, mental retardation, and speech dyspraxia",D00536,Felbamate (USPINN),,1,GRIN2A
H01827,"Rolandic epilepsy, mental retardation, and speech dyspraxia",D03878,Dizocilpine maleate (USAN),,1,GRIN2A
H01827,"Rolandic epilepsy, mental retardation, and speech dyspraxia",D05453,Phencyclidine hydrochloride (USAN),,1,GRIN2A
H01827,"Rolandic epilepsy, mental retardation, and speech dyspraxia",D07283,Esketamine (USAN/INN),DG01829,1,GRIN2A
H01827,"Rolandic epilepsy, mental retardation, and speech dyspraxia",D02102,Methadone hydrochloride (JAN/USP),DG00999,1,GRIN2A
H01827,"Rolandic epilepsy, mental retardation, and speech dyspraxia",D07306,Budipine (INN),DG00866,1,GRIN2A
H01827,"Rolandic epilepsy, mental retardation, and speech dyspraxia",D00777,Amantadine hydrochloride (JP18/USP),DG00860,1,GRIN2A
H01827,"Rolandic epilepsy, mental retardation, and speech dyspraxia",D07589,Budipine hydrochloride,DG00866,1,GRIN2A
H01827,"Rolandic epilepsy, mental retardation, and speech dyspraxia",D04905,Memantine hydrochloride (JAN/USP),DG00986,1,GRIN2A
H01827,"Rolandic epilepsy, mental retardation, and speech dyspraxia",D03679,Delucemine hydrochloride (USAN),,1,GRIN2A
H01827,"Rolandic epilepsy, mental retardation, and speech dyspraxia",D00774,Orphenadrine citrate (USP),DG01252,1,GRIN2A
H01827,"Rolandic epilepsy, mental retardation, and speech dyspraxia",D11415,Troriluzole hydrochloride (USAN),DG03011,1,GRIN2A
H01827,"Rolandic epilepsy, mental retardation, and speech dyspraxia",D08596,Tiletamine (INN),DG01380,1,GRIN2A
H01827,"Rolandic epilepsy, mental retardation, and speech dyspraxia",D08121,Levomethadone (INN),DG01002,1,GRIN2A
H01836,Congenital pain insensitivity with anhidrosis,D12363,Taletrectinib (USAN/INN),DG03226,1,NTRK1
H01836,Congenital pain insensitivity with anhidrosis,D11138,Larotrectinib sulfate (JAN/USAN),DG02923,1,NTRK1
H01836,Congenital pain insensitivity with anhidrosis,D11137,Larotrectinib (USAN/INN),DG02923,1,NTRK1
H01836,Congenital pain insensitivity with anhidrosis,D11454,Repotrectinib (USAN),,1,NTRK1
H01836,Congenital pain insensitivity with anhidrosis,D10926,Entrectinib (JAN/USAN/INN),,1,NTRK1
H01836,Congenital pain insensitivity with anhidrosis,D11484,Pegcantratinib (USAN/INN),,1,NTRK1
H01836,Congenital pain insensitivity with anhidrosis,D12364,Taletrectinib adipate (USAN),DG03226,1,NTRK1
H01836,Congenital pain insensitivity with anhidrosis,D12432,Zurletrectinib (USAN),,1,NTRK1
H01850,Hartsfield syndrome,D11762,Lucitanib (USAN/INN),,1,FGFR1
H01850,Hartsfield syndrome,D10137,Regorafenib hydrate (JAN),DG00720,1,FGFR1
H01850,Hartsfield syndrome,D10138,Regorafenib (USAN/INN),DG00720,1,FGFR1
H01850,Hartsfield syndrome,D12526,Catequentinib (USAN/INN),DG03258,1,FGFR1
H01850,Hartsfield syndrome,D09589,Brivanib (USAN),DG01373,1,FGFR1
H01850,Hartsfield syndrome,D05716,Repifermin (USAN/INN),,1,FGFR1
H01850,Hartsfield syndrome,D09919,Lenvatinib (USAN/INN),DG01362,1,FGFR1
H01850,Hartsfield syndrome,D11589,Infigratinib (USAN/INN),DG03062,1,FGFR1
H01850,Hartsfield syndrome,D10481,Nintedanib (USAN/INN),DG01374,1,FGFR1
H01850,Hartsfield syndrome,D11417,Pemigatinib (JAN/USAN/INN),,1,FGFR1
H01850,Hartsfield syndrome,D11611,Infigratinib phosphate (USAN),DG03062,1,FGFR1
H01850,Hartsfield syndrome,D09920,Lenvatinib mesylate (USAN),DG01362,1,FGFR1
H01850,Hartsfield syndrome,D11461,Derazantinib hydrochloride (USAN),,1,FGFR1
H01850,Hartsfield syndrome,D12405,Tasurgratinib succinate (JAN),DG03234,1,FGFR1
H01850,Hartsfield syndrome,D11885,Surufatinib (USAN/INN),,1,FGFR1
H01866,Pulmonary veno-occlusive disease and pulmonary capillary he…,D03779,Dibotermin alfa (USAN/INN),,1,BMPR2
H01876,"Microcephaly with or without chorioretinopathy, lymphedema,…",D04640,Ispinesib mesylate (USAN),,1,KIF11
H01876,"Microcephaly with or without chorioretinopathy, lymphedema,…",D09636,Litronesib (USAN/INN),,1,KIF11
H01877,Chromosome 15q13.3 microdeletion syndrome,D00999,Acetylcholine chloride (JP18/USP/INN),DG01133,1,CHRNA7
H01877,Chromosome 15q13.3 microdeletion syndrome,D02204,Hexamethonium bromide (JAN/INN),,1,CHRNA7
H01877,Chromosome 15q13.3 microdeletion syndrome,D10789,Encenicline hydrochloride hydrate (JAN),DG01852,1,CHRNA7
H01877,Chromosome 15q13.3 microdeletion syndrome,D00764,Pipecuronium bromide (JAN/USAN/INN),,1,CHRNA7
H01877,Chromosome 15q13.3 microdeletion syndrome,D00765,Rocuronium bromide (JAN/USP/INN),,1,CHRNA7
H01877,Chromosome 15q13.3 microdeletion syndrome,D00760,Doxacurium chloride (USAN/INN),,1,CHRNA7
H01877,Chromosome 15q13.3 microdeletion syndrome,D00758,Atracurium besylate (USP),DG00771,1,CHRNA7
H01877,Chromosome 15q13.3 microdeletion syndrome,D05156,Nicotine bitartrate (USAN),DG00994,1,CHRNA7
H01877,Chromosome 15q13.3 microdeletion syndrome,D00492,Pancuronium bromide (JP18/USP/INN),DG00769,1,CHRNA7
H01877,Chromosome 15q13.3 microdeletion syndrome,D07770,Cytisinicline (USAN),,1,CHRNA7
H01877,Chromosome 15q13.3 microdeletion syndrome,D10613,Bradanicline (USAN/INN),DG01849,1,CHRNA7
H01877,Chromosome 15q13.3 microdeletion syndrome,D02202,Lobeline hydrochloride (JAN),DG01287,1,CHRNA7
H01877,Chromosome 15q13.3 microdeletion syndrome,D05157,Nicotine polacrilex (USP),DG00994,1,CHRNA7
H01877,Chromosome 15q13.3 microdeletion syndrome,D02364,Lobeline (INN),DG01287,1,CHRNA7
H01877,Chromosome 15q13.3 microdeletion syndrome,D00611,Mecamylamine hydrochloride (USP),DG00252,1,CHRNA7
H01881,Complex cortical dysplasia with other brain malformations,D05062,Mivobulin isethionate (USAN),,4,TUBB; TUBB2A; TUBB2B; TUBB3
H01881,Complex cortical dysplasia with other brain malformations,D03364,Cantuzumab mertansine (USAN),,4,TUBB; TUBB2A; TUBB2B; TUBB3
H01881,Complex cortical dysplasia with other brain malformations,D10454,Cantuzumab ravtansine (USAN/INN),,4,TUBB; TUBB2A; TUBB2B; TUBB3
H01881,Complex cortical dysplasia with other brain malformations,D06304,Vindesine (USAN/INN),DG00691,4,TUBB; TUBB2A; TUBB2B; TUBB3
H01881,Complex cortical dysplasia with other brain malformations,D12520,Sabizabulin hydrochloride (USAN),DG03253,4,TUBB; TUBB2A; TUBB2B; TUBB3
H01881,Complex cortical dysplasia with other brain malformations,D02197,Vincristine sulfate (JP18/USP),DG00690,4,TUBB; TUBB2A; TUBB2B; TUBB3
H01881,Complex cortical dysplasia with other brain malformations,D04066,Estramustine (USAN/INN),DG00724,4,TUBB; TUBB2A; TUBB2B; TUBB3
H01881,Complex cortical dysplasia with other brain malformations,D10954,Mirvetuximab soravtansine (USAN/INN),,4,TUBB; TUBB2A; TUBB2B; TUBB3
H01881,Complex cortical dysplasia with other brain malformations,D11238,Lifastuzumab vedotin (USAN/INN),,4,TUBB; TUBB2A; TUBB2B; TUBB3
H01881,Complex cortical dysplasia with other brain malformations,D06308,Vinrosidine sulfate (USAN),,4,TUBB; TUBB2A; TUBB2B; TUBB3
H01881,Complex cortical dysplasia with other brain malformations,D01068,Vinblastine sulfate (JP18/USP),DG00689,4,TUBB; TUBB2A; TUBB2B; TUBB3
H01881,Complex cortical dysplasia with other brain malformations,D12582,Opadotin (USAN),,4,TUBB; TUBB2A; TUBB2B; TUBB3
H01881,Complex cortical dysplasia with other brain malformations,D00491,Paclitaxel (JAN/USP/INN),DG01430,4,TUBB; TUBB2A; TUBB2B; TUBB3
H01881,Complex cortical dysplasia with other brain malformations,D10013,Indibulin (USAN/INN),,4,TUBB; TUBB2A; TUBB2B; TUBB3
H01881,Complex cortical dysplasia with other brain malformations,D12220,Mecbotamab vedotin,,4,TUBB; TUBB2A; TUBB2B; TUBB3
H01885,Megalencephaly-polymicrogyria-polydactyly-hydrocephalus syn…,D06221,Triciribine phosphate (USAN),,1,AKT3
H01885,Megalencephaly-polymicrogyria-polydactyly-hydrocephalus syn…,D10381,Afuresertib (USAN/INN),DG01408,1,AKT3
H01885,Megalencephaly-polymicrogyria-polydactyly-hydrocephalus syn…,D10641,Ipatasertib (USAN/INN),DG02851,1,AKT3
H01885,Megalencephaly-polymicrogyria-polydactyly-hydrocephalus syn…,D11074,Ipatasertib hydrochloride (JAN),DG02851,1,AKT3
H01885,Megalencephaly-polymicrogyria-polydactyly-hydrocephalus syn…,D10674,Uprosertib (USAN/INN),,1,AKT3
H01885,Megalencephaly-polymicrogyria-polydactyly-hydrocephalus syn…,D11508,Miransertib mesylate (USAN),DG03026,1,AKT3
H01885,Megalencephaly-polymicrogyria-polydactyly-hydrocephalus syn…,D11409,Miransertib (USAN/INN),DG03026,1,AKT3
H01885,Megalencephaly-polymicrogyria-polydactyly-hydrocephalus syn…,D10382,Afuresertib hydrochloride (USAN),DG01408,1,AKT3
H01885,Megalencephaly-polymicrogyria-polydactyly-hydrocephalus syn…,D11371,Capivasertib (JAN/USAN),,1,AKT3
H01891,Autosomal recessive spinocerebellar ataxias,D09036,Zoniporide mesylate (INN/USAN),,1,(SCAR19)
H01891,Autosomal recessive spinocerebellar ataxias,D03406,Cariporide mesylate (USAN),,1,(SCAR19)
H01891,Autosomal recessive spinocerebellar ataxias,D10813,Cerliponase alfa (USAN/INN),,1,(CLN2)
H01892,Peripheral T cell lymphoma,D11835,Vorasidenib citrate (USAN),DG03113,2,IDH1; IDH2
H01892,Peripheral T cell lymphoma,D11834,Vorasidenib (USAN/INN),DG03113,2,IDH1; IDH2
H01892,Peripheral T cell lymphoma,D10901,Enasidenib (USAN/INN),DG02837,1,IDH2
H01892,Peripheral T cell lymphoma,D11044,Enasidenib mesylate (USAN),DG02837,1,IDH2
H01892,Peripheral T cell lymphoma,D11090,Ivosidenib (JAN/USAN/INN),,1,IDH1
H01892,Peripheral T cell lymphoma,D12483,Olutasidenib (USAN/INN),,1,IDH1
H01892,Peripheral T cell lymphoma,D10450,Alectinib hydrochloride (JAN),DG01625,1,ALK
H01892,Peripheral T cell lymphoma,D11012,Lorlatinib (JAN/USAN/INN),,1,ALK
H01892,Peripheral T cell lymphoma,D11356,Ensartinib hydrochloride (USAN),DG02996,1,ALK
H01892,Peripheral T cell lymphoma,D11346,Ensartinib (USAN),DG02996,1,ALK
H01892,Peripheral T cell lymphoma,D11454,Repotrectinib (USAN),,1,ALK
H01892,Peripheral T cell lymphoma,D10926,Entrectinib (JAN/USAN/INN),,1,ALK
H01892,Peripheral T cell lymphoma,D10866,Brigatinib (JAN/USAN),,1,ALK
H01892,Peripheral T cell lymphoma,D09731,Crizotinib (JAN/USAN/INN),,1,ALK
H01892,Peripheral T cell lymphoma,D10542,Alectinib (USAN/INN),DG01625,1,ALK
H01893,Lateral meningocele syndrome,D11775,Tarextumab (USAN/INN),,1,NOTCH3
H01895,Attention deficit hyperactivity disorder (ADHD),D11839,Foslevodopa (JAN/USAN/INN),,2,DRD4; DRD5
H01895,Attention deficit hyperactivity disorder (ADHD),D03891,Dopexamine (USAN/INN),DG00222,2,DRD4; DRD5
H01895,Attention deficit hyperactivity disorder (ADHD),D00633,Dopamine hydrochloride (JP18/USP),DG00213,2,DRD4; DRD5
H01895,Attention deficit hyperactivity disorder (ADHD),D09887,Dexpramipexole dihydrochloride (USAN),DG01331,2,DRD4; DRD5
H01895,Attention deficit hyperactivity disorder (ADHD),D02676,Oxiperomide (USAN/INN),,2,DRD4; DRD5
H01895,Attention deficit hyperactivity disorder (ADHD),D07870,Dopamine (INN),DG00213,2,DRD4; DRD5
H01895,Attention deficit hyperactivity disorder (ADHD),D04097,Etilevodopa (USAN/INN),,2,DRD4; DRD5
H01895,Attention deficit hyperactivity disorder (ADHD),D09886,Dexpramipexole (USAN/INN),DG01331,2,DRD4; DRD5
H01895,Attention deficit hyperactivity disorder (ADHD),D03892,Dopexamine hydrochloride (USAN),DG00222,2,DRD4; DRD5
H01895,Attention deficit hyperactivity disorder (ADHD),D00059,Levodopa (JP18/USP/INN),,2,DRD4; DRD5
H01895,Attention deficit hyperactivity disorder (ADHD),D09973,Telotristat (USAN/INN),DG02809,1,TPH2
H01895,Attention deficit hyperactivity disorder (ADHD),D09974,Telotristat ethyl (USAN),DG02809,1,TPH2
H01895,Attention deficit hyperactivity disorder (ADHD),D09975,Telotristat etiprate (USAN),DG02809,1,TPH2
H01895,Attention deficit hyperactivity disorder (ADHD),D11431,Tavapadon (USAN/INN),,1,DRD5
H01895,Attention deficit hyperactivity disorder (ADHD),D03937,Ecopipam hydrochloride (USAN),,1,DRD5
H01897,Oocyte maturation defect,D05062,Mivobulin isethionate (USAN),,1,TUBB8
H01897,Oocyte maturation defect,D03364,Cantuzumab mertansine (USAN),,1,TUBB8
H01897,Oocyte maturation defect,D10454,Cantuzumab ravtansine (USAN/INN),,1,TUBB8
H01897,Oocyte maturation defect,D06304,Vindesine (USAN/INN),DG00691,1,TUBB8
H01897,Oocyte maturation defect,D12520,Sabizabulin hydrochloride (USAN),DG03253,1,TUBB8
H01897,Oocyte maturation defect,D02197,Vincristine sulfate (JP18/USP),DG00690,1,TUBB8
H01897,Oocyte maturation defect,D04066,Estramustine (USAN/INN),DG00724,1,TUBB8
H01897,Oocyte maturation defect,D10954,Mirvetuximab soravtansine (USAN/INN),,1,TUBB8
H01897,Oocyte maturation defect,D11238,Lifastuzumab vedotin (USAN/INN),,1,TUBB8
H01897,Oocyte maturation defect,D06308,Vinrosidine sulfate (USAN),,1,TUBB8
H01897,Oocyte maturation defect,D01068,Vinblastine sulfate (JP18/USP),DG00689,1,TUBB8
H01897,Oocyte maturation defect,D12582,Opadotin (USAN),,1,TUBB8
H01897,Oocyte maturation defect,D00491,Paclitaxel (JAN/USP/INN),DG01430,1,TUBB8
H01897,Oocyte maturation defect,D10013,Indibulin (USAN/INN),,1,TUBB8
H01897,Oocyte maturation defect,D12220,Mecbotamab vedotin,,1,TUBB8
H01909,Hypoinsulinemic hypoglycemia with hemihypertrophy,D06221,Triciribine phosphate (USAN),,1,AKT2
H01909,Hypoinsulinemic hypoglycemia with hemihypertrophy,D10381,Afuresertib (USAN/INN),DG01408,1,AKT2
H01909,Hypoinsulinemic hypoglycemia with hemihypertrophy,D10641,Ipatasertib (USAN/INN),DG02851,1,AKT2
H01909,Hypoinsulinemic hypoglycemia with hemihypertrophy,D11074,Ipatasertib hydrochloride (JAN),DG02851,1,AKT2
H01909,Hypoinsulinemic hypoglycemia with hemihypertrophy,D10674,Uprosertib (USAN/INN),,1,AKT2
H01909,Hypoinsulinemic hypoglycemia with hemihypertrophy,D11508,Miransertib mesylate (USAN),DG03026,1,AKT2
H01909,Hypoinsulinemic hypoglycemia with hemihypertrophy,D11409,Miransertib (USAN/INN),DG03026,1,AKT2
H01909,Hypoinsulinemic hypoglycemia with hemihypertrophy,D10382,Afuresertib hydrochloride (USAN),DG01408,1,AKT2
H01909,Hypoinsulinemic hypoglycemia with hemihypertrophy,D11371,Capivasertib (JAN/USAN),,1,AKT2
H01910,Infantile myofibromatosis,D06285,Vatalanib (USAN/INN),,1,PDGFRB
H01910,Infantile myofibromatosis,D11541,Sitravatinib malate (USAN),DG03045,1,PDGFRB
H01910,Infantile myofibromatosis,D12002,Seralutinib (USAN/INN),,1,PDGFRB
H01910,Infantile myofibromatosis,D10137,Regorafenib hydrate (JAN),DG00720,1,PDGFRB
H01910,Infantile myofibromatosis,D10138,Regorafenib (USAN/INN),DG00720,1,PDGFRB
H01910,Infantile myofibromatosis,D08953,Nilotinib (USAN/INN),DG00716,1,PDGFRB
H01910,Infantile myofibromatosis,D10423,Ilorasertib (USAN/INN),,1,PDGFRB
H01910,Infantile myofibromatosis,D12526,Catequentinib (USAN/INN),DG03258,1,PDGFRB
H01910,Infantile myofibromatosis,D05029,Midostaurin (JAN/USAN/INN),,1,PDGFRB
H01910,Infantile myofibromatosis,D05380,Pazopanib hydrochloride (JAN/USAN),,1,PDGFRB
H01910,Infantile myofibromatosis,D10481,Nintedanib (USAN/INN),DG01374,1,PDGFRB
H01910,Infantile myofibromatosis,D06678,Motesanib (USAN),DG01262,1,PDGFRB
H01910,Infantile myofibromatosis,D06272,Sorafenib tosylate (USAN),DG00713,1,PDGFRB
H01910,Infantile myofibromatosis,D08947,Motesanib diphosphate (USAN),DG01262,1,PDGFRB
H01910,Infantile myofibromatosis,D10103,Crenolanib besylate (USAN),DG01361,1,PDGFRB
H01912,"Congenital lipomatous overgrowth, vascular malformations, a…",D11011,Alpelisib (JAN/USAN/INN),,1,PIK3CA
H01912,"Congenital lipomatous overgrowth, vascular malformations, a…",D11158,Leniolisib (USAN/INN),DG02927,1,PIK3CA
H01912,"Congenital lipomatous overgrowth, vascular malformations, a…",D11869,Paxalisib (USAN/INN),,1,PIK3CA
H01912,"Congenital lipomatous overgrowth, vascular malformations, a…",D11774,Taselisib (USAN/INN),,1,PIK3CA
H01912,"Congenital lipomatous overgrowth, vascular malformations, a…",D10635,Gedatolisib (USAN/INN),,1,PIK3CA
H01912,"Congenital lipomatous overgrowth, vascular malformations, a…",D10797,Copanlisib hydrochloride (USAN),DG01926,1,PIK3CA
H01912,"Congenital lipomatous overgrowth, vascular malformations, a…",D11727,Voxtalisib (USAN/INN),,1,PIK3CA
H01912,"Congenital lipomatous overgrowth, vascular malformations, a…",D10867,Copanlisib (USAN/INN),DG01926,1,PIK3CA
H01912,"Congenital lipomatous overgrowth, vascular malformations, a…",D11942,Inavolisib (USAN/INN),,1,PIK3CA
H01912,"Congenital lipomatous overgrowth, vascular malformations, a…",D10543,Apitolisib (USAN/INN),,1,PIK3CA
H01912,"Congenital lipomatous overgrowth, vascular malformations, a…",D11440,Bimiralisib (USAN/INN),,1,PIK3CA
H01912,"Congenital lipomatous overgrowth, vascular malformations, a…",D10552,Dactolisib (USAN/INN),DG01826,1,PIK3CA
H01912,"Congenital lipomatous overgrowth, vascular malformations, a…",D10609,Buparlisib hydrochloride (JAN/USAN),DG01823,1,PIK3CA
H01912,"Congenital lipomatous overgrowth, vascular malformations, a…",D10798,Copanlisib hydrochloride hydrate (JAN),DG01926,1,PIK3CA
H01912,"Congenital lipomatous overgrowth, vascular malformations, a…",D11501,Samotolisib (USAN),,1,PIK3CA
H01928,Smith-Kingsmore syndrome,D10543,Apitolisib (USAN/INN),,1,MTOR
H01928,Smith-Kingsmore syndrome,D11440,Bimiralisib (USAN/INN),,1,MTOR
H01928,Smith-Kingsmore syndrome,D10076,Olcorolimus (USAN),,1,MTOR
H01928,Smith-Kingsmore syndrome,D11869,Paxalisib (USAN/INN),,1,MTOR
H01928,Smith-Kingsmore syndrome,D06068,Temsirolimus (JAN/USAN/INN),,1,MTOR
H01928,Smith-Kingsmore syndrome,D10718,Omipalisib (USAN/INN),,1,MTOR
H01928,Smith-Kingsmore syndrome,D11727,Voxtalisib (USAN/INN),,1,MTOR
H01928,Smith-Kingsmore syndrome,D06669,Zotarolimus (USAN/INN),,1,MTOR
H01928,Smith-Kingsmore syndrome,D11663,Onatasertib (USAN),,1,MTOR
H01928,Smith-Kingsmore syndrome,D10635,Gedatolisib (USAN/INN),,1,MTOR
H01928,Smith-Kingsmore syndrome,D08900,Ridaforolimus (JAN/USAN/INN),,1,MTOR
H01928,Smith-Kingsmore syndrome,D10552,Dactolisib (USAN/INN),DG01826,1,MTOR
H01928,Smith-Kingsmore syndrome,D10616,Dactolisib tosylate (USAN),DG01826,1,MTOR
H01928,Smith-Kingsmore syndrome,D02714,Everolimus (JAN/USAN/INN),,1,MTOR
H01928,Smith-Kingsmore syndrome,D11501,Samotolisib (USAN),,1,MTOR
H01933,Porokeratosis,D01968,Zoledronic acid (USAN),DG00787,1,FDPS
H01933,Porokeratosis,D03234,Sodium risedronate hydrate (JP18),DG00786,1,FDPS
H01933,Porokeratosis,D06378,Zoledronate disodium (USAN),DG00787,1,FDPS
H01933,Porokeratosis,D09198,Minodronic acid hydrate (JAN),,1,FDPS
H01933,Porokeratosis,D07281,Pamidronic acid (INN),DG00782,1,FDPS
H01933,Porokeratosis,D07123,Incadronate disodium hydrate (JAN),DG01266,1,FDPS
H01933,Porokeratosis,D08484,Risedronic acid (INN),DG00786,1,FDPS
H01933,Porokeratosis,D10515,Zoledronic acid hemipentahydrate (JAN),DG00787,1,FDPS
H01933,Porokeratosis,D00939,Alendronate sodium (USP),DG00783,1,FDPS
H01933,Porokeratosis,D07119,Alendronic acid (INN),DG00783,1,FDPS
H01933,Porokeratosis,D08056,Ibandronic acid (INN),DG00785,1,FDPS
H01933,Porokeratosis,D11570,Risedronate sodium monohydrate,DG00786,1,FDPS
H01933,Porokeratosis,D04486,Ibandronate sodium (USAN),DG00785,1,FDPS
H01933,Porokeratosis,D08073,Incadronic acid (INN),DG01266,1,FDPS
H01933,Porokeratosis,D06379,Zoledronate trisodium (USAN),DG00787,1,FDPS
H01935,Familial hypercholanemia,D10951,Maralixibat (USAN),DG02832,1,(FHCA2)
H01940,Glycogen storage disease type II,D00625,Miglitol (JP18/USAN/INN),,1,GAA
H01940,Glycogen storage disease type II,D11798,Cipaglucosidase alfa (USAN),,1,GAA
H01940,Glycogen storage disease type II,D09606,Duvoglustat hydrochloride (USAN),DG01280,1,GAA
H01940,Glycogen storage disease type II,D09605,Duvoglustat (USAN/INN),DG01280,1,GAA
H01940,Glycogen storage disease type II,D11828,Clervonafusp alfa (USAN/INN),,1,GAA
H01940,Glycogen storage disease type II,D01665,Voglibose (JP18/USAN/INN),,1,GAA
H01940,Glycogen storage disease type II,D00216,Acarbose (JAN/USAN/INN),,1,GAA
H01940,Glycogen storage disease type II,D09779,Emiglitate (JAN/INN),,1,GAA
H01943,Glycogen storage disease type V,D04537,Ingliforib (USAN/INN),,1,PYGM
H01944,Glycogen storage disease type VI,D04537,Ingliforib (USAN/INN),,1,PYGL
H01963,Duchenne muscular dystrophy,D10114,Drisapersen (USAN),DG01887,1,DMD
H01963,Duchenne muscular dystrophy,D10115,Drisapersen sodium (JAN/USAN),DG01887,1,DMD
H01963,Duchenne muscular dystrophy,D11918,Renadirsen sodium (JAN),,1,DMD
H01964,Becker muscular dystrophy,D10114,Drisapersen (USAN),DG01887,1,DMD
H01964,Becker muscular dystrophy,D11528,Viltolarsen (JAN/USAN),,1,DMD
H01964,Becker muscular dystrophy,D11988,Casimersen (USAN/INN),,1,DMD
H01964,Becker muscular dystrophy,D11707,Golodirsen (USAN/INN),,1,DMD
H01964,Becker muscular dystrophy,D10115,Drisapersen sodium (JAN/USAN),DG01887,1,DMD
H01964,Becker muscular dystrophy,D09900,Eteplirsen (USAN/INN),,1,DMD
H01964,Becker muscular dystrophy,D11918,Renadirsen sodium (JAN),,1,DMD
H01968,Hyper-IgE syndrome,D11538,Brepocitinib tosylate (USAN),DG03044,1,TYK2
H01968,Hyper-IgE syndrome,D12056,Ropsacitinib (USAN),,1,TYK2
H01968,Hyper-IgE syndrome,D11046,Delgocitinib (JAN/USAN/INN),,1,TYK2
H01968,Hyper-IgE syndrome,D09970,Tofacitinib (USAN),DG00742,1,TYK2
H01968,Hyper-IgE syndrome,D11537,Brepocitinib (USAN),DG03044,1,TYK2
H01968,Hyper-IgE syndrome,D09783,Tofacitinib citrate (JAN/USAN),DG00742,1,TYK2
H01968,Hyper-IgE syndrome,D11817,Deucravacitinib (JAN/USAN),,1,TYK2
H01968,Hyper-IgE syndrome,D11106,Filgotinib maleate (JAN/USAN),DG01991,1,TYK2
H01968,Hyper-IgE syndrome,D12118,Nezulcitinib (USAN),,1,TYK2
H01968,Hyper-IgE syndrome,D10161,Sarilumab (USAN),,1,IL6R
H01968,Hyper-IgE syndrome,D02596,Tocilizumab (USAN/INN),,1,IL6R
H01968,Hyper-IgE syndrome,D11079,Satralizumab (USAN/INN),,1,IL6R
H01968,Hyper-IgE syndrome,D10717,Napabucasin (JAN/USAN/INN),,1,STAT3
H01970,Lymphoproliferative syndrome,D12256,Boserolimab (USAN),,1,(LPFS2)
H01970,Lymphoproliferative syndrome,D10341,Vorsetuzumab mafodotin (USAN/INN),,1,(LPFS3)
H01970,Lymphoproliferative syndrome,D10342,Vorsetuzumab (USAN/INN),,1,(LPFS3)
H01977,Laing distal myopathy,D12253,Aficamten (USAN/INN),,1,(CMH1)
H01977,Laing distal myopathy,D12265,Mavacamten (USAN/INN),,1,(CMH1)
H01977,Laing distal myopathy,D04510,Imciromab pentetate (USAN),,1,(CMH1)
H01978,Dehydrated hereditary stomatocytosis,D06640,Senicapoc (USAN),,1,(DHS2)
H01981,Carnitine palmitoyltransferase I deficiency,D05442,Perhexiline maleate (USAN),DG00334,1,CPT1A
H01981,Carnitine palmitoyltransferase I deficiency,D08340,Perhexiline (INN),DG00334,1,CPT1A
H01981,Carnitine palmitoyltransferase I deficiency,D05292,Oxfenicine (USAN/INN),,1,CPT1A
H01982,Carnitine palmitoyltransferase II deficiency,D08340,Perhexiline (INN),DG00334,1,CPT2
H01982,Carnitine palmitoyltransferase II deficiency,D05442,Perhexiline maleate (USAN),DG00334,1,CPT2
H01984,Leopard syndrome,D08524,Sorafenib (USAN/INN),DG00713,2,BRAF; RAF1
H01984,Leopard syndrome,D06272,Sorafenib tosylate (USAN),DG00713,2,BRAF; RAF1
H01984,Leopard syndrome,D10137,Regorafenib hydrate (JAN),DG00720,2,BRAF; RAF1
H01984,Leopard syndrome,D10138,Regorafenib (USAN/INN),DG00720,2,BRAF; RAF1
H01984,Leopard syndrome,D12291,Tovorafenib (USAN/INN),,2,BRAF; RAF1
H01984,Leopard syndrome,D10064,Dabrafenib (USAN),DG00721,1,BRAF
H01984,Leopard syndrome,D10104,Dabrafenib mesylate (USAN),DG00721,1,BRAF
H01984,Leopard syndrome,D09996,Vemurafenib (JAN/USAN/INN),,1,BRAF
H01984,Leopard syndrome,D11411,Lifirafenib maleate (USAN),DG03009,1,BRAF
H01984,Leopard syndrome,D11410,Lifirafenib (USAN/INN),DG03009,1,BRAF
H01984,Leopard syndrome,D11053,Encorafenib (JAN/USAN/INN),,1,BRAF
H01984,Leopard syndrome,D12515,Avutometinib (USAN/INN),DG03255,1,RAF1
H01984,Leopard syndrome,D12534,Avutometinib potassium (USAN),DG03255,1,RAF1
H01985,Desmoplastic small round cell tumor,D11669,Bempegaldesleukin (USAN/INN),,1,IL2RB
H01985,Desmoplastic small round cell tumor,D02743,Celmoleukin (genetical recombination) (JP18),,1,IL2RB
H01985,Desmoplastic small round cell tumor,D12328,Rezpegaldesleukin (USAN),,1,IL2RB
H01985,Desmoplastic small round cell tumor,D02749,Teceleukin (USAN),,1,IL2RB
H01985,Desmoplastic small round cell tumor,D00748,Aldesleukin (USAN/INN),,1,IL2RB
H01985,Desmoplastic small round cell tumor,D11011,Alpelisib (JAN/USAN/INN),,1,PIK3CA
H01985,Desmoplastic small round cell tumor,D11158,Leniolisib (USAN/INN),DG02927,1,PIK3CA
H01985,Desmoplastic small round cell tumor,D11869,Paxalisib (USAN/INN),,1,PIK3CA
H01985,Desmoplastic small round cell tumor,D11774,Taselisib (USAN/INN),,1,PIK3CA
H01985,Desmoplastic small round cell tumor,D10635,Gedatolisib (USAN/INN),,1,PIK3CA
H01985,Desmoplastic small round cell tumor,D10797,Copanlisib hydrochloride (USAN),DG01926,1,PIK3CA
H01985,Desmoplastic small round cell tumor,D11727,Voxtalisib (USAN/INN),,1,PIK3CA
H01985,Desmoplastic small round cell tumor,D10867,Copanlisib (USAN/INN),DG01926,1,PIK3CA
H01985,Desmoplastic small round cell tumor,D11942,Inavolisib (USAN/INN),,1,PIK3CA
H01985,Desmoplastic small round cell tumor,D10543,Apitolisib (USAN/INN),,1,PIK3CA
H01988,Jackson-Weiss syndrome,D11762,Lucitanib (USAN/INN),,2,FGFR1; FGFR2
H01988,Jackson-Weiss syndrome,D12526,Catequentinib (USAN/INN),DG03258,2,FGFR1; FGFR2
H01988,Jackson-Weiss syndrome,D05716,Repifermin (USAN/INN),,2,FGFR1; FGFR2
H01988,Jackson-Weiss syndrome,D09919,Lenvatinib (USAN/INN),DG01362,2,FGFR1; FGFR2
H01988,Jackson-Weiss syndrome,D11589,Infigratinib (USAN/INN),DG03062,2,FGFR1; FGFR2
H01988,Jackson-Weiss syndrome,D10481,Nintedanib (USAN/INN),DG01374,2,FGFR1; FGFR2
H01988,Jackson-Weiss syndrome,D11417,Pemigatinib (JAN/USAN/INN),,2,FGFR1; FGFR2
H01988,Jackson-Weiss syndrome,D11611,Infigratinib phosphate (USAN),DG03062,2,FGFR1; FGFR2
H01988,Jackson-Weiss syndrome,D09920,Lenvatinib mesylate (USAN),DG01362,2,FGFR1; FGFR2
H01988,Jackson-Weiss syndrome,D11461,Derazantinib hydrochloride (USAN),,2,FGFR1; FGFR2
H01988,Jackson-Weiss syndrome,D12405,Tasurgratinib succinate (JAN),DG03234,2,FGFR1; FGFR2
H01988,Jackson-Weiss syndrome,D12537,Catequentinib hydrochloride (USAN),DG03258,2,FGFR1; FGFR2
H01988,Jackson-Weiss syndrome,D12545,Tinengotinib (USAN/INN),,2,FGFR1; FGFR2
H01988,Jackson-Weiss syndrome,D12404,Tasurgratinib (INN),DG03234,2,FGFR1; FGFR2
H01988,Jackson-Weiss syndrome,D10396,Nintedanib esylate (USAN),DG01374,2,FGFR1; FGFR2
H01989,Beare-Stevenson syndrome,D11762,Lucitanib (USAN/INN),,1,FGFR2
H01989,Beare-Stevenson syndrome,D12526,Catequentinib (USAN/INN),DG03258,1,FGFR2
H01989,Beare-Stevenson syndrome,D05716,Repifermin (USAN/INN),,1,FGFR2
H01989,Beare-Stevenson syndrome,D09919,Lenvatinib (USAN/INN),DG01362,1,FGFR2
H01989,Beare-Stevenson syndrome,D11589,Infigratinib (USAN/INN),DG03062,1,FGFR2
H01989,Beare-Stevenson syndrome,D10481,Nintedanib (USAN/INN),DG01374,1,FGFR2
H01989,Beare-Stevenson syndrome,D11417,Pemigatinib (JAN/USAN/INN),,1,FGFR2
H01989,Beare-Stevenson syndrome,D11611,Infigratinib phosphate (USAN),DG03062,1,FGFR2
H01989,Beare-Stevenson syndrome,D09920,Lenvatinib mesylate (USAN),DG01362,1,FGFR2
H01989,Beare-Stevenson syndrome,D12456,Lirafugratinib hydrochloride (USAN),DG03245,1,FGFR2
H01989,Beare-Stevenson syndrome,D11461,Derazantinib hydrochloride (USAN),,1,FGFR2
H01989,Beare-Stevenson syndrome,D12405,Tasurgratinib succinate (JAN),DG03234,1,FGFR2
H01989,Beare-Stevenson syndrome,D12455,Lirafugratinib (USAN),DG03245,1,FGFR2
H01989,Beare-Stevenson syndrome,D10927,Erdafitinib (JAN/USAN/INN),,1,FGFR2
H01989,Beare-Stevenson syndrome,D12537,Catequentinib hydrochloride (USAN),DG03258,1,FGFR2
H01990,Muenke syndrome,D10481,Nintedanib (USAN/INN),DG01374,1,FGFR3
H01990,Muenke syndrome,D11417,Pemigatinib (JAN/USAN/INN),,1,FGFR3
H01990,Muenke syndrome,D10927,Erdafitinib (JAN/USAN/INN),,1,FGFR3
H01990,Muenke syndrome,D11611,Infigratinib phosphate (USAN),DG03062,1,FGFR3
H01990,Muenke syndrome,D12284,Recifercept (USAN/INN),,1,FGFR3
H01990,Muenke syndrome,D12537,Catequentinib hydrochloride (USAN),DG03258,1,FGFR3
H01990,Muenke syndrome,D09920,Lenvatinib mesylate (USAN),DG01362,1,FGFR3
H01990,Muenke syndrome,D12526,Catequentinib (USAN/INN),DG03258,1,FGFR3
H01990,Muenke syndrome,D05716,Repifermin (USAN/INN),,1,FGFR3
H01990,Muenke syndrome,D10396,Nintedanib esylate (USAN),DG01374,1,FGFR3
H01990,Muenke syndrome,D11461,Derazantinib hydrochloride (USAN),,1,FGFR3
H01990,Muenke syndrome,D09919,Lenvatinib (USAN/INN),DG01362,1,FGFR3
H01990,Muenke syndrome,D11445,Vofatamab (USAN),,1,FGFR3
H01990,Muenke syndrome,D12405,Tasurgratinib succinate (JAN),DG03234,1,FGFR3
H01990,Muenke syndrome,D12404,Tasurgratinib (INN),DG03234,1,FGFR3
H01991,Saethre-Chotzen syndrome,D11762,Lucitanib (USAN/INN),,1,FGFR2
H01991,Saethre-Chotzen syndrome,D12526,Catequentinib (USAN/INN),DG03258,1,FGFR2
H01991,Saethre-Chotzen syndrome,D05716,Repifermin (USAN/INN),,1,FGFR2
H01991,Saethre-Chotzen syndrome,D09919,Lenvatinib (USAN/INN),DG01362,1,FGFR2
H01991,Saethre-Chotzen syndrome,D11589,Infigratinib (USAN/INN),DG03062,1,FGFR2
H01991,Saethre-Chotzen syndrome,D10481,Nintedanib (USAN/INN),DG01374,1,FGFR2
H01991,Saethre-Chotzen syndrome,D11417,Pemigatinib (JAN/USAN/INN),,1,FGFR2
H01991,Saethre-Chotzen syndrome,D11611,Infigratinib phosphate (USAN),DG03062,1,FGFR2
H01991,Saethre-Chotzen syndrome,D09920,Lenvatinib mesylate (USAN),DG01362,1,FGFR2
H01991,Saethre-Chotzen syndrome,D12456,Lirafugratinib hydrochloride (USAN),DG03245,1,FGFR2
H01991,Saethre-Chotzen syndrome,D11461,Derazantinib hydrochloride (USAN),,1,FGFR2
H01991,Saethre-Chotzen syndrome,D12405,Tasurgratinib succinate (JAN),DG03234,1,FGFR2
H01991,Saethre-Chotzen syndrome,D12455,Lirafugratinib (USAN),DG03245,1,FGFR2
H01991,Saethre-Chotzen syndrome,D10927,Erdafitinib (JAN/USAN/INN),,1,FGFR2
H01991,Saethre-Chotzen syndrome,D12537,Catequentinib hydrochloride (USAN),DG03258,1,FGFR2
H02011,Familial juvenile hyperuricemic nephropathy,D09038,Remikiren (INN),,1,(ADTKD4)
H02011,Familial juvenile hyperuricemic nephropathy,D03743,Terlakiren (USAN/INN),,1,(ADTKD4)
H02011,Familial juvenile hyperuricemic nephropathy,D03741,Ditekiren (USAN),,1,(ADTKD4)
H02011,Familial juvenile hyperuricemic nephropathy,D06412,Aliskiren fumarate (JAN/USAN),DG00352,1,(ADTKD4)
H02011,Familial juvenile hyperuricemic nephropathy,D03208,Aliskiren (USAN/INN),DG00352,1,(ADTKD4)
H02011,Familial juvenile hyperuricemic nephropathy,D03738,Enalkiren (USAN/INN),,1,(ADTKD4)
H02011,Familial juvenile hyperuricemic nephropathy,D03745,Zankiren hydrochloride (USAN),,1,(ADTKD4)
H02012,Medullary cystic kidney disease,D06028,Technetium Tc 99m arcitumomab (USP),,1,(ADTKD2)
H02012,Medullary cystic kidney disease,D02977,Arcitumomab (USAN/INN),,1,(ADTKD2)
H02012,Medullary cystic kidney disease,D09895,Emepepimut-S (USAN),,1,(ADTKD2)
H02012,Medullary cystic kidney disease,D09700,Yttrium Y 90 clivatuzumab tetraxetan (USAN),,1,(ADTKD2)
H02019,Familial male-limited precocious puberty,D05258,Serum gonadotrophin (JAN),,1,LHCGR
H02019,Familial male-limited precocious puberty,D06457,"Gonadotropin, chorionic (USP)",,1,LHCGR
H02019,Familial male-limited precocious puberty,D03478,Choriogonadotropin alfa (USAN/INN),,1,LHCGR
H02019,Familial male-limited precocious puberty,D06459,Purified human menopausal gonadotrophin (JAN),DG00472,1,LHCGR
H02019,Familial male-limited precocious puberty,D02692,Menotropins (USAN),DG00472,1,LHCGR
H02019,Familial male-limited precocious puberty,D04824,Lutropin alfa (USAN/INN),,1,LHCGR
H02020,Aromatase deficiency,D03749,Plomestane (USAN/INN),,1,CYP19A1
H02020,Aromatase deficiency,D03778,Fadrozole hydrochloride hydrate (JAN),DG01292,1,CYP19A1
H02020,Aromatase deficiency,D07260,Formestane (INN),,1,CYP19A1
H02020,Aromatase deficiency,D00964,Letrozole (JAN/USP/INN),,1,CYP19A1
H02020,Aromatase deficiency,D05746,Rogletimide (USAN/INN),,1,CYP19A1
H02020,Aromatase deficiency,D00574,Aminoglutethimide (USP/INN),,1,CYP19A1
H02020,Aromatase deficiency,D03781,Liarozole fumarate (USAN),DG01293,1,CYP19A1
H02020,Aromatase deficiency,D00153,Testolactone (USP/INN),,1,CYP19A1
H02020,Aromatase deficiency,D00963,Exemestane (JAN/USP/INN),,1,CYP19A1
H02020,Aromatase deficiency,D00960,Anastrozole (JP18/USP/INN),,1,CYP19A1
H02020,Aromatase deficiency,D03786,Vorozole (USAN/INN),,1,CYP19A1
H02020,Aromatase deficiency,D07940,Fadrozole (INN),DG01292,1,CYP19A1
H02020,Aromatase deficiency,D02451,Fadrozole hydrochloride (USAN),DG01292,1,CYP19A1
H02020,Aromatase deficiency,D03784,Liarozole hydrochloride (USAN),DG01293,1,CYP19A1
H02025,Myeloperoxidase deficiency,D11684,Verdiperstat (USAN/INN),,1,MPO
H02026,Familial hypocalciuric hypercalcemia,D06020,Tecalcet hydrochloride (USAN),,1,CASR
H02026,Familial hypocalciuric hypercalcemia,D10676,Etelcalcetide (USAN/INN),DG01856,1,CASR
H02026,Familial hypocalciuric hypercalcemia,D10677,Etelcalcetide hydrochloride (JAN/USAN),DG01856,1,CASR
H02026,Familial hypocalciuric hypercalcemia,D03505,Cinacalcet hydrochloride (JAN/USAN),DG00513,1,CASR
H02026,Familial hypocalciuric hypercalcemia,D11564,Upacicalcet sodium hydrate (JAN),,1,CASR
H02026,Familial hypocalciuric hypercalcemia,D11063,Evocalcet (JAN/INN),,1,CASR
H02026,Familial hypocalciuric hypercalcemia,D03504,Cinacalcet (USAN),DG00513,1,CASR
H02026,Familial hypocalciuric hypercalcemia,D08991,Ronacaleret hydrochloride (USAN),,1,CASR
H02030,Neonatal hyperparathyroidism,D06020,Tecalcet hydrochloride (USAN),,1,CASR
H02030,Neonatal hyperparathyroidism,D10676,Etelcalcetide (USAN/INN),DG01856,1,CASR
H02030,Neonatal hyperparathyroidism,D10677,Etelcalcetide hydrochloride (JAN/USAN),DG01856,1,CASR
H02030,Neonatal hyperparathyroidism,D03505,Cinacalcet hydrochloride (JAN/USAN),DG00513,1,CASR
H02030,Neonatal hyperparathyroidism,D11564,Upacicalcet sodium hydrate (JAN),,1,CASR
H02030,Neonatal hyperparathyroidism,D11063,Evocalcet (JAN/INN),,1,CASR
H02030,Neonatal hyperparathyroidism,D03504,Cinacalcet (USAN),DG00513,1,CASR
H02030,Neonatal hyperparathyroidism,D08991,Ronacaleret hydrochloride (USAN),,1,CASR
H02035,Isolated growth hormone deficiency,D06655,Tesamorelin (USAN),DG00495,1,GHRHR
H02035,Isolated growth hormone deficiency,D08523,Somatorelin (INN),DG01168,1,GHRHR
H02035,Isolated growth hormone deficiency,D08509,Sermorelin (INN),DG00494,1,GHRHR
H02035,Isolated growth hormone deficiency,D03326,Somatorelin acetate (JAN),DG01168,1,GHRHR
H02035,Isolated growth hormone deficiency,D04491,Ibutamoren mesylate (USAN),,1,GHRHR
H02035,Isolated growth hormone deficiency,D02117,Sermorelin acetate (USAN),DG00494,1,GHRHR
H02035,Isolated growth hormone deficiency,D09015,Tesamorelin acetate (USAN),DG00495,1,GHRHR
H02035,Isolated growth hormone deficiency,D12467,Evobrutinib (USAN/INN),,1,BTK
H02035,Isolated growth hormone deficiency,D12050,Pirtobrutinib (JAN/USAN),,1,BTK
H02035,Isolated growth hormone deficiency,D10731,Spebrutinib besylate (USAN),DG01863,1,BTK
H02035,Isolated growth hormone deficiency,D12052,Luxeptinib (USAN),,1,BTK
H02035,Isolated growth hormone deficiency,D10893,Acalabrutinib (JAN/USAN/INN),DG03089,1,BTK
H02035,Isolated growth hormone deficiency,D11070,Tirabrutinib hydrochloride (JAN),,1,BTK
H02035,Isolated growth hormone deficiency,D11478,Branebrutinib (USAN),,1,BTK
H02035,Isolated growth hormone deficiency,D11502,Vecabrutinib succinate (USAN),DG03023,1,BTK
H02037,Laron syndrome,D11161,Atesidorsen (USAN/INN),,1,GHR
H02037,Laron syndrome,D05394,Pegvisomant (USAN/INN),,1,GHR
H02037,Laron syndrome,D04870,Mecasermin rinfabate (USAN/INN),DG01359,1,GHR
H02037,Laron syndrome,D11486,Lonapegsomatropin (USAN/INN),,1,GHR
H02037,Laron syndrome,D02691,Somatropin (USP/INN),,1,GHR
H02037,Laron syndrome,D05884,Somatrem (USAN),,1,GHR
H02037,Laron syndrome,D03297,Mecasermin (USAN/INN),DG01359,1,GHR
H02037,Laron syndrome,D11194,Somapacitan (USAN/INN),,1,GHR
H02037,Laron syndrome,D11162,Atesidorsen sodium (USNA),,1,GHR
H02037,Laron syndrome,D11193,Somavaratan (USAN/INN),,1,GHR
H02040,Insulin-like growth factor I deficiency,D04862,Masoprocol (USAN/INN),,1,IGF1
H02041,Myopia,D04793,Lufironil (USAN/INN),,1,(MYP25)
H02043,Capillary malformation-arteriovenous malformation,D11772,Tesevatinib (USAN/INN),DG03101,1,(LMPHM7)
H02043,Capillary malformation-arteriovenous malformation,D11773,Tesevatinib tosylate (USAN),DG03101,1,(LMPHM7)
H02043,Capillary malformation-arteriovenous malformation,D11541,Sitravatinib malate (USAN),DG03045,1,(LMPHM7)
H02043,Capillary malformation-arteriovenous malformation,D11140,Sitravatinib (USAN/INN),DG03045,1,(LMPHM7)
H02044,Cutaneous and mucosal venous malformation,D10399,Rebastinib Tosylate (USAN),DG01368,1,TEK
H02044,Cutaneous and mucosal venous malformation,D10334,Rebastinib (USAN),DG01368,1,TEK
H02044,Cutaneous and mucosal venous malformation,D10137,Regorafenib hydrate (JAN),DG00720,1,TEK
H02044,Cutaneous and mucosal venous malformation,D10138,Regorafenib (USAN/INN),DG00720,1,TEK
H02044,Cutaneous and mucosal venous malformation,D10862,Altiratinib (USAN),,1,TEK
H02044,Cutaneous and mucosal venous malformation,D11540,Razuprotafib (USAN),,1,TEK
H02049,Bilateral macronodular adrenal hyperplasia,D03584,Colforsin (USAN/INN),DG02877,9,ADCY1; ADCY2; ADCY3; ADCY4; ADCY5; ADCY6; ADCY7; ADCY8; ADCY9
H02049,Bilateral macronodular adrenal hyperplasia,D01697,Colforsin daropate hydrochloride (JAN),DG02877,9,ADCY1; ADCY2; ADCY3; ADCY4; ADCY5; ADCY6; ADCY7; ADCY8; ADCY9
H02049,Bilateral macronodular adrenal hyperplasia,D07425,Papaverine (BAN),DG00043,2,PDE11A; PDE8B
H02049,Bilateral macronodular adrenal hyperplasia,D06103,Theophylline (USP),DG01061,2,PDE11A; PDE8B
H02049,Bilateral macronodular adrenal hyperplasia,D01238,Bucladesine sodium (JAN),DG00230,2,PDE11A; PDE8B
H02049,Bilateral macronodular adrenal hyperplasia,D05429,Aminophylline hydrate (JP18),DG01062,2,PDE11A; PDE8B
H02049,Bilateral macronodular adrenal hyperplasia,D06104,Theophylline sodium glycinate (USP),DG01061,2,PDE11A; PDE8B
H02049,Bilateral macronodular adrenal hyperplasia,D06132,Tibenelast sodium (USAN),,2,PDE11A; PDE8B
H02049,Bilateral macronodular adrenal hyperplasia,D07546,Bucladesine (INN),DG00230,2,PDE11A; PDE8B
H02049,Bilateral macronodular adrenal hyperplasia,D07961,Flavoxate (INN),DG00477,2,PDE11A; PDE8B
H02049,Bilateral macronodular adrenal hyperplasia,D00371,Theophylline (JP18),DG01061,2,PDE11A; PDE8B
H02049,Bilateral macronodular adrenal hyperplasia,D11630,Aminophylline dihydrate,DG01062,2,PDE11A; PDE8B
H02049,Bilateral macronodular adrenal hyperplasia,D00227,Aminophylline (USP/INN),DG01062,2,PDE11A; PDE8B
H02049,Bilateral macronodular adrenal hyperplasia,D08238,Moxaverine hydrochloride,DG00045,2,PDE11A; PDE8B
H02049,Bilateral macronodular adrenal hyperplasia,D09822,Theosalicin (JAN),,2,PDE11A; PDE8B
H02050,Prepubertal periodontitis,D12120,Brensocatib (USAN/INN),,1,CTSC
H02060,Leptin receptor deficiency,D05014,Metreleptin (USAN/INN),,1,LEPR
H02061,Estrogen resistance syndrome,D11829,Fluoroestradiol F18,,1,ESR1
H02061,Estrogen resistance syndrome,D08409,Prasterone (USAN/INN),DG00141,1,ESR1
H02061,Estrogen resistance syndrome,D01265,Epitiostanol (JAN/INN),,1,ESR1
H02061,Estrogen resistance syndrome,D07121,Alfatradiol (INN),,1,ESR1
H02061,Estrogen resistance syndrome,D08910,Enclomiphene (USAN),DG01992,1,ESR1
H02061,Estrogen resistance syndrome,D12049,Camizestrant (JAN/USAN),,1,ESR1
H02061,Estrogen resistance syndrome,D04061,Estradiol acetate (USAN),DG00462,1,ESR1
H02061,Estrogen resistance syndrome,D01617,Estradiol dipropionate (JAN),DG00462,1,ESR1
H02061,Estrogen resistance syndrome,D01989,Estriol diacetate benzoate (JAN),DG00463,1,ESR1
H02061,Estrogen resistance syndrome,D06551,Afimoxifene (USAN/INN),,1,ESR1
H02061,Estrogen resistance syndrome,D07221,Promestriene (INN),,1,ESR1
H02061,Estrogen resistance syndrome,D00898,Dienestrol (USP/INN),,1,ESR1
H02061,Estrogen resistance syndrome,D08559,Tamoxifen (INN),DG00734,1,ESR1
H02061,Estrogen resistance syndrome,D00312,Estrone sodium sulfate,DG00464,1,ESR1
H02061,Estrogen resistance syndrome,D00948,Estropipate (USP),DG00464,1,ESR1
H02068,Hypochondroplasia,D10481,Nintedanib (USAN/INN),DG01374,1,FGFR3
H02068,Hypochondroplasia,D11417,Pemigatinib (JAN/USAN/INN),,1,FGFR3
H02068,Hypochondroplasia,D10927,Erdafitinib (JAN/USAN/INN),,1,FGFR3
H02068,Hypochondroplasia,D11611,Infigratinib phosphate (USAN),DG03062,1,FGFR3
H02068,Hypochondroplasia,D12284,Recifercept (USAN/INN),,1,FGFR3
H02068,Hypochondroplasia,D12537,Catequentinib hydrochloride (USAN),DG03258,1,FGFR3
H02068,Hypochondroplasia,D09920,Lenvatinib mesylate (USAN),DG01362,1,FGFR3
H02068,Hypochondroplasia,D12526,Catequentinib (USAN/INN),DG03258,1,FGFR3
H02068,Hypochondroplasia,D05716,Repifermin (USAN/INN),,1,FGFR3
H02068,Hypochondroplasia,D10396,Nintedanib esylate (USAN),DG01374,1,FGFR3
H02068,Hypochondroplasia,D11461,Derazantinib hydrochloride (USAN),,1,FGFR3
H02068,Hypochondroplasia,D09919,Lenvatinib (USAN/INN),DG01362,1,FGFR3
H02068,Hypochondroplasia,D11445,Vofatamab (USAN),,1,FGFR3
H02068,Hypochondroplasia,D12405,Tasurgratinib succinate (JAN),DG03234,1,FGFR3
H02068,Hypochondroplasia,D12404,Tasurgratinib (INN),DG03234,1,FGFR3
H02069,SADDAN,D10481,Nintedanib (USAN/INN),DG01374,1,FGFR3
H02069,SADDAN,D11417,Pemigatinib (JAN/USAN/INN),,1,FGFR3
H02069,SADDAN,D10927,Erdafitinib (JAN/USAN/INN),,1,FGFR3
H02069,SADDAN,D11611,Infigratinib phosphate (USAN),DG03062,1,FGFR3
H02069,SADDAN,D12284,Recifercept (USAN/INN),,1,FGFR3
H02069,SADDAN,D12537,Catequentinib hydrochloride (USAN),DG03258,1,FGFR3
H02069,SADDAN,D09920,Lenvatinib mesylate (USAN),DG01362,1,FGFR3
H02069,SADDAN,D12526,Catequentinib (USAN/INN),DG03258,1,FGFR3
H02069,SADDAN,D05716,Repifermin (USAN/INN),,1,FGFR3
H02069,SADDAN,D10396,Nintedanib esylate (USAN),DG01374,1,FGFR3
H02069,SADDAN,D11461,Derazantinib hydrochloride (USAN),,1,FGFR3
H02069,SADDAN,D09919,Lenvatinib (USAN/INN),DG01362,1,FGFR3
H02069,SADDAN,D11445,Vofatamab (USAN),,1,FGFR3
H02069,SADDAN,D12405,Tasurgratinib succinate (JAN),DG03234,1,FGFR3
H02069,SADDAN,D12404,Tasurgratinib (INN),DG03234,1,FGFR3
H02083,Focal facial dermal dysplasia,D09385,Talarozole (USAN/INN),,1,(FFDD4)
H02089,Winchester syndrome,D03797,Prinomastat (USAN/INN),,1,MMP14
H02089,Winchester syndrome,D03800,Rebimastat (USAN/INN),,1,MMP14
H02091,Jervell and Lange-Nielsen syndrome,D09569,Ezogabine (USAN),,1,KCNQ1
H02091,Jervell and Lange-Nielsen syndrome,D09758,Ambasilide (INN),,1,KCNQ1
H02091,Jervell and Lange-Nielsen syndrome,D00631,Bepridil hydrochloride (USAN),DG00333,1,KCNQ1
H02091,Jervell and Lange-Nielsen syndrome,D03037,Azimilide dihydrochloride (USAN),,1,KCNQ1
H02091,Jervell and Lange-Nielsen syndrome,D03914,Dronedarone hydrochloride (USP),DG00207,1,KCNQ1
H02091,Jervell and Lange-Nielsen syndrome,D02910,Amiodarone (USAN/INN),DG00204,1,KCNQ1
H02091,Jervell and Lange-Nielsen syndrome,D04192,Flindokalner (USAN/INN),,1,KCNQ1
H02091,Jervell and Lange-Nielsen syndrome,D09757,Terikalant (INN),,1,KCNQ1
H02091,Jervell and Lange-Nielsen syndrome,D00636,Amiodarone hydrochloride (JP18/USP),DG00204,1,KCNQ1
H02091,Jervell and Lange-Nielsen syndrome,D07520,Bepridil (INN),DG00333,1,KCNQ1
H02091,Jervell and Lange-Nielsen syndrome,D02537,Dronedarone (INN),DG00207,1,KCNQ1
H02092,von Willebrand disease,D11160,Caplacizumab (USAN/INN),,1,VWF
H02092,von Willebrand disease,D10758,Turoctocog alfa pegol (genetical recombination) (JAN),DG00170,1,VWF
H02106,Genetic obesity,D02150,l-Isoprenaline hydrochloride (JP18),DG00211,2,ADRB2; ADRB3
H02106,Genetic obesity,D05228,Octodrine (USAN/INN),,2,ADRB2; ADRB3
H02106,Genetic obesity,D00599,Carteolol hydrochloride (JP18/USP),DG00308,2,ADRB2; ADRB3
H02106,Genetic obesity,D08206,Methylephedrine (BAN),DG01229,2,ADRB2; ADRB3
H02106,Genetic obesity,D05688,Racepinephrine (USP/INN),DG01444,2,ADRB2; ADRB3
H02106,Genetic obesity,D00124,Ephedrine (USP),DG00227,2,ADRB2; ADRB3
H02106,Genetic obesity,D05648,Pseudoephedrine polistirex (USAN),DG01042,2,ADRB2; ADRB3
H02106,Genetic obesity,D00076,Noradrenaline (JP18),DG00212,2,ADRB2; ADRB3
H02106,Genetic obesity,D02976,Arbutamine hydrochloride (USAN),,2,ADRB2; ADRB3
H02106,Genetic obesity,D08449,Pseudoephedrine (INN),DG01042,2,ADRB2; ADRB3
H02106,Genetic obesity,D08598,Tilisolol (INN),DG01322,2,ADRB2; ADRB3
H02106,Genetic obesity,D01017,Dipivefrin hydrochloride (USP),DG01129,2,ADRB2; ADRB3
H02106,Genetic obesity,D00996,Epinephrine hydrochloride (JAN),DG00013,2,ADRB2; ADRB3
H02106,Genetic obesity,D02834,Alprenoxime hydrochloride (USAN),,2,ADRB2; ADRB3
H02106,Genetic obesity,D06014,Tazolol hydrochloride (USAN),,2,ADRB2; ADRB3
H02111,Autism,D10614,Briciclib (USAN/INN),DG01851,1,(AUTS19)
H02111,Autism,D10694,Briciclib sodium (USAN),DG01851,1,(AUTS19)
H02119,Proteus syndrome,D06221,Triciribine phosphate (USAN),,1,AKT1
H02119,Proteus syndrome,D10381,Afuresertib (USAN/INN),DG01408,1,AKT1
H02119,Proteus syndrome,D10641,Ipatasertib (USAN/INN),DG02851,1,AKT1
H02119,Proteus syndrome,D11074,Ipatasertib hydrochloride (JAN),DG02851,1,AKT1
H02119,Proteus syndrome,D10674,Uprosertib (USAN/INN),,1,AKT1
H02119,Proteus syndrome,D11508,Miransertib mesylate (USAN),DG03026,1,AKT1
H02119,Proteus syndrome,D11409,Miransertib (USAN/INN),DG03026,1,AKT1
H02119,Proteus syndrome,D10382,Afuresertib hydrochloride (USAN),DG01408,1,AKT1
H02119,Proteus syndrome,D11371,Capivasertib (JAN/USAN),,1,AKT1
H02123,Celiac disease,D04318,Glatiramer acetate (JAN/USAN),,2,HLA-DQA1; HLA-DQB1
H02123,Celiac disease,D11823,Zalifrelimab (USAN/INN),,1,(SLE)
H02123,Celiac disease,D12186,Vudalimab (USAN),,1,(SLE)
H02123,Celiac disease,D12233,Quavonlimab (USAN/INN),,1,(SLE)
H02123,Celiac disease,D12190,Cadonilimab (USAN/INN),,1,(SLE)
H02123,Celiac disease,D12317,Bavunalimab (USAN/INN),,1,(SLE)
H02123,Celiac disease,D12448,Botensilimab (USAN/INN),,1,(SLE)
H02123,Celiac disease,D04603,Ipilimumab (USAN/INN),,1,(SLE)
H02123,Celiac disease,D12347,Volrustomig (USAN),,1,(SLE)
H02123,Celiac disease,D06657,Tremelimumab (USAN/INN),,1,(SLE)
H02126,Mandibulofacial dysostosis with alopecia,D11974,Centhaquine (USAN),DG03144,1,EDNRA
H02126,Mandibulofacial dysostosis with alopecia,D07538,Bosentan (INN),DG00266,1,EDNRA
H02126,Mandibulofacial dysostosis with alopecia,D01227,Bosentan (USAN),DG00266,1,EDNRA
H02126,Mandibulofacial dysostosis with alopecia,D11664,Clazosentan (USAN/INN),DG03076,1,EDNRA
H02126,Mandibulofacial dysostosis with alopecia,D03009,Atrasentan hydrochloride (USAN),,1,EDNRA
H02126,Mandibulofacial dysostosis with alopecia,D10135,Macitentan (JAN/USAN),,1,EDNRA
H02126,Mandibulofacial dysostosis with alopecia,D07077,Ambrisentan (JAN/INN),,1,EDNRA
H02126,Mandibulofacial dysostosis with alopecia,D07171,Sitaxentan (USAN/INN),DG00267,1,EDNRA
H02126,Mandibulofacial dysostosis with alopecia,D04128,Fandosentan potassium (USAN),,1,EDNRA
H02126,Mandibulofacial dysostosis with alopecia,D07682,Clazosentan sodium (JAN/USAN),DG03076,1,EDNRA
H02126,Mandibulofacial dysostosis with alopecia,D07741,Zibotentan (JAN/USAN/INN),,1,EDNRA
H02126,Mandibulofacial dysostosis with alopecia,D11441,Aprocitentan (USAN/INN),,1,EDNRA
H02126,Mandibulofacial dysostosis with alopecia,D08517,Sitaxentan sodium (USAN),DG00267,1,EDNRA
H02126,Mandibulofacial dysostosis with alopecia,D11776,Sparsentan (USAN/INN),,1,EDNRA
H02126,Mandibulofacial dysostosis with alopecia,D11975,Centhaquine citrate (USAN),DG03144,1,EDNRA
H02129,Prune belly syndrome,D08418,Pridinol (INN),DG00774,1,CHRM3
H02129,Prune belly syndrome,D05703,Rapacuronium bromide (USAN/INN),,1,CHRM3
H02129,Prune belly syndrome,D02071,Scopolamine hydrobromide (USP),DG00065,1,CHRM3
H02129,Prune belly syndrome,D08441,Propiverine (INN),DG00479,1,CHRM3
H02129,Prune belly syndrome,D02212,Ipratropium bromide (USP),,1,CHRM3
H02129,Prune belly syndrome,D04970,Methacholine chloride (JAN/USP/INN),DG01290,1,CHRM3
H02129,Prune belly syndrome,D09402,Darotropium bromide (USAN/INN),,1,CHRM3
H02129,Prune belly syndrome,D05535,Poldine methylsulfate (USAN),,1,CHRM3
H02129,Prune belly syndrome,D05012,Metoquizine (USAN/INN),,1,CHRM3
H02129,Prune belly syndrome,D01318,Diphenidol hydrochloride (USAN),DG02880,1,CHRM3
H02129,Prune belly syndrome,D06192,Toquizine (USAN),,1,CHRM3
H02129,Prune belly syndrome,D00397,Tropicamide (JP18/USP/INN),,1,CHRM3
H02129,Prune belly syndrome,D01077,Methylatropine nitrate (USAN),DG01242,1,CHRM3
H02129,Prune belly syndrome,D09819,Chlorpromazine tannate (JAN),DG00867,1,CHRM3
H02129,Prune belly syndrome,D08209,Metixene (INN),DG00853,1,CHRM3
H02132,Microcephaly syndrome,D04127,Dalfampridine (USAN),,1,(MCIDDS)
H02132,Microcephaly syndrome,D10228,Amifampridine (USAN/INN),DG02003,1,(MCIDDS)
H02132,Microcephaly syndrome,D10689,Amifampridine phosphate (JAN/USAN),DG02003,1,(MCIDDS)
H02141,Autosomal dominant hypophosphatemic rickets,D10913,Burosumab (USAN/INN),,1,FGF23
H02150,Infantile or early childhood epileptic encephalopathy,D01316,Mexazolam (JAN/INN),,1,(DEE92)
H02150,Infantile or early childhood epileptic encephalopathy,D12449,Cipepofol (USAN/INN),,1,(DEE92)
H02150,Infantile or early childhood epileptic encephalopathy,D00430,Secobarbital (USP/INN),DG00917,1,(DEE92)
H02150,Infantile or early childhood epileptic encephalopathy,D01230,Flunitrazepam (JP18/USAN/INN),,1,(DEE92)
H02150,Infantile or early childhood epileptic encephalopathy,D01253,Clobazam (JAN/USAN/INN),,1,(DEE92)
H02150,Infantile or early childhood epileptic encephalopathy,D08690,Zolpidem (INN),DG00922,1,(DEE92)
H02150,Infantile or early childhood epileptic encephalopathy,D00338,Halazepam (USAN/INN),,1,(DEE92)
H02150,Infantile or early childhood epileptic encephalopathy,D08283,Nordazepam (INN),,1,(DEE92)
H02150,Infantile or early childhood epileptic encephalopathy,D08145,Loprazolam mesilate,DG00921,1,(DEE92)
H02150,Infantile or early childhood epileptic encephalopathy,D00267,Chlordiazepoxide (JP18/USP/INN),DG00908,1,(DEE92)
H02150,Infantile or early childhood epileptic encephalopathy,D01245,Bromazepam (JP18/USAN/INN),,1,(DEE92)
H02150,Infantile or early childhood epileptic encephalopathy,D00387,Triazolam (JP18/USP/INN),,1,(DEE92)
H02150,Infantile or early childhood epileptic encephalopathy,D01328,Clotiazepam (JP18/INN),,1,(DEE92)
H02150,Infantile or early childhood epileptic encephalopathy,D05980,Suritozole (USAN/INN),,1,(DEE92)
H02150,Infantile or early childhood epileptic encephalopathy,D00457,Quazepam (JAN/USP/INN),,1,(DEE92)
H02153,Megalencephaly-capillary malformation syndrome,D11011,Alpelisib (JAN/USAN/INN),,1,PIK3CA
H02153,Megalencephaly-capillary malformation syndrome,D11158,Leniolisib (USAN/INN),DG02927,1,PIK3CA
H02153,Megalencephaly-capillary malformation syndrome,D11869,Paxalisib (USAN/INN),,1,PIK3CA
H02153,Megalencephaly-capillary malformation syndrome,D11774,Taselisib (USAN/INN),,1,PIK3CA
H02153,Megalencephaly-capillary malformation syndrome,D10635,Gedatolisib (USAN/INN),,1,PIK3CA
H02153,Megalencephaly-capillary malformation syndrome,D10797,Copanlisib hydrochloride (USAN),DG01926,1,PIK3CA
H02153,Megalencephaly-capillary malformation syndrome,D11727,Voxtalisib (USAN/INN),,1,PIK3CA
H02153,Megalencephaly-capillary malformation syndrome,D10867,Copanlisib (USAN/INN),DG01926,1,PIK3CA
H02153,Megalencephaly-capillary malformation syndrome,D11942,Inavolisib (USAN/INN),,1,PIK3CA
H02153,Megalencephaly-capillary malformation syndrome,D10543,Apitolisib (USAN/INN),,1,PIK3CA
H02153,Megalencephaly-capillary malformation syndrome,D11440,Bimiralisib (USAN/INN),,1,PIK3CA
H02153,Megalencephaly-capillary malformation syndrome,D10552,Dactolisib (USAN/INN),DG01826,1,PIK3CA
H02153,Megalencephaly-capillary malformation syndrome,D10609,Buparlisib hydrochloride (JAN/USAN),DG01823,1,PIK3CA
H02153,Megalencephaly-capillary malformation syndrome,D10798,Copanlisib hydrochloride hydrate (JAN),DG01926,1,PIK3CA
H02153,Megalencephaly-capillary malformation syndrome,D11501,Samotolisib (USAN),,1,PIK3CA
H02159,Familial cold autoinflammatory syndrome,D12422,Selnoflast (USAN/INN),DG03239,1,NLRP3
H02159,Familial cold autoinflammatory syndrome,D12423,Selnoflast potassium (USAN),DG03239,1,NLRP3
H02170,"Microphthalmia, syndromic",D00164,Retinol palmitate (JP18),DG00123,1,RARB
H02170,"Microphthalmia, syndromic",D01621,Retinol acetate (JP18),DG00123,1,RARB
H02170,"Microphthalmia, syndromic",D01132,Tazarotene (JAN/USAN/INN),,1,RARB
H02170,"Microphthalmia, syndromic",D04636,Isotretinoin anisatil (USAN),DG00434,1,RARB
H02170,"Microphthalmia, syndromic",D02754,Acitretin (USP/INN),,1,RARB
H02170,"Microphthalmia, syndromic",D06543,Vitamin A (USP),DG00123,1,RARB
H02170,"Microphthalmia, syndromic",D00316,Etretinate (JAN/USAN/INN),,1,RARB
H02170,"Microphthalmia, syndromic",D01516,Tretinoin tocoferil (JAN),DG00433,1,RARB
H02170,"Microphthalmia, syndromic",D04162,Fenretinide (USAN/INN),,1,RARB
H02170,"Microphthalmia, syndromic",D08477,Retinol propionate,DG00123,1,RARB
H02170,"Microphthalmia, syndromic",D00348,Isotretinoin (JAN/USP),DG00434,1,RARB
H02170,"Microphthalmia, syndromic",D02815,Alitretinoin (USAN),,1,RARB
H02170,"Microphthalmia, syndromic",D00094,Tretinoin (JAN/USP/INN),DG00433,1,RARB
H02170,"Microphthalmia, syndromic",D01112,Adapalene (JAN/USP/INN),,1,RARB
H02175,Hypospadias,D05674,Quinbolone (USAN/INN),,1,AR
H02175,Hypospadias,D00955,Nandrolone decanoate (JAN/USP),DG00142,1,AR
H02175,Hypospadias,D01329,Oxendolone (JAN/USAN/INN),,1,AR
H02175,Hypospadias,D03079,Benorterone (USAN/INN),,1,AR
H02175,Hypospadias,D00956,Nandrolone phenpropionate (USP),DG00142,1,AR
H02175,Hypospadias,D05116,Nandrolone cyclotate (USAN),DG00142,1,AR
H02175,Hypospadias,D06086,Testosterone phenylacetate (USAN),DG00460,1,AR
H02175,Hypospadias,D08574,Testosterone phenylpropionate,DG00460,1,AR
H02175,Hypospadias,D06085,Testosterone ketolaurate (USAN/INN),DG00460,1,AR
H02175,Hypospadias,D01149,Oxabolone cipionate (JAN/INN),,1,AR
H02175,Hypospadias,D11105,Osaterone acetate (JAN),,1,AR
H02175,Hypospadias,D00958,Testosterone enanthate (JP18/USP),DG00460,1,AR
H02175,Hypospadias,D07783,Delmadinone (INN),DG02935,1,AR
H02175,Hypospadias,D05837,Silandrone (USAN/INN),,1,AR
H02175,Hypospadias,D01375,Methenolone acetate (USAN),DG00140,1,AR
H02177,Androgen insensitivity syndrome,D05674,Quinbolone (USAN/INN),,1,AR
H02177,Androgen insensitivity syndrome,D00955,Nandrolone decanoate (JAN/USP),DG00142,1,AR
H02177,Androgen insensitivity syndrome,D01329,Oxendolone (JAN/USAN/INN),,1,AR
H02177,Androgen insensitivity syndrome,D03079,Benorterone (USAN/INN),,1,AR
H02177,Androgen insensitivity syndrome,D00956,Nandrolone phenpropionate (USP),DG00142,1,AR
H02177,Androgen insensitivity syndrome,D05116,Nandrolone cyclotate (USAN),DG00142,1,AR
H02177,Androgen insensitivity syndrome,D06086,Testosterone phenylacetate (USAN),DG00460,1,AR
H02177,Androgen insensitivity syndrome,D08574,Testosterone phenylpropionate,DG00460,1,AR
H02177,Androgen insensitivity syndrome,D06085,Testosterone ketolaurate (USAN/INN),DG00460,1,AR
H02177,Androgen insensitivity syndrome,D01149,Oxabolone cipionate (JAN/INN),,1,AR
H02177,Androgen insensitivity syndrome,D11105,Osaterone acetate (JAN),,1,AR
H02177,Androgen insensitivity syndrome,D00958,Testosterone enanthate (JP18/USP),DG00460,1,AR
H02177,Androgen insensitivity syndrome,D07783,Delmadinone (INN),DG02935,1,AR
H02177,Androgen insensitivity syndrome,D05837,Silandrone (USAN/INN),,1,AR
H02177,Androgen insensitivity syndrome,D01375,Methenolone acetate (USAN),DG00140,1,AR
H02187,Spondyloepimetaphyseal dysplasia,D03797,Prinomastat (USAN/INN),,1,(MANDP1)
H02187,Spondyloepimetaphyseal dysplasia,D03517,Cipemastat (USAN/INN),,1,(MANDP1)
H02187,Spondyloepimetaphyseal dysplasia,D08859,Apratastat (USAN/INN),,1,(MANDP1)
H02199,"Congenital heart defects, multiple type",D11772,Tesevatinib (USAN/INN),DG03101,1,FLT4
H02199,"Congenital heart defects, multiple type",D06285,Vatalanib (USAN/INN),,1,FLT4
H02199,"Congenital heart defects, multiple type",D11762,Lucitanib (USAN/INN),,1,FLT4
H02199,"Congenital heart defects, multiple type",D11541,Sitravatinib malate (USAN),DG03045,1,FLT4
H02199,"Congenital heart defects, multiple type",D10137,Regorafenib hydrate (JAN),DG00720,1,FLT4
H02199,"Congenital heart defects, multiple type",D10138,Regorafenib (USAN/INN),DG00720,1,FLT4
H02199,"Congenital heart defects, multiple type",D12526,Catequentinib (USAN/INN),DG03258,1,FLT4
H02199,"Congenital heart defects, multiple type",D09919,Lenvatinib (USAN/INN),DG01362,1,FLT4
H02199,"Congenital heart defects, multiple type",D05380,Pazopanib hydrochloride (JAN/USAN),,1,FLT4
H02199,"Congenital heart defects, multiple type",D10481,Nintedanib (USAN/INN),DG01374,1,FLT4
H02199,"Congenital heart defects, multiple type",D06678,Motesanib (USAN),DG01262,1,FLT4
H02199,"Congenital heart defects, multiple type",D06272,Sorafenib tosylate (USAN),DG00713,1,FLT4
H02199,"Congenital heart defects, multiple type",D08947,Motesanib diphosphate (USAN),DG01262,1,FLT4
H02199,"Congenital heart defects, multiple type",D08881,Cediranib (USAN/INN),DG01360,1,FLT4
H02199,"Congenital heart defects, multiple type",D03218,Axitinib (JAN/USAN),,1,FLT4
H02211,Acrodysostosis,D05474,Piclamilast (USAN/INN),,1,(ACRDYS2)
H02211,Acrodysostosis,D07425,Papaverine (BAN),DG00043,1,(ACRDYS2)
H02211,Acrodysostosis,D06103,Theophylline (USP),DG01061,1,(ACRDYS2)
H02211,Acrodysostosis,D10873,Crisaborole (USAN/INN),,1,(ACRDYS2)
H02211,Acrodysostosis,D01238,Bucladesine sodium (JAN),DG00230,1,(ACRDYS2)
H02211,Acrodysostosis,D05429,Aminophylline hydrate (JP18),DG01062,1,(ACRDYS2)
H02211,Acrodysostosis,D08860,Apremilast (JAN/USAN),,1,(ACRDYS2)
H02211,Acrodysostosis,D11743,Ensifentrine (USAN/INN),,1,(ACRDYS2)
H02211,Acrodysostosis,D06104,Theophylline sodium glycinate (USP),DG01061,1,(ACRDYS2)
H02211,Acrodysostosis,D06132,Tibenelast sodium (USAN),,1,(ACRDYS2)
H02211,Acrodysostosis,D07546,Bucladesine (INN),DG00230,1,(ACRDYS2)
H02211,Acrodysostosis,D07961,Flavoxate (INN),DG00477,1,(ACRDYS2)
H02211,Acrodysostosis,D01704,Cilomilast (JAN/USAN/INN),,1,(ACRDYS2)
H02211,Acrodysostosis,D00371,Theophylline (JP18),DG01061,1,(ACRDYS2)
H02211,Acrodysostosis,D07603,Caffeine citrate (USP),DG00974,1,(ACRDYS2)
H02214,Familial focal epilepsy with variable foci,D00354,Lamotrigine (JAN/USP/INN),,1,(DEE62)
H02214,Familial focal epilepsy with variable foci,D00375,Mephenytoin (USP/INN),,1,(DEE62)
H02214,Familial focal epilepsy with variable foci,D02272,Quinidine sulfate (USP),DG00192,1,(DEE62)
H02214,Familial focal epilepsy with variable foci,D03492,Cifenline (USAN),DG00209,1,(DEE62)
H02214,Familial focal epilepsy with variable foci,D04521,Indecainide hydrochloride (USAN),,1,(DEE62)
H02214,Familial focal epilepsy with variable foci,D00739,Pramoxine hydrochloride (USP),DG00300,1,(DEE62)
H02214,Familial focal epilepsy with variable foci,D00533,Oxcarbazepine (JAN/USP/INN),,1,(DEE62)
H02214,Familial focal epilepsy with variable foci,D01768,Benoxinate hydrochloride (USP),DG00392,1,(DEE62)
H02214,Familial focal epilepsy with variable foci,D00538,Zonisamide (JP18/USP/INN),,1,(DEE62)
H02214,Familial focal epilepsy with variable foci,D00552,Benzocaine (USP/INN),DG00379,1,(DEE62)
H02214,Familial focal epilepsy with variable foci,D08407,Pramocaine (INN),DG00300,1,(DEE62)
H02214,Familial focal epilepsy with variable foci,D03991,Encainide hydrochloride (USAN),DG00203,1,(DEE62)
H02214,Familial focal epilepsy with variable foci,D07299,Lacosamide (JAN/USAN/INN),,1,(DEE62)
H02214,Familial focal epilepsy with variable foci,D08422,Procaine (INN),DG00298,1,(DEE62)
H02214,Familial focal epilepsy with variable foci,D07894,Encainide (INN),DG00203,1,(DEE62)
H02215,Childhood absence epilepsy,D01316,Mexazolam (JAN/INN),,3,(DEE19); (DEE43); (DEE74)
H02215,Childhood absence epilepsy,D12449,Cipepofol (USAN/INN),,3,(DEE19); (DEE43); (DEE74)
H02215,Childhood absence epilepsy,D00430,Secobarbital (USP/INN),DG00917,3,(DEE19); (DEE43); (DEE74)
H02215,Childhood absence epilepsy,D01230,Flunitrazepam (JP18/USAN/INN),,3,(DEE19); (DEE43); (DEE74)
H02215,Childhood absence epilepsy,D01253,Clobazam (JAN/USAN/INN),,3,(DEE19); (DEE43); (DEE74)
H02215,Childhood absence epilepsy,D08690,Zolpidem (INN),DG00922,3,(DEE19); (DEE43); (DEE74)
H02215,Childhood absence epilepsy,D00338,Halazepam (USAN/INN),,3,(DEE19); (DEE43); (DEE74)
H02215,Childhood absence epilepsy,D08283,Nordazepam (INN),,3,(DEE19); (DEE43); (DEE74)
H02215,Childhood absence epilepsy,D08145,Loprazolam mesilate,DG00921,3,(DEE19); (DEE43); (DEE74)
H02215,Childhood absence epilepsy,D00267,Chlordiazepoxide (JP18/USP/INN),DG00908,3,(DEE19); (DEE43); (DEE74)
H02215,Childhood absence epilepsy,D01245,Bromazepam (JP18/USAN/INN),,3,(DEE19); (DEE43); (DEE74)
H02215,Childhood absence epilepsy,D00387,Triazolam (JP18/USP/INN),,3,(DEE19); (DEE43); (DEE74)
H02215,Childhood absence epilepsy,D01328,Clotiazepam (JP18/INN),,3,(DEE19); (DEE43); (DEE74)
H02215,Childhood absence epilepsy,D05980,Suritozole (USAN/INN),,3,(DEE19); (DEE43); (DEE74)
H02215,Childhood absence epilepsy,D00457,Quazepam (JAN/USP/INN),,3,(DEE19); (DEE43); (DEE74)
H02216,Juvenile absence epilepsy,D04790,Lubiprostone (JAN/USAN/INN),,1,(EIG11)
H02217,Juvenile myoclonic epilepsy,D01316,Mexazolam (JAN/INN),,2,(DEE19); (EIG10)
H02217,Juvenile myoclonic epilepsy,D12449,Cipepofol (USAN/INN),,2,(DEE19); (EIG10)
H02217,Juvenile myoclonic epilepsy,D00430,Secobarbital (USP/INN),DG00917,2,(DEE19); (EIG10)
H02217,Juvenile myoclonic epilepsy,D01230,Flunitrazepam (JP18/USAN/INN),,2,(DEE19); (EIG10)
H02217,Juvenile myoclonic epilepsy,D01253,Clobazam (JAN/USAN/INN),,2,(DEE19); (EIG10)
H02217,Juvenile myoclonic epilepsy,D08690,Zolpidem (INN),DG00922,2,(DEE19); (EIG10)
H02217,Juvenile myoclonic epilepsy,D00338,Halazepam (USAN/INN),,2,(DEE19); (EIG10)
H02217,Juvenile myoclonic epilepsy,D08283,Nordazepam (INN),,2,(DEE19); (EIG10)
H02217,Juvenile myoclonic epilepsy,D08145,Loprazolam mesilate,DG00921,2,(DEE19); (EIG10)
H02217,Juvenile myoclonic epilepsy,D00267,Chlordiazepoxide (JP18/USP/INN),DG00908,2,(DEE19); (EIG10)
H02217,Juvenile myoclonic epilepsy,D01245,Bromazepam (JP18/USAN/INN),,2,(DEE19); (EIG10)
H02217,Juvenile myoclonic epilepsy,D00387,Triazolam (JP18/USP/INN),,2,(DEE19); (EIG10)
H02217,Juvenile myoclonic epilepsy,D01328,Clotiazepam (JP18/INN),,2,(DEE19); (EIG10)
H02217,Juvenile myoclonic epilepsy,D05980,Suritozole (USAN/INN),,2,(DEE19); (EIG10)
H02217,Juvenile myoclonic epilepsy,D00457,Quazepam (JAN/USP/INN),,2,(DEE19); (EIG10)
H02227,Frontometaphyseal dysplasia,D12004,Simufilam hydrochloride (USAN),DG03149,1,(PVNH1)
H02227,Frontometaphyseal dysplasia,D12003,Simufilam (USAN),DG03149,1,(PVNH1)
H02229,Terminal osseous dysplasia,D12004,Simufilam hydrochloride (USAN),DG03149,1,(PVNH1)
H02229,Terminal osseous dysplasia,D12003,Simufilam (USAN),DG03149,1,(PVNH1)
H02230,X-linked cardiac valvular dysplasia,D12004,Simufilam hydrochloride (USAN),DG03149,1,(PVNH1)
H02230,X-linked cardiac valvular dysplasia,D12003,Simufilam (USAN),DG03149,1,(PVNH1)
H02240,Ehlers-Danlos syndrome periodontal type,D10845,Conestat alfa (INN),,2,C1R; C1S
H02240,Ehlers-Danlos syndrome periodontal type,D11530,Sutimlimab (USAN/INN),,1,C1S
H02254,Craniosynostosis and dental anomalies,D05266,Oprelvekin (USAN/INN),,1,IL11RA
H02257,Factor X deficiency,D03213,Apixaban (JAN/USAN/INN),,1,F10
H02257,Factor X deficiency,D01844,Fondaparinux sodium (JAN/USP/INN),,1,F10
H02257,Factor X deficiency,D08913,Eribaxaban (USAN),,1,F10
H02257,Factor X deficiency,D04029,Razaxaban hydrochloride (USAN),,1,F10
H02257,Factor X deficiency,D09546,Edoxaban tosilate hydrate (JAN),DG01398,1,F10
H02257,Factor X deficiency,D04183,Fidexaban (USAN/INN),,1,F10
H02257,Factor X deficiency,D09710,Edoxaban (USAN/INN),DG01398,1,F10
H02257,Factor X deficiency,D09923,Letaxaban (USAN/INN),,1,F10
H02257,Factor X deficiency,D10471,Idraparinux sodium (USAN),,1,F10
H02257,Factor X deficiency,D10821,Emicizumab (USAN/INN),,1,F10
H02257,Factor X deficiency,D12421,Freeze-dried activated human blood coagulation factor VII c…,,1,F10
H02257,Factor X deficiency,D09817,Darexaban maleate (JAN),,1,F10
H02257,Factor X deficiency,D11568,Edoxaban tosylate (USAN),DG01398,1,F10
H02257,Factor X deficiency,D11029,Andexanet alfa (USAN/INN),,1,F10
H02257,Factor X deficiency,D06142,Tifacogin (USAN/INN),,1,F10
H02260,Chondrodysplasia Chassaing-Lacombe type,D08870,Belinostat (USAN/INN),,1,HDAC6
H02260,Chondrodysplasia Chassaing-Lacombe type,D06320,Vorinostat (JAN/USAN),,1,HDAC6
H02260,Chondrodysplasia Chassaing-Lacombe type,D10661,Ricolinostat (USAN/INN),,1,HDAC6
H02260,Chondrodysplasia Chassaing-Lacombe type,D10084,Abexinostat hydrochloride (USAN),DG01402,1,HDAC6
H02260,Chondrodysplasia Chassaing-Lacombe type,D11182,Tinostamustine (USAN/INN),,1,HDAC6
H02260,Chondrodysplasia Chassaing-Lacombe type,D11319,Fimepinostat (USAN/INN),,1,HDAC6
H02260,Chondrodysplasia Chassaing-Lacombe type,D06637,Romidepsin (JAN/USAN/INN),,1,HDAC6
H02260,Chondrodysplasia Chassaing-Lacombe type,D10977,Remetinostat (USAN/INN),,1,HDAC6
H02260,Chondrodysplasia Chassaing-Lacombe type,D10060,Abexinostat (USAN),DG01402,1,HDAC6
H02260,Chondrodysplasia Chassaing-Lacombe type,D10321,Quisinostat (USAN/INN),DG01407,1,HDAC6
H02260,Chondrodysplasia Chassaing-Lacombe type,D10322,Quisinostat hydrochloride (USAN),DG01407,1,HDAC6
H02260,Chondrodysplasia Chassaing-Lacombe type,D09338,Entinostat (JAN/USAN/INN),,1,HDAC6
H02260,Chondrodysplasia Chassaing-Lacombe type,D10019,Panobinostat lactate (JAN),DG01403,1,HDAC6
H02260,Chondrodysplasia Chassaing-Lacombe type,D10918,Citarinostat (USAN/INN),,1,HDAC6
H02260,Chondrodysplasia Chassaing-Lacombe type,D12551,Bocodepsin (USAN),DG03260,1,HDAC6
H02272,CAPOS syndrome,D07556,beta-Acetyldigoxin,,1,(DEE99)
H02272,CAPOS syndrome,D01972,Lanatoside C (JAN/INN),,1,(DEE99)
H02272,CAPOS syndrome,D00112,G-Strophanthin (JAN),,1,(DEE99)
H02272,CAPOS syndrome,D00297,Digitoxin (JAN/USP/INN),,1,(DEE99)
H02272,CAPOS syndrome,D07555,Acetyldigoxin,,1,(DEE99)
H02272,CAPOS syndrome,D01379,Proscillaridin (JAN/USAN/INN),,1,(DEE99)
H02272,CAPOS syndrome,D07147,Gitoformate (INN),,1,(DEE99)
H02272,CAPOS syndrome,D02587,Metildigoxin (JP18),DG00191,1,(DEE99)
H02272,CAPOS syndrome,D00645,Bretylium tosylate (USP),,1,(DEE99)
H02272,CAPOS syndrome,D00631,Bepridil hydrochloride (USAN),DG00333,1,(DEE99)
H02272,CAPOS syndrome,D00298,Digoxin (JP18/USP),,1,(DEE99)
H02272,CAPOS syndrome,D09847,Metildigoxin (INN),DG00191,1,(DEE99)
H02272,CAPOS syndrome,D06881,Acetyldigitoxin (INN),,1,(DEE99)
H02272,CAPOS syndrome,D01240,Deslanoside (JP18/USP/INN),,1,(DEE99)
H02272,CAPOS syndrome,D07520,Bepridil (INN),DG00333,1,(DEE99)
H02278,Jansky-Bielschowsky disease,D10813,Cerliponase alfa (USAN/INN),,1,(CLN2)
H02291,"Retinal dystrophy, iris coloboma, and comedogenic acne synd…",D12351,Tinlarebant (USAN),,1,(MCOPCB10)
H02294,Tatton-Brown-Rahman syndrome,D03665,Decitabine (USAN/INN),,1,DNMT3A
H02294,Tatton-Brown-Rahman syndrome,D03021,Azacitidine (JAN/USAN/INN),,1,DNMT3A
H02297,CLAPO syndrome,D11011,Alpelisib (JAN/USAN/INN),,1,PIK3CA
H02297,CLAPO syndrome,D11158,Leniolisib (USAN/INN),DG02927,1,PIK3CA
H02297,CLAPO syndrome,D11869,Paxalisib (USAN/INN),,1,PIK3CA
H02297,CLAPO syndrome,D11774,Taselisib (USAN/INN),,1,PIK3CA
H02297,CLAPO syndrome,D10635,Gedatolisib (USAN/INN),,1,PIK3CA
H02297,CLAPO syndrome,D10797,Copanlisib hydrochloride (USAN),DG01926,1,PIK3CA
H02297,CLAPO syndrome,D11727,Voxtalisib (USAN/INN),,1,PIK3CA
H02297,CLAPO syndrome,D10867,Copanlisib (USAN/INN),DG01926,1,PIK3CA
H02297,CLAPO syndrome,D11942,Inavolisib (USAN/INN),,1,PIK3CA
H02297,CLAPO syndrome,D10543,Apitolisib (USAN/INN),,1,PIK3CA
H02297,CLAPO syndrome,D11440,Bimiralisib (USAN/INN),,1,PIK3CA
H02297,CLAPO syndrome,D10552,Dactolisib (USAN/INN),DG01826,1,PIK3CA
H02297,CLAPO syndrome,D10609,Buparlisib hydrochloride (JAN/USAN),DG01823,1,PIK3CA
H02297,CLAPO syndrome,D10798,Copanlisib hydrochloride hydrate (JAN),DG01926,1,PIK3CA
H02297,CLAPO syndrome,D11501,Samotolisib (USAN),,1,PIK3CA
H02301,Nephroblastoma,D08887,Cenersen sodium (USAN),,1,TP53
H02301,Nephroblastoma,D12445,Foscenvivint (JAN/INN),,1,CTNNB1
H02302,Hepatoblastoma,D12445,Foscenvivint (JAN/INN),,1,CTNNB1
H02308,Immunodeficiency-centromeric instability-facial anomalies s…,D03665,Decitabine (USAN/INN),,1,DNMT3B
H02308,Immunodeficiency-centromeric instability-facial anomalies s…,D03021,Azacitidine (JAN/USAN/INN),,1,DNMT3B
H02309,Adenosine deaminase deficiency,D00155,Pentostatin (JAN/USAN/INN),,1,ADA
H02310,Renal tubular acidosis,D00386,Triamterene (JP18/USP/INN),,4,(LIDLS1); (LIDLS2); (LIDLS3); (PHA1A)
H02310,Renal tubular acidosis,D07447,Amiloride (INN),DG00275,3,(LIDLS1); (LIDLS2); (LIDLS3)
H02310,Renal tubular acidosis,D12346,Idrevloride (USAN),,3,(LIDLS1); (LIDLS2); (LIDLS3)
H02310,Renal tubular acidosis,D00649,Amiloride hydrochloride (USP),DG00275,3,(LIDLS1); (LIDLS2); (LIDLS3)
H02310,Renal tubular acidosis,D00443,Spironolactone (JP18/USP/INN),,1,(PHA1A)
H02310,Renal tubular acidosis,D11667,Miricorilant (USAN/INN),,1,(PHA1A)
H02310,Renal tubular acidosis,D03917,Drospirenone (JAN/USP/INN),,1,(PHA1A)
H02310,Renal tubular acidosis,D03698,Desoxycorticosterone acetate (USP),DG00507,1,(PHA1A)
H02310,Renal tubular acidosis,D03699,Desoxycorticosterone pivalate (USP),DG00507,1,(PHA1A)
H02310,Renal tubular acidosis,D10528,Aldosterone (INN),,1,(PHA1A)
H02310,Renal tubular acidosis,D01943,Canrenoate potassium (USAN),,1,(PHA1A)
H02310,Renal tubular acidosis,D10633,Finerenone (JAN/USAN/INN),,1,(PHA1A)
H02310,Renal tubular acidosis,D05640,Prorenoate potassium (USAN/INN),,1,(PHA1A)
H02310,Renal tubular acidosis,D05020,Mexrenoate potassium (USAN),,1,(PHA1A)
H02310,Renal tubular acidosis,D03363,Canrenone (USAN),,1,(PHA1A)
H02311,Molybdenum cofactor deficiency,D11779,Fosdenopterin (USAN),DG03102,1,MOCS1
H02314,"Adrenal insufficiency, congenital, with 46XY sex reversal, …",D10950,Levoketoconazole (USAN/INN),,1,CYP11A1
H02329,Hepatic lipase deficiency,D03343,Dextran sulfate sodium sulfur 5 (JP18),DG00180,1,LIPC
H02329,Hepatic lipase deficiency,D02047,Dextran sulfate sodium (JAN),DG00180,1,LIPC
H02330,Pancreatic lipase deficiency,D04028,Orlistat (JAN/USP/INN),,1,PNLIP
H02330,Pancreatic lipase deficiency,D09208,Cetilistat (JAN/USAN/INN),,1,PNLIP
H02340,Absorptive hypercalciuria,D03584,Colforsin (USAN/INN),DG02877,1,ADCY10
H02340,Absorptive hypercalciuria,D01697,Colforsin daropate hydrochloride (JAN),DG02877,1,ADCY10
H02361,Myoclonic-atonic epilepsy,D02097,Tiagabine hydrochloride (USP),DG00850,1,SLC6A1
H02361,Myoclonic-atonic epilepsy,D09539,Gabapentin enacarbil (JAN/USAN/INN),DG01245,1,SLC6A1
H02361,Myoclonic-atonic epilepsy,D08588,Tiagabine (INN),DG00850,1,SLC6A1
H02361,Myoclonic-atonic epilepsy,D00332,Gabapentin (JAN/USP/INN),DG01245,1,SLC6A1
H02362,Benign familial infantile seizure,D00354,Lamotrigine (JAN/USP/INN),,2,(DEE11); (DEE13)
H02362,Benign familial infantile seizure,D00375,Mephenytoin (USP/INN),,2,(DEE11); (DEE13)
H02362,Benign familial infantile seizure,D02272,Quinidine sulfate (USP),DG00192,2,(DEE11); (DEE13)
H02362,Benign familial infantile seizure,D03492,Cifenline (USAN),DG00209,2,(DEE11); (DEE13)
H02362,Benign familial infantile seizure,D04521,Indecainide hydrochloride (USAN),,2,(DEE11); (DEE13)
H02362,Benign familial infantile seizure,D00739,Pramoxine hydrochloride (USP),DG00300,2,(DEE11); (DEE13)
H02362,Benign familial infantile seizure,D00533,Oxcarbazepine (JAN/USP/INN),,2,(DEE11); (DEE13)
H02362,Benign familial infantile seizure,D01768,Benoxinate hydrochloride (USP),DG00392,2,(DEE11); (DEE13)
H02362,Benign familial infantile seizure,D00538,Zonisamide (JP18/USP/INN),,2,(DEE11); (DEE13)
H02362,Benign familial infantile seizure,D00552,Benzocaine (USP/INN),DG00379,2,(DEE11); (DEE13)
H02362,Benign familial infantile seizure,D08407,Pramocaine (INN),DG00300,2,(DEE11); (DEE13)
H02362,Benign familial infantile seizure,D03991,Encainide hydrochloride (USAN),DG00203,2,(DEE11); (DEE13)
H02362,Benign familial infantile seizure,D08422,Procaine (INN),DG00298,2,(DEE11); (DEE13)
H02362,Benign familial infantile seizure,D07894,Encainide (INN),DG00203,2,(DEE11); (DEE13)
H02362,Benign familial infantile seizure,D00738,Mepivacaine hydrochloride (JP18/USP),DG00802,2,(DEE11); (DEE13)
H02381,"Cleft palate, psychomotor retardation, and distinctive faci…",D12264,Bomedemstat tosylate (USAN),DG03211,1,KDM1A
H02381,"Cleft palate, psychomotor retardation, and distinctive faci…",D12577,Seclidemstat (USAN/INN),DG03265,1,KDM1A
H02381,"Cleft palate, psychomotor retardation, and distinctive faci…",D12263,Bomedemstat (USAN/INN),DG03211,1,KDM1A
H02381,"Cleft palate, psychomotor retardation, and distinctive faci…",D12578,Seclidemstat mesylate (USAN),DG03265,1,KDM1A
H02388,Infantile-onset limb and orofacial dyskinesia,D07425,Papaverine (BAN),DG00043,1,PDE10A
H02388,Infantile-onset limb and orofacial dyskinesia,D06103,Theophylline (USP),DG01061,1,PDE10A
H02388,Infantile-onset limb and orofacial dyskinesia,D01238,Bucladesine sodium (JAN),DG00230,1,PDE10A
H02388,Infantile-onset limb and orofacial dyskinesia,D05429,Aminophylline hydrate (JP18),DG01062,1,PDE10A
H02388,Infantile-onset limb and orofacial dyskinesia,D06104,Theophylline sodium glycinate (USP),DG01061,1,PDE10A
H02388,Infantile-onset limb and orofacial dyskinesia,D06132,Tibenelast sodium (USAN),,1,PDE10A
H02388,Infantile-onset limb and orofacial dyskinesia,D07546,Bucladesine (INN),DG00230,1,PDE10A
H02388,Infantile-onset limb and orofacial dyskinesia,D07961,Flavoxate (INN),DG00477,1,PDE10A
H02388,Infantile-onset limb and orofacial dyskinesia,D11245,Balipodect (USAN/INN),,1,PDE10A
H02388,Infantile-onset limb and orofacial dyskinesia,D00371,Theophylline (JP18),DG01061,1,PDE10A
H02388,Infantile-onset limb and orofacial dyskinesia,D11630,Aminophylline dihydrate,DG01062,1,PDE10A
H02388,Infantile-onset limb and orofacial dyskinesia,D00227,Aminophylline (USP/INN),DG01062,1,PDE10A
H02388,Infantile-onset limb and orofacial dyskinesia,D08238,Moxaverine hydrochloride,DG00045,1,PDE10A
H02388,Infantile-onset limb and orofacial dyskinesia,D09822,Theosalicin (JAN),,1,PDE10A
H02388,Infantile-onset limb and orofacial dyskinesia,D02218,Papaverine hydrochloride (JP18/USP),DG00043,1,PDE10A
H02389,Familial dyskinesia with facial myokymia,D03584,Colforsin (USAN/INN),DG02877,1,ADCY5
H02389,Familial dyskinesia with facial myokymia,D01697,Colforsin daropate hydrochloride (JAN),DG02877,1,ADCY5
H02397,Neurodevelopmental disorder with movement abnormalities or …,D11414,Troriluzole (USAN),DG03011,3,(NEDLIB); (NEDSGA); GRIN1
H02397,Neurodevelopmental disorder with movement abnormalities or …,D00775,Riluzole (JAN/USP/INN),,3,(NEDLIB); (NEDSGA); GRIN1
H02397,Neurodevelopmental disorder with movement abnormalities or …,D11415,Troriluzole hydrochloride (USAN),DG03011,3,(NEDLIB); (NEDSGA); GRIN1
H02397,Neurodevelopmental disorder with movement abnormalities or …,D10109,Dasolampanel etibutil tosylate (USAN),,2,(NEDLIB); (NEDSGA)
H02397,Neurodevelopmental disorder with movement abnormalities or …,D09035,Zonampanel (INN/USAN),,2,(NEDLIB); (NEDSGA)
H02397,Neurodevelopmental disorder with movement abnormalities or …,D04131,Farampator (USAN/INN),,2,(NEDLIB); (NEDSGA)
H02397,Neurodevelopmental disorder with movement abnormalities or …,D00537,Topiramate (JAN/USP/INN),,2,(NEDLIB); (NEDSGA)
H02397,Neurodevelopmental disorder with movement abnormalities or …,D10107,Dasolampanel (USAN/INN),,2,(NEDLIB); (NEDSGA)
H02397,Neurodevelopmental disorder with movement abnormalities or …,D10780,Perampanel hydrate (JAN),DG01901,2,(NEDLIB); (NEDSGA)
H02397,Neurodevelopmental disorder with movement abnormalities or …,D12239,Pesampator (USAN),,2,(NEDLIB); (NEDSGA)
H02397,Neurodevelopmental disorder with movement abnormalities or …,D09931,Mibampator (USAN/INN),,2,(NEDLIB); (NEDSGA)
H02397,Neurodevelopmental disorder with movement abnormalities or …,D10108,Dasolampanel etibutil (USAN),,2,(NEDLIB); (NEDSGA)
H02397,Neurodevelopmental disorder with movement abnormalities or …,D02696,Talampanel (INN),,2,(NEDLIB); (NEDSGA)
H02397,Neurodevelopmental disorder with movement abnormalities or …,D06656,Tezampanel (USAN),,2,(NEDLIB); (NEDSGA)
H02397,Neurodevelopmental disorder with movement abnormalities or …,D08964,Perampanel (USAN),DG01901,2,(NEDLIB); (NEDSGA)
H02398,COVID-19,D01583,Pirfenidone (JAN/USAN/INN),,4,CCL2; IL1B; IL6; TNF
H02398,COVID-19,D06556,Apilimod mesylate (USAN),,2,IL12A; IL12B
H02398,COVID-19,D09214,Ustekinumab (USAN/INN),,2,IL12A; IL12B
H02398,COVID-19,D09588,Briakinumab (USAN/INN),,2,IL12A; IL12B
H02398,COVID-19,D04748,Lisofylline (USAN/INN),,2,IL12A; IL12B
H02398,COVID-19,D03795,Marimastat (USAN/INN),,2,MMP1; MMP3
H02398,COVID-19,D10845,Conestat alfa (INN),,2,C1R; C1S
H02398,COVID-19,D08976,Pomalidomide (JAN/USAN/INN),,2,IL6; TNF
H02398,COVID-19,D03116,Bindarit (USAN/INN),,1,CCL2
H02398,COVID-19,D09877,Carlumab (USAN),,1,CCL2
H02398,COVID-19,D03800,Rebimastat (USAN/INN),,1,MMP1
H02398,COVID-19,D03802,Tanomastat (USAN/INN),,1,MMP1
H02398,COVID-19,D03517,Cipemastat (USAN/INN),,1,MMP1
H02398,COVID-19,D11020,Diclofenac etalhyaluronate sodium (JAN),DG02959,1,MMP1
H02398,COVID-19,D11531,Narsoplimab (USAN),,1,MASP2
H02410,Myelodysplastic/myeloproliferative neoplasms,D11834,Vorasidenib (USAN/INN),DG03113,2,IDH1; IDH2
H02410,Myelodysplastic/myeloproliferative neoplasms,D11835,Vorasidenib citrate (USAN),DG03113,2,IDH1; IDH2
H02410,Myelodysplastic/myeloproliferative neoplasms,D11090,Ivosidenib (JAN/USAN/INN),,1,IDH1
H02410,Myelodysplastic/myeloproliferative neoplasms,D12483,Olutasidenib (USAN/INN),,1,IDH1
H02410,Myelodysplastic/myeloproliferative neoplasms,D06889,Pegfilgrastim (USAN/INN),,1,CSF3R
H02410,Myelodysplastic/myeloproliferative neoplasms,D05036,Milodistim (USAN/INN),,1,CSF3R
H02410,Myelodysplastic/myeloproliferative neoplasms,D11026,Pegteograstim (INN),,1,CSF3R
H02410,Myelodysplastic/myeloproliferative neoplasms,D11188,Eflapegrastim (USAN/INN),,1,CSF3R
H02410,Myelodysplastic/myeloproliferative neoplasms,D11986,Efbemalenograstim alfa (USAN/INN),,1,CSF3R
H02410,Myelodysplastic/myeloproliferative neoplasms,D03235,Filgrastim (USP/INN),,1,CSF3R
H02410,Myelodysplastic/myeloproliferative neoplasms,D03245,Nartograstim (genetical recombination) (JP18),,1,CSF3R
H02410,Myelodysplastic/myeloproliferative neoplasms,D05389,Pegnartograstim (USAN/INN),,1,CSF3R
H02410,Myelodysplastic/myeloproliferative neoplasms,D03247,Lenograstim (USAN/INN),,1,CSF3R
H02410,Myelodysplastic/myeloproliferative neoplasms,D10242,Lipegfilgrastim (USAN),,1,CSF3R
H02410,Myelodysplastic/myeloproliferative neoplasms,D04695,Leridistim (USAN/INN),,1,CSF3R
H02411,Chronic myelomonocytic leukemia,D11768,Pacritinib (USAN/INN),,2,FLT3; JAK2
H02411,Chronic myelomonocytic leukemia,D11600,Zotiraciclib citrate (USAN),DG03058,2,FLT3; JAK2
H02411,Chronic myelomonocytic leukemia,D11599,Zotiraciclib (USAN),DG03058,2,FLT3; JAK2
H02411,Chronic myelomonocytic leukemia,D12476,Tuspetinib (USAN/INN),,2,FLT3; JAK2
H02411,Chronic myelomonocytic leukemia,D08279,Tozasertib (USAN),DG01365,1,FLT3
H02411,Chronic myelomonocytic leukemia,D10709,Gilteritinib (USAN/INN),DG01948,1,FLT3
H02411,Chronic myelomonocytic leukemia,D05029,Midostaurin (JAN/USAN/INN),,1,FLT3
H02411,Chronic myelomonocytic leukemia,D04696,Lestaurtinib (USAN/INN),,1,FLT3
H02411,Chronic myelomonocytic leukemia,D11270,Pexidartinib (USAN/INN),DG02960,1,FLT3
H02411,Chronic myelomonocytic leukemia,D06272,Sorafenib tosylate (USAN),DG00713,1,FLT3
H02411,Chronic myelomonocytic leukemia,D11271,Pexidartinib hydrochloride (JAN/USAN),DG02960,1,FLT3
H02411,Chronic myelomonocytic leukemia,D08344,Tozasertib lactate (USAN),DG01365,1,FLT3
H02411,Chronic myelomonocytic leukemia,D10103,Crenolanib besylate (USAN),DG01361,1,FLT3
H02411,Chronic myelomonocytic leukemia,D06005,Tandutinib (USAN/INN),,1,FLT3
H02411,Chronic myelomonocytic leukemia,D08524,Sorafenib (USAN/INN),DG00713,1,FLT3
H02412,Atypical chronic myeloid leukemia,D11768,Pacritinib (USAN/INN),,2,FLT3; JAK2
H02412,Atypical chronic myeloid leukemia,D11600,Zotiraciclib citrate (USAN),DG03058,2,FLT3; JAK2
H02412,Atypical chronic myeloid leukemia,D11599,Zotiraciclib (USAN),DG03058,2,FLT3; JAK2
H02412,Atypical chronic myeloid leukemia,D12476,Tuspetinib (USAN/INN),,2,FLT3; JAK2
H02412,Atypical chronic myeloid leukemia,D06889,Pegfilgrastim (USAN/INN),,1,CSF3R
H02412,Atypical chronic myeloid leukemia,D05036,Milodistim (USAN/INN),,1,CSF3R
H02412,Atypical chronic myeloid leukemia,D11026,Pegteograstim (INN),,1,CSF3R
H02412,Atypical chronic myeloid leukemia,D11188,Eflapegrastim (USAN/INN),,1,CSF3R
H02412,Atypical chronic myeloid leukemia,D11986,Efbemalenograstim alfa (USAN/INN),,1,CSF3R
H02412,Atypical chronic myeloid leukemia,D03235,Filgrastim (USP/INN),,1,CSF3R
H02412,Atypical chronic myeloid leukemia,D03245,Nartograstim (genetical recombination) (JP18),,1,CSF3R
H02412,Atypical chronic myeloid leukemia,D05389,Pegnartograstim (USAN/INN),,1,CSF3R
H02412,Atypical chronic myeloid leukemia,D03247,Lenograstim (USAN/INN),,1,CSF3R
H02412,Atypical chronic myeloid leukemia,D10242,Lipegfilgrastim (USAN),,1,CSF3R
H02412,Atypical chronic myeloid leukemia,D04695,Leridistim (USAN/INN),,1,CSF3R
H02419,Glycine encephalopathy with normal serum glycine,D12527,Iclepertin (JAN/USAN/INN),,1,SLC6A9
H02419,Glycine encephalopathy with normal serum glycine,D10186,Bitopertin (JAN/USAN/INN),,1,SLC6A9
H02424,Primary central nervous system lymphoma,D02967,Apolizumab (USAN/INN),,1,HLA-DRB5
H02424,Primary central nervous system lymphoma,D04318,Glatiramer acetate (JAN/USAN),,1,HLA-DRB5
H02424,Primary central nervous system lymphoma,D10761,Polatuzumab vedotin (USAN),,1,(AGM6)
H02425,Erdheim-Chester disease,D12291,Tovorafenib (USAN/INN),,2,ARAF; BRAF
H02425,Erdheim-Chester disease,D10024,Selumetinib sulfate (JAN/USAN),DG01414,2,MAP2K1; MAP2K2
H02425,Erdheim-Chester disease,D12515,Avutometinib (USAN/INN),DG03255,2,MAP2K1; MAP2K2
H02425,Erdheim-Chester disease,D12473,Zapnometinib (USAN/INN),,2,MAP2K1; MAP2K2
H02425,Erdheim-Chester disease,D10604,Binimetinib (JAN/USAN/INN),,2,MAP2K1; MAP2K2
H02425,Erdheim-Chester disease,D10615,Cobimetinib fumarate (USAN),DG01825,2,MAP2K1; MAP2K2
H02425,Erdheim-Chester disease,D10176,Trametinib dimethyl sulfoxide (JAN/USAN),DG00723,2,MAP2K1; MAP2K2
H02425,Erdheim-Chester disease,D10426,Pimasertib (USAN/INN),DG01410,2,MAP2K1; MAP2K2
H02425,Erdheim-Chester disease,D10405,Cobimetinib (USAN/INN),DG01825,2,MAP2K1; MAP2K2
H02425,Erdheim-Chester disease,D12534,Avutometinib potassium (USAN),DG03255,2,MAP2K1; MAP2K2
H02425,Erdheim-Chester disease,D10175,Trametinib (USAN),DG00723,2,MAP2K1; MAP2K2
H02425,Erdheim-Chester disease,D09666,Selumetinib (USAN/INN),DG01414,2,MAP2K1; MAP2K2
H02425,Erdheim-Chester disease,D10486,Pimasertib hydrochloride (USAN),DG01410,2,MAP2K1; MAP2K2
H02425,Erdheim-Chester disease,D11675,Mirdametinib (USAN),,2,MAP2K1; MAP2K2
H02425,Erdheim-Chester disease,D08524,Sorafenib (USAN/INN),DG00713,1,BRAF
H02432,Butyrylcholinesterase deficiency,D04435,Hexafluorenium bromide (USAN),,1,BCHE
H02432,Butyrylcholinesterase deficiency,D02558,Rivastigmine tartrate,DG00984,1,BCHE
H02432,Butyrylcholinesterase deficiency,D03239,Ladostigil tartrate (USAN),,1,BCHE
H02432,Butyrylcholinesterase deficiency,D03822,Rivastigmine (JAN/USP/INN),DG00984,1,BCHE
H02432,Butyrylcholinesterase deficiency,D00043,Isoflurophate,,1,BCHE
H02432,Butyrylcholinesterase deficiency,D02193,Echothiophate iodide (USP),DG01131,1,BCHE
H02434,"Diffuse large B-cell lymphoma, not otherwise specified",D12394,Inobrodib (USAN),,2,CREBBP; EP300
H02434,"Diffuse large B-cell lymphoma, not otherwise specified",D10679,Venetoclax (JAN/USAN/INN),,1,BCL2
H02434,"Diffuse large B-cell lymphoma, not otherwise specified",D08954,Obatoclax mesylate (USAN),,1,BCL2
H02434,"Diffuse large B-cell lymphoma, not otherwise specified",D05216,Oblimersen sodium (USAN),DG00728,1,BCL2
H02434,"Diffuse large B-cell lymphoma, not otherwise specified",D08290,Oblimersen (INN),DG00728,1,BCL2
H02434,"Diffuse large B-cell lymphoma, not otherwise specified",D11662,Valemetostat tosilate (JAN),DG03075,1,EZH2
H02434,"Diffuse large B-cell lymphoma, not otherwise specified",D11551,Valemetostat (INN),DG03075,1,EZH2
H02434,"Diffuse large B-cell lymphoma, not otherwise specified",D11485,Tazemetostat hydrobromide (JAN/USAN),DG03020,1,EZH2
H02434,"Diffuse large B-cell lymphoma, not otherwise specified",D11444,Tazemetostat (USAN/INN),DG03020,1,EZH2
H02434,"Diffuse large B-cell lymphoma, not otherwise specified",D08887,Cenersen sodium (USAN),,1,TP53
H02434,"Diffuse large B-cell lymphoma, not otherwise specified",D02800,Alefacept (USAN/INN),,1,CD58
H02434,"Diffuse large B-cell lymphoma, not otherwise specified",D08956,Omacetaxine mepesuccinate (USAN),,1,MYC
H02440,"Fleck retina, familial benign",D06283,Varespladib sodium (USAN),DG01394,1,PLA2G5
H02452,Muscle hypertrophy,D11047,Domagrozumab (USAN/INN),,1,MSTN
H02452,Muscle hypertrophy,D11797,Apitegromab (USAN),,1,MSTN
H02452,Muscle hypertrophy,D11265,Taldefgrobep alfa (USAN/INN),,1,MSTN
H02452,Muscle hypertrophy,D11242,Trevogrumab (USAN/INN),,1,MSTN
H02452,Muscle hypertrophy,D05917,Stamulumab (USAN),,1,MSTN
H02452,Muscle hypertrophy,D10347,Ramatercept (USAN/INN),,1,MSTN
H02452,Muscle hypertrophy,D11235,Landogrozumab (USAN/INN),,1,MSTN
H02463,Syndromic intellectual developmental disorder,D07425,Papaverine (BAN),DG00043,1,(IDDPADS)
H02463,Syndromic intellectual developmental disorder,D06103,Theophylline (USP),DG01061,1,(IDDPADS)
H02463,Syndromic intellectual developmental disorder,D01238,Bucladesine sodium (JAN),DG00230,1,(IDDPADS)
H02463,Syndromic intellectual developmental disorder,D05429,Aminophylline hydrate (JP18),DG01062,1,(IDDPADS)
H02463,Syndromic intellectual developmental disorder,D06104,Theophylline sodium glycinate (USP),DG01061,1,(IDDPADS)
H02463,Syndromic intellectual developmental disorder,D06132,Tibenelast sodium (USAN),,1,(IDDPADS)
H02463,Syndromic intellectual developmental disorder,D07546,Bucladesine (INN),DG00230,1,(IDDPADS)
H02463,Syndromic intellectual developmental disorder,D07961,Flavoxate (INN),DG00477,1,(IDDPADS)
H02463,Syndromic intellectual developmental disorder,D00371,Theophylline (JP18),DG01061,1,(IDDPADS)
H02463,Syndromic intellectual developmental disorder,D07603,Caffeine citrate (USP),DG00974,1,(IDDPADS)
H02463,Syndromic intellectual developmental disorder,D11630,Aminophylline dihydrate,DG01062,1,(IDDPADS)
H02463,Syndromic intellectual developmental disorder,D00227,Aminophylline (USP/INN),DG01062,1,(IDDPADS)
H02463,Syndromic intellectual developmental disorder,D01453,Caffeine hydrate (JP18),DG00974,1,(IDDPADS)
H02463,Syndromic intellectual developmental disorder,D00528,Caffeine (USP),DG00974,1,(IDDPADS)
H02463,Syndromic intellectual developmental disorder,D08238,Moxaverine hydrochloride,DG00045,1,(IDDPADS)
H02467,Neonatal inflammatory skin and bowel disease,D08859,Apratastat (USAN/INN),,1,ADAM17
H02467,Neonatal inflammatory skin and bowel disease,D09320,Aderbasib (USAN/INN),,1,ADAM17
H02467,Neonatal inflammatory skin and bowel disease,D12259,Aumolertinib mesylate (USAN),DG03209,1,EGFR
H02467,Neonatal inflammatory skin and bowel disease,D10958,Naquotinib (USAN/INN),DG03112,1,EGFR
H02467,Neonatal inflammatory skin and bowel disease,D11772,Tesevatinib (USAN/INN),DG03101,1,EGFR
H02467,Neonatal inflammatory skin and bowel disease,D08108,Lapatinib (INN),DG00715,1,EGFR
H02467,Neonatal inflammatory skin and bowel disease,D10439,Imgatuzumab (USAN/INN),,1,EGFR
H02467,Neonatal inflammatory skin and bowel disease,D11125,Modotuximab (USAN/INN),,1,EGFR
H02467,Neonatal inflammatory skin and bowel disease,D09724,Afatinib (USAN/INN),DG00717,1,EGFR
H02467,Neonatal inflammatory skin and bowel disease,D12001,Mobocertinib (USAN/INN),DG03148,1,EGFR
H02467,Neonatal inflammatory skin and bowel disease,D12229,Poziotinib (USAN/INN),DG03196,1,EGFR
H02467,Neonatal inflammatory skin and bowel disease,D11874,Serclutamab talirine (USAN/INN),,1,EGFR
H02467,Neonatal inflammatory skin and bowel disease,D09690,Varlitinib tosylate (USAN),DG01357,1,EGFR
H02467,Neonatal inflammatory skin and bowel disease,D05350,Panitumumab (USAN/INN),,1,EGFR
H02467,Neonatal inflammatory skin and bowel disease,D11411,Lifirafenib maleate (USAN),DG03009,1,EGFR
H02470,Neurodevelopmental disorder with structural brain abnormali…,D07883,Eflornithine (INN),DG00440,1,ODC1
H02470,Neurodevelopmental disorder with structural brain abnormali…,D00829,Eflornithine hydrochloride (USAN),DG00440,1,ODC1
H02470,Neurodevelopmental disorder with structural brain abnormali…,D07257,Lonidamine (INN),,1,HK1
H02481,Syndromic disorder with short stature,D10951,Maralixibat (USAN),DG02832,1,(SSASKS)
H02484,X-linked reticulate pigmentary disorder with systemic manif…,D03546,Clofarabine (JAN/USAN/INN),,1,POLA1
H02503,Richieri-Costa-Pereira syndrome,D11837,Zotatifin (USAN/INN),,1,EIF4A3
H02504,"Gastrointestinal ulceration, recurrent, with dysfunctional …",D06674,Efipladib (USAN),,1,PLA2G4A
H02504,"Gastrointestinal ulceration, recurrent, with dysfunctional …",D06600,Giripladib (USAN),,1,PLA2G4A
H02504,"Gastrointestinal ulceration, recurrent, with dysfunctional …",D03938,Ecopladib (USAN/INN),,1,PLA2G4A
H02505,Atherosclerosis,D04268,Elastase ES,,1,LCAT
H02505,Atherosclerosis,D08946,Mipomersen sodium (USAN),,1,APOB
H02505,Atherosclerosis,D10557,Evolocumab (USAN/INN),,1,PCSK9
H02505,Atherosclerosis,D10621,Bococizumab (USAN/INN),,1,PCSK9
H02505,Atherosclerosis,D11398,Frovocimab (USAN/INN),,1,PCSK9
H02505,Atherosclerosis,D10335,Alirocumab (USAN),,1,PCSK9
H02525,Disorders of innate immunity,D12352,Eclitasertib (USAN/INN),,1,RIPK1
H02525,Disorders of innate immunity,D11669,Bempegaldesleukin (USAN/INN),,1,IL2RB
H02525,Disorders of innate immunity,D02743,Celmoleukin (genetical recombination) (JP18),,1,IL2RB
H02525,Disorders of innate immunity,D12328,Rezpegaldesleukin (USAN),,1,IL2RB
H02525,Disorders of innate immunity,D02749,Teceleukin (USAN),,1,IL2RB
H02525,Disorders of innate immunity,D00748,Aldesleukin (USAN/INN),,1,IL2RB
H02525,Disorders of innate immunity,D02747,Peginterferon alfa-2a (USAN/INN),,1,IFNAR2
H02525,Disorders of innate immunity,D03304,Interferon beta (JAN),DG01751,1,IFNAR2
H02525,Disorders of innate immunity,D04554,Interferon beta-1a (USAN),DG01751,1,IFNAR2
H02525,Disorders of innate immunity,D10483,Peginterferon beta-1a (USAN/INN),,1,IFNAR2
H02525,Disorders of innate immunity,D03305,Interferon alfa (NAMALWA) (JP18),DG01750,1,IFNAR2
H02525,Disorders of innate immunity,D02744,Interferon alfacon-1 (USAN/INN),,1,IFNAR2
H02525,Disorders of innate immunity,D04552,Interferon alfa-n1 (USAN),DG01750,1,IFNAR2
H02525,Disorders of innate immunity,D04553,Interferon alfa-n3 (USAN),DG01750,1,IFNAR2
H02525,Disorders of innate immunity,D02745,Interferon alfa-2b (USAN),DG01750,1,IFNAR2
H02526,Disorders of adaptive immunity,D11209,Entospletinib (USAN/INN),,1,SYK
H02526,Disorders of adaptive immunity,D11790,Mivavotinib citrate (USAN),DG03106,1,SYK
H02526,Disorders of adaptive immunity,D09348,Fostamatinib disodium (USAN),DG01419,1,SYK
H02526,Disorders of adaptive immunity,D12476,Tuspetinib (USAN/INN),,1,SYK
H02526,Disorders of adaptive immunity,D09347,Fostamatinib (USAN),DG01419,1,SYK
H02526,Disorders of adaptive immunity,D11676,Gusacitinib (USAN/INN),DG03080,1,SYK
H02526,Disorders of adaptive immunity,D11789,Mivavotinib (USAN/INN),DG03106,1,SYK
H02526,Disorders of adaptive immunity,D11677,Gusacitinib hydrochloride (USAN),DG03080,1,SYK
H02526,Disorders of adaptive immunity,D09332,Denenicokin (USAN/INN),,1,IL21R
H02526,Disorders of adaptive immunity,D12509,Trontinemab (USAN/INN),,1,TFRC
H02526,Disorders of adaptive immunity,D11812,Pabinafusp alfa (genetical recombination) (JAN),,1,TFRC
H02526,Disorders of adaptive immunity,D09575,Ibalizumab (USAN/INN),,1,CD4
H02526,Disorders of adaptive immunity,D09190,"Anti-human thymocyte immunoglobulin, rabbit (JAN)",,1,CD4
H02526,Disorders of adaptive immunity,D06356,Zanolimumab (USAN/INN),,1,CD4
H02526,Disorders of adaptive immunity,D05610,Priliximab (USAN/INN),,1,CD4
H02529,Bone marrow failure syndrome,D12399,Sulanemadlin (USAN/INN),,1,MDM4
H02529,Bone marrow failure syndrome,D08887,Cenersen sodium (USAN),,1,TP53
H02532,Proteasome-associated autoinflammatory syndrome,D12512,Zetomipzomib (USAN/INN),DG03252,2,(PRAAS3); PSMB8
H02532,Proteasome-associated autoinflammatory syndrome,D12513,Zetomipzomib maleate (USAN),DG03252,2,(PRAAS3); PSMB8
H02536,Infection-induced acute encephalopathy,D08340,Perhexiline (INN),DG00334,1,CPT2
H02536,Infection-induced acute encephalopathy,D05442,Perhexiline maleate (USAN),DG00334,1,CPT2
H02536,Infection-induced acute encephalopathy,D09661,Rintatolimod (USAN/INN),,1,TLR3
H02537,"Autoinflammation, immune dysregulation, and eosinophilia",D11048,Upadacitinib hydrate (JAN),DG02829,1,JAK1
H02537,"Autoinflammation, immune dysregulation, and eosinophilia",D09783,Tofacitinib citrate (JAN/USAN),DG00742,1,JAK1
H02537,"Autoinflammation, immune dysregulation, and eosinophilia",D10653,Peficitinib (USAN/INN),DG01853,1,JAK1
H02537,"Autoinflammation, immune dysregulation, and eosinophilia",D11677,Gusacitinib hydrochloride (USAN),DG03080,1,JAK1
H02537,"Autoinflammation, immune dysregulation, and eosinophilia",D10871,Filgotinib (USAN/INN),DG01991,1,JAK1
H02537,"Autoinflammation, immune dysregulation, and eosinophilia",D11106,Filgotinib maleate (JAN/USAN),DG01991,1,JAK1
H02537,"Autoinflammation, immune dysregulation, and eosinophilia",D11866,Deuruxolitinib (USAN),DG03114,1,JAK1
H02537,"Autoinflammation, immune dysregulation, and eosinophilia",D10872,Filgotinib hydrochloride (USAN),DG01991,1,JAK1
H02537,"Autoinflammation, immune dysregulation, and eosinophilia",D12211,Ivarmacitinib (USAN),DG03175,1,JAK1
H02537,"Autoinflammation, immune dysregulation, and eosinophilia",D10142,Oclacitinib maleate (USAN),DG02005,1,JAK1
H02537,"Autoinflammation, immune dysregulation, and eosinophilia",D10308,Baricitinib (JAN/USAN/INN),,1,JAK1
H02537,"Autoinflammation, immune dysregulation, and eosinophilia",D09960,Ruxolitinib phosphate (JAN/USAN),DG00719,1,JAK1
H02537,"Autoinflammation, immune dysregulation, and eosinophilia",D12476,Tuspetinib (USAN/INN),,1,JAK1
H02537,"Autoinflammation, immune dysregulation, and eosinophilia",D11537,Brepocitinib (USAN),DG03044,1,JAK1
H02537,"Autoinflammation, immune dysregulation, and eosinophilia",D11676,Gusacitinib (USAN/INN),DG03080,1,JAK1
H02540,Infantile-onset multisystem autoimmune disease,D10717,Napabucasin (JAN/USAN/INN),,1,STAT3
H02541,Juvenile myelomonocytic leukemia,D12055,Sotorasib (JAN/USAN),,1,KRAS
H02541,Juvenile myelomonocytic leukemia,D12301,Adagrasib (USAN/INN),,1,KRAS
H02543,Acromesomelic dysplasia,D04051,Erythrityl tetranitrate (USAN),,1,NPR2
H02543,Acromesomelic dysplasia,D02935,Anaritide acetate (USAN),,1,NPR2
H02543,Acromesomelic dysplasia,D11190,Vosoritide (USAN/INN),,1,NPR2
H02543,Acromesomelic dysplasia,D10063,Cenderitide (USAN),,1,NPR2
H02555,Muckle-Wells syndrome,D12422,Selnoflast (USAN/INN),DG03239,1,NLRP3
H02555,Muckle-Wells syndrome,D12423,Selnoflast potassium (USAN),DG03239,1,NLRP3
H02556,CINCA syndrome,D12422,Selnoflast (USAN/INN),DG03239,1,NLRP3
H02556,CINCA syndrome,D12423,Selnoflast potassium (USAN),DG03239,1,NLRP3
H02557,Dopa-responsive dystonia,D00762,Metyrosine (USP),,1,TH
H02559,Microvascular complications of diabetes,D11244,Vanucizumab (USAN/INN),,1,VEGFA
H02559,Microvascular complications of diabetes,D11516,Faricimab (USAN/INN),,1,VEGFA
H02559,Microvascular complications of diabetes,D11890,Emvododstat (USAN),,1,VEGFA
H02559,Microvascular complications of diabetes,D11126,Navicixizumab (USAN/INN),,1,VEGFA
H02559,Microvascular complications of diabetes,D05697,Ranibizumab (USAN/INN),,1,VEGFA
H02559,Microvascular complications of diabetes,D10819,Aflibercept beta (genetical recombination) (JAN),,1,VEGFA
H02559,Microvascular complications of diabetes,D05386,Pegaptanib sodium (JAN/USAN),,1,VEGFA
H02559,Microvascular complications of diabetes,D11083,Brolucizumab (USAN/INN),,1,VEGFA
H02559,Microvascular complications of diabetes,D11642,Dilpacimab (USAN/INN),,1,VEGFA
H02559,Microvascular complications of diabetes,D08874,Bevasiranib sodium (USAN),,1,VEGFA
H02559,Microvascular complications of diabetes,D12508,Tarcocimab tedromer (INN),,1,VEGFA
H02559,Microvascular complications of diabetes,D09574,Aflibercept (USAN/INN),,1,VEGFA
H02559,Microvascular complications of diabetes,D11517,Abicipar pegol (USAN/INN),,1,VEGFA
H02559,Microvascular complications of diabetes,D12507,Tarcocimab (INN),,1,VEGFA
H02559,Microvascular complications of diabetes,D06409,Bevacizumab (USAN),,1,VEGFA
H02563,Neural tube defects,D03116,Bindarit (USAN/INN),,1,CCL2
H02563,Neural tube defects,D01583,Pirfenidone (JAN/USAN/INN),,1,CCL2
H02563,Neural tube defects,D09877,Carlumab (USAN),,1,CCL2
H02564,Generalized epilepsy with febrile seizures plus,D00537,Topiramate (JAN/USP/INN),,3,(DEE6B); (DEE74); (EIG10)
H02564,Generalized epilepsy with febrile seizures plus,D11150,Cenobamate (USAN/INN),,3,(DEE6B); (DEE74); (EIG10)
H02564,Generalized epilepsy with febrile seizures plus,D01316,Mexazolam (JAN/INN),,2,(DEE74); (EIG10)
H02564,Generalized epilepsy with febrile seizures plus,D12449,Cipepofol (USAN/INN),,2,(DEE74); (EIG10)
H02564,Generalized epilepsy with febrile seizures plus,D00430,Secobarbital (USP/INN),DG00917,2,(DEE74); (EIG10)
H02564,Generalized epilepsy with febrile seizures plus,D01230,Flunitrazepam (JP18/USAN/INN),,2,(DEE74); (EIG10)
H02564,Generalized epilepsy with febrile seizures plus,D01253,Clobazam (JAN/USAN/INN),,2,(DEE74); (EIG10)
H02564,Generalized epilepsy with febrile seizures plus,D08690,Zolpidem (INN),DG00922,2,(DEE74); (EIG10)
H02564,Generalized epilepsy with febrile seizures plus,D00338,Halazepam (USAN/INN),,2,(DEE74); (EIG10)
H02564,Generalized epilepsy with febrile seizures plus,D08283,Nordazepam (INN),,2,(DEE74); (EIG10)
H02564,Generalized epilepsy with febrile seizures plus,D08145,Loprazolam mesilate,DG00921,2,(DEE74); (EIG10)
H02564,Generalized epilepsy with febrile seizures plus,D00267,Chlordiazepoxide (JP18/USP/INN),DG00908,2,(DEE74); (EIG10)
H02564,Generalized epilepsy with febrile seizures plus,D01245,Bromazepam (JP18/USAN/INN),,2,(DEE74); (EIG10)
H02564,Generalized epilepsy with febrile seizures plus,D00387,Triazolam (JP18/USP/INN),,2,(DEE74); (EIG10)
H02564,Generalized epilepsy with febrile seizures plus,D01328,Clotiazepam (JP18/INN),,2,(DEE74); (EIG10)
H02565,Hereditary nonpolyposis colorectal cancer,D11893,Bintrafusp alfa (USAN/INN),,1,TGFBR2
H02565,Hereditary nonpolyposis colorectal cancer,D09027,Tucotuzumab celmoleukin (USAN/INN),,1,(DIAR5)
H02565,Hereditary nonpolyposis colorectal cancer,D09207,Catumaxomab (INN),,1,(DIAR5)
H02565,Hereditary nonpolyposis colorectal cancer,D03958,Edrecolomab (USAN/INN),,1,(DIAR5)
H02569,"Pulmonary fibrosis and/or bone marrow failure, telomere-rel…",D09630,Imetelstat sodium (USAN),,1,TERT
H02569,"Pulmonary fibrosis and/or bone marrow failure, telomere-rel…",D09629,Imetelstat (USAN/INN),,1,TERT
H02574,BILU syndrome,D10090,Amonafide (USAN),DG01268,1,TOP2B
H02574,BILU syndrome,D02214,Epirubicin hydrochloride (JP18/USP),DG00698,1,TOP2B
H02574,BILU syndrome,D08224,Mitoxantrone (INN),DG00701,1,TOP2B
H02574,BILU syndrome,D10383,Aldoxorubicin (USAN/INN),DG01726,1,TOP2B
H02574,BILU syndrome,D01885,Pirarubicin (JP18/INN),DG00702,1,TOP2B
H02574,BILU syndrome,D04783,Losoxantrone hydrochloride (USAN),,1,TOP2B
H02574,BILU syndrome,D01404,Sobuzoxane (JAN),,1,TOP2B
H02574,BILU syndrome,D01747,Idarubicin hydrochloride (JP18/USP),DG00700,1,TOP2B
H02574,BILU syndrome,D10091,Amonafide l-malate (USAN),DG01268,1,TOP2B
H02574,BILU syndrome,D02697,Valrubicin (USP/INN),,1,TOP2B
H02574,BILU syndrome,D08871,Berubicin hydrochloride (USAN),,1,TOP2B
H02574,BILU syndrome,D04262,Fostriecin sodium (USAN),,1,TOP2B
H02574,BILU syndrome,D01911,Aclarubicin hydrochloride (JP18),DG00699,1,TOP2B
H02574,BILU syndrome,D01264,Daunorubicin hydrochloride (JP18/USP),DG00697,1,TOP2B
H02574,BILU syndrome,D05054,Mitindomide (USAN/INN),,1,TOP2B
H02576,Familial cutaneous telangiectasia and cancer syndrome,D11148,Berzosertib (USAN/INN),,1,ATR
H02576,Familial cutaneous telangiectasia and cancer syndrome,D11787,Ceralasertib (USAN/INN),,1,ATR
H02576,Familial cutaneous telangiectasia and cancer syndrome,D12321,Camonsertib (USAN),,1,ATR
H02585,Roifman-Chitayat syndrome,D11159,Leniolisib phosphate (USAN),DG02927,1,PIK3CD
H02585,Roifman-Chitayat syndrome,D11158,Leniolisib (USAN/INN),DG02927,1,PIK3CD
H02585,Roifman-Chitayat syndrome,D11774,Taselisib (USAN/INN),,1,PIK3CD
H02585,Roifman-Chitayat syndrome,D10635,Gedatolisib (USAN/INN),,1,PIK3CD
H02585,Roifman-Chitayat syndrome,D12514,Amdizalisib (USAN/INN),,1,PIK3CD
H02585,Roifman-Chitayat syndrome,D11658,Duvelisib hydrate (JAN),DG03073,1,PIK3CD
H02585,Roifman-Chitayat syndrome,D10797,Copanlisib hydrochloride (USAN),DG01926,1,PIK3CD
H02585,Roifman-Chitayat syndrome,D11354,Nemiralisib succinate (USAN),DG02995,1,PIK3CD
H02585,Roifman-Chitayat syndrome,D11727,Voxtalisib (USAN/INN),,1,PIK3CD
H02585,Roifman-Chitayat syndrome,D11437,Parsaclisib (USAN/INN),DG03025,1,PIK3CD
H02585,Roifman-Chitayat syndrome,D10867,Copanlisib (USAN/INN),DG01926,1,PIK3CD
H02585,Roifman-Chitayat syndrome,D12009,Zandelisib (JAN/USAN/INN),,1,PIK3CD
H02585,Roifman-Chitayat syndrome,D10543,Apitolisib (USAN/INN),,1,PIK3CD
H02585,Roifman-Chitayat syndrome,D11440,Bimiralisib (USAN/INN),,1,PIK3CD
H02585,Roifman-Chitayat syndrome,D10924,Dezapelisib (USAN/INN),,1,PIK3CD
H02593,Chronic mucocutaneous ulceration,D12181,Edasalonexent (USAN/INN),,1,RELA
H02594,Congenital facial palsy with ptosis and velopharyngeal dysf…,D05062,Mivobulin isethionate (USAN),,1,TUBB6
H02594,Congenital facial palsy with ptosis and velopharyngeal dysf…,D03364,Cantuzumab mertansine (USAN),,1,TUBB6
H02594,Congenital facial palsy with ptosis and velopharyngeal dysf…,D10454,Cantuzumab ravtansine (USAN/INN),,1,TUBB6
H02594,Congenital facial palsy with ptosis and velopharyngeal dysf…,D06304,Vindesine (USAN/INN),DG00691,1,TUBB6
H02594,Congenital facial palsy with ptosis and velopharyngeal dysf…,D12520,Sabizabulin hydrochloride (USAN),DG03253,1,TUBB6
H02594,Congenital facial palsy with ptosis and velopharyngeal dysf…,D02197,Vincristine sulfate (JP18/USP),DG00690,1,TUBB6
H02594,Congenital facial palsy with ptosis and velopharyngeal dysf…,D04066,Estramustine (USAN/INN),DG00724,1,TUBB6
H02594,Congenital facial palsy with ptosis and velopharyngeal dysf…,D10954,Mirvetuximab soravtansine (USAN/INN),,1,TUBB6
H02594,Congenital facial palsy with ptosis and velopharyngeal dysf…,D11238,Lifastuzumab vedotin (USAN/INN),,1,TUBB6
H02594,Congenital facial palsy with ptosis and velopharyngeal dysf…,D06308,Vinrosidine sulfate (USAN),,1,TUBB6
H02594,Congenital facial palsy with ptosis and velopharyngeal dysf…,D01068,Vinblastine sulfate (JP18/USP),DG00689,1,TUBB6
H02594,Congenital facial palsy with ptosis and velopharyngeal dysf…,D12582,Opadotin (USAN),,1,TUBB6
H02594,Congenital facial palsy with ptosis and velopharyngeal dysf…,D00491,Paclitaxel (JAN/USP/INN),DG01430,1,TUBB6
H02594,Congenital facial palsy with ptosis and velopharyngeal dysf…,D10013,Indibulin (USAN/INN),,1,TUBB6
H02594,Congenital facial palsy with ptosis and velopharyngeal dysf…,D12220,Mecbotamab vedotin,,1,TUBB6
H02596,Disorders of carnitine transport and the carnitine cycle,D08340,Perhexiline (INN),DG00334,2,CPT1A; CPT2
H02596,Disorders of carnitine transport and the carnitine cycle,D05442,Perhexiline maleate (USAN),DG00334,2,CPT1A; CPT2
H02596,Disorders of carnitine transport and the carnitine cycle,D05292,Oxfenicine (USAN/INN),,1,CPT1A
H02609,Craniodiaphyseal dysplasia,D10094,Blosozumab (USAN),,1,SOST
H02609,Craniodiaphyseal dysplasia,D10156,Romosozumab (USAN),,1,SOST
H02610,Head and neck squamous cell carcinoma,D12458,Ozekibart (USAN),,1,TNFRSF10B
H02610,Head and neck squamous cell carcinoma,D09888,Drozitumab (USAN/INN),,1,TNFRSF10B
H02610,Head and neck squamous cell carcinoma,D06611,Lexatumumab (USAN/INN),,1,TNFRSF10B
H02610,Head and neck squamous cell carcinoma,D09329,Conatumumab (USAN/INN),,1,TNFRSF10B
H02620,Autoinflammation with episodic fever and lymphadenopathy,D12352,Eclitasertib (USAN/INN),,1,RIPK1
H02627,Epidermal nevus,D10481,Nintedanib (USAN/INN),DG01374,1,FGFR3
H02627,Epidermal nevus,D11417,Pemigatinib (JAN/USAN/INN),,1,FGFR3
H02627,Epidermal nevus,D10927,Erdafitinib (JAN/USAN/INN),,1,FGFR3
H02627,Epidermal nevus,D11611,Infigratinib phosphate (USAN),DG03062,1,FGFR3
H02627,Epidermal nevus,D12284,Recifercept (USAN/INN),,1,FGFR3
H02627,Epidermal nevus,D12537,Catequentinib hydrochloride (USAN),DG03258,1,FGFR3
H02627,Epidermal nevus,D09920,Lenvatinib mesylate (USAN),DG01362,1,FGFR3
H02627,Epidermal nevus,D12526,Catequentinib (USAN/INN),DG03258,1,FGFR3
H02627,Epidermal nevus,D05716,Repifermin (USAN/INN),,1,FGFR3
H02627,Epidermal nevus,D10396,Nintedanib esylate (USAN),DG01374,1,FGFR3
H02627,Epidermal nevus,D11461,Derazantinib hydrochloride (USAN),,1,FGFR3
H02627,Epidermal nevus,D09919,Lenvatinib (USAN/INN),DG01362,1,FGFR3
H02627,Epidermal nevus,D11445,Vofatamab (USAN),,1,FGFR3
H02627,Epidermal nevus,D12405,Tasurgratinib succinate (JAN),DG03234,1,FGFR3
H02627,Epidermal nevus,D12404,Tasurgratinib (INN),DG03234,1,FGFR3
H02628,Schimmelpenning-Feuerstein-Mims syndrome,D12055,Sotorasib (JAN/USAN),,1,KRAS
H02628,Schimmelpenning-Feuerstein-Mims syndrome,D12301,Adagrasib (USAN/INN),,1,KRAS
H02629,Bent bone dysplasia syndrome,D11762,Lucitanib (USAN/INN),,1,FGFR2
H02629,Bent bone dysplasia syndrome,D12526,Catequentinib (USAN/INN),DG03258,1,FGFR2
H02629,Bent bone dysplasia syndrome,D05716,Repifermin (USAN/INN),,1,FGFR2
H02629,Bent bone dysplasia syndrome,D09919,Lenvatinib (USAN/INN),DG01362,1,FGFR2
H02629,Bent bone dysplasia syndrome,D11589,Infigratinib (USAN/INN),DG03062,1,FGFR2
H02629,Bent bone dysplasia syndrome,D10481,Nintedanib (USAN/INN),DG01374,1,FGFR2
H02629,Bent bone dysplasia syndrome,D11417,Pemigatinib (JAN/USAN/INN),,1,FGFR2
H02629,Bent bone dysplasia syndrome,D11611,Infigratinib phosphate (USAN),DG03062,1,FGFR2
H02629,Bent bone dysplasia syndrome,D09920,Lenvatinib mesylate (USAN),DG01362,1,FGFR2
H02629,Bent bone dysplasia syndrome,D12456,Lirafugratinib hydrochloride (USAN),DG03245,1,FGFR2
H02629,Bent bone dysplasia syndrome,D11461,Derazantinib hydrochloride (USAN),,1,FGFR2
H02629,Bent bone dysplasia syndrome,D12405,Tasurgratinib succinate (JAN),DG03234,1,FGFR2
H02629,Bent bone dysplasia syndrome,D12455,Lirafugratinib (USAN),DG03245,1,FGFR2
H02629,Bent bone dysplasia syndrome,D10927,Erdafitinib (JAN/USAN/INN),,1,FGFR2
H02629,Bent bone dysplasia syndrome,D12537,Catequentinib hydrochloride (USAN),DG03258,1,FGFR2
H02631,Melorheostosis,D10024,Selumetinib sulfate (JAN/USAN),DG01414,1,MAP2K1
H02631,Melorheostosis,D12515,Avutometinib (USAN/INN),DG03255,1,MAP2K1
H02631,Melorheostosis,D12473,Zapnometinib (USAN/INN),,1,MAP2K1
H02631,Melorheostosis,D10604,Binimetinib (JAN/USAN/INN),,1,MAP2K1
H02631,Melorheostosis,D10615,Cobimetinib fumarate (USAN),DG01825,1,MAP2K1
H02631,Melorheostosis,D10176,Trametinib dimethyl sulfoxide (JAN/USAN),DG00723,1,MAP2K1
H02631,Melorheostosis,D10426,Pimasertib (USAN/INN),DG01410,1,MAP2K1
H02631,Melorheostosis,D10405,Cobimetinib (USAN/INN),DG01825,1,MAP2K1
H02631,Melorheostosis,D12534,Avutometinib potassium (USAN),DG03255,1,MAP2K1
H02631,Melorheostosis,D10175,Trametinib (USAN),DG00723,1,MAP2K1
H02631,Melorheostosis,D09666,Selumetinib (USAN/INN),DG01414,1,MAP2K1
H02631,Melorheostosis,D10486,Pimasertib hydrochloride (USAN),DG01410,1,MAP2K1
H02631,Melorheostosis,D11675,Mirdametinib (USAN),,1,MAP2K1
H02632,PP2A-related neurodevelopmental disorder,D04262,Fostriecin sodium (USAN),,1,PPP2CA
