entry_id,name,gene_symbol,ko_id,organism,variation,disease_ids,network_ids,drug_target_ids
10026v1,PIGK deficiency,PIGK,K05290,hsa_var Human gene variants (Homo sapiens),mutations OmimVar: 605087,H01489,,
100v1,ADA deficiency,ADA,K01488,hsa_var Human gene variants (Homo sapiens),mutations OmimVar: 608958,,,D11017
10111v1,RAD50 mutation,RAD50,K10866,hsa_var Human gene variants (Homo sapiens),mutations OmimVar: 604040,H01344,,
10133v1,OPTN mutation,OPTN,K19946,hsa_var Human gene variants (Homo sapiens),mutations OmimVar: 10133,H00058,,
10195v1,ALG3 deficiency,ALG3,K03845,hsa_var Human gene variants (Homo sapiens),mutations OmimVar: 608750,H00118,,
1019v1,CDK4 amplification,CDK4,K02089,hsa_var Human gene variants (Homo sapiens),amplification ClinVar: 268075 150740 dbVar: nsv917029,H00042,,
1019v2,CDK4 mutation,CDK4,K02089,hsa_var Human gene variants (Homo sapiens),mutation R24C ClinVar: 16928 dbSNP: rs11547328 COSM: 1677139 mutation R24H ClinVar: 16929 dbSNP: rs104894340 COSM: 1989836,H00038,,
10243v1,GPHN deficiency,GPHN,K15376,hsa_var Human gene variants (Homo sapiens),mutations OmimVar: 603930,H02311,,
10274v1,STAG1 mutation,STAG1,K06671,hsa_var Human gene variants (Homo sapiens),mutations OmimVar: 604358,H00773,,
1027v1,CDKN1B loss,CDKN1B,K06624,hsa_var Human gene variants (Homo sapiens),Allelic loss on 12p12-13,H00024,,
1027v2,CDKN1B reduced expression,CDKN1B,K06624,hsa_var Human gene variants (Homo sapiens),reduced expression,H00018,,
1027v3,CDKN1B mutation,CDKN1B,K06624,hsa_var Human gene variants (Homo sapiens),mutation S27Gfs ClinVar: 183391 dbSNP: rs786201007 mutation P69L ClinVar: 183393 dbSNP: rs777354267 mutation S125Terfs ClinVar: 183395 dbSNP: rs786201011 mutation W76Ter ClinVar: 8823 dbSNP: rs121917832,H01102;H01431,,
10280v1,SIGMAR1 mutation,SIGMAR1,K20719,hsa_var Human gene variants (Homo sapiens),mutations OmimVar: 601978,H00058,,
10293v1,TRAIP mutation,TRAIP,K11985,hsa_var Human gene variants (Homo sapiens),mutations OmimVar: 605958,H00992,,
1029v1,CDKN2A deletion,CDKN2A,K06621,hsa_var Human gene variants (Homo sapiens),CDKN2A deletion COSM: 12523,H00004;H00019;H00022;H00038;H00042;H00048,,
1029v2,CDKN2A mutation,CDKN2A,K06621,hsa_var Human gene variants (Homo sapiens),mutation G23D ClinVar: 420108 dbSNP: rs1064794292 COSM: 13800 mutation R80STOP ClinVar: 9409 dbSNP: rs121913388 COSM: 12475 mutation H83Y ClinVar: 376307 dbSNP: rs121913385 COSM: 12504 mutation Q50STOP ClinVar: 220711 dbSNP: rs864622636 COSM: 12506 mutation R58STOP ClinVar: 376310 dbSNP: rs121913382 mutation E61STOP ClinVar: 376308 dbSNP: rs121913383 mutation E69STOP ClinVar: 376308 dbSNP: rs121913383 COSM: 13281 mutation E88STOP ClinVar: 376305 dbSNP: rs121913384 COSM: 12512 mutation W110STOP ClinVar: 376303 dbSNP: rs121913389 mutation P114L ClinVar: 77637 dbSNP: rs121913386 COSM: 12476 mutation Q50H ClinVar: 376384 dbSNP: rs1057519882 COSM: 3395757 1648141 mutation R112G ClinVar: 233484 dbSNP: rs876660436 COSM: 12503 mutation H123Q ClinVar: 127526 dbSNP: rs6413463 COSM: 13463 mutation Y44STOP ClinVar: 182409 dbSNP: rs730881673 mutation D84Y ClinVar: 376306 dbSNP: rs11552822 COSM: 13299 mutation D108Y ClinVar: 182423 dbSNP: rs121913381 COSM: 13489 mutation V106M COSM: 13505 mutation M52K COSM: 13436 mutation R107C COSM: 13788 mutation Y129C COSM: 13633 mutation N42D COSM: 13498 mutation V51I COSM: 13496 mutation V51D COSM: 3395750 mutation A73T COSM: 13766 mutation H98Y COSM: 13787 mutation A85T COSM: 13786 mutation T93R COSM: 13796 mutation A102V COSM: 13675 mutation A20P COSM: 13521 mutation G35E COSM: 13259 mutation P48L COSM: 12743 mutation P81L COSM: 13224 mutation E88K COSM: 12550 mutation G89S COSM: 13723 mutation D116Y COSM: 13807 mutation H98P COSM: 87427 mutation D74N COSM: 13474 mutation D108H COSM: 13520 mutation E69K COSM: 12508 mutation G111D COSM: 13508 mutation E69V COSM: 13717 mutation A20E COSM: 12505 mutation H66Y COSM: 13620 mutation H83N COSM: 13705 mutation D84H COSM: 13613 mutation T93A COSM: 13617 mutation E120K COSM:13296 mutation E120A COSM: 13614,H00004;H00014;H00019;H00038,,
10329v1,TMEM5 deficiency,RXYLT1,K21052,hsa_var Human gene variants (Homo sapiens),mutations OmimVar: 605862,H00120,,
10379v1,IRF9 mutation,IRF9,K04693,hsa_var Human gene variants (Homo sapiens),mutations OmimVar: 147574,H02525,,
10381v1,TUBB3 mutation,TUBB3,K07375,hsa_var Human gene variants (Homo sapiens),mutations OmimVar: 602661,H00838;H01881,,
10382v1,TUBB4A mutation,TUBB4A,K07375,hsa_var Human gene variants (Homo sapiens),mutations OmimVar: 602662,H00679;H00831,,
10383v1,TUBB4B mutation,TUBB4B,K07375,hsa_var Human gene variants (Homo sapiens),mutations OmimVar: 602660,H00837,,
103v1,ADAR mutation,ADAR,K12968,hsa_var Human gene variants (Homo sapiens),mutations OmimVar: 146920,H00290;H00880,,
10459v1,MAD2L2 mutation,MAD2L2,K13728,hsa_var Human gene variants (Homo sapiens),mutations OmimVar: 604094,H00238,,
1045v1,CDX2 overexpression,CDX2,K22234,hsa_var Human gene variants (Homo sapiens),overexpression,H00018,,
10535v1,RNASEH2A mutation,RNASEH2A,K10743,hsa_var Human gene variants (Homo sapiens),mutations OmimVar: 606034,H00290,,
10559v1,SLC35A1 mutation,SLC35A1,K15272,hsa_var Human gene variants (Homo sapiens),mutations OmimVar: 605634,H00119,,
10584v1,COLEC10 mutation,COLEC10,K10065,hsa_var Human gene variants (Homo sapiens),mutations OmimVar: 607620,H01887,,
10585v1,POMT1 deficiency,POMT1,K00728,hsa_var Human gene variants (Homo sapiens),mutations OmimVar: 607423,H02307,,
10599v1,SLCO1B1 polymorphism for decreased transporter activity,SLCO1B1,K05043,hsa_var Human gene variants (Homo sapiens),mutation V174A ClinVar: 37346 dbSNP: rs4149056,,,
10616v1,RBCK1 mutation,RBCK1,K10630,hsa_var Human gene variants (Homo sapiens),mutations OmimVar: 610924,H01744,,
1062v1,CENPE mutation,CENPE,K11498,hsa_var Human gene variants (Homo sapiens),mutations OmimVar: 117143,H00269,,
1063v1,CENPF mutation,CENPF,K11499,hsa_var Human gene variants (Homo sapiens),mutations OmimVar: 600236,H01814,,
10641v1,NPRL2 mutation,NPRL2,K20405,hsa_var Human gene variants (Homo sapiens),mutations OmimVar: 607072,H02214,,
10654v1,PMVK deficiency,PMVK,K13273,hsa_var Human gene variants (Homo sapiens),mutations OmimVar: 607622,H01933,,
10664v1,CTCF mutation,CTCF,K23195,hsa_var Human gene variants (Homo sapiens),mutations OmimVar: 604167,H00773,,
10682v1,EBP deficiency,EBP,K01824,hsa_var Human gene variants (Homo sapiens),mutations OmimVar: 300205,H01194;H02248,,
10683v1,DLL3 mutation,DLL3,K06051,hsa_var Human gene variants (Homo sapiens),mutations OmimVar: 602768,H00517,,
10735v1,STAG2 mutation,STAG2,K06671,hsa_var Human gene variants (Homo sapiens),STAG2 mutations OmimVar: 300826,H00267;H02582,,
10747v1,MASP2 mutation,MASP2,K03993,hsa_var Human gene variants (Homo sapiens),mutations OmimVar: 605102,H00105,,
1080v1,CFTR mutation,CFTR,K05031,hsa_var Human gene variants (Homo sapiens),F508 deletion ClinVar: 7105,,,D10685;D11042;D11700
10844v1,TUBGCP2 mutation,TUBGCP2,K16569,hsa_var Human gene variants (Homo sapiens),mutations OmimVar: 617817,H02606,,
10878v1,CFHR3 mutation,CFHR3,K23815,hsa_var Human gene variants (Homo sapiens),mutations OmimVar: 605336,H00821;H01434,,
10v1,NAT2 polymorphism for poor drug metabolism,NAT2,K00622,hsa_var Human gene variants (Homo sapiens),*5 mutation I114T ClinVar: 723 dbSNP: rs1801280,,,
11041v1,B4GAT1 deficiency,B4GAT1,K21032,hsa_var Human gene variants (Homo sapiens),mutations OmimVar: 605517,H00120,,
11186v1,RASSF1 loss,RASSF1,K09850,hsa_var Human gene variants (Homo sapiens),Allelic loss on 3p21.3,H00014,,
11232v1,POLG2 mutation,POLG2,K02333,hsa_var Human gene variants (Homo sapiens),mutations OmimVar: 604983,H00469;H01118,,
11274v1,USP18 mutation,USP18,K11846,hsa_var Human gene variants (Homo sapiens),mutations OmimVar: 607057,H00840,,
11277v1,TREX1 mutation,TREX1,K10790,hsa_var Human gene variants (Homo sapiens),mutations OmimVar: 606609,H00080;H00290;H00291;H01000,,
11284v1,PNKP mutation,PNKP,K08073,hsa_var Human gene variants (Homo sapiens),mutations OmimVar: 605610,H00848,,
11285v1,B4GALT7 mutation,B4GALT7,K00733,hsa_var Human gene variants (Homo sapiens),mutations OmimVar: 604327,H02239,,
11315v1,PARK7 mutation,PARK7,K05687,hsa_var Human gene variants (Homo sapiens),mutations OmimVar: 602533,H00057,,
113189v1,CHST14 mutation,CHST14,K08105,hsa_var Human gene variants (Homo sapiens),mutations OmimVar: 608429,H02246,,
113457v1,TUBA3D mutaiton,TUBA3D,K07374,hsa_var Human gene variants (Homo sapiens),mutations OmimVar: 617878,H00789,,
114548v1,NLRP3 mutation,NLRP3,K12800,hsa_var Human gene variants (Homo sapiens),mutations OmimVar: 606416,H00604;H02159;H02555;H02556,,
114609v1,TIRAP mutation,TIRAP,K05403,hsa_var Human gene variants (Homo sapiens),mutations OmimVar: 606252,H00342,,
116150v1,NUS1 deficiency,NUS1,K19177,hsa_var Human gene variants (Homo sapiens),mutations OmimVar: 610463,H00118,,
1161v1,ERCC8 mutation,ERCC8,K10570,hsa_var Human gene variants (Homo sapiens),mutations OmimVar: 609412,H00076;H02131,,
1200v1,TPP1 deficiency,TPP1,K01279,hsa_var Human gene variants (Homo sapiens),mutations OmimVar: 607998,,,D10813
120227v1,CYP2R1 deficiency,CYP2R1,K07419,hsa_var Human gene variants (Homo sapiens),mutations OmimVar: 608713,H01143,,
120892v1,LRRK2 mutation,LRRK2,K08844,hsa_var Human gene variants (Homo sapiens),mutations OmimVar: 609007,H00057,,
121278v1,TPH2 mutation,TPH2,K00502,hsa_var Human gene variants (Homo sapiens),mutations OmimVar: 607478,H01646;H01895,,
1213v1,CLTC mutation,CLTC,K04646,hsa_var Human gene variants (Homo sapiens),mutations OmimVar: 118955,H00773,,
126792v1,B3GALT6 mutation,B3GALT6,K00734,hsa_var Human gene variants (Homo sapiens),mutations OmimVar: 615291,H01494;H02239,,
128674v1,PROKR2 mutations,PROKR2,K08380,hsa_var Human gene variants (Homo sapiens),mutations OmimVar: 128674,H00255,,
128869v1,PIGU deficiency,PIGU,K05293,hsa_var Human gene variants (Homo sapiens),mutations OmimVar: 608528,H01489,,
130589v1,GALM deficiency,GALM,K01785,hsa_var Human gene variants (Homo sapiens),mutations OmimVar: 137030,H00070,,
132884v1,EVC2 mutation,EVC2,K19608,hsa_var Human gene variants (Homo sapiens),mutations OmimVar: 607261,H00503;H02158,,
134701v1,RIPPLY2 mutation,RIPPLY2,,hsa_var Human gene variants (Homo sapiens),mutations OmimVar: 609891,H00517,,
1356v1,CP mutation,CP,K13624,hsa_var Human gene variants (Homo sapiens),mutations OmimVar: 117700,H02206,,
1371v1,CPOX deficiency,CPOX,K00228,hsa_var Human gene variants (Homo sapiens),mutations OmimVar: 612732,H01763,,
1373v1,CPS1 deficiency,CPS1,K01948,hsa_var Human gene variants (Homo sapiens),mutations OmimVar: 608307,H00164,,
1374v1,CPT1A deficiency,CPT1A,K08765,hsa_var Human gene variants (Homo sapiens),mutations OmimVar: 600528,H01981,,
1376v1,CPT2 deficiency,CPT2,K08766,hsa_var Human gene variants (Homo sapiens),mutations OmimVar: 600650,H01982,,
138050v1,HGSNAT deficiency,HGSNAT,K10532,hsa_var Human gene variants (Homo sapiens),mutations OmimVar: 610453,H00130,,
1457v1,CSNK2A1 mutation,CSNK2A1,K03097,hsa_var Human gene variants (Homo sapiens),mutations OmimVar: 115440,H02460,,
145873v1,MESP2 mutation,MESP2,K09076,hsa_var Human gene variants (Homo sapiens),mutations OmimVar: 605195,H00517,,
148022v1,TICAM1 mutation,TICAM1,K05842,hsa_var Human gene variants (Homo sapiens),mutations OmimVar: 607601,H02536,,
148738v1,HJV mutation,HJV,K23100,hsa_var Human gene variants (Homo sapiens),mutations OmimVar: 608374,H00211,,
148789v1,B3GALNT2 deficiency,B3GALNT2,K09654,hsa_var Human gene variants (Homo sapiens),mutations OmimVar: 610194,H00120,,
149233v1,IL23R mutation,IL23R,K05065,hsa_var Human gene variants (Homo sapiens),mutations OmimVar: 607562,H01227,,
1499v1,CTNNB1 mutation,CTNNB1,K02105,hsa_var Human gene variants (Homo sapiens),mutation S33Y ClinVar: 17577 dbSNP: rs121913400 COSM: 5673 mutation S45del ClinVar: 17576 dbSNP: rs587776850 mutation T41A ClinVar: 17580 dbSNP: rs121913412 COSM: 5664 mutation T41I ClinVar: 17587 dbSNP: rs121913413 COSM: 5676 mutation S45F ClinVar: 17588 dbSNP: rs121913409 COSM: 5667 mutation S45C ClinVar: 376242 dbSNP: rs121913409 COSM: 5689 mutation S37A ClinVar: 376235 dbSNP: rs121913228 COSM: 5675 mutation S37C ClinVar: 17579 dbSNP: rs121913403 COSM: 5679 mutation S33F ClinVar: 17583 dbSNP: rs121913400 COSM: 5669 mutation G34V ClinVar: 17582 dbSNP: rs28931589 mutation S33C ClinVar: 376231 dbSNP: rs121913400 COSM: 5677 mutation G34E ClinVar: 17584 dbSNP: rs28931589 COSM: 5671 mutation G34R ClinVar: 376233 376232 dbSNP: rs121913399 COSM: 5686 mutation S45P ClinVar: 17589 dbSNP: rs121913407 COSM: 5663 mutation D32G ClinVar: 17578 dbSNP: rs121913396 COSM: 5681 mutation D32N ClinVar: 376228 dbSNP: rs28931588 COSM: 5672 mutation S45Y ClinVar: 375895 dbSNP: rs121913409 COSM: 5692 mutation H36P COSM: 5678,H00020;H00026;H00048,,
151648v1,SGO1 mutation,SGO1,K11580,hsa_var Human gene variants (Homo sapiens),mutations OmimVar: 609168,H02122,,
1548v1,CYP2A6 polymorphism for poor drug metabolism,CYP2A6,K17683,hsa_var Human gene variants (Homo sapiens),*2 mutation L160H ClinVar: 16969 dbSNP: rs1801272,,,
1555v1,CYP2B6 polymorphism for poor drug metabolism,CYP2B6,K17709,hsa_var Human gene variants (Homo sapiens),*6 mutation Q172H ClinVar: 29671 dbSNP: rs3745274 *6 mutation K262R ClinVar: 120171 dbSNP: rs2279343 *18 mutation I328T ClinVar: 225985 dbSNP: rs28399499,,,
1557v1,CYP2C19 polymorphism for poor drug metabolism,CYP2C19,K17721,hsa_var Human gene variants (Homo sapiens),*2 mutation P227= (synonymous codon) ClinVar: 16897 dbSNP: rs4244285 *3 mutation W212* (stop codon) ClinVar: 16899 dbSNP: rs4986893,,,
1559v1,CYP2C9 polymorphism for poor drug metabolism,CYP2C9,K17719,hsa_var Human gene variants (Homo sapiens),*2 mutation R144C ClinVar: 8409 dbSNP: rs1799853 *3 mutation I359L ClinVar: 8408 dbSNP: rs1057910,,,
1565v1,CYP2D6 polymorphism for poor drug metabolism,CYP2D6,K17712,hsa_var Human gene variants (Homo sapiens),*3 dbSNP: rs35742686 *4 G>A at splice site ClinVar: 16889 dbSNP: rs3892097 *5 deletion ClinVar: 16890 *6 dbSNP: rs5030655,,,
157570v1,ESCO2 mutation,ESCO2,K11268,hsa_var Human gene variants (Homo sapiens),mutations OmimVar: 609353,H00572;H02581,,
1577v1,CYP3A5 polymorphism for poor drug metabolism,CYP3A5,K17690,hsa_var Human gene variants (Homo sapiens),*3 G>A splicing defect ClinVar: 226021 dbSNP: rs776746,,,
1583v1,CYP11A1 deficiency,CYP11A1,K00498,hsa_var Human gene variants (Homo sapiens),mutations OmimVar: 118485,H02314,,
1584v1,CYP11B1 deficiency,CYP11B1,K00497,hsa_var Human gene variants (Homo sapiens),mutations OmimVar: 610613,H00216,,
1585v1,CYP11B1-CYP11B2 fusion,CYP11B2,K07433,hsa_var Human gene variants (Homo sapiens),chimeric CYP11B1/CYP11B2 gene,H00602,,
1585v2,CYP11B2 deficiency,CYP11B2,K07433,hsa_var Human gene variants (Homo sapiens),mutations OmimVar: 124080,H00258,,
1586v1,CYP17A1 deficiency,CYP17A1,K00512,hsa_var Human gene variants (Homo sapiens),mutations OmimVar: 609300,H00216,,
1588v1,CYP19A1 (aromatase) deficiency,CYP19A1,K07434,hsa_var Human gene variants (Homo sapiens),mutations OmimVar: 107910,H02020,,
1588v2,CYP19A1 (aromatase) gain-of-function variant,CYP19A1,K07434,hsa_var Human gene variants (Homo sapiens),mutations OmimVar: 107910,H00794,,
1589v1,CYP21A2 deficiency,CYP21A2,K00513,hsa_var Human gene variants (Homo sapiens),mutations OmimVar: 613815,H00216,,
1593v1,CYP27A1 deficiency,CYP27A1,K00488,hsa_var Human gene variants (Homo sapiens),mutations OmimVar: 606530,H00151,,
1594v1,CYP27B1 deficiency,CYP27B1,K07438,hsa_var Human gene variants (Homo sapiens),mutations OmimVar: 609506,H01143,,
1600v1,DAB1 overexpression,DAB1,K20054,hsa_var Human gene variants (Homo sapiens),mutations OmimVar: 603448,H00063,,
1604v1,CD55 mutation,CD55,K04006,hsa_var Human gene variants (Homo sapiens),mutations OmimVar: 125240,H00106,,
161742v1,SPRED1 mutation,SPRED1,K04703,hsa_var Human gene variants (Homo sapiens),mutations OmimVar: 609291,H01986,,
1621v1,DBH deficiency,DBH,K00503,hsa_var Human gene variants (Homo sapiens),mutations OmimVar: 609312,H01005,,
162417v1,NAGS deficiency,NAGS,K11067,hsa_var Human gene variants (Homo sapiens),mutations OmimVar: 608300,H01032;H01398,,
1629v1,DBT deficiency,DBT,K09699,hsa_var Human gene variants (Homo sapiens),mutations OmimVar: 605862,H00172,,
1630v1,DCC loss,DCC,K06765,hsa_var Human gene variants (Homo sapiens),Allelic loss on 18q21.3,H00020,,
1638v1,DCT deficiency,DCT,K01827,hsa_var Human gene variants (Homo sapiens),mutations OmimVar: 191275,H00168,,
1639v1,DCTN1 mutaion,DCTN1,K04648,hsa_var Human gene variants (Homo sapiens),mutations OmimVar: 601143,H00058;H00856;H00879,,
1642v1,DDB1 mutation,DDB1,K10610,hsa_var Human gene variants (Homo sapiens),mutations OmimVar: 600045,H02560,,
1643v1,DDB2 mutation,DDB2,K10140,hsa_var Human gene variants (Homo sapiens),mutations OmimVar: 600811,H01428,,
1644v1,DDC deficiency,DDC,K01593,hsa_var Human gene variants (Homo sapiens),mutations OmimVar: 107930,H01161,,D12407
1649v1,FUS-DDIT3 fusion,DDIT3,K04452,hsa_var Human gene variants (Homo sapiens),translocation t(12;16)(q13;p11) COSF: 300 297 302,H00049,,
1650v1,DDOST deficiency,DDOST,K12670,hsa_var Human gene variants (Homo sapiens),mutations OmimVar: 602202,H00118,,
165918v1,RNF168 mutation,RNF168,K20779,hsa_var Human gene variants (Homo sapiens),mutations OmimVar: 612688,H00962,,
1663v1,DDX11 mutation,DDX11,K11273,hsa_var Human gene variants (Homo sapiens),mutations OmimVar: 601150,H00914,,
1675v1,CFD mutation,CFD,K01334,hsa_var Human gene variants (Homo sapiens),mutations OmimVar: 134350,,,
1717v1,DHCR7 deficiency,DHCR7,K00213,hsa_var Human gene variants (Homo sapiens),mutations OmimVar: 602858,H00161,,
1718v1,DHCR24 deficiency,DHCR24,K09828,hsa_var Human gene variants (Homo sapiens),mutations OmimVar: 606418,H00617,,
1736v1,DKC1 mutation,DKC1,K11131,hsa_var Human gene variants (Homo sapiens),mutations OmimVar: 300126,H00507,,
1737v1,DLAT deficiency,DLAT,K00627,hsa_var Human gene variants (Homo sapiens),mutations OmimVar: 608770,H01999,,
1738v1,DLD deficiency,DLD,K00382,hsa_var Human gene variants (Homo sapiens),mutations OmimVar: 238331,H02000,,
1756v1,DMD mutation,DMD,K10366,hsa_var Human gene variants (Homo sapiens),mutations amenable to exon 51 skipping mutations amenable to exon 53 skipping mutations amenable to exon 45 skipping,H01963,,D11988;D09900;D11707;D11528
1763v1,DNA2 mutation,DNA2,K10742,hsa_var Human gene variants (Homo sapiens),mutations OmimVar: 601810,H00992;H01118,,
1773v1,DNASE1 mutation,DNASE1,K11994,hsa_var Human gene variants (Homo sapiens),mutations OmimVar: 125505,H00080,,
1776v1,DNASE1L3 mutation,DNASE1L3,K11995,hsa_var Human gene variants (Homo sapiens),mutations OmimVar: 602244,H00080,,
1777v1,DNASE2 mutation,DNASE2,K01158,hsa_var Human gene variants (Homo sapiens),mutations OmimVar: 126350,H02608,,
1778v1,DYNC1H1 mutation,DYNC1H1,K10413,hsa_var Human gene variants (Homo sapiens),mutations OmimVar: 600112,H00264;H00455;H00773,,
1781v1,DYNC1I2 mutation,DYNC1I2,K10415,hsa_var Human gene variants (Homo sapiens),mutations OmimVar: 603331,H02461,,
1789v1,DNMT3B mutation,DNMT3B,K17399,hsa_var Human gene variants (Homo sapiens),mutations OmimVar: 602900,H00591;H02308,,
178v1,AGL deficiency,AGL,K01196,hsa_var Human gene variants (Homo sapiens),mutations OmimVar: 610860,H01941,,
1798v1,ALG7 deficiency,DPAGT1,K01001,hsa_var Human gene variants (Homo sapiens),mutations OmimVar: 191350,H00118,,
1806v1,DPYD deficiency,DPYD,K00207,hsa_var Human gene variants (Homo sapiens),mutations OmimVar: 612779,,,
1807v1,DPYS deficiency,DPYS,K01464,hsa_var Human gene variants (Homo sapiens),mutations OmimVar: 613326,,,
182v1,JAG1 mutation,JAG1,K06052,hsa_var Human gene variants (Homo sapiens),mutations OmimVar: 601920,H00549;H00551,,
1848v1,DUSP6 mutation,DUSP6,K21946,hsa_var Human gene variants (Homo sapiens),mutations OmimVar: 602748,H00255,,
1855v1,DVL1 mutation,DVL1,K02353,hsa_var Human gene variants (Homo sapiens),mutations OmimVar: 601365,H00485,,
1857v1,DVL3 mutation,DVL3,K02353,hsa_var Human gene variants (Homo sapiens),mutations OmimVar: 601368,H00485,,
1892v1,ECHS1 deficiency,ECHS1,K07511,hsa_var Human gene variants (Homo sapiens),mutations OmimVar: 602292,H00525,,
190v1,NROB1 mutation,NR0B1,K08562,hsa_var Human gene variants (Homo sapiens),mutations OmimVar: 300473,H01772,,
1950v1,EGF overexpression,EGF,K04357,hsa_var Human gene variants (Homo sapiens),overexpression,H00020,,
1956v1,EGFR amplification,EGFR,K04361,hsa_var Human gene variants (Homo sapiens),amplification ClinVar: 59680 59682 dbVar: nsv532206 nsv532208,H00022;H00042,,
1956v2,EGFR mutation in non-small cell lung cancer,EGFR,K04361,hsa_var Human gene variants (Homo sapiens),exon 19 deletion ClinVar: 177620 dbSNP: rs727504233 mutation L858R ClinVar: 16609 376282 376280 dbSNP: rs121434568 rs1057519848 rs1057519847 exon 20 insertion ClinVar: 45263 dbSNP: rs1554350366,H00014,,D09733;D11894;D10514;D04023;D01977;D11969;D12506
1956v3,First generation TKI-resistant EGFR mutation,EGFR,K04361,hsa_var Human gene variants (Homo sapiens),mutation T790M ClinVar: 16613 dbSNP: rs121434569 exon 19 deletion ClinVar: 177620 dbSNP: rs727504233 mutation L858R ClinVar: 16609 376282 376280 dbSNP: rs121434568 rs1057519848 rs1057519847,H00014,,D12258;D12259;D11980;D12245;D10766
1956v4,EGFR overexpression,EGFR,K04361,hsa_var Human gene variants (Homo sapiens),overexpression,H00014;H00020;H00022;H00031;H00042,,
1956v5,EGFR mutation in glioblastoma,EGFR,K04361,hsa_var Human gene variants (Homo sapiens),EGFRvIII (deletion of exons 2–7 or amino acids 6-273),H00042,,
201163v1,FLCN mutation,FLCN,K09594,hsa_var Human gene variants (Homo sapiens),mutations OmimVar: 607273,H00818,,
201595v1,STT3B deficiency,STT3B,K07151,hsa_var Human gene variants (Homo sapiens),mutations OmimVar: 608605,H00118,,
2022v1,ENG mutation,ENG,K06526,hsa_var Human gene variants (Homo sapiens),mutations OmimVar: 131195,H00533,,
2027v1,ENO3 deficiency,ENO3,K01689,hsa_var Human gene variants (Homo sapiens),mutations OmimVar: 131370,H01953,,
203068v1,TUBB mutation,TUBB,K07375,hsa_var Human gene variants (Homo sapiens),mutations OmimVar: 191130,H01579;H01881,,
203228v1,C9ORF72 mutation,C9orf72,K23609,hsa_var Human gene variants (Homo sapiens),mutations OmimVar: 614260,H00058,,
2056v1,EPO mutation,EPO,K05437,hsa_var Human gene variants (Homo sapiens),mutations OmimVar: 133170,H00236,,
2057v1,EPOR mutation,EPOR,K05079,hsa_var Human gene variants (Homo sapiens),mutations OmimVar: 133171,H00236,,
2064v1,ERBB2 overexpression,ERBB2,K05083,hsa_var Human gene variants (Homo sapiens),overexpression,H00014;H00019;H00022;H00031,,D04024;D10446;D10898;D05446;D03257;D11529;D09980;D11141;D12442
2064v2,ERBB2 mutation,ERBB2,K05083,hsa_var Human gene variants (Homo sapiens),mutation V842I ClinVar: 375994 dbSNP: rs1057519738,,,
2064v3,ERBB2 amplification,ERBB2,K05083,hsa_var Human gene variants (Homo sapiens),amplification ClinVar: 148363 58696 57282 dbVar: nsv817369 nsv531185 nsv529527,H00018,,D10898;D05446;D09980
2066v1,ERBB4 mutation,ERBB4,K05085,hsa_var Human gene variants (Homo sapiens),mutations OmimVar: 600543,H00058,,
2067v1,ERCC1 mutation,ERCC1,K10849,hsa_var Human gene variants (Homo sapiens),mutations OmimVar: 126380,H02570,,
2068v1,ERCC2 mutation,ERCC2,K10844,hsa_var Human gene variants (Homo sapiens),mutations OmimVar: 126340,H00866;H01428;H02570,,
2069v1,EREG overexpression,EREG,K09784,hsa_var Human gene variants (Homo sapiens),overexpression,H00020,,
2071v1,ERCC3 mutation,ERCC3,K10843,hsa_var Human gene variants (Homo sapiens),mutations OmimVar: 133510,H00076;H00866;H01428,,
2072v1,ERCC4 mutation,ERCC4,K10848,hsa_var Human gene variants (Homo sapiens),mutations OmimVar: 133520,H00076;H00238;H01428,,
2073v1,ERCC5 mutation,ERCC5,K10846,hsa_var Human gene variants (Homo sapiens),mutations OmimVar: 133530,H00076;H01428;H02570,,
2074v1,ERCC6 mutation,ERCC6,K10841,hsa_var Human gene variants (Homo sapiens),mutations OmimVar: 609413,H00076;H02131;H02570,,
2078v1,TMPRSS2-ERG fusion,ERG,K09435,hsa_var Human gene variants (Homo sapiens),deletion del(21)(q22.2;q22.3) COSF: 121 125 128 inversion inv(21)(q22.2;q22.3) COSF: 121 125 128,H00024,,
2078v2,EWSR1-ERG fusion,ERG,K09435,hsa_var Human gene variants (Homo sapiens),translocation t(21;22)(q22;q12) COSF: 159 155 154,H00035,,
2099v1,ESR1 positive,ESR1,K08550,hsa_var Human gene variants (Homo sapiens),positive,H00031,,
2099v2,ESR1 mutations,ESR1,K08550,hsa_var Human gene variants (Homo sapiens),mutations OmimVar: 133430,H02061,,D11672
210v1,ALAD deficiency,ALAD,K01698,hsa_var Human gene variants (Homo sapiens),mutations OmimVar: 125270,H01763,,
2115v1,TMPRSS2-ETV1 fusion,ETV1,K09431,hsa_var Human gene variants (Homo sapiens),translocation t(7;21)(p21;q22) COSF: 122 115 134,,,
2119v1,TMPRSS2-ETV5 fusion,ETV5,K15593,hsa_var Human gene variants (Homo sapiens),translocation t(3;21)(p28;q22) translocation t(3;21)(q27;q22.3),H00024,,
2121v1,EVC mutation,EVC,K19605,hsa_var Human gene variants (Homo sapiens),mutations OmimVar: 604831,H00503;H02158,,
2122v1,EVI1 overexpression,MECOM,K04462,hsa_var Human gene variants (Homo sapiens),overexpression,H00004,,
212v1,ALAS2 deficiency,ALAS2,K00643,hsa_var Human gene variants (Homo sapiens),mutations OmimVar: 301300,H01763,,
2131v1,EXT1 mutation,EXT1,K02366,hsa_var Human gene variants (Homo sapiens),mutations OmimVar: 608177,H00122,,
2132v1,EXT2 mutation,EXT2,K02367,hsa_var Human gene variants (Homo sapiens),mutations OmimVar: 608210,H00122,,
2137v1,EXTL3 mutation,EXTL3,K02370,hsa_var Human gene variants (Homo sapiens),mutations OmimVar: 605744,H02491,,
2146v1,EZH2 mutation,EZH2,K11430,hsa_var Human gene variants (Homo sapiens),mutation Y646F ClinVar: 76768 dbSNP: rs267601394 COSM: 37028 mutation Y646N ClinVar: 376217 dbSNP: rs267601395 COSM: 37031 mutation Y646H ClinVar: 76769 dbSNP: rs267601395 COSM: 37030 mutation A682G ClinVar: 376219 dbSNP: rs1057519833,,,D11485
2147v1,Prothrombin 20210A,F2,K01313,hsa_var Human gene variants (Homo sapiens),mutation 20210G-A ClinVar: 13310 dbSNP: rs1799963,,,
2147v2,F2 mutation,F2,K01313,hsa_var Human gene variants (Homo sapiens),mutations OmimVar: 176930,H00223;H01254,,
2153v1,Factor V Leiden,F5,K03902,hsa_var Human gene variants (Homo sapiens),mutation R534Q ClinVar: 642 dbSNP: rs6025,,,
2153v2,F5 mutation,F5,K03902,hsa_var Human gene variants (Homo sapiens),mutations OmimVar: 612309,H00220;H00223;H01433,,
2155v1,F7 mutation,F7,K01320,hsa_var Human gene variants (Homo sapiens),mutations OmimVar: 613878,H01730;H02256,,
2157v1,F8 mutation,F8,K03899,hsa_var Human gene variants (Homo sapiens),mutations OmimVar: 300841,H00219,,D12434
2158v1,F9 mutation,F9,K01321,hsa_var Human gene variants (Homo sapiens),mutations OmimVar: 300746,H00219;H00223,,
2159v1,F10 mutation,F10,K01314,hsa_var Human gene variants (Homo sapiens),mutations OmimVar: 613872,H02257,,
2160v1,F11 mutation,F11,K01323,hsa_var Human gene variants (Homo sapiens),mutations OmimVar: 264900,H00938,,
2161v1,F12 mutation,F12,K01328,hsa_var Human gene variants (Homo sapiens),mutations OmimVar: 610619,H00941;H01006,,
2162v1,F13A1 mutation,F13A1,K03917,hsa_var Human gene variants (Homo sapiens),mutations OmimVar: 134570,H00945;H01730,,
2165v1,F13B mutation,F13B,K03906,hsa_var Human gene variants (Homo sapiens),mutations OmimVar: 134580,H00945,,
2175v1,FANCA mutation,FANCA,K10888,hsa_var Human gene variants (Homo sapiens),mutations OmimVar: 607139,H00238,,
2176v1,FANCC mutation,FANCC,K10890,hsa_var Human gene variants (Homo sapiens),mutations OmimVar: 613899,H00238,,
2177v1,FANCD2 mutation,FANCD2,K10891,hsa_var Human gene variants (Homo sapiens),mutations OmimVar: 613984,H00238,,
2178v1,FANCE mutation,FANCE,K10892,hsa_var Human gene variants (Homo sapiens),mutations OmimVar: 613976,H00238,,
2182v1,ACSL4 mutation,ACSL4,K01897,hsa_var Human gene variants (Homo sapiens),mutations OmimVar: 300157,H00480,,
2184v1,FAH deficiency,FAH,K01555,hsa_var Human gene variants (Homo sapiens),mutations OmimVar: 613871,H00165,,
2187v1,FANCB mutation,FANCB,K10889,hsa_var Human gene variants (Homo sapiens),mutations OmimVar: 300515,H00238,,
2188v1,FANCF mutation,FANCF,K10893,hsa_var Human gene variants (Homo sapiens),mutations OmimVar: 613897,H00238,,
2189v1,FANCG mutation,FANCG,K10894,hsa_var Human gene variants (Homo sapiens),mutations OmimVar: 602956,H00238,,
2200v1,FBN1 mutation,FBN1,K06825,hsa_var Human gene variants (Homo sapiens),mutations OmimVar: 134797,H00653;H00900,,
2218v1,FKTN deficiency,FKTN,K19872,hsa_var Human gene variants (Homo sapiens),mutations OmimVar: 607440,H02307,,
2224v1,FDPS deficiency,FDPS,K00787,hsa_var Human gene variants (Homo sapiens),mutations OmimVar: 134629,H01933,,
2235v1,FECH deficiency,FECH,K01772,hsa_var Human gene variants (Homo sapiens),mutations OmimVar: 612386,H01763,,
2243v1,FGA mutation,FGA,K03903,hsa_var Human gene variants (Homo sapiens),mutations OmimVar: 134820,H00222;H00845,,
2244v1,FGB mutation,FGB,K03904,hsa_var Human gene variants (Homo sapiens),mutations OmimVar: 134830,H00222,,
2253v1,FGF8 mutation,FGF8,K04358,hsa_var Human gene variants (Homo sapiens),mutations OmimVar: 600483,H00255,,
2260v1,FGFR1 amplification,FGFR1,K04362,hsa_var Human gene variants (Homo sapiens),amplification ClinVar: 59782 dbVar: nsv532311,H00018;H00031,,
2260v2,FGFR1 mutation,FGFR1,K04362,hsa_var Human gene variants (Homo sapiens),mutations OmimVar: 136350,H00255;H01756;H01988,,
2261v1,FGFR3 mutation,FGFR3,K05094,hsa_var Human gene variants (Homo sapiens),mutation S249C ClinVar: 16339 dbSNP: rs121913483 COSM: 715 mutation G372C ClinVar: 16359 dbSNP: rs121913479 mutation R248C ClinVar: 16332 dbSNP: rs12193482 COSM: 714 mutation S371C ClinVar: 16333 dbSNP: rs121913484 mutation Y373C ClinVar: 16342 dbSNP: rs121913485 COSM: 718 mutation K650Q ClinVar: 16348 dbSNP: rs78311289 COSM: 726,H00022,,
2261v2,FGFR3 erdafitinib-susceptible variation,FGFR3,K05094,hsa_var Human gene variants (Homo sapiens),"FGFR3-TACC3 fusion, translocation t(4;4)(q16;q16) FGFR3-BAIAP2L1 fusion, translocation t(4;7)(p16;q22)",H00022,,D10927
2261v4,FGFR3 mutation,FGFR3,K05094,hsa_var Human gene variants (Homo sapiens),mutations OmimVar: 134934,H01754;H01990,,
2263v1,FGFR2 amplification,FGFR2,K05093,hsa_var Human gene variants (Homo sapiens),amplification ClinVar: 396706 153718 148679 dbVar: nsv2774502 nsv995712 nsv868923,H00018;H00031,,D11611
2263v2,FGFR2 fusion,FGFR2,K05093,hsa_var Human gene variants (Homo sapiens),"FGFR2-BICC1 fusion, translocation t(10;10)(q21;q26) FGFR2-CASP7 fusion, translocation t(10;10)(q25;q26)",,,D10927;D11725;D11611;D11417
2263v3,FGFR2 mutation,FGFR2,K05093,hsa_var Human gene variants (Homo sapiens),mutations OmimVar: 176943,H01753;H01754;H01755;H01756;H01988;H01989;H01991,,
2266v1,FGG mutation,FGG,K03905,hsa_var Human gene variants (Homo sapiens),mutations OmimVar: 134850,H00222,,
226v1,ALDOA deficiency,ALDOA,K01623,hsa_var Human gene variants (Homo sapiens),mutations OmimVar: 103850,H01952,,
2271v1,FH deficiency,FH,K01679,hsa_var Human gene variants (Homo sapiens),mutations OmimVar: 136850,H02004,,
22800v1,RRAS2 mutation,RRAS2,K07830,hsa_var Human gene variants (Homo sapiens),mutations OmimVar: 600098,H01738,,
22808v1,MRAS mutation,MRAS,K07831,hsa_var Human gene variants (Homo sapiens),mutations OmimVar: 608435,H01738,,
22845v1,DOLK deficiency,DOLK,K00902,hsa_var Human gene variants (Homo sapiens),mutations OmimVar: 610746,H00118,,
22856v1,CHSY1 mutation,CHSY1,K13499,hsa_var Human gene variants (Homo sapiens),mutations OmimVar: 608183,H01497,,
22861v1,NLRP1 mutation,NLRP1,K12798,hsa_var Human gene variants (Homo sapiens),mutations OmimVar: 606636,H01372;H02588,,
22900v1,CARD8 mutation,CARD8,K12801,hsa_var Human gene variants (Homo sapiens),mutations OmimVar: 609051,H01227,,
22909v1,FAN1 mutation,FAN1,K15363,hsa_var Human gene variants (Homo sapiens),mutations OmimVar: 613534,H02577,,
22948v1,CCT5 mutation,CCT5,K09497,hsa_var Human gene variants (Homo sapiens),mutations OmimVar: 610150,H02580,,
2308v1,PAX3-FOXO1 fusion,FOXO1,K07201,hsa_var Human gene variants (Homo sapiens),translocation t(2;13)(q35;q14) COSF: 248 343,H00037,,
2313v1,EWSR1-FLI1 fusion,FLI1,K09436,hsa_var Human gene variants (Homo sapiens),translocation t(11;22)(q24;q12) COSF: 166 168 179,H00035,,
2322v1,FLT3 kinase domain mutation,FLT3,K05092,hsa_var Human gene variants (Homo sapiens),mutation D835Y ClinVar: 16276 dbSNP: rs121913488 COSM: 783 mutation D835H ClinVar: 16273 dbSNP: rs121913488 COSM: 785 mutation D835V ClinVar: 16272 dbSNP: rs121909646 COSM: 784 mutation D835E ClinVar: 375971 375972 dbSNP: rs121913487 COSM: 788 787 mutation D835N ClinVar: 16274 dbSNP: rs121913488 COSM: 789,H00003,,D10800;D05029
2322v2,FLT3 internal tandem duplication (ITD),FLT3,K05092,hsa_var Human gene variants (Homo sapiens),FLT3-ITD ClinVar: 16270,H00003,,D10800;D05029;D11270;D11271;D09956
23310v1,NCAPD3 mutation,NCAPD3,K11491,hsa_var Human gene variants (Homo sapiens),mutations OmimVar: 609276,H00269,,
23385v1,NCSTN mutation,NCSTN,K06171,hsa_var Human gene variants (Homo sapiens),mutations OmimVar: 605254,H00681,,
23397v1,NCAPH mutation,NCAPH,K06676,hsa_var Human gene variants (Homo sapiens),mutations OmimVar: 602332,H00269,,
23435v1,TARDBP mutation,TARDBP,K23600,hsa_var Human gene variants (Homo sapiens),mutations OmimVar: 605078,H00058,,
23516v1,SLC39A14 mutation,SLC39A14,K14720,hsa_var Human gene variants (Homo sapiens),mutations OmimVar: 608736,H01938,,
23556v1,PIGN deficiency,PIGN,K05285,hsa_var Human gene variants (Homo sapiens),mutations OmimVar: 606097,H01486,,
23586v1,RIGI mutation,RIGI,K12646,hsa_var Human gene variants (Homo sapiens),mutations OmimVar: 609631,H01571,,
23594v1,ORC6 mutation,ORC6,K02608,hsa_var Human gene variants (Homo sapiens),mutations OmimVar: 607213,H01889,,
23600v1,AMACR deficiency,AMACR,K01796,hsa_var Human gene variants (Homo sapiens),mutations OmimVar: 604489,H02099,,
23600v2,AMACR deficiency,AMACR,K01796,hsa_var Human gene variants (Homo sapiens),mutations OmimVar: 604489,H00628,,
238v1,EML4-ALK fusion,ALK,K05119,hsa_var Human gene variants (Homo sapiens),inversion inv(2)(p21p23) COSF: 473 463 474,H00014,,D09731
238v2,First generation TKI-resistant ALK1 mutation,ALK,K05119,hsa_var Human gene variants (Homo sapiens),mutation I1171T COSM: 4381100 mutation C1156Y COSM: 99136 mutation F1174L COSM: 28061 mutation L1196M COSM: 99137 mutation G1269A COSM: 1169707 mutation G1202R COSM: 144250 4422789 mutation S1206Y COSM: 144251 4422788,H00014,,D10450;D10866;D10551;D11012
24137v1,KIF4A mutation,KIF4A,K10395,hsa_var Human gene variants (Homo sapiens),mutations OmimVar: 300521,H00480,,
2475v1,mTOR mutation,MTOR,K07203,hsa_var Human gene variants (Homo sapiens),mutations OmimVar: 601231,H01251;H01928,,
2488v1,FSHB mutation,FSHB,K05250,hsa_var Human gene variants (Homo sapiens),mutations OmimVar: 136530,H01253,,
2495v1,FTH1 mutation,FTH1,K00522,hsa_var Human gene variants (Homo sapiens),mutations OmimVar: 134770,H00211,,
249v1,ALPL deficiency,ALPL,K01077,hsa_var Human gene variants (Homo sapiens),mutations OmimVar: 171760,,,D10595
2512v1,FTL mutation,FTL,K13625,hsa_var Human gene variants (Homo sapiens),mutations OmimVar: 134790,H01779,,
2516v1,NR5A1 mutation,NR5A1,K08560,hsa_var Human gene variants (Homo sapiens),mutations OmimVar: 184757,H02316,,
2521v1,FUS mutation,FUS,K13098,hsa_var Human gene variants (Homo sapiens),mutations OmimVar: 137070,H00058,,
2535v1,FZD2 mutation,FZD2,K02235,hsa_var Human gene variants (Homo sapiens),mutations OmimVar: 600667,H02154,,
2538v1,G6PC deficiency,G6PC1,K01084,hsa_var Human gene variants (Homo sapiens),mutations OmimVar: 613742,H01939,,
2539v1,G6PD deficiency,G6PD,K00036,hsa_var Human gene variants (Homo sapiens),mutations OmimVar: 305900,H01375,,
2542v1,SLC37A4 mutation,SLC37A4,K08171,hsa_var Human gene variants (Homo sapiens),mutations OmimVar: 602671,H01939,,
254394v1,MCM9 mutation,MCM9,K10738,hsa_var Human gene variants (Homo sapiens),mutations OmimVar: 610098,H00599,,
2548v1,GAA deficiency,GAA,K12316,hsa_var Human gene variants (Homo sapiens),mutations OmimVar: 606800,H01940,,D03207;D11744
255738v1,PCSK9 mutation,PCSK9,K13050,hsa_var Human gene variants (Homo sapiens),mutations OmimVar: 607786,H00155,,
25788v1,RAD54B mutation,RAD54B,K10877,hsa_var Human gene variants (Homo sapiens),mutations OmimVar: 604289,H02418,,
2581v1,GALC deficiency,GALC,K01202,hsa_var Human gene variants (Homo sapiens),mutations OmimVar: 606890,H00135,,
2582v1,GALE deficiency,GALE,K01784,hsa_var Human gene variants (Homo sapiens),mutations OmimVar: 606953,H02010,,
25836v1,NIPBL mutation,NIPBL,K06672,hsa_var Human gene variants (Homo sapiens),mutations OmimVar: 608667,H00631,,
2584v1,GALK1 deficiency,GALK1,K00849,hsa_var Human gene variants (Homo sapiens),mutations OmimVar: 604313,H02009,,
2588v1,GALNS deficiency,GALNS,K01132,hsa_var Human gene variants (Homo sapiens),mutations OmimVar: 612222,H00123,,D10333
25913v1,POT1 mutation,POT1,K11109,hsa_var Human gene variants (Homo sapiens),mutations OmimVar: 606478,H00038;H00042,,
2592v1,GALT deficiency,GALT,K00965,hsa_var Human gene variants (Homo sapiens),mutations OmimVar: 606999,H02008,,
25939v1,SAMHD1 mutation,SAMHD1,K22544,hsa_var Human gene variants (Homo sapiens),mutations OmimVar: 606754,H00290;H00291,,
2593v1,GAMT deficiency,GAMT,K00542,hsa_var Human gene variants (Homo sapiens),mutations OmimVar: 601240,H00849,,
25v1,BCR-ABL1 fusion,ABL1,K06619,hsa_var Human gene variants (Homo sapiens),translocation t(9;22)(q34;q11) COSF: 1756 1758 1783,H00004,,D11404;D01441
25v2,First generation TKI-resistant ABL1 mutation,ABL1,K06619,hsa_var Human gene variants (Homo sapiens),mutation T315I ClinVar: 12624 dbSNP: rs121913456 COSM: 12614 12560 mutation Y253H ClinVar: 12627 dbSNP: rs121913461 COSM: 12576 mutation E255K ClinVar: 12626 dbSNP: rs387906517 COSM: 12573 mutation E255V ClinVar: 12625 dbSNP: rs387906516 COSM: 12574,H00004,,D11404;D09728;D06414;D06413;D12444;D12175;D09951
26119v1,LDLRAP1 mutation,LDLRAP1,K12474,hsa_var Human gene variants (Homo sapiens),mutations OmimVar: 605747,H01918,,
26227v1,PHGDH deficiency,PHGDH,K00058,hsa_var Human gene variants (Homo sapiens),mutations OmimVar: 606879,H01079;H02117,,
26229v1,B3GAT3 mutation,B3GAT3,K10158,hsa_var Human gene variants (Homo sapiens),mutations OmimVar: 606374,H01498,,
26275v1,HIBCH deficiency,HIBCH,K05605,hsa_var Human gene variants (Homo sapiens),mutations OmimVar: 610690,H01349,,
26277v1,TINF2 mutation,TINF2,K11112,hsa_var Human gene variants (Homo sapiens),mutations OmimVar: 604319,H00507,,
2628v1,GATM deficiency,GATM,K00613,hsa_var Human gene variants (Homo sapiens),mutations OmimVar: 602360,H00849,,
2629v1,GBA deficiency,GBA1,K01201,hsa_var Human gene variants (Homo sapiens),mutations OmimVar: 606463,H00126;H00423,,D02810;D03020;D09675;D09029
2632v1,GBE1 deficiency,GBE1,K00700,hsa_var Human gene variants (Homo sapiens),mutations OmimVar: 607839,H01942,,
2643v1,GCH1 deficiency,GCH1,K01495,hsa_var Human gene variants (Homo sapiens),mutations OmimVar: 600225,H00167;H02557,,
2653v1,GCSH deficiency,GCSH,K02437,hsa_var Human gene variants (Homo sapiens),mutations OmimVar: 238330,H00191,,
2658v1,GDF2 mutation,GDF2,K05503,hsa_var Human gene variants (Homo sapiens),mutations OmimVar: 605120,H00533,,
2660v1,MSTN mutation,MSTN,K05497,hsa_var Human gene variants (Homo sapiens),mutations OmimVar: 601788,H02452,,
2683v1,B4GALT1 deficiency,B4GALT1,K07966,hsa_var Human gene variants (Homo sapiens),mutations OmimVar: 137060,H00119,,
26873v1,OPLAH deficiency,OPLAH,K01469,hsa_var Human gene variants (Homo sapiens),mutations OmimVar: 614243,H02313,,
2688v1,GH1 mutation,GH1,K05438,hsa_var Human gene variants (Homo sapiens),mutations OmimVar: 139250,H02035,,
268v1,AMH mutation,AMH,K04665,hsa_var Human gene variants (Homo sapiens),mutations OmimVar: 600957,H00609,,
2690v1,GHR mutation,GHR,K05080,hsa_var Human gene variants (Homo sapiens),mutations OmimVar: 600946,H02037,,
2692v1,GHRHR mutation,GHRHR,K04584,hsa_var Human gene variants (Homo sapiens),mutations OmimVar: 139191,H02035,,
269v1,AMHR2 mutation,AMHR2,K04672,hsa_var Human gene variants (Homo sapiens),mutations OmimVar: 600956,H00609,,
27030v1,MLH3 mutation,MLH3,K08739,hsa_var Human gene variants (Homo sapiens),mutations OmimVar: 604395,H02565,,
27034v1,ACAD8 deficiency,ACAD8,K11538,hsa_var Human gene variants (Homo sapiens),mutations OmimVar: 604773,H01279,,
2717v1,GLA deficiency,GLA,K01189,hsa_var Human gene variants (Homo sapiens),mutations OmimVar: 300644,H00125,,D02784;D03228
2717v2,"GLA mutation, migalastat amenable",GLA,K01189,hsa_var Human gene variants (Homo sapiens),mutation L300P ClinVar: 92569 dbSNP: rs398123223,H00125,,D05031
2720v1,GLB1 deficiency,GLB1,K12309,hsa_var Human gene variants (Homo sapiens),mutations OmimVar: 611458,H00123,,
27229v1,TUBGCP4 mutation,TUBGCP4,K16571,hsa_var Human gene variants (Homo sapiens),mutations OmimVar: 609610,H01880,,
2729v1,GCLC deficiency,GCLC,K11204,hsa_var Human gene variants (Homo sapiens),mutations OmimVar: 606857,H00668,,
2731v1,GLDC deficiency,GLDC,K00281,hsa_var Human gene variants (Homo sapiens),mutations OmimVar: 238300,H00191,,
2733v1,GLE1 mutation,GLE1,K18723,hsa_var Human gene variants (Homo sapiens),mutations OmimVar: 603371,H00058,,
2735v1,GLI1 mutation,GLI1,K16797,hsa_var Human gene variants (Homo sapiens),mutations OmimVar: 165220,H01852;H02332,,
2736v1,GLI2 mutation,GLI2,K16798,hsa_var Human gene variants (Homo sapiens),mutations OmimVar: 165230,H00267,,
2737v1,GLI3 mutation,GLI3,K06230,hsa_var Human gene variants (Homo sapiens),mutations OmimVar: 165240,H00502;H01852;H02161;H02332,,
275v1,AMT deficiency,AMT,K00605,hsa_var Human gene variants (Homo sapiens),mutations OmimVar: 238310,H00191,,
2778v1,GNAS activating mutation,GNAS,K04632,hsa_var Human gene variants (Homo sapiens),mutation R201C ClinVar: 15933 dbSNP: rs11547273 mutation R201H ClinVar: 15934 dbSNP: rs121913495 mutation Q227R ClinVar: 15935 dbSNP: rs121913494 mutation Q228H ClinVar: 15936 dbSNP: rs137854533,H00260;H01102;H01431;H01483;H02049,,
2778v2,GNAS inactivating mutation,GNAS,K04632,hsa_var Human gene variants (Homo sapiens),mutation M1V ClinVar: 15927 dbSNP: rs137854530 mutation Q12X ClinVar: 209158 dbSNP: rs797045046 mutation L99P ClinVar: 15931 dbSNP: rs137854531 mutation A102V ClinVar: 430510 dbSNP: rs1131691999 mutation R165C ClinVar: 15932 dbSNP: rs137854532 mutation R231H ClinVar: 15946 dbSNP: rs137854538 mutation R258W ClinVar: 15941 dbSNP: rs137854535 mutation S250R ClinVar: 15939 dbSNP: rs137854534 mutation A366S ClinVar: 15944 dbSNP: rs137854537,H00244,,
2796v1,GNRH1 mutation,GNRH1,K05252,hsa_var Human gene variants (Homo sapiens),mutations OmimVar: 152760,H00255,,
2798v1,GNRHR mutation,GNRHR,K04280,hsa_var Human gene variants (Homo sapiens),mutations OmimVar: 138850,H00255,,
2799v1,GNS deficiency,GNS,K01137,hsa_var Human gene variants (Homo sapiens),mutations OmimVar: 607664,H00130,,
282617v1,IL28B rs12979860,IFNL3,K22669,hsa_var Human gene variants (Homo sapiens),Single nucleotide variant ClinVar: 225949 dbSNP: rs12979860,,,
284098v1,PIGW deficiency,PIGW,K05283,hsa_var Human gene variants (Homo sapiens),mutations OmimVar: 610275,H01488,,
2876v1,GPX1 deficiency,GPX1,K00432,hsa_var Human gene variants (Homo sapiens),mutations OmimVar: 138320,H00668,,
2879v1,GPX4 mutation,GPX4,K05361,hsa_var Human gene variants (Homo sapiens),mutations OmimVar: 138322,H01825,,
29089v1,UBE2T mutation,UBE2T,K13960,hsa_var Human gene variants (Homo sapiens),mutations OmimVar: 610538,H00238,,
2908v1,NR3C1 mutation,NR3C1,K05771,hsa_var Human gene variants (Homo sapiens),mutations OmimVar: 138040,H01702,,
29110v1,TBK1 mutation,TBK1,K05410,hsa_var Human gene variants (Homo sapiens),mutations OmimVar: 604834,H00058;H02536,,
2911v1,GRM1 mutation,GRM1,K04603,hsa_var Human gene variants (Homo sapiens),mutations OmimVar: 604473,H00063,,
2936v1,GSR deficiency,GSR,K00383,hsa_var Human gene variants (Homo sapiens),mutations OmimVar: 138300,H00668,,
2937v1,GSS deficiency,GSS,K21456,hsa_var Human gene variants (Homo sapiens),mutations OmimVar: 601002,H00668;H02312,,
2956v1,MSH6 mutation,MSH6,K08737,hsa_var Human gene variants (Homo sapiens),mutations OmimVar: 600678,H02565,,
2990v1,GUSB deficiency,GUSB,K01195,hsa_var Human gene variants (Homo sapiens),mutations OmimVar: 611499,H00132,,D11004
29929v1,ALG6 deficiency,ALG6,K03848,hsa_var Human gene variants (Homo sapiens),mutations OmimVar: 604566,H00118,,
2992v1,GYG1 deficiency,GYG1,K00750,hsa_var Human gene variants (Homo sapiens),mutations OmimVar: 603942,H01955,,
29940v1,DSE mutation,DSE,K01794,hsa_var Human gene variants (Homo sapiens),mutations OmimVar: 605942,H02246,,
29954v1,POMT2 deficiency,POMT2,K00728,hsa_var Human gene variants (Homo sapiens),mutations OmimVar: 607439,H02307,,
29968v1,PSAT1 deficiency,PSAT1,K00831,hsa_var Human gene variants (Homo sapiens),mutations OmimVar: 610936,H01082;H02117,,
29978v1,UBQLN2 mutation,UBQLN2,K04523,hsa_var Human gene variants (Homo sapiens),mutations OmimVar: 300264,H00058,,
2997v1,GYS1 deficiency,GYS1,K00693,hsa_var Human gene variants (Homo sapiens),mutations OmimVar: 138570,H01949,,
2998v1,GYS2 deficiency,GYS2,K00693,hsa_var Human gene variants (Homo sapiens),mutations OmimVar: 138571,H01950,,
30061v1,SLC40A1 mutation,SLC40A1,K14685,hsa_var Human gene variants (Homo sapiens),mutations OmimVar: 604653,H00211,,
3028v1,HSD17B10 deficiency,HSD17B10,K08683,hsa_var Human gene variants (Homo sapiens),mutations OmimVar: 300256,H00925,,
3030v1,HADHA deficiency,HADHA,K07515,hsa_var Human gene variants (Homo sapiens),mutations OmimVar: 600890,H00489,,
3032v1,HADHB deficiency,HADHB,K07509,hsa_var Human gene variants (Homo sapiens),mutations OmimVar: 143450,H01352,,
3033v1,HADH deficiency,HADH,K00022,hsa_var Human gene variants (Homo sapiens),mutations OmimVar: 601609,H01364,,
3053v1,SERPIND1 mutation,SERPIND1,K03912,hsa_var Human gene variants (Homo sapiens),mutations OmimVar: 142360,H00223,,
3064v1,HTT mutation,HTT,K04533,hsa_var Human gene variants (Homo sapiens),mutations OmimVar: 613004,H00059,,D12012;D12013
3075v1,CFH mutation,CFH,K04004,hsa_var Human gene variants (Homo sapiens),mutations OmimVar: 134370,H00104;H00821;H01434;H02108;H02579,,
3077v1,HFE mutation,HFE,,hsa_var Human gene variants (Homo sapiens),mutations OmimVar: 613609,H00211,,
3078v1,CFHR1 mutation,CFHR1,K23815,hsa_var Human gene variants (Homo sapiens),mutations OmimVar: 134371,H00821;H01434,,
3081v1,HGD deficiency,HGD,K00451,hsa_var Human gene variants (Homo sapiens),mutations OmimVar: 607474,H00163,,
3082v1,HGF overexpression,HGF,K05460,hsa_var Human gene variants (Homo sapiens),overexpression,H00048,,
3145v1,HMBS deficiency,HMBS,K01749,hsa_var Human gene variants (Homo sapiens),mutations OmimVar: 609806,H01763,,
3155v1,HMGCL deficiency,HMGCL,K01640,hsa_var Human gene variants (Homo sapiens),mutations OmimVar: 613898,H00179,,
3195v1,TLX1 rearrangemnet,TLX1,K09340,hsa_var Human gene variants (Homo sapiens),translocation t(10;14)(q24;q11) translocation t(7;10)(q35;q24),H00002,,
3242v1,HPD deficiency,HPD,K00457,hsa_var Human gene variants (Homo sapiens),mutations OmimVar: 609695,H00165,,
324v1,APC mutation,APC,K02085,hsa_var Human gene variants (Homo sapiens),mutation Q1338* ClinVar: 801 dbSNP: rs121913327 mutation R332* ClinVar: 184937 dbSNP: rs775126020 mutation G1120E ClinVar: 802 dbSNP: rs28933379,H00018;H00020,,
3251v1,HPRT1 deficiency,HPRT1,K00760,hsa_var Human gene variants (Homo sapiens),mutations OmimVar: 308000,H00194,,
3265v1,HRAS overexpression,HRAS,K02833,hsa_var Human gene variants (Homo sapiens),overexpression,H00022,,
3265v2,HRAS mutation,HRAS,K02833,hsa_var Human gene variants (Homo sapiens),mutation G12S ClinVar: 12602 dbSNP: rs104894229 COSM: 480 mutation G12C ClinVar: 12613 dbSNP: rs104894229 COSM: 481 mutation G13R ClinVar: 35554 dbSNP: rs104894228 COSM: 486 mutation G13V ClinVar: 180848 dbSNP: rs104894226 COSM: 489 mutation Q61R ClinVar: 160364 dbSNP: rs121913233 COSM: 499 mutation Q61L ClinVar: 376033 dbSNP: rs121913233 COSM: 498,H00022,,
3265v3,HRAS mutation,HRAS,K02833,hsa_var Human gene variants (Homo sapiens),mutations OmimVar: 190020,H01747,,
3284v1,HSD3B2 deficiency,HSD3B2,K00070,hsa_var Human gene variants (Homo sapiens),mutations OmimVar: 613890,H00216,,
3290v1,HSD11B1 mutation,HSD11B1,K15680,hsa_var Human gene variants (Homo sapiens),mutations OmimVar: 600713,H01111,,
3291v1,HSD11B2 deficiency,HSD11B2,K00071,hsa_var Human gene variants (Homo sapiens),mutations OmimVar: 614232,H00259,,
3293v1,HSD17B3 deficiency,HSD17B3,K10207,hsa_var Human gene variants (Homo sapiens),mutations OmimVar: 605573,H00608,,
3295v1,HSD17B4 deficiency,HSD17B4,K12405,hsa_var Human gene variants (Homo sapiens),mutations OmimVar: 601860,H02098,,
331v1,XIAP mutation,XIAP,K04725,hsa_var Human gene variants (Homo sapiens),mutations OmimVar: 300079,H01969,,
3340v1,NDST1 mutation,NDST1,K02576,hsa_var Human gene variants (Homo sapiens),mutations OmimVar: 600853,H00768,,
3373v1,HYAL1 deficiency,HYAL1,K01197,hsa_var Human gene variants (Homo sapiens),mutations OmimVar: 607071,H00133,,
338v1,APOB mutation,APOB,K14462,hsa_var Human gene variants (Homo sapiens),mutations OmimVar: 107730,H00155,,
340061v1,STING1 mutation,STING1,K12654,hsa_var Human gene variants (Homo sapiens),mutations OmimVar: 612374,H01746,,
340419v1,RSPO2 mutation,RSPO2,K23097,hsa_var Human gene variants (Homo sapiens),mutations OmimVar: 610575,H00636,,
3417v1,IDH1 mutation,IDH1,K00031,hsa_var Human gene variants (Homo sapiens),mutation R132P ClinVar: 375890 dbSNP: rs121913500 mutation R132L ClinVar: 375889 dbSNP: rs121913500 mutation R132H ClinVar: 156444 dbSNP: rs121913500 mutation R132S ClinVar: 375893 dbSNP: rs121913499 mutation R132G ClinVar: 375892 dbSNP: rs121913499 mutation R132C ClinVar: 375891 dbSNP: rs121913499,,,D11090;D12483
3418v1,IDH2 mutation,IDH2,K00031,hsa_var Human gene variants (Homo sapiens),mutation R140Q ClinVar: 14716 dbSNP: rs121913502 mutation R172S ClinVar: 375985 dbSNP: rs1057519736,,,D11044
3418v2,IDH2 mutation,IDH2,K00031,hsa_var Human gene variants (Homo sapiens),mutations OmimVar: 147650,H01225,,
3423v1,IDS deficiency,IDS,K01136,hsa_var Human gene variants (Homo sapiens),mutations OmimVar: 300823,H00129,,D04499;D11025
3425v1,IDUA deficiency,IDUA,K01217,hsa_var Human gene variants (Homo sapiens),mutations OmimVar: 252800,H00128,,D04670
3426v1,CFI mutation,CFI,K01333,hsa_var Human gene variants (Homo sapiens),mutations OmimVar: 217030,H00106;H00821;H01434;H02579,,
343637v1,RSPO4 mutation,RSPO4,K23099,hsa_var Human gene variants (Homo sapiens),mutations OmimVar: 610573,H01307,,
3455v1,IFNAR2 mutation,IFNAR2,K05131,hsa_var Human gene variants (Homo sapiens),mutations OmimVar: 602376,H02525,,
345611v1,IRGM mutation,IRGM,K14139,hsa_var Human gene variants (Homo sapiens),mutations OmimVar: 608212,H01227,,
345643v1,MCIDAS mutation,MCIDAS,K26119,hsa_var Human gene variants (Homo sapiens),mutations OmimVar: 614086,H00564,,
3459v1,IFNGR1 mutation,IFNGR1,K05132,hsa_var Human gene variants (Homo sapiens),mutations OmimVar: 107470,H00089,,
3460v1,IFNGR2 mutation,IFNGR2,K05133,hsa_var Human gene variants (Homo sapiens),mutations OmimVar: 147569,H00089,,
347688v1,TUBB8 mutation,TUBB8,K07375,hsa_var Human gene variants (Homo sapiens),mutations OmimVar: 616768,H01897,,
347733v1,TUBB2B mutation,TUBB2B,K07375,hsa_var Human gene variants (Homo sapiens),mutations OmimVar: 612850,H01881,,
3479v1,IGF1 mutation,IGF1,K05459,hsa_var Human gene variants (Homo sapiens),mutations OmimVar: 147440,H02040,,
3480v1,IGF1R overexpression,IGF1R,K05087,hsa_var Human gene variants (Homo sapiens),overexpression,H00048,,
3480v2,IGF1R mutation,IGF1R,K05087,hsa_var Human gene variants (Homo sapiens),mutations OmimVar: 147370,H00254,,
3481v1,IGF2 overexpression,IGF2,K13769,hsa_var Human gene variants (Homo sapiens),overexpression,H00048,,
34v1,ACADM deficiency,ACADM,K00249,hsa_var Human gene variants (Homo sapiens),mutations OmimVar: 607008,H00488,,
3516v1,RBPJ mutation,RBPJ,K06053,hsa_var Human gene variants (Homo sapiens),mutations OmimVar: 147183,H01413,,
351v1,APP mutation,APP,K04520,hsa_var Human gene variants (Homo sapiens),mutations OmimVar: 104760,H00056,,
353v1,APRT deficiency,APRT,K00759,hsa_var Human gene variants (Homo sapiens),mutations OmimVar: 102600,H00195,,
3549v1,IHH mutation,IHH,K11989,hsa_var Human gene variants (Homo sapiens),mutations OmimVar: 600726,H00482;H00675,,
355v1,FAS mutation,FAS,K04390,hsa_var Human gene variants (Homo sapiens),mutations OmimVar: 134637,H00108,,
3560v1,IL2RB mutation,IL2RB,K05069,hsa_var Human gene variants (Homo sapiens),mutations OmimVar: 146710,H02525,,
3561v1,IL2RG mutation,IL2RG,K05070,hsa_var Human gene variants (Homo sapiens),mutations OmimVar: 308380,H00091;H00093,,
356v1,FASLG mutation,FASLG,K04389,hsa_var Human gene variants (Homo sapiens),mutations OmimVar: 134638,H00108,,
3570v1,IL6R mutation,IL6R,K05055,hsa_var Human gene variants (Homo sapiens),mutations OmimVar: 147880,H01968,,
3572v1,IL6ST mutation,IL6ST,K05060,hsa_var Human gene variants (Homo sapiens),mutations OmimVar: 600694,H01968,,
3575v1,IL7R mutation,IL7R,K05072,hsa_var Human gene variants (Homo sapiens),mutations OmimVar: 146661,H00091,,
3587v1,IL10RA mutation,IL10RA,K05134,hsa_var Human gene variants (Homo sapiens),mutations OmimVar: 146933,H01227,,
3588v1,IL10RB mutation,IL10RB,K05135,hsa_var Human gene variants (Homo sapiens),mutations OmimVar: 123889,H01227,,
3593v1,IL12B mutation,IL12B,K05425,hsa_var Human gene variants (Homo sapiens),mutations OmimVar: 161561,H00089,,
3594v1,IL12RB1 mutation,IL12RB1,K05063,hsa_var Human gene variants (Homo sapiens),mutations OmimVar: 601604,H00089,,
35v1,ACADS deficiency,ACADS,K00248,hsa_var Human gene variants (Homo sapiens),mutations OmimVar: 606885,H01980,,
3661v1,IRF3 mutation,IRF3,K05411,hsa_var Human gene variants (Homo sapiens),mutations OmimVar: 603734,H02536,,
3663v1,IRF5 mutation,IRF5,K09446,hsa_var Human gene variants (Homo sapiens),mutations OmimVar: 607218,H00080,,
3665v1,IRF7 mutation,IRF7,K09447,hsa_var Human gene variants (Homo sapiens),mutations OmimVar: 616345,H00096,,
367v1,AR amplification,AR,K08557,hsa_var Human gene variants (Homo sapiens),amplification,H00024,,
367v2,AR mutation,AR,K08557,hsa_var Human gene variants (Homo sapiens),mutation L702H ClinVar: 219296 dbSNP: rs864622007 COSM: 238553 mutation H875Y ClinVar: 9834 dbSNP: rs13785281 COSM: 238555 mutation T878A ClinVar: 9381 dbSNP: rs137852578 COSM: 236693 mutation P893S COSM: 5563016 mutation Q903H COSM: 5564006,H00024,,
36v1,ACADSB deficiency,ACADSB,K09478,hsa_var Human gene variants (Homo sapiens),mutations OmimVar: 600301,H00375,,
3703v1,STT3A deficiency,STT3A,K07151,hsa_var Human gene variants (Homo sapiens),mutations OmimVar: 601134,H00118,,
3708v1,ITPR1 activating mutation,ITPR1,K04958,hsa_var Human gene variants (Homo sapiens),mutation V1547M ClinVar: 39571 dbSNP: rs397514535 mutation N587D ClinVar: 39572 dbSNP: rs397514536,H00063,,
3708v2,ITPR1 reduced expression,ITPR1,K04958,hsa_var Human gene variants (Homo sapiens),mutation P1068L ClinVar: 14801 dbSNP: rs121912425,H00063,,
3712v1,IVD deficiency,IVD,K00253,hsa_var Human gene variants (Homo sapiens),mutations OmimVar: 607036,H00173,,
3716v1,JAK1 mutation,JAK1,K11217,hsa_var Human gene variants (Homo sapiens),mutations OmimVar: 147795,H02537,,
3717v1,JAK2 mutation,JAK2,K04447,hsa_var Human gene variants (Homo sapiens),mutations OmimVar: 147796,H00236;H01605;H01612,,
3718v1,JAK3 mutation,JAK3,K11218,hsa_var Human gene variants (Homo sapiens),mutations OmimVar: 600173,H00091,,
374654v1,KIF7 mutation,KIF7,K18806,hsa_var Human gene variants (Homo sapiens),mutations OmimVar: 611254,H00263;H00530;H01265,,
3748v1,KCNC3 mutation,KCNC3,K04889,hsa_var Human gene variants (Homo sapiens),mutations OmimVar: 176264,H00063,,
374v1,AREG overexpression,AREG,K09782,hsa_var Human gene variants (Homo sapiens),overexpression,H00020,,
3752v1,KCND3 mutation,KCND3,K04893,hsa_var Human gene variants (Homo sapiens),mutations OmimVar: 605411,H00063,,
3762v1,KCNJ5 mutation,KCNJ5,K04999,hsa_var Human gene variants (Homo sapiens),mutations OmimVar: 600734,H01603,,
3796v1,KIF2A mutation,KIF2A,K10393,hsa_var Human gene variants (Homo sapiens),mutations OmimVar: 602591,H01881,,
37v1,ACADVL deficiency,ACADVL,K09479,hsa_var Human gene variants (Homo sapiens),mutations OmimVar: 609575,H00392,,
3814v1,KISS1 mutation,KISS1,K23140,hsa_var Human gene variants (Homo sapiens),mutations OmimVar: 603286,H00255,,
3815v1,KIT kinase domain mutation,KIT,K05091,hsa_var Human gene variants (Homo sapiens),mutation D816Y ClinVar: 13860 dbSNP: rs121913506 COSM: 1310 mutation D816H ClinVar: 13863 dbSNP: rs121913506 COSM: 1311 mutation D816V ClinVar: 13852 dbSNP: rs121913507 COSM: 1314,H00003,,D11279;D12476
3818v1,KLKB1 mutation,KLKB1,K01324,hsa_var Human gene variants (Homo sapiens),mutations OmimVar: 229000,H01078,,
3827v1,KNG1 mutation,KNG1,K03898,hsa_var Human gene variants (Homo sapiens),mutations OmimVar: 612358,H01006,,
383v1,ARG1 deficiency,ARG1,K01476,hsa_var Human gene variants (Homo sapiens),mutations OmimVar: 608313,H00186,,D11695
3845v1,KRAS mutation,KRAS,K07827,hsa_var Human gene variants (Homo sapiens),mutation G12D ClinVar: 12582 dbSNP: rs121913529 COSM: 521 mutation G12V ClinVar: 12583 dbSNP: rs121913529 COSM: 520 mutation G13D ClinVar: 12580 dbSNP: rs112445441 COSM: 532 mutation G12C ClinVar: 12578 dbSNP: rs121913530 COSM: 516,H00003;H00014;H00018;H00019;H00020;H00026;H00032;H00038,,D12301;D12055
3845v2,KRAS mutation,KRAS,K07827,hsa_var Human gene variants (Homo sapiens),mutations OmimVar: 190070,H01592;H01738;H01745;H02541,,
389434v1,IYD mutation,IYD,K17231,hsa_var Human gene variants (Homo sapiens),mutations OmimVar: 612025,H00251,,
392255v1,GDF6 mutation,GDF6,K20012,hsa_var Human gene variants (Homo sapiens),mutations OmimVar: 601147,H00484,,
3930v1,LBR deficiency,LBR,K19532,hsa_var Human gene variants (Homo sapiens),mutations OmimVar: 600024,H00447,,
3939v1,LDHA deficiency,LDHA,K00016,hsa_var Human gene variants (Homo sapiens),mutations OmimVar: 150000,H01946,,
3949v1,LDLR mutation,LDLR,K12473,hsa_var Human gene variants (Homo sapiens),mutations OmimVar: 606945,H00155,,
3955v1,LFNG mutation,LFNG,K05948,hsa_var Human gene variants (Homo sapiens),mutations OmimVar: 602576,H00517,,
3973v1,LHCGR mutation,LHCGR,K04248,hsa_var Human gene variants (Homo sapiens),mutations OmimVar: 152790,H00937,,
3978v1,LIG1 mutation,LIG1,K10747,hsa_var Human gene variants (Homo sapiens),mutations OmimVar: 126391,H00094,,
3980v1,LIG3 mutation,LIG3,K10776,hsa_var Human gene variants (Homo sapiens),mutations OmimVar: 600940,H01390,,
3981v1,LIG4 mutation,LIG4,K10777,hsa_var Human gene variants (Homo sapiens),mutations OmimVar: 601837,H02015,,
3988v1,LIPA deficiency,LIPA,K01052,hsa_var Human gene variants (Homo sapiens),mutations OmimVar: 613497,,,D10377
4000v1,LMNA mutation,LMNA,K12641,hsa_var Human gene variants (Homo sapiens),mutation G608= ClinVar: 14500 dbSNP: rs58596362,,,
4005v1,LMO2 rearrangement,LMO2,K15612,hsa_var Human gene variants (Homo sapiens),translocation t(11;14) (p13;q11) translocation t(7;11)(q35;p13) deletion del(11)(p12p13),H00002,,
4023v1,LPL variant,LPL,K01059,hsa_var Human gene variants (Homo sapiens),mutation S447* ClinVar: 1534 dbSNP: rs328,,,D10843
4036v1,LRP2 mutation,LRP2,K06233,hsa_var Human gene variants (Homo sapiens),mutations OmimVar: 600073,H00886,,
4038v1,LRP4 mutation,LRP4,K20051,hsa_var Human gene variants (Homo sapiens),mutations OmimVar: 604270,H00486;H00853,,
4040v1,LRP6 overexpression,LRP6,K03068,hsa_var Human gene variants (Homo sapiens),overexpression,H00031,,
4040v2,LRP6 mutation,LRP6,K03068,hsa_var Human gene variants (Homo sapiens),mutations OmimVar: 603507,H00625,,
4041v1,LRP5 mutation,LRP5,K03068,hsa_var Human gene variants (Homo sapiens),mutations OmimVar: 603506,H00436;H00451;H00589;H01593;H01774,,
404672v1,GTF2H5 mutation,GTF2H5,K10845,hsa_var Human gene variants (Homo sapiens),mutations OmimVar: 608780,H00866,,
4047v1,LSS deficiency,LSS,K01852,hsa_var Human gene variants (Homo sapiens),mutations OmimVar: 600909,H02303,,
4054v1,LTBP3 mutation,LTBP3,K08023,hsa_var Human gene variants (Homo sapiens),mutations OmimVar: 602090,H00625;H00900,,
405753v1,DUOXA2 mutation,DUOXA2,K17232,hsa_var Human gene variants (Homo sapiens),mutations OmimVar: 612772,H00251,,
4087v1,SMAD2 mutation,SMAD2,K04500,hsa_var Human gene variants (Homo sapiens),mutation D450E COSM: 6023536 mutation P445H COSM: 6053940 mutation L440R COSM: 6053941 mutation R133C COSM: 3378505,H00020,,
4087v2,SMAD2 mutation,SMAD2,K04500,hsa_var Human gene variants (Homo sapiens),mutations OmimVar: 601366,H00800,,
4088v1,SMAD3 mutation,SMAD3,K23605,hsa_var Human gene variants (Homo sapiens),mutations OmimVar: 603109,H00800,,
4089v1,SMAD4 mutation,SMAD4,K04501,hsa_var Human gene variants (Homo sapiens),mutations OmimVar: 600993,H00533;H01023;H02102,,
4093v1,SMAD9 mutation,SMAD9,K16791,hsa_var Human gene variants (Homo sapiens),mutations OmimVar: 603295,H01619,,
4094v1,IGH-MAF fusion,MAF,K09035,hsa_var Human gene variants (Homo sapiens),translocation t(14;16)(q32;q23),H00010,,
410v1,ARSA deficiency,ARSA,K01134,hsa_var Human gene variants (Homo sapiens),mutations OmimVar: 607574,H00127,,
411v1,ARSB deficiency,ARSB,K01135,hsa_var Human gene variants (Homo sapiens),mutations OmimVar: 611542,H00131,,D06565
4125v1,MAN2B1 deficiency,MAN2B1,K12311,hsa_var Human gene variants (Homo sapiens),mutations OmimVar: 609458,,,D11024
4128v1,MAOA deficiency,MAOA,K00274,hsa_var Human gene variants (Homo sapiens),mutations OmimVar: 309850,H00548,,
4149v1,MAX mutation,MAX,K04453,hsa_var Human gene variants (Homo sapiens),mutations OmimVar: 154950,H01510,,
4153v1,MBL2 mutation,MBL2,K03991,hsa_var Human gene variants (Homo sapiens),mutations OmimVar: 154545,H00105,,
4158v1,MC2R mutation,MC2R,K04200,hsa_var Human gene variants (Homo sapiens),mutation S74I ClinVar: 3258 dbSNP: rs104894658 mutation S120R ClinVar: 3260 dbSNP: rs104894656 mutation R128C ClinVar: 3261 dbSNP: rs104894657 mutation D107N ClinVar: 3262 dbSNP: rs104894661 mutation C251F ClinVar: 3264 dbSNP: rs104894662 mutation R137W ClinVar: 3265 dbSNP: rs104894660 mutation Y254C ClinVar: 3266 dbSNP: rs28940892,H00256,,
4171v1,MCM2 mutation,MCM2,K02540,hsa_var Human gene variants (Homo sapiens),mutations OmimVar: 116945,H00604,,
4173v1,MCM4 mutation,MCM4,K02212,hsa_var Human gene variants (Homo sapiens),mutations OmimVar: 602638,H00094,,
4174v1,MCM5 mutation,MCM5,K02209,hsa_var Human gene variants (Homo sapiens),mutations OmimVar: 602696,H01889,,
4179v1,CD46 mutation,CD46,K04007,hsa_var Human gene variants (Homo sapiens),mutations OmimVar: 120920,H01434,,
4193v1,MDM2 amplification,MDM2,K06643,hsa_var Human gene variants (Homo sapiens),amplification ClinVar: 268075 150740 dbVar: nsv917029,H00042,,
4210v1,MEFV mutation,MEFV,K12803,hsa_var Human gene variants (Homo sapiens),mutations OmimVar: 608107,H00288;H02590,,
4221v1,MEN1 mutation,MEN1,K14970,hsa_var Human gene variants (Homo sapiens),mutation L22R ClinVar: 16677 dbSNP: rs104894256 mutation E363del ClinVar: 16685 dbSNP: rs869025185 mutation W436R ClinVar: 16686 dbSNP: rs104894259 mutation R527Ter ClinVar: 16688 dbSNP: rs104894261,H00033;H00034;H00246;H00247;H01102;H01431;H01522,,
4233v1,MET kinase domain mutation,MET,K05099,hsa_var Human gene variants (Homo sapiens),mutation V1110I ClinVar: 186141 dbSNP: rs5030821 COSM: 3724572 mutation H1112Y ClinVar: 376068 dbSNP: rs121913244 COSM: 696 mutation M1149T ClinVar: 13881 dbSNP: rs121913668 COSM: 704 mutation V1206L ClinVar: 13882 dbSNP: rs121913669 COSM: 3724576 5015793 mutation L1213V ClinVar: 13886 dbSNP: rs121913673 COSM: 688 mutation V1238I ClinVar: 13883 dbSNP: rs121913670 COSM: 1673476 mutation D1246H ClinVar: 376728 dbSNP: rs121913671 COSM: 689 mutation M1268T ClinVar: 376126 dbSNP: rs121913245 COSM: 691 mutation T1191I ClinVar: 13888 dbSNP: rs121913675 COSM: 693 mutation M1268I ClinVar: 13889 dbSNP: rs121913676 COSM: 694 mutation K1262R ClinVar: 13890 dbSNP: rs121913677 COSM: 695 mutation H1112L COSM: 698 mutation H1124D COSM: 697,H00021;H00048,,
4233v2,MET overexpression,MET,K05099,hsa_var Human gene variants (Homo sapiens),overexpression,H00048,,
4233v3,MET amplification,MET,K05099,hsa_var Human gene variants (Homo sapiens),amplification ClinVar: 59715 dbVar: nsv532243,H00018,,
4233v4,MET exon 14 skipping,MET,K05099,hsa_var Human gene variants (Homo sapiens),mutation D1028N COSM: 6056852 mutation c.3028+1G>T COSM: 6108462 deletion c.3025_3028+3del COSM: 6965225,H00014,,D10891;D11073;D12053
4247v1,MGAT2 deficiency,MGAT2,K00736,hsa_var Human gene variants (Homo sapiens),mutations OmimVar: 602616,H00119,,
427v1,ASAH1 deficiency,ASAH1,K12348,hsa_var Human gene variants (Homo sapiens),mutations OmimVar: 613468,H00138,,
4287v1,ATXN3 mutation,ATXN3,K11863,hsa_var Human gene variants (Homo sapiens),mutations OmimVar: 607047,H00063,,
4292v1,MLH1 mutation,MLH1,K08734,hsa_var Human gene variants (Homo sapiens),mutations OmimVar: 120436,H02565;H02566,,
4297v1,MLL-AF4 fusion,KMT2A,K09186,hsa_var Human gene variants (Homo sapiens),translocation t(4;11) COSF: 1947 2067 1949,H00001,,
4297v2,MLL-ENL fusion,KMT2A,K09186,hsa_var Human gene variants (Homo sapiens),translocation t(11;19)(q23;p13.3) COSF: 1959 1960 1805,H00002,,
4298v1,MLL-ENL fusion,MLLT1,K15187,hsa_var Human gene variants (Homo sapiens),translocation t(11;19)(q23;p13.3) COSF: 1959 1960 1805,H00002,,
4299v1,MLL-AF4 fusion,AFF1,K15184,hsa_var Human gene variants (Homo sapiens),translocation t(4;11) COSF: 1947 2067 1949,H00001,,
4329v1,ALDH6A1 deficiency,ALDH6A1,K00140,hsa_var Human gene variants (Homo sapiens),mutations OmimVar: 603178,H02285,,
4337v1,MOCS1 deficiency,MOCS1,K20967,hsa_var Human gene variants (Homo sapiens),mutations OmimVar: 603707,H02311,,D11779;D11780
4338v1,MOCS2 deficiency,MOCS2,K03635,hsa_var Human gene variants (Homo sapiens),mutations OmimVar: 603708,H02311,,
4351v1,MPI deficiency,MPI,K01809,hsa_var Human gene variants (Homo sapiens),mutations OmimVar: 154550,H00118,,
4352v1,MPL mutation,MPL,K05082,hsa_var Human gene variants (Homo sapiens),mutations OmimVar: 159530,H01605;H01612,,
435v1,ASL deficiency,ASL,K01755,hsa_var Human gene variants (Homo sapiens),mutations OmimVar: 608310,H01028,,
4361v1,MRE11 mutation,MRE11,K10865,hsa_var Human gene variants (Homo sapiens),mutations OmimVar: 600814,H02014,,
440138v1,ALG11 deficiency,ALG11,K03844,hsa_var Human gene variants (Homo sapiens),mutations OmimVar: 613666,H00118,,
4436v1,MSH2 mutation,MSH2,K08735,hsa_var Human gene variants (Homo sapiens),mutations OmimVar: 609309,,,
4437v1,MSH3 mutation,MSH3,K08736,hsa_var Human gene variants (Homo sapiens),mutations OmimVar: 600887,H01025,,
445v1,ASS deficiency,ASS1,K01940,hsa_var Human gene variants (Homo sapiens),mutations OmimVar: 603470,H00185,,
4594v1,MMUT deficiency,MMUT,K01847,hsa_var Human gene variants (Homo sapiens),mutations OmimVar: 609058,H00174,,
4595v1,MUTYH mutation,MUTYH,K03575,hsa_var Human gene variants (Homo sapiens),mutations OmimVar: 604933,H00018;H01025,,
4597v1,MVD deficiency,MVD,K01597,hsa_var Human gene variants (Homo sapiens),mutations OmimVar: 603236,H01933,,
4598v1,MVK deficiency,MVK,K00869,hsa_var Human gene variants (Homo sapiens),mutations OmimVar: 251170,,,
4609v1,MYC amplification,MYC,K04377,hsa_var Human gene variants (Homo sapiens),amplification ClinVar: 160870 394884 153231 151754 149554 dbVar: nsv1067711 nsv2774782 nsv995229 nsv931643 nsv915813,H00013,,
4613v1,MYCN amplification,MYCN,K09109,hsa_var Human gene variants (Homo sapiens),amplification ClinVar: 153441 148269 dbVar: nsv995434 nsv817269,H00043,,
462v1,SERPINC1 mutation,SERPINC1,K03911,hsa_var Human gene variants (Homo sapiens),mutations OmimVar: 107300,H00223;H01381,,
4669v1,NAGLU deficiency,NAGLU,K01205,hsa_var Human gene variants (Homo sapiens),mutations OmimVar: 609701,H00130,,D11199
466v1,EWSR1-ATF1 fusion,ATF1,K09053,hsa_var Human gene variants (Homo sapiens),translocation t(12;22)(q13;q12) COSF: 218 222 220,H00052,,
4683v1,NBN mutation,NBN,K10867,hsa_var Human gene variants (Homo sapiens),mutations OmimVar: 602667,H01132;H01344,,
472v1,ATM mutation,ATM,K04728,hsa_var Human gene variants (Homo sapiens),mutations OmimVar: 607585,H00005;H00064,,
4763v1,NF1 mutation,NF1,K08052,hsa_var Human gene variants (Homo sapiens),mutations OmimVar: 613113,H01437;H01510;H02188;H02189;H02541,,
476v1,ATP1A1 mutation,ATP1A1,K01539,hsa_var Human gene variants (Homo sapiens),mutation L104R ClinVar: 162466 dbSNP: rs11540945 mutation V332G ClinVar: 162468 dbSNP: rs724160010 mutation F100_L104del ClinVar: 162465 dbSNP: rs724160008,H01603,,
4780v1,NFE2L2 mutation,NFE2L2,K05638,hsa_var Human gene variants (Homo sapiens),mutation D29G ClinVar: 376464 dbSNP: rs1057519921 COSM: 132858 mutation T80P COSM: 132988 mutation D29H ClinVar: 376461 dbSNP: rs1057519920 COSM: 124736 mutation G81V COSM: 132961 mutation E82D COSM: 132860 mutation E82G COSM: 132853,H00048,,
4824v1,NKX3-1 loss,NKX3-1,K09348,hsa_var Human gene variants (Homo sapiens),Allelic loss on 8p,H00024,,
4838v1,NODAL mutation,NODAL,K04666,hsa_var Human gene variants (Homo sapiens),mutations OmimVar: 601265,H00632,,
4851v1,NOTCH1 overexpression,NOTCH1,K02599,hsa_var Human gene variants (Homo sapiens),overexpression,H00031,,
4851v2,NOTCH1 mutation,NOTCH1,K02599,hsa_var Human gene variants (Homo sapiens),mutations OmimVar: 190198,H00554;H01413,,
4853v1,NOTCH2 mutation,NOTCH2,K20994,hsa_var Human gene variants (Homo sapiens),mutations OmimVar: 600275,H00551;H00623,,
4854v1,NOTCH3 mutation,NOTCH3,K20995,hsa_var Human gene variants (Homo sapiens),mutations OmimVar: 600276,H00536;H01893;H01910,,
4855v1,NOTCH4 overexpression,NOTCH4,K20996,hsa_var Human gene variants (Homo sapiens),overexpression,H00031,,
4893v1,NRAS mutation,NRAS,K07828,hsa_var Human gene variants (Homo sapiens),mutation G13V ClinVar: 375876 dbSNP: rs121434596 COSM: 574 mutation G13D ClinVar: 13901 dbSNP: rs121434596 COSM: 573 mutation Q61R ClinVar: 13900 375873 376220 dbSNP: rs11554290 rs1057519695 rs1057519834 COSM: 584 mutation Q61H ClinVar: 375871 373003 dbSNP: rs12193255 rs12193255 mutation G12D ClinVar: 39648 dbSNP: rs12193237 COSM:564 mutation Q61K ClinVar: 73058 dbSNP: rs121913254 COSM:580 mutation Q61L ClinVar: 375872 375874 dbSNP: rs1057519695 rs11554290 mutation G12S ClinVar: 177778 dbSNP: rs121913250 COSM: 563 mutation G13S ClinVar: 376221 dbSNP: rs121434595 COSM: 571,H00003;H00014;H00018;H00019;H00020;H00026;H00032;H00038,,
4893v2,NRAS mutation,NRAS,K07828,hsa_var Human gene variants (Homo sapiens),mutations OmimVar: 164790,H01738;H02541,,
4913v1,NTH mutation,NTHL1,K10773,hsa_var Human gene variants (Homo sapiens),mutations OmimVar: 602656,H01025,,
4914v1,TRK fusion,NTRK1,K03176,hsa_var Human gene variants (Homo sapiens),TPM3-NTRK1 fusion caused by inversion inv(1)(q21-22q22-23) COSF: 1330 1320 1319 TPR-NTRK1 fusion caused by inversion inv(1)(q21-22q25),H00032,,D10926
4920v1,ROR2 mutation,ROR2,K05123,hsa_var Human gene variants (Homo sapiens),mutations OmimVar: 602337,H00482;H00485,,
492v1,ATP2B3 mutation,ATP2B3,K05850,hsa_var Human gene variants (Homo sapiens),mutation L425_V426del ClinVar: 162469 dbSNP: rs724160011 mutation V426_V427del ClinVar: 162470 dbSNP: rs724160012,H01603,,
4942v1,OAT deficiency,OAT,K00819,hsa_var Human gene variants (Homo sapiens),mutations OmimVar: 613349,H00189,,
4967v1,OGDH deficiency,OGDH,K00164,hsa_var Human gene variants (Homo sapiens),mutations OmimVar: 613022,H02006,,
4968v1,OGG1 mutation,OGG1,K03660,hsa_var Human gene variants (Homo sapiens),mutations OmimVar: 601982,H00021,,
4998v1,ORC1 mutation,ORC1,K02603,hsa_var Human gene variants (Homo sapiens),mutations OmimVar: 601902,H01889,,
5000v1,ORC4 mutation,ORC4,K02606,hsa_var Human gene variants (Homo sapiens),mutations OmimVar: 603056,H01889,,
5009v1,OTC deficiency,OTC,K00611,hsa_var Human gene variants (Homo sapiens),mutations OmimVar: 300461,H00187,,
5048v1,PAFAH1B1 mutation,PAFAH1B1,K16794,hsa_var Human gene variants (Homo sapiens),mutations OmimVar: 601545,H00268,,
50506v1,DUOX2 mutation,DUOX2,K13411,hsa_var Human gene variants (Homo sapiens),mutations OmimVar: 606759,H00251,,
5053v1,PAH deficiency,PAH,K00500,hsa_var Human gene variants (Homo sapiens),mutations OmimVar: 612349,H00167,,D11077
5054v1,SERPINE1 mutation,SERPINE1,K03982,hsa_var Human gene variants (Homo sapiens),mutations OmimVar: 173360,H01106,,
5071v1,PRKN mutation,PRKN,K04556,hsa_var Human gene variants (Homo sapiens),mutations OmimVar: 602544,H00057,,
5073v1,PARN mutation,PARN,K01148,hsa_var Human gene variants (Homo sapiens),mutations OmimVar: 604212,H00507;H02569,,
5077v1,PAX3-FOXO1 fusion,PAX3,K09381,hsa_var Human gene variants (Homo sapiens),translocation t(2;13)(q35;q14) COSF: 248 343,,,
50814v1,NSDHL deficiency,NSDHL,K07748,hsa_var Human gene variants (Homo sapiens),mutations OmimVar: 300275,H00496;H01917,,
5087v1,E2A-PBX1 fusion,PBX1,K09355,hsa_var Human gene variants (Homo sapiens),translocation t(1;19)(q23;p13) COSF: 1490 2124 2130,H00001,,
5091v1,PC deficiency,PC,K01958,hsa_var Human gene variants (Homo sapiens),mutations OmimVar: 608786,H00073,,
5092v1,PCBD1 deficiency,PCBD1,K01724,hsa_var Human gene variants (Homo sapiens),mutations OmimVar: 126090,H00167,,
50937v1,CDON mutation,CDON,K20033,hsa_var Human gene variants (Homo sapiens),mutations OmimVar: 608707,H00267,,
50940v1,PDE11A,PDE11A,K13298,hsa_var Human gene variants (Homo sapiens),mutation R307Ter ClinVar: 5286 dbSNP: rs76308115 mutation S313Qfs ClinVar: 225431 dbSNP: rs769235876 mutation S160Ter ClinVar: 225433 dbSNP: rs771254675 mutation S79Ter ClinVar: 225434 dbSNP: rs188985665 mutation R7Tfs ClinVar: 225432 dbSNP: rs202117698,H00260;H01431;H02049,,
5095v1,PCCA deficiency,PCCA,K01965,hsa_var Human gene variants (Homo sapiens),mutations OmimVar: 232000,H00175,,
50964v1,SOST mutation,SOST,K16834,hsa_var Human gene variants (Homo sapiens),mutations OmimVar: 605740,H00486;H02609,,
5096v1,PCCB deficiency,PCCB,K01966,hsa_var Human gene variants (Homo sapiens),mutations OmimVar: 232050,H00175,,
50v1,ACO2 mutation,ACO2,K01681,hsa_var Human gene variants (Homo sapiens),mutations OmimVar: 100850,H02113,,
51053v1,GMNN mutation,GMNN,K10749,hsa_var Human gene variants (Homo sapiens),mutations OmimVar: 602842,H01889,,
5105v1,PCK1 deficiency,PCK1,K01596,hsa_var Human gene variants (Homo sapiens),mutations OmimVar: 614168,H02520,,
5111v1,PCNA mutation,PCNA,K04802,hsa_var Human gene variants (Homo sapiens),mutations OmimVar: 176740,H02014,,
51135v1,IRAK4 mutation,IRAK4,K04733,hsa_var Human gene variants (Homo sapiens),mutations OmimVar: 607676,H00096,,
51227v1,PIGP deficiency,PIGP,K03861,hsa_var Human gene variants (Homo sapiens),mutations OmimVar: 605938,H01489,,
51256v1,TBC1D7 mutation,TBC1D7,K20396,hsa_var Human gene variants (Homo sapiens),mutations OmimVar: 612655,H02446,,
51284v1,TLR7 mutation,TLR7,K05404,hsa_var Human gene variants (Homo sapiens),mutations OmimVar: 300365,H00080;H00096,,
5139v1,PDE3A mutation,PDE3A,K19021,hsa_var Human gene variants (Homo sapiens),mutations OmimVar: 123805,,,
51434v1,ANAPC7 mutation,ANAPC7,K03354,hsa_var Human gene variants (Homo sapiens),mutations OmimVar: 606949,H02584,,
5154v1,PDGFA overexpression,PDGFA,K04359,hsa_var Human gene variants (Homo sapiens),overexpression,H00042,,
5155v1,PDGFB overexpression,PDGFB,K17386,hsa_var Human gene variants (Homo sapiens),overexpression,H00042,,
5156v1,PDGFRA amplification,PDGFRA,K04363,hsa_var Human gene variants (Homo sapiens),amplification ClinVar: 57074 394609 58030 58029 58028 dbVar: nsv529304 nsv2773339 nsv530293 nsv530292 nsv530291,H00042,,
5156v2,PDGFRA avapritinib-susceptible variation,PDGFRA,K04363,hsa_var Human gene variants (Homo sapiens),mutation D842V ClinVar: 13543 dbSNP: rs121908585,,,D11279
51604v1,PIGT deficiency,PIGT,K05292,hsa_var Human gene variants (Homo sapiens),mutations OmimVar: 610272,H01486,,
5160v1,PDHA1 deficiency,PDHA1,K00161,hsa_var Human gene variants (Homo sapiens),mutations OmimVar: 300502,H01997,,
51626v1,DYNC2LI1 mutation,DYNC2LI1,K10417,hsa_var Human gene variants (Homo sapiens),mutations OmimVar: 617083,H02157,,
5162v1,PDHB deficiency,PDHB,K00162,hsa_var Human gene variants (Homo sapiens),mutations OmimVar: 179060,H01998,,
51655v1,RASD1 mutation,RASD1,K07843,hsa_var Human gene variants (Homo sapiens),mutation K34M COSM: 6196669,H01102;H01431,,
51684v1,SUFU mutation,SUFU,K06229,hsa_var Human gene variants (Homo sapiens),mutations OmimVar: 607035,H00530;H00895,,
5172v1,SLC26A4 mutation,SLC26A4,K14702,hsa_var Human gene variants (Homo sapiens),mutations OmimVar: 605646,H00251,,
51733v1,UPB1 deficiency,UPB1,K01431,hsa_var Human gene variants (Homo sapiens),mutations OmimVar: 606673,,,
5173v1,PDYN mutation,PDYN,K15840,hsa_var Human gene variants (Homo sapiens),mutations OmimVar: 131340,H00063,,
51750v1,RTEL1 mutation,RTEL1,K11136,hsa_var Human gene variants (Homo sapiens),mutations OmimVar: 608833,H00507;H02569,,
51776v1,MAP3K20 mutation,MAP3K20,K04424,hsa_var Human gene variants (Homo sapiens),mutations OmimVar: 609479,H00471,,
51807v1,TUBA8 mutation,TUBA8,K07374,hsa_var Human gene variants (Homo sapiens),mutations OmimVar: 605742,H01740,,
5199v1,CFP mutation,CFP,K15412,hsa_var Human gene variants (Homo sapiens),mutations OmimVar: 300383,H00104,,
51v1,ACOX1 deficiency,ACOX1,K00232,hsa_var Human gene variants (Homo sapiens),mutations OmimVar: 609751,H02096,,
5213v1,PFKM deficiency,PFKM,K00850,hsa_var Human gene variants (Homo sapiens),mutations OmimVar: 610681,H01945,,
5216v1,PFN1 mutation,PFN1,K05759,hsa_var Human gene variants (Homo sapiens),mutations OmimVar: 176610,H00058,,
5224v1,PGAM2 deficiency,PGAM2,K01834,hsa_var Human gene variants (Homo sapiens),mutations OmimVar: 612931,H01951,,
5236v1,PGM1 deficiency,PGM1,K01835,hsa_var Human gene variants (Homo sapiens),mutations OmimVar: 171900,H00118,,
5265v1,SERPINA1 mutation,SERPINA1,K03984,hsa_var Human gene variants (Homo sapiens),mutations OmimVar: 107400,H01103;H01714,,
5277v1,PIGA deficiency,PIGA,K03857,hsa_var Human gene variants (Homo sapiens),mutations OmimVar: 311770,H01486,,
5279v1,PIGC deficiency,PIGC,K03859,hsa_var Human gene variants (Homo sapiens),mutations OmimVar: 601730,H01489,,
5283v1,PIGH deficiency,PIGH,K03858,hsa_var Human gene variants (Homo sapiens),mutations OmimVar: 600154,H01489,,
5286v1,PIK3C2A mutation,PIK3C2A,K00923,hsa_var Human gene variants (Homo sapiens),mutations OmimVar: 603601,H02595,,
5290v1,PIK3CA mutation,PIK3CA,K00922,hsa_var Human gene variants (Homo sapiens),mutation E542K ClinVar: 31944 dbSNP: rs121913273 mutation E545K ClinVar: 13655 dbSNP: rs104886003 mutation H1047R ClinVar: 13652 dbSNP: rs121913279 mutation H1047L ClinVar: 13653 dbSNP: rs121913279 mutation E545A ClinVar: 13659 dbSNP: rs121913274,H00031;H00048,,D11011
5290v2,PIK3CA amplification,PIK3CA,K00922,hsa_var Human gene variants (Homo sapiens),amplification,H00031,,
5313v1,PKLR deficiency,PKLR,K12406,hsa_var Human gene variants (Homo sapiens),mutations OmimVar: 609712,H01096,,
5340v1,PLG mutation,PLG,K01315,hsa_var Human gene variants (Homo sapiens),mutations OmimVar: 173350,H01006;H01206,,
5345v1,SERPINF2 mutation,SERPINF2,K03983,hsa_var Human gene variants (Homo sapiens),mutations OmimVar: 613168,H00983,,
5371v1,PML-RARA fusion,PML,K10054,hsa_var Human gene variants (Homo sapiens),translocation t(15;17)(q22;q12) COSF: 2300 2302 2304,H00003,,
5373v1,PMM2 deficiency,PMM2,K17497,hsa_var Human gene variants (Homo sapiens),mutations OmimVar: 601785,H00118,,
5395v1,PMS2 mutation,PMS2,K10858,hsa_var Human gene variants (Homo sapiens),mutations OmimVar: 600259,H02565,,
54205v1,CYCS mutation,CYCS,K08738,hsa_var Human gene variants (Homo sapiens),mutations OmimVar: 123970,H00978,,
5422v1,POLA1 mutation,POLA1,K02320,hsa_var Human gene variants (Homo sapiens),mutations OmimVar: 312040,H00658;H02484,,
5424v1,POLD1 mutation,POLD1,K02327,hsa_var Human gene variants (Homo sapiens),mutations OmimVar: 174761,H01623;H02568,,
5426v1,POLE mutation,POLE,K02324,hsa_var Human gene variants (Homo sapiens),mutations OmimVar: 174762,H02369;H02370;H02568,,
5428v1,POLG mutation,POLG,K02332,hsa_var Human gene variants (Homo sapiens),mutations OmimVar: 174763,H00469;H01118;H01390,,
5429v1,POLH mutation,POLH,K03509,hsa_var Human gene variants (Homo sapiens),mutations OmimVar: 603968,H01428,,
5430v1,POLR2A mutation,POLR2A,K03006,hsa_var Human gene variants (Homo sapiens),mutations OmimVar: 180660,H02571,,
54344v1,DPM3 deficiency,DPM3,K09659,hsa_var Human gene variants (Homo sapiens),mutations OmimVar: 605951,H00118,,
54567v1,DLL4 mutation,DLL4,K06051,hsa_var Human gene variants (Homo sapiens),mutations OmimVar: 605185,H01413,,
545v1,ATR mutation,ATR,K06640,hsa_var Human gene variants (Homo sapiens),mutations OmimVar: 601215,H00992;H02576,,
54658v1,UGT1A1 polymorphism for poor drug metabolism,UGT1A1,K00699,hsa_var Human gene variants (Homo sapiens),*28 TA repeat dbSNP: rs8175347 *37 TA repeat ClinVar: 226028 dbSNP: rs8175347 *6 mutation G71R ClinVar: 12280 dbSNP: rs4148323,,,
546v1,ATRX mutation,ATRX,K10779,hsa_var Human gene variants (Homo sapiens),mutations OmimVar: 300032,H01752;H02583,,
54820v1,NDE1 mutation,NDE1,K16738,hsa_var Human gene variants (Homo sapiens),mutations OmimVar: 609449,H00268;H01870,,
54840v1,APTX mutation,APTX,K10863,hsa_var Human gene variants (Homo sapiens),mutations OmimVar: 606350,H00848,,
54872v1,PIGG deficiency,PIGG,K05310,hsa_var Human gene variants (Homo sapiens),mutations OmimVar: 616918,H01489,,
54892v1,NCAPG2 mutation,NCAPG2,K11492,hsa_var Human gene variants (Homo sapiens),mutaitons OmimVar: 608532,H02461,,
54936v1,ADPRS mutation,ADPRS,K11687,hsa_var Human gene variants (Homo sapiens),mutations OmimVar: 610624,H02572,,
54941v1,RNF125 mutation,RNF125,K12170,hsa_var Human gene variants (Homo sapiens),mutations OmimVar: 610432,H01806,,
5498v1,PPOX deficiency,PPOX,K00231,hsa_var Human gene variants (Homo sapiens),mutations OmimVar: 600923,H01763,,
549v1,AUH deficiency,AUH,K05607,hsa_var Human gene variants (Homo sapiens),mutations OmimVar: 600529,H00754,,
5500v1,PPP1CB mutation,PPP1CB,K06269,hsa_var Human gene variants (Homo sapiens),mutations OmimVar: 600590,H02191,,
55034v1,MOCOS deficiency,MOCOS,K15631,hsa_var Human gene variants (Homo sapiens),mutations OmimVar: 613274,H00192,,
55120v1,FANCL mutation,FANCL,K10606,hsa_var Human gene variants (Homo sapiens),mutations OmimVar: 608111,H00238,,
55135v1,WRAP53 mutation,WRAP53,K23314,hsa_var Human gene variants (Homo sapiens),mutations OmimVar: 612661,H00507,,
55159v1,RFWD3 mutation,RFWD3,K15691,hsa_var Human gene variants (Homo sapiens),mutations OmimVar: 614151,H00238,,
5515v1,PPP2CA mutation,PPP2CA,K04382,hsa_var Human gene variants (Homo sapiens),mutations OmimVar: 176915,H02632,,
5518v1,PPP2R1A mutation,PPP2R1A,K03456,hsa_var Human gene variants (Homo sapiens),mutations OmimVar: 605983,H00773;H02632,,
5519v1,PPP2R1B mutation,PPP2R1B,K03456,hsa_var Human gene variants (Homo sapiens),mutations OmimVar: 603113,H00013;H00014,,
551v1,AVP mutation,AVP,K05242,hsa_var Human gene variants (Homo sapiens),mutations OmimVar: 192340,H00253,,
55215v1,FANCI mutation,FANCI,K10895,hsa_var Human gene variants (Homo sapiens),mutations OmimVar: 611360,H00238,,
55240v1,STEAP3 mutation,STEAP3,K10142,hsa_var Human gene variants (Homo sapiens),mutations OmimVar: 609671,H01196,,
5528v1,PPP2R5D mutation,PPP2R5D,K11584,hsa_var Human gene variants (Homo sapiens),mutations OmimVar: 601646,H00773;H02632,,
55343v1,SLC35C1 mutation,SLC35C1,K15279,hsa_var Human gene variants (Homo sapiens),mutations OmimVar: 605881,H00119,,
55366v1,LGR4 mutation,LGR4,K04309,hsa_var Human gene variants (Homo sapiens),mutations OmimVar: 606666,H01593,,
55388v1,MCM10 mutation,MCM10,K10736,hsa_var Human gene variants (Homo sapiens),mutations OmimVar: 609357,H02525,,
554v1,AVPR2 mutation,AVPR2,K04228,hsa_var Human gene variants (Homo sapiens),mutations OmimVar: 300538,H01294,,
55505v1,NOP10 mutation,NOP10,K11130,hsa_var Human gene variants (Homo sapiens),mutations OmimVar: 606471,H00507,,
5557v1,PRIM1 mutation,PRIM1,K02684,hsa_var Human gene variants (Homo sapiens),mutations OmimVar: 176635,H02625,,
55596v1,ZCCHC8 mutation,ZCCHC8,K13128,hsa_var Human gene variants (Homo sapiens),mutations OmimVar: 616381,H02569,,
55624v1,POMGNT1 deficiency,POMGNT1,K09666,hsa_var Human gene variants (Homo sapiens),mutations OmimVar: 606822,H02307,,
55650v1,PIGV deficiency,PIGV,K07542,hsa_var Human gene variants (Homo sapiens),mutations OmimVar: 610274,H01488,,
55651v1,NHP2 mutation,NHP2,K11129,hsa_var Human gene variants (Homo sapiens),mutations OmimVar: 606470,H00507,,
5566v1,PRKACA mutation,PRKACA,K04345,hsa_var Human gene variants (Homo sapiens),mutation L206R ClinVar: 91945 dbSNP: rs386352352,H01431;H02049,,
55733v1,HHAT mutation,HHAT,K24678,hsa_var Human gene variants (Homo sapiens),mutations OmimVar: 605743,H02479,,
5573v1,PRKAR1A mutation,PRKAR1A,K04739,hsa_var Human gene variants (Homo sapiens),mutation R74C ClinVar: 12674 dbSNP: rs137853303 mutation G208Efs ClinVar: 164995 dbSNP: rs727503379,H00260;H01102;H01431,,
55753v1,OGDHL mutation,OGDHL,K00164,hsa_var Human gene variants (Homo sapiens),mutations OmimVar: 617513,H02562,,
55755v1,CDK5RAP2 mutation,CDK5RAP2,K16542,hsa_var Human gene variants (Homo sapiens),mutations OmimVar: 608201,H00269,,
55775v1,TDP1 mutation,TDP1,K10862,hsa_var Human gene variants (Homo sapiens),mutations OmimVar: 607198,H02573,,
55790v1,CSGALNACT1 mutation,CSGALNACT1,K00746,hsa_var Human gene variants (Homo sapiens),mutations OmimVar: 616615,H02551,,
5582v1,PRKCG inactivating mutation,PRKCG,K19663,hsa_var Human gene variants (Homo sapiens),mutation H101Y ClinVar: 13244 dbSNP: rs121918511 mutation S119P ClinVar: 13245 dbSNP: rs121918512 mutation G128D ClinVar: 13246 dbSNP: rs121918513 mutation G118D ClinVar: 13247 dbSNP: rs121918514,H00063,,
5582v2,PRKCG activating mutation,PRKCG,K19663,hsa_var Human gene variants (Homo sapiens),mutation H101Q ClinVar: 13251 dbSNP: rs121918518 mutation S361G ClinVar: 13250 dbSNP: rs121918517 mutation F643L ClinVar: 13249 dbSNP: rs121918516,H00063,,
55851v1,PSENEN mutation,PSENEN,K06170,hsa_var Human gene variants (Homo sapiens),mutations OmimVar: 607632,H00681,,
55869v1,HDAC8 mutation,HDAC8,K11405,hsa_var Human gene variants (Homo sapiens),mutations OmimVar: 300269,H00631,,
5591v1,DNAPKc mutation,PRKDC,K06642,hsa_var Human gene variants (Homo sapiens),mutations OmimVar: 600899,H00092,,
5594v1,MAPK1 mutation,MAPK1,K04371,hsa_var Human gene variants (Homo sapiens),mutations OmimVar: 176948,H01738,,
5604v1,MAP2K1 mutation,MAP2K1,K04368,hsa_var Human gene variants (Homo sapiens),mutations OmimVar: 176872,H01745;H02631,,
56052v1,ALG1 deficiency,ALG1,K03842,hsa_var Human gene variants (Homo sapiens),mutations OmimVar: 605907,H00118,,
5605v1,MAP2K2 mutation,MAP2K2,K04369,hsa_var Human gene variants (Homo sapiens),mutations OmimVar: 601263,H01745,,
5618v1,PRLR mutation,PRLR,K05081,hsa_var Human gene variants (Homo sapiens),mutations OmimVar: 176761,H01388,,
5621v1,PRNP scrapie conformation,PRNP,K05634,hsa_var Human gene variants (Homo sapiens),mutations OmimVar: 176640 infectious origin sporadic manifestation,H00061,,
5621v2,PRNP oligomeric conformation,PRNP,K05634,hsa_var Human gene variants (Homo sapiens),oligomer,H00061,,
56246v1,MRAP mutation,MRAP,K22398,hsa_var Human gene variants (Homo sapiens),mutation M1I ClinVar: 1841 dbSNP: rs80358231,H00256,,
5624v1,PROC mutation,PROC,K01344,hsa_var Human gene variants (Homo sapiens),mutations OmimVar: 612283,H00223,,
5625v1,PRODH deficiency,PRODH,K00318,hsa_var Human gene variants (Homo sapiens),mutations OmimVar: 606810,H00190,,
5627v1,PROS1 mutation,PROS1,K03908,hsa_var Human gene variants (Homo sapiens),mutations OmimVar: 176880,H00223,,
5648v1,MASP1 mutation,MASP1,K03992,hsa_var Human gene variants (Homo sapiens),mutations OmimVar: 600521,H01887,,
5660v1,PSAP deficiency,PSAP,K12382,hsa_var Human gene variants (Homo sapiens),mutations OmimVar: 176801,H00126;H00135;H00423,,
5663v1,PSEN1 mutation,PSEN1,K04505,hsa_var Human gene variants (Homo sapiens),mutations OmimVar: 104311,H00056;H00681,,
5664v1,PSEN2 mutation,PSEN2,K04522,hsa_var Human gene variants (Homo sapiens),mutations OmimVar: 600759,H00056,,
56922v1,MCCC1 deficiency,MCCC1,K01968,hsa_var Human gene variants (Homo sapiens),mutations OmimVar: 609010,H00181,,
57082v1,KNL1 mutation,KNL1,K11542,hsa_var Human gene variants (Homo sapiens),mutations OmimVar: 609173,H00269,,
5723v1,PSPH deficiency,PSPH,K01079,hsa_var Human gene variants (Homo sapiens),mutations OmimVar: 172480,H02116,,
5727v1,PTCH1 mutation,PTCH1,K06225,hsa_var Human gene variants (Homo sapiens),mutation R704* ClinVar: 409162 dbSNP: rs766313615,H00039,,
5727v2,PTCH1 mutation,PTCH1,K06225,hsa_var Human gene variants (Homo sapiens),mutations OmimVar: 601309,H00267;H00895,,
5728v1,PTEN deletion,PTEN,K01110,hsa_var Human gene variants (Homo sapiens),PTEN deletion,H00013;H00038;H00042,,
5728v2,PTEN mutation,PTEN,K01110,hsa_var Human gene variants (Homo sapiens),mutation L108P ClinVar: 418436 COSM: 53084 mutation R130Q ClinVar: 7829 dbSNP: rs121909229 COSM: 5033 mutation L139* ClinVar: 427590 dbSNP: rs1085308048 COSM: 5294 3368150 mutation Q298* ClinVar: 187657 dbSNP: rs371387815 COSM: 5156 mutation E157* ClinVar: 7814 dbSNP: rs121909220 COSM: 921104 mutation D19N ClinVar: 7837 dbSNP: rs121909233 COSM: 5057 mutation C211* ClinVar: 7836 dbSNP: rs121909232 COSM: 5306 mutation V217I ClinVar: 7838 dbSNP: rs121909234 COSM: 5058 mutation R335* ClinVar: 7833 dbSNP: rs121909231 COSM: 5151 mutation H123Y ClinVar: 189486 dbSNP: rs786204931 mutation G165R ClinVar: 428256 dbSNP: rs587782603 mutation Q245* ClinVar: 186396 dbSNP: rs786202918 COSM: 5159 mutation S59* ClinVar: 404151 dbSNP: rs1060500116 COSM: 5313 mutation R130G ClinVar: 375958 dbSNP: rs121909224 COSM: 5219 mutation R233* ClinVar: 7813 dbSNP: rs121909219 COSM: 5154 mutation P95L ClinVar: 189403 dbSNP: rs786204856 COSM: 5105 mutation M134L COSM: 5204 mutation F90S COSM: 5141 mutation H93D COSM: 5283 mutation D24N ClinVar: 185200 dbSNP: rs786201995 COSM: 5079 mutation V255A COSM: 5046 mutation G129R ClinVar: 189484 dbSNP: rs786204929 mutation S170R ClinVar: 7815 dbSNP: rs121909221 mutation K13* COSM: 86063 mutation P38S COSM: 5142 mutation P38L COSM: 3736937 mutation Y76* COSM: 5322 mutation C105R COSM: 23625 mutation H118L COSM: 3736941 mutation T167A COSM: 5052 mutation D162V COSM: 1167954 mutation G127E COSM: 5143 mutation P244S COSM: 5119 mutation P339L COSM: 5148 mutation K267Rfs ClinVar: 92828 dbSNP: rs121913289 mutation K164Rfs ClinVar: 189448 dbSNP: rs786204900,H00013;H00024;H00026;H00031;H00038;H00042;H00048,,
5741v1,PTH mutation,PTH,K05261,hsa_var Human gene variants (Homo sapiens),mutation S23P ClinVar: 13758 dbSNP: rs104894272 mutation C18R ClinVar: 13756 dbSNP: rs104894271,H01862,,
5744v1,PTHLH mutation,PTHLH,K22608,hsa_var Human gene variants (Homo sapiens),mutations OmimVar: 168470,,,
57534v1,MIB1 mutation,MIB1,K10645,hsa_var Human gene variants (Homo sapiens),mutations OmimVar: 608677,H01216,,
57654v1,UVSSA mutation,UVSSA,K23720,hsa_var Human gene variants (Homo sapiens),mutations OmimVar: 614632,H02131,,
57697v1,FANCM mutation,FANCM,K10896,hsa_var Human gene variants (Homo sapiens),mutations OmimVar: 609644,H00238;H00627,,
57817v1,HAMP mutation,HAMP,K23106,hsa_var Human gene variants (Homo sapiens),mutations OmimVar: 606464,H00211,,
5781v1,PTPN11 mutation,PTPN11,K07293,hsa_var Human gene variants (Homo sapiens),mutations OmimVar: 176876,H01738;H01984;H02541,,
5805v1,PTS deficiency,PTS,K01737,hsa_var Human gene variants (Homo sapiens),mutations OmimVar: 612719,H00167,,
580v1,BARD1 mutation,BARD1,K10683,hsa_var Human gene variants (Homo sapiens),mutations OmimVar: 601593,H00031,,
581v1,BAX mutation,BAX,K02159,hsa_var Human gene variants (Homo sapiens),mutation E41Gfs ClinVar: 9511 dbSNP: rs398122840 mutation E41Rfs ClinVar: 9512 dbSNP: rs398122841,H00020,,
5836v1,PYGL deficiency,PYGL,K00688,hsa_var Human gene variants (Homo sapiens),mutations OmimVar: 613741,H01944,,
5837v1,PYGM deficiency,PYGM,K00688,hsa_var Human gene variants (Homo sapiens),mutations OmimVar: 608455,H01943,,
58484v1,NLRC4 mutation,NLRC4,K12805,hsa_var Human gene variants (Homo sapiens),mutations OmimVar: 606831,H01748;H02159,,
5860v1,QDPR deficiency,QDPR,K00357,hsa_var Human gene variants (Homo sapiens),mutations OmimVar: 612676,H00167,,
5885v1,RAD21 mutation,RAD21,K06670,hsa_var Human gene variants (Homo sapiens),mutations OmimVar: 606462,H00631,,
5888v1,RAD51 mutation,RAD51,K04482,hsa_var Human gene variants (Homo sapiens),mutations OmimVar: 179617,H00031;H00238,,
5889v1,RAD51C mutation,RAD51C,K10870,hsa_var Human gene variants (Homo sapiens),mutations OmimVar: 602774,H00238;H02531,,
5892v1,RAD51D mutation,RAD51D,K10871,hsa_var Human gene variants (Homo sapiens),mutations OmimVar: 602954,H02531,,
5894v1,RAF1 mutation,RAF1,K04366,hsa_var Human gene variants (Homo sapiens),mutations OmimVar: 164760,H01738;H01984,,
5896v1,RAG1 mutation,RAG1,K10628,hsa_var Human gene variants (Homo sapiens),mutations OmimVar: 179615,H00092;H01244;H02554,,
5897v1,RAG2 mutation,RAG2,K10988,hsa_var Human gene variants (Homo sapiens),mutations OmimVar: 179616,H00092;H02554,,
5921v1,RASA1 mutation,RASA1,K04352,hsa_var Human gene variants (Homo sapiens),mutations OmimVar: 139150,H00532;H02043,,
5925v1,RB1 loss,RB1,K06618,hsa_var Human gene variants (Homo sapiens),Allelic loss on 13q,H00004;H00013;H00022;H00042;H00048,,
5925v2,RB1 mutation,RB1,K06618,hsa_var Human gene variants (Homo sapiens),mutation R661W ClinVar: 13087 dbSNP: rs137853294 COSM: 861 mutation R251* ClinVar: 428681 dbSNP: rs1131690863 COSM: 878 mutation M208V COSM: 859 mutation L158S COSM: 860 mutation I138S COSM: 862 mutation S794I COSM: 864,H00013;H00022,,
5932v1,CtIP mutation,RBBP8,K20773,hsa_var Human gene variants (Homo sapiens),mutations OmimVar: 604124,H00992,,
593v1,BCKDHA deficiency,BCKDHA,K00166,hsa_var Human gene variants (Homo sapiens),mutations OmimVar: 608348,H00172,,
594v1,BCKDHB deficiency,BCKDHB,K00167,hsa_var Human gene variants (Homo sapiens),mutations OmimVar: 248611,H00172,,
595v1,CCND1 amplification,CCND1,K04503,hsa_var Human gene variants (Homo sapiens),amplification ClinVar: 441904 dbVar: nsv2770252,H00031,,
5966v1,REL amplification,REL,K09254,hsa_var Human gene variants (Homo sapiens),amplification ClinVar: 146814 dbVar: nsv533349,H00007,,
596v1,BCL2 overepression,BCL2,K02161,hsa_var Human gene variants (Homo sapiens),overexpression,H00013,,D10679
5970v1,RELA mutation,RELA,K04735,hsa_var Human gene variants (Homo sapiens),mutations OmimVar: 164014,H02593,,
5979v1,RET fusion,RET,K05126,hsa_var Human gene variants (Homo sapiens),"CCDC6-RET fusion, inversion inv(10)(q11.2q21) COSF: 1271 CCDC6-RET fusion, translocation t(10;10)(q11;q21) COSF: 1271 NCOA4-RET fusion, inversion inv(10)(q11q11) COSF: 1491 KIF5B-RET fusion, inversion inv(10)(p11q11) COSF: 1231",H00014;H00032,,D11712;D12354;D11713
5979v2,RET mutation,RET,K05126,hsa_var Human gene variants (Homo sapiens),mutation M918T ClinVar: 13919 dbSNP: rs74799832 COSM: 965 mutation C634F ClinVar: 13911 dbSNP: rs75996173 COSM: 1237919 mutation A883F ClinVar: 38629 dbSNP: rs377767429 COSM: 981 mutation V804M ClinVar: 37102 dbSNP: rs79658334 COSM: 86004 mutation S891A ClinVar: 13951 dbSNP: rs75234356 COSM: 9213759,H00032,,D11713
5979v3,RET mutation,RET,K05126,hsa_var Human gene variants (Homo sapiens),mutations OmimVar: 164761,H00910;H01510;H01592,,
5981v1,RFC1 mutation,RFC1,K10754,hsa_var Human gene variants (Homo sapiens),mutations OmimVar: 102579,H02366,,
6016v1,RIT1 mutation,RIT1,K07832,hsa_var Human gene variants (Homo sapiens),mutations OmimVar: 609591,H01738,,
60675v1,PROK2 mutation,PROK2,K24191,hsa_var Human gene variants (Homo sapiens),mutations OmimVar: 607002,H00255,,
6098v1,ROS1 fusion,ROS1,K05088,hsa_var Human gene variants (Homo sapiens),CD74-ROS1 fusion caused by translocation t(5;6)(q32;q22) COSF: 1201 SLC34A2-ROS1 fusion caused by translocation t(4;6)(Q15.2;q22) COSF: 1197,,,D09731;D10926
6117v1,RPA1 mutation,RPA1,K07466,hsa_var Human gene variants (Homo sapiens),mutations OmimVar: 179835,H02569,,
6197v1,RPS6KA3 mutation,RPS6KA3,K04373,hsa_var Human gene variants (Homo sapiens),mutations OmimVar: 300075,H00574,,
629v1,CFB mutaion,CFB,K01335,hsa_var Human gene variants (Homo sapiens),mutations OmimVar: 138470,H00104;H00821;H01434,,
6307v1,MSMO1 deficiency,MSMO1,K07750,hsa_var Human gene variants (Homo sapiens),mutations OmimVar: 607545,H02132,,
6309v1,SC5D deficiency,SC5D,K00227,hsa_var Human gene variants (Homo sapiens),mutations OmimVar: 602286,H01281,,
6310v1,ATXN1 mutation,ATXN1,K23616,hsa_var Human gene variants (Homo sapiens),mutations OmimVar: 601556,H00063,,
6311v1,ATXN2 mutation,ATXN2,K23625,hsa_var Human gene variants (Homo sapiens),mutations OmimVar: 601517,H00063,,
6342v1,SCP2 deficiency,SCP2,K08764,hsa_var Human gene variants (Homo sapiens),mutations OmimVar: 184755,H00874,,
6389v1,SDHA deficiency,SDHA,K00234,hsa_var Human gene variants (Homo sapiens),mutations OmimVar: 600857,H02005,,
6390v1,SDHB deficiency,SDHB,K00235,hsa_var Human gene variants (Homo sapiens),mutations OmimVar: 185470,H02005,,
6392v1,SDHD deficiency,SDHD,K00237,hsa_var Human gene variants (Homo sapiens),mutations OmimVar: 602690,H02005,,
64087v1,MCCC2 deficiency,MCCC2,K01969,hsa_var Human gene variants (Homo sapiens),mutations OmimVar: 609014,H00181,,
64127v1,NOD2 mutation,NOD2,K10165,hsa_var Human gene variants (Homo sapiens),mutations OmimVar: 605956,H00285;H01227,,
64131v1,XYLT1 mutation,XYLT1,K00771,hsa_var Human gene variants (Homo sapiens),mutations OmimVar: 608124,H00494,,
64132v1,XYLT2 mutation,XYLT2,K00771,hsa_var Human gene variants (Homo sapiens),mutations OmimVar: 608125,H01496,,
64135v1,IFIH1 mutation,IFIH1,K12647,hsa_var Human gene variants (Homo sapiens),mutations OmimVar: 606951,H00290;H01571;H02525,,
641v1,BLM mutation,BLM,K10901,hsa_var Human gene variants (Homo sapiens),mutations OmimVar: 604610,H00296;H01346;H02492,,
6424v1,SFRP4 mutation,SFRP4,K02185,hsa_var Human gene variants (Homo sapiens),mutations OmimVar: 606570,H00479,,
64359v1,NXN mutation,NXN,K17609,hsa_var Human gene variants (Homo sapiens),mutations OmimVar: 612895,H00485,,
64388v1,GREM2 mutation,GREM2,K23318,hsa_var Human gene variants (Homo sapiens),mutations OmimVar: 608832,H00625,,
64421v1,ARTEMIS mutation,DCLRE1C,K10887,hsa_var Human gene variants (Homo sapiens),mutations OmimVar: 605988,H00092;H02554,,
6448v1,SGSH deficiency,SGSH,K01565,hsa_var Human gene variants (Homo sapiens),mutations OmimVar: 605270,H00130,,
64682v1,ANAPC1 mutation,ANAPC1,K03348,hsa_var Human gene variants (Homo sapiens),mutations OmimVar: 608473,H01734,,
6469v1,SHH mutation,SHH,K11988,hsa_var Human gene variants (Homo sapiens),mutation H133Y COSM: 4492424,,,
6469v2,SHH mutation,SHH,K11988,hsa_var Human gene variants (Homo sapiens),mutations OmimVar: 600725,H00267;H01027,,
6476v1,SI deficiency,SI,K01203,hsa_var Human gene variants (Homo sapiens),mutations OmimVar: 609845,,,D05782
64840v1,PORCN mutation,PORCN,K00181,hsa_var Human gene variants (Homo sapiens),mutations OmimVar: 300651,H00949,,
65018v1,PINK1 mutation,PINK1,K05688,hsa_var Human gene variants (Homo sapiens),mutations OmimVar: 608309,H00057,,
65057v1,ACD mutation,ACD,K11114,hsa_var Human gene variants (Homo sapiens),mutations OmimVar: 609377,H00507,,
650v1,BMP2 mutation,BMP2,K21283,hsa_var Human gene variants (Homo sapiens),mutations OmimVar: 112261,H00482,,
6514v1,SLC2A2 mutation,SLC2A2,K07593,hsa_var Human gene variants (Homo sapiens),mutations OmimVar: 138160,H01947,,
6528v1,SLC5A5 mutation,SLC5A5,K14385,hsa_var Human gene variants (Homo sapiens),mutations OmimVar: 601843,H00251,,
6535v1,SLC6A8 deficiency,SLC6A8,K05041,hsa_var Human gene variants (Homo sapiens),mutations OmimVar: 300036,H00849,,
6567v1,SLC16A2 mutation,SLC16A2,K08231,hsa_var Human gene variants (Homo sapiens),mutations OmimVar: 300095,H00650,,
657v1,BMPR1A mutation,BMPR1A,K04673,hsa_var Human gene variants (Homo sapiens),mutations OmimVar: 601299,H01023;H01024,,
6584v1,SLC22A5 mutation,SLC22A5,K08202,hsa_var Human gene variants (Homo sapiens),mutations OmimVar: 603377,H01589,,
658v1,BMPR1B mutation,BMPR1B,K13578,hsa_var Human gene variants (Homo sapiens),mutations OmimVar: 603248,H00482;H02543,,
659v1,BMPR2 mutation,BMPR2,K04671,hsa_var Human gene variants (Homo sapiens),mutations OmimVar: 600799,H01619,,
6608v1,SMO mutation,SMO,K06226,hsa_var Human gene variants (Homo sapiens),mutation W535L ClinVar: 8117 dbSNP: rs121918347 COSM: 13146 mutation R562Q ClinVar: 8118 dbSNP: rs121918348 COSM: 13152,H00039,,
6609v1,SMPD1 deficiency,SMPD1,K12350,hsa_var Human gene variants (Homo sapiens),mutations OmimVar: 607608,H00137,,D10820
6611v1,SMS deficiency,SMS,K00802,hsa_var Human gene variants (Homo sapiens),mutations OmimVar: 300105,H00597,,
6622v1,SNCA mutation,SNCA,K04528,hsa_var Human gene variants (Homo sapiens),mutations OmimVar: 163890,H00057,,
6647v1,SOD1 mutation,SOD1,K04565,hsa_var Human gene variants (Homo sapiens),mutations OmimVar: 147450,H00058,,
6654v1,SOS1 mutation,SOS1,K03099,hsa_var Human gene variants (Homo sapiens),mutations OmimVar: 182530,H01250;H01738,,
6655v1,SOS2 mutation,SOS2,K03099,hsa_var Human gene variants (Homo sapiens),mutations OmimVar: 601247,H01738,,
6697v1,SPR deficiency,SPR,K00072,hsa_var Human gene variants (Homo sapiens),mutations OmimVar: 182125,H02597,,
6712v1,SPTBN2 mutation,SPTBN2,K23932,hsa_var Human gene variants (Homo sapiens),mutations OmimVar: 604985,H00063,,
6716v1,SRD5A2 deficiency,SRD5A2,K12344,hsa_var Human gene variants (Homo sapiens),mutations OmimVar: 607306,H00608,,
6718v1,AKR1D1 deficiency,AKR1D1,K00251,hsa_var Human gene variants (Homo sapiens),mutations OmimVar: 604741,H00628,,
672v1,BRCA1 mutation,BRCA1,K10605,hsa_var Human gene variants (Homo sapiens),mutations OmimVar: 113705,H00019;H00031;H00238;H02531,,
673v1,BRAF mutation,BRAF,K04365,hsa_var Human gene variants (Homo sapiens),mutation V600E ClinVar: 13961 376069 dbSNP: rs113488022 rs121913377 COSM: 476 mutation V600K ClinVar: 375941 dbSNP: rs121913227,H00032;H00038,,D10104;D11053;D09996
673v2,BRAF mutation,BRAF,K04365,hsa_var Human gene variants (Homo sapiens),mutations OmimVar: 164757,H01738;H01745;H01984,,
6756v1,SYT-SSX1 fusion,SSX1,K15624,hsa_var Human gene variants (Homo sapiens),translocation t(X;18)(p11;q11) COSF: 504 528 514,H00050,,
6757v1,SYT-SSX2 fusion,SSX2,K15625,hsa_var Human gene variants (Homo sapiens),translocation t(X;18)(p11;q11) COSF: 501 587 530,H00050,,
675v1,BRCA2 mutation,BRCA2,K08775,hsa_var Human gene variants (Homo sapiens),mutations OmimVar: 600185,H00019;H00031;H00238;H02531,,
6760v1,SYT-SSX fusion,SS18,K15623,hsa_var Human gene variants (Homo sapiens),translocation t(X;18)(p11;q11) COSF: 504 528 514 501 587 530,H00050,,
6772v1,STAT1 mutation,STAT1,K11220,hsa_var Human gene variants (Homo sapiens),mutations OmimVar: 600555,H00089;H01109,,
6773v1,STAT2 mutation,STAT2,K11221,hsa_var Human gene variants (Homo sapiens),mutations OmimVar: 600556,H00840;H02525,,
6774v1,STAT3 mutation,STAT3,K04692,hsa_var Human gene variants (Homo sapiens),mutations OmimVar: 102582,H01968;H02540,,
6777v1,STAT5B mutation,STAT5B,K11224,hsa_var Human gene variants (Homo sapiens),mutations OmimVar: 604260,H00931,,
6790v1,AURKA mutation,AURKA,K11481,hsa_var Human gene variants (Homo sapiens),mutations OmimVar: 603072,H00020,,
6794v1,STK11 mutation,STK11,K07298,hsa_var Human gene variants (Homo sapiens),mutations OmimVar: 602216,H00666,,
6866v1,TAC3 mutation,TAC3,K05240,hsa_var Human gene variants (Homo sapiens),mutations OmimVar: 162330,H00255,,
6868v1,ADAM17 mutation,ADAM17,K06059,hsa_var Human gene variants (Homo sapiens),mutations OmimVar: 603639,H02467,,
6870v1,TACR3 mutation,TACR3,K04224,hsa_var Human gene variants (Homo sapiens),mutations OmimVar: 162332,H00255,,
6898v1,TAT deficiency,TAT,K00815,hsa_var Human gene variants (Homo sapiens),mutations OmimVar: 613018,H00165,,
6911v1,TBX6 mutation,TBX6,K10180,hsa_var Human gene variants (Homo sapiens),mutations OmimVar: 602427,H00517,,
6929v1,E2A-PBX1 fusion,TCF3,K09063,hsa_var Human gene variants (Homo sapiens),translocation t(1;19)(q23;p13) COSF: 1490 2124 2130,H00001,,
699v1,BUB1 mutation,BUB1,K02178,hsa_var Human gene variants (Homo sapiens),BUB1* OmimVar: 602452,H00020;H00269,,
7012v1,TERC mutation,TERC,K22183,hsa_var Human gene variants (Homo sapiens),mutations OmimVar: 602322,H00507;H01132;H02569,,
7015v1,TERT overexpression,TERT,K11126,hsa_var Human gene variants (Homo sapiens),promoter mutation C228T promoter mutation C250T promoter mutation C228A promoter mutation C229A,H00018;H00048,,
7015v2,TERT mutation,TERT,K11126,hsa_var Human gene variants (Homo sapiens),mutations OmimVar: 187270,H00038;H00507;H01132;H02569,,
7018v1,TF mutation,TF,K14736,hsa_var Human gene variants (Homo sapiens),mutations OmimVar: 190000,H01145,,
701v1,BUB1B mutation,BUB1B,K06637,hsa_var Human gene variants (Homo sapiens),mutations OmimVar: 602860,H00020;H01288,,
7030v1,PRCC-TFE3 fusion,TFE3,K09105,hsa_var Human gene variants (Homo sapiens),translocation t(X;1)(p11;q21) COSF: 806 813 808,H00021,,
7030v2,ASPL-TFE3 fusion,TFE3,K09105,hsa_var Human gene variants (Homo sapiens),translocation t(X;17)(p11;q25) COSF: 394 396 814,H00051,,
7036v1,TFR2 mutation,TFR2,K23910,hsa_var Human gene variants (Homo sapiens),mutations OmimVar: 604720,H00211,,
7038v1,TG mutation,TG,K10809,hsa_var Human gene variants (Homo sapiens),mutations OmimVar: 188450,H00251,,
7039v1,TGFA overexpression,TGFA,K08774,hsa_var Human gene variants (Homo sapiens),overexpression,H00020;H00048,,
7040v1,TGFB1 mutation,TGFB1,K13375,hsa_var Human gene variants (Homo sapiens),mutations OmimVar: 190180,H00434,,
7042v1,TGFB2 mutation,TGFB2,K13376,hsa_var Human gene variants (Homo sapiens),mutations OmimVar: 190220,H00800,,
7043v1,TGFB3 mutation,TGFB3,K13377,hsa_var Human gene variants (Homo sapiens),mutations OmimVar: 190230,H00800,,
7046v1,TGFBR1 reduced expression,TGFBR1,K04674,hsa_var Human gene variants (Homo sapiens),reduced expression,H00018,,
7046v2,TGFBR1 mutation,TGFBR1,K04674,hsa_var Human gene variants (Homo sapiens),mutations OmimVar: 190181,H00800;H00801,,
7048v1,TGFBR2 mutation,TGFBR2,K04388,hsa_var Human gene variants (Homo sapiens),mutation R528H ClinVar: 12511 dbSNP: rs104893815 COSM: 33076 mutation D522N ClinVar: 213936 dbSNP: rs863223854 mutation Y470D ClinVar: 217016 dbSNP: rs863224935 COSM: 3392339,H00020,,
7048v2,TGFBR2 reduced expression,TGFBR2,K04388,hsa_var Human gene variants (Homo sapiens),reduced expression,H00048,,
7048v3,TGFBR2 mutation,TGFBR2,K04388,hsa_var Human gene variants (Homo sapiens),mutations OmimVar: 190182,H00800;H00801,,
7054v1,TH deficiency,TH,K00501,hsa_var Human gene variants (Homo sapiens),mutations OmimVar: 191290,H02557,,
7056v1,THBD mutation,THBD,K03907,hsa_var Human gene variants (Homo sapiens),mutations OmimVar: 188040,H00223,,
7066v1,THPO mutation,THPO,K06854,hsa_var Human gene variants (Homo sapiens),mutations OmimVar: 600044,H01612,,
7067v1,THRA mutation,THRA,K05547,hsa_var Human gene variants (Homo sapiens),mutations OmimVar: 190120,H00250,,
7068v1,THRB mutation,THRB,K08362,hsa_var Human gene variants (Homo sapiens),mutations OmimVar: 190160,H00249,,
7096v1,TLR1 mutation,TLR1,K05398,hsa_var Human gene variants (Homo sapiens),mutations OmimVar: 601194,H00344,,
7097v1,TLR2 mutation,TLR2,K10159,hsa_var Human gene variants (Homo sapiens),mutations OmimVar: 603028,H00342;H00344,,
7098v1,TLR3 mutation,TLR3,K05401,hsa_var Human gene variants (Homo sapiens),mutations OmimVar: 603029,H02536,,
7099v1,TLR4 mutation,TLR4,K10160,hsa_var Human gene variants (Homo sapiens),mutations OmimVar: 603030,H00821,,
7100v1,TLR5 mutation,TLR5,K10168,hsa_var Human gene variants (Homo sapiens),mutations OmimVar: 603031,H00311;H00317,,
710v1,SERPING1 mutation,SERPING1,K04001,hsa_var Human gene variants (Homo sapiens),mutations OmimVar: 606860,H00106;H01006,,
7128v1,TNFAIP3 mutation,TNFAIP3,K11859,hsa_var Human gene variants (Homo sapiens),mutations OmimVar: 191163,H02592,,
712v1,C1QA mutation,C1QA,K03986,hsa_var Human gene variants (Homo sapiens),mutations OmimVar: 120550,H00102,,
7132v1,TNFRSF1A mutation,TNFRSF1A,K03158,hsa_var Human gene variants (Homo sapiens),mutations OmimVar: 191190,H00912;H01490,,
713v1,C1QB mutation,C1QB,K03987,hsa_var Human gene variants (Homo sapiens),mutations OmimVar: 120570,H00102,,
714v1,C1QC mutation,C1QC,K03988,hsa_var Human gene variants (Homo sapiens),mutations OmimVar: 120575,H00102,,
7156v1,TOP3A mutation,TOP3A,K03165,hsa_var Human gene variants (Homo sapiens),mutations OmimVar: 601243,H01395;H02492,,
7157v1,TP53 mutation,TP53,K04451,hsa_var Human gene variants (Homo sapiens),mutation R175H ClinVar: 12374 dbSNP: rs28934578 mutation R248Q ClinVar: 12356 dbSNP: rs11540652 mutation R273H ClinVar: 12366 dbSNP: rs28934576 mutation R248W ClinVar: 12347 dbSNP: rs121912651 mutation G245S ClinVar: 12365 dbSNP: rs28934575 mutation R273C ClinVar: 43594 dbSNP: rs121913343 mutation R282W ClinVar: 12364 dbSNP: rs28934574 mutation G245D ClinVar: 12355 dbSNP: rs121912656 mutation Y220C ClinVar: 127819 dbSNP: rs121912666 mutation C176S ClinVar: 376570 dbSNP: rs967461896 mutation L257Q ClinVar: 12372 dbSNP: rs28934577,H00004;H00013;H00014;H00018;H00019;H00020;H00022;H00026;H00031;H00032;H00038;H00039;H00042;H00048,,
715v1,C1R mutation,C1R,K01330,hsa_var Human gene variants (Homo sapiens),mutations OmimVar: 613785,H00102;H02240,,
716v1,C1S mutation,C1S,K01331,hsa_var Human gene variants (Homo sapiens),mutations OmimVar: 120580,H00102;H02240,,
7172v1,TPMT polymorphism for poor drug metabolism,TPMT,K00569,hsa_var Human gene variants (Homo sapiens),*2 mutation A80P ClinVar: 12721 dbSNP: rs1800462 *4 G>A at splice junction ClinVar: 12723 dbSNP: rs1800584,,,
7173v1,TPO mutation,TPO,K00431,hsa_var Human gene variants (Homo sapiens),mutations OmimVar: 606765,H00251,,
717v1,C2 mutation,C2,K01332,hsa_var Human gene variants (Homo sapiens),mutations OmimVar: 613927,H00102;H00821,,
7187v1,TRAF3 mutation,TRAF3,K03174,hsa_var Human gene variants (Homo sapiens),mutations OmimVar: 601896,H02536,,
718v1,C3 mutation,C3,K03990,hsa_var Human gene variants (Homo sapiens),mutations OmimVar: 120700,H00102;H00821;H01434,,
7201v1,TRHR mutation,TRHR,K04282,hsa_var Human gene variants (Homo sapiens),mutations OmimVar: 188545,H00250,,
720v1,C4A mutation,C4A,K03989,hsa_var Human gene variants (Homo sapiens),mutations OmimVar: 120810,H00102,,
721v1,C4B mutation,C4B,K03989,hsa_var Human gene variants (Homo sapiens),mutations OmimVar: 120820,H00102,,
7222v1,TRPC3 mutation,TRPC3,K04966,hsa_var Human gene variants (Homo sapiens),mutations OmimVar: 602345,H00063,,
7248v1,TSC1 mutation,TSC1,K07206,hsa_var Human gene variants (Homo sapiens),mutations OmimVar: 605284,H00896;H00915;H01251,,
7248v2,TSC1 mutation,TSC1,K07206,hsa_var Human gene variants (Homo sapiens),mutation Q145* ClinVar: 49041,H01691;H01692,,
7249v1,TSC2 mutation,TSC2,K07207,hsa_var Human gene variants (Homo sapiens),mutations OmimVar: 191092,H00896;H00915;H01251,,
7249v2,TSC2 mutation,TSC2,K07207,hsa_var Human gene variants (Homo sapiens),mutation R458* ClinVar: 49153,H01691;H01692,,
7252v1,TSHB mutation,TSHB,K05251,hsa_var Human gene variants (Homo sapiens),mutations OmimVar: 188540,H00250,,
7253v1,TSHR inactivating mutation,TSHR,K04249,hsa_var Human gene variants (Homo sapiens),mutation R450H ClinVar: 225505 dbSNP: rs189261858 mutation I167N ClinVar: 6434 dbSNP: rs121908862 mutation P162A ClinVar: 6435 dbSNP: rs121908863 mutation R109Q ClinVar: 6438 dbSNP: rs121908865,H00250,,
7253v2,TSHR activating mutation,TSHR,K04249,hsa_var Human gene variants (Homo sapiens),mutation F631L ClinVar: 6433 dbSNP: rs121908861 mutation M453T ClinVar: 6436 dbSNP: rs121908864 mutation S505N ClinVar: 6450 dbSNP: rs121908876,H01269,,
7277v1,TUBA4A mutation,TUBA4A,K07374,hsa_var Human gene variants (Homo sapiens),mutations OmimVar: 191110,H00058,,
727v1,C5 mutation,C5,K03994,hsa_var Human gene variants (Homo sapiens),mutations OmimVar: 120900,H00103,,
7280v1,TUBB2A mutation,TUBB2A,K07375,hsa_var Human gene variants (Homo sapiens),mutations OmimVar: 615101,H01881,,
7283v1,TUBG1 mutation,TUBG1,K10389,hsa_var Human gene variants (Homo sapiens),mutations OmimVar: 191135,H01881,,
729920v1,ISPD deficiency,CRPPA,K21031,hsa_var Human gene variants (Homo sapiens),mutations OmimVar: 614631,H01959,,
7299v1,TYR deficiency,TYR,K00505,hsa_var Human gene variants (Homo sapiens),mutations OmimVar: 606933,H00168,,
729v1,C6 mutation,C6,K03995,hsa_var Human gene variants (Homo sapiens),mutations OmimVar: 217050,H00103,,
7306v1,TYRP1 deficiency,TYRP1,K00506,hsa_var Human gene variants (Homo sapiens),mutations OmimVar: 115501,H00168,,
730v1,C7 mutation,C7,K03996,hsa_var Human gene variants (Homo sapiens),mutations OmimVar: 217070,H00103,,
731v1,C8A mutation,C8A,K03997,hsa_var Human gene variants (Homo sapiens),mutations OmimVar: 120950,H00103,,
732v1,C8B mutation,C8B,K03998,hsa_var Human gene variants (Homo sapiens),mutations OmimVar: 120960,H00103,,
7345v1,UCHL1 mutation,UCHL1,K05611,hsa_var Human gene variants (Homo sapiens),mutations OmimVar: 191342,H00057,,
7355v1,SLC35A2 mutation,SLC35A2,K15272,hsa_var Human gene variants (Homo sapiens),mutations OmimVar: 314375,H00119,,
735v1,C9 mutation,C9,K04000,hsa_var Human gene variants (Homo sapiens),mutations OmimVar: 120940,H00103;H00821,,
7374v1,UNG mutation,UNG,K03648,hsa_var Human gene variants (Homo sapiens),mutations OmimVar: 191525,H00086,,
7389v1,UROD deficiency,UROD,K01599,hsa_var Human gene variants (Homo sapiens),mutations OmimVar: 613521,H01763,,
7390v1,UROS deficiency,UROS,K01719,hsa_var Human gene variants (Homo sapiens),mutations OmimVar: 606938,H01763,,
7415v1,VCP mutation,VCP,K13525,hsa_var Human gene variants (Homo sapiens),mutations OmimVar: 601023,H00058;H00264;H02031;H02342,,
7428v1,VHL loss,VHL,K03871,hsa_var Human gene variants (Homo sapiens),Allelic loss on 3p,H00021,,
7428v2,VHL mutation,VHL,K03871,hsa_var Human gene variants (Homo sapiens),mutation R167Q ClinVar: 2216 dbSNP: rs5030821 COSM: 17983 mutation C162F ClinVar: 43604 dbSNP: rs397516444 COSM: 25676 mutation N78S ClinVar: 93326 dbSNP: rs5030804 COSM: 17855 5006570 mutation Y98H ClinVar: 2223 dbSNP: rs5030809 mutation D121Y COSM: 34019 mutation V130F COSM: 97148,H00021,,
7450v1,VWF mutation,VWF,K03900,hsa_var Human gene variants (Homo sapiens),mutations OmimVar: 613160,H00219;H02092,,
7468v1,IGH-MMSET fusion,NSD2,K11424,hsa_var Human gene variants (Homo sapiens),translocation t(4;14)(p16;q32),H00010,,
7471v1,WNT1 mutation,WNT1,K03209,hsa_var Human gene variants (Homo sapiens),mutations OmimVar: 164820,H00506;H01593,,
7473v1,WNT3 mutation,WNT3,K00312,hsa_var Human gene variants (Homo sapiens),mutations OmimVar: 165330,H00636,,
7474v1,WNT5A mutation,WNT5A,K00444,hsa_var Human gene variants (Homo sapiens),mutations OmimVar: 164975,H00485,,
7476v1,WNT7A mutation,WNT7A,K00572,hsa_var Human gene variants (Homo sapiens),mutations OmimVar: 601570,H00846;H00847,,
7480v1,WNT10B mutation,WNT10B,K01357,hsa_var Human gene variants (Homo sapiens),mutations OmimVar: 601906,H00471;H00625,,
7486v1,WRN mutation,WRN,K10900,hsa_var Human gene variants (Homo sapiens),mutations OmimVar: 604611,H00296;H01733,,
7490v1,EWSR1-WT1 fusion,WT1,K09234,hsa_var Human gene variants (Homo sapiens),translocation t(11;22)(p13;q12) COSF: 187 192 189,H01985,,
7498v1,XDH deficiency,XDH,K00106,hsa_var Human gene variants (Homo sapiens),mutations OmimVar: 607633,H00192,,
7507v1,XPA mutation,XPA,K10847,hsa_var Human gene variants (Homo sapiens),mutations OmimVar: 611153,H01428,,
7508v1,XPC mutation,XPC,K10838,hsa_var Human gene variants (Homo sapiens),mutations OmimVar: 613208,H01428,,
7515v1,XRCC1 mutation,XRCC1,K10803,hsa_var Human gene variants (Homo sapiens),mutations OmimVar: 194360,H01891,,
7516v1,XRCC2 mutation,XRCC2,K10879,hsa_var Human gene variants (Homo sapiens),mutations OmimVar: 600375,H00238;H00627,,
7517v1,XRCC3 mutaton,XRCC3,K10880,hsa_var Human gene variants (Homo sapiens),mutations OmimVar: 600675,H00031;H00038,,
7518v1,XRCC4 mutation,XRCC4,K10886,hsa_var Human gene variants (Homo sapiens),mutations OmimVar: 194363,H02578,,
7704v1,PLZF-RARA fusion,ZBTB16,K10055,hsa_var Human gene variants (Homo sapiens),translocation t(11;17)(q23;q21),H00003,,
773v1,CACNA1A mutation,CACNA1A,K04344,hsa_var Human gene variants (Homo sapiens),mutations OmimVar: 601011,H00063,,
776v1,CACNA1D mutation,CACNA1D,K04851,hsa_var Human gene variants (Homo sapiens),mutations OmimVar: 114206,H01603,,
7841v1,MOGS deficiency,MOGS,K01228,hsa_var Human gene variants (Homo sapiens),mutations OmimVar: 601336,H00119,,
7846v1,TUBA1A mutation,TUBA1A,K07374,hsa_var Human gene variants (Homo sapiens),mutations OmimVar: 602529,H00268,,
7849v1,PAX8-PPARG fusion,PAX8,K09293,hsa_var Human gene variants (Homo sapiens),"translocation t(2,3)(q13;p25) COSF: 1216 1220 1224",H00032,,
7849v2,PAX8 mutation,PAX8,K09293,hsa_var Human gene variants (Homo sapiens),mutations OmimVar: 167415,H00250,,
788v1,SLC25A20 mutation,SLC25A20,K15109,hsa_var Human gene variants (Homo sapiens),mutations OmimVar: 613698,H01983,,
78989v1,COLEC11 mutation,COLEC11,K10066,hsa_var Human gene variants (Homo sapiens),mutations OmimVar: 612502,H01887,,
79001v1,VKORC1 polymorphism for low warfarin dose phenotype,VKORC1,K05357,hsa_var Human gene variants (Homo sapiens),SNP –1639G>A dbSNP: rs9923231,,,
79053v1,ALG8 deficiency,ALG8,K03849,hsa_var Human gene variants (Homo sapiens),mutations OmimVar: 608103,H00118,,
79087v1,ALG12 deficiency,ALG12,K03847,hsa_var Human gene variants (Homo sapiens),mutations OmimVar: 607144,H00118,,
79147v1,FKRP deficiency,FKRP,K19873,hsa_var Human gene variants (Homo sapiens),mutations OmimVar: 606596,H02307,,
79621v1,RNASEH2B mutation,RNASEH2B,K10744,hsa_var Human gene variants (Homo sapiens),mutations OmimVar: 610326,H00290,,
79644v1,SRD5A3 deficiency,SRD5A3,K12345,hsa_var Human gene variants (Homo sapiens),mutations OmimVar: 611715,H00118,,
79648v1,MCPH1 mutation,MCPH1,K19403,hsa_var Human gene variants (Homo sapiens),mutations OmimVar: 607117,H00269,,
79659v1,DYNC2H1 mutation,DYNC2H1,K10414,hsa_var Human gene variants (Homo sapiens),mutations OmimVar: 603297,H02157,,
79728v1,PALB2 mutation,PALB2,K10897,hsa_var Human gene variants (Homo sapiens),mutations OmimVar: 610355,H00019;H00031;H00238,,
79796v1,ALG9 deficiency,ALG9,K03846,hsa_var Human gene variants (Homo sapiens),mutations OmimVar: 606941,H00118,,
79840v1,XLF mutation,NHEJ1,K10980,hsa_var Human gene variants (Homo sapiens),mutations OmimVar: 611290,H00924,,
79868v1,ALG13 deficiency,ALG13,K07432,hsa_var Human gene variants (Homo sapiens),mutations OmimVar: 300776,H00118,,
79947v1,DHDDS deficiency,DHDDS,K11778,hsa_var Human gene variants (Homo sapiens),mutations OmimVar: 608172,H00118,,
79991v1,STN1 mutation,STN1,K23312,hsa_var Human gene variants (Homo sapiens),mutations OmimVar: 613128,H02251,,
80055v1,PGAP1 deficiency,PGAP1,K05294,hsa_var Human gene variants (Homo sapiens),mutations OmimVar: 611655,H01485,,
8013v1,EWSR1-NR4A3 fusion,NR4A3,K08559,hsa_var Human gene variants (Homo sapiens),translocation t(9;22)(q21-31;q12) COSF: 496 355 356,H00053,,
80152v1,CENPT mutation,CENPT,K11512,hsa_var Human gene variants (Homo sapiens),mutations OmimVar: 611510,H02607,,
80169v1,CTC1 mutation,CTC1,K23311,hsa_var Human gene variants (Homo sapiens),mutations OmimVar: 613129,H02251,,
80270v1,HSD3B7 deficiency,HSD3B7,K12408,hsa_var Human gene variants (Homo sapiens),mutations OmimVar: 607764,H00628,,
80326v1,WNT10A mutation,WNT10A,K01357,hsa_var Human gene variants (Homo sapiens),mutations OmimVar: 606268,H00625;H00646;H00781,,
8036v1,SHOC2 mutation,SHOC2,K19613,hsa_var Human gene variants (Homo sapiens),mutations OmimVar: 602775,H02191,,
81027v1,TUBB1 mutation,TUBB1,K07375,hsa_var Human gene variants (Homo sapiens),mutations OmimVar: 612901,H01740,,
8131v1,NPRL3 mutation,NPRL3,K20406,hsa_var Human gene variants (Homo sapiens),mutations OmimVar: 600928,H02214,,
81494v1,CFHR5 mutation,CFHR5,K23817,hsa_var Human gene variants (Homo sapiens),mutations OmimVar: 608593,H02579,,
81620v1,CDT1 mutation,CDT1,K10727,hsa_var Human gene variants (Homo sapiens),mutations OmimVar: 605525,H01889,,
8200v1,GDF5 mutation,GDF5,K04664,hsa_var Human gene variants (Homo sapiens),mutations OmimVar: 601146,H00482;H00484;H00851;H02543,,
8216v1,LZTR1 mutation,LZTR1,K23330,hsa_var Human gene variants (Homo sapiens),mutations OmimVar: 600574,H01738,,
8243v1,SMC1 mutation,SMC1A,K06636,hsa_var Human gene variants (Homo sapiens),mutations OmimVar: 300040,H00606;H00631,,
8309v1,ACOX2 deficiency,ACOX2,K10214,hsa_var Human gene variants (Homo sapiens),mutations OmimVar: 601641,H00628,,
8312v1,AXIN1 mutation,AXIN1,K02157,hsa_var Human gene variants (Homo sapiens),mutation P345L COSM: 142849 mutation L106R COSM: 142850 mutation G425S COSM: 4387483,H00048,,
8313v1,AXIN2 mutation,AXIN2,K04385,hsa_var Human gene variants (Homo sapiens),mutations OmimVar: 604025,H00857,,
8318v1,CDC45 mutation,CDC45,K06628,hsa_var Human gene variants (Homo sapiens),mutations OmimVar: 603465,H01889,,
8323v1,FZD6 mutation,FZD6,K02376,hsa_var Human gene variants (Homo sapiens),mutations OmimVar: 603409,H01307,,
8324v1,FZD7 overexpression,FZD7,K02432,hsa_var Human gene variants (Homo sapiens),overexpression,H00031;H00048,,
8379v1,MAD1L1 mutation,MAD1L1,K06679,hsa_var Human gene variants (Homo sapiens),mutations OmimVar: 602686,H00024,,
83990v1,BRIP1 mutation,BRIP1,K15362,hsa_var Human gene variants (Homo sapiens),mutations OmimVar: 605882,H00031;H00238,,
84153v1,RNASEH2C mutation,RNASEH2C,K10745,hsa_var Human gene variants (Homo sapiens),mutations OmimVar: 610330,H00290,,
84197v1,POMK deficiency,POMK,K17547,hsa_var Human gene variants (Homo sapiens),mutations OmimVar: 615247,H00120;H01959,,
841v1,CASP8 mutation,CASP8,K04398,hsa_var Human gene variants (Homo sapiens),mutations OmimVar: 601763,H00108,,
8438v1,RAD54L mutation,RAD54L,K10875,hsa_var Human gene variants (Homo sapiens),mutation OmimVar: 603615,H00031;H02418,,
843v1,CASP10 mutation,CASP10,K04400,hsa_var Human gene variants (Homo sapiens),mutations OmimVar: 601762,H00108,,
84464v1,SLX4 mutation,SLX4,K10484,hsa_var Human gene variants (Homo sapiens),mutations OmimVar: 613278,H00238,,
84515v1,MCM8 mutation,MCM8,K10737,hsa_var Human gene variants (Homo sapiens),mutations OmimVar: 608187,H00627,,
84617v1,TUBB6 mutation,TUBB6,K07375,hsa_var Human gene variants (Homo sapiens),mutations OmimVar: 615103,H02594,,
84634v1,KISS1R inactivaing mutation,KISS1R,K08374,hsa_var Human gene variants (Homo sapiens),mutation L148S ClinVar: 5755 dbSNP: rs28939719 mutation R331Ter ClinVar: 5756 dbSNP: rs104894701 mutation Ter399R ClinVar: 5757 dbSNP: rs104894702 mutation L102P ClinVar: 5759 dbSNP: rs104894703,H00255,,
84634v2,KISS1R activating mutation,KISS1R,K08374,hsa_var Human gene variants (Homo sapiens),mutation R386P ClinVar: 5760 dbSNP: 121908499,H00937,,
84667v1,HES7 mutation,HES7,K09087,hsa_var Human gene variants (Homo sapiens),mutations OmimVar: 608059,H00517,,
84693v1,MCEE deficiency,MCEE,K05606,hsa_var Human gene variants (Homo sapiens),mutations OmimVar: 608419,H00174,,
846v1,CASR mutation,CASR,K04612,hsa_var Human gene variants (Homo sapiens),mutation R886P ClinVar: 379932 dbSNP: rs1057520791 mutation F881L ClinVar: 8340 dbSNP: rs104893704 mutation E297K ClinVar: 8313 dbSNP: rs121909259 mutation R185Q ClinVar: 8314 dbSNP: rs104893689 mutation R277L ClinVar: 8317 dbSNP: rs28936684 mutation C582Y ClinVar: 8318 dbSNP: rs104893690 mutation S749Qfs ClinVar: 8319 dbSNP: rs869320729 mutation G670E ClinVar: 8329 dbSNP: rs104893700 mutation R648Ter ClinVar: 8341 dbSNP: rs104893705 mutation R185Ter ClinVar: 8345 dbSNP: rs104893707 mutation G94Ter ClinVar: 8351 dbSNP: rs104893709,H00246;H02030,,
84720v1,PIGO deficiency,PIGO,K05288,hsa_var Human gene variants (Homo sapiens),mutations OmimVar: 614730,H01488,,
84892v1,POMGNT2 deficiency,POMGNT2,K18207,hsa_var Human gene variants (Homo sapiens),mutations OmimVar: 614828,H00120,,
84992v1,PIGY deficiency,PIGY,K11001,hsa_var Human gene variants (Homo sapiens),mutations OmimVar: 610662,H01488,,
8517v1,IKBKG mutation,IKBKG,K07210,hsa_var Human gene variants (Homo sapiens),mutations OmimVar: 300248,H00540;H00645,,
8517v2,IKBKG mutation,IKBKG,K07210,hsa_var Human gene variants (Homo sapiens),E391Ter ClinVar: 11453 dbSNP: rs137853324,H00540,,
85365v1,ALG2 deficiency,ALG2,K03843,hsa_var Human gene variants (Homo sapiens),mutations OmimVar: 607905,H00118,,
85378v1,TUBGCP6 mutation,TUBGCP6,K16573,hsa_var Human gene variants (Homo sapiens),mutations OmimVar: 610053,H01880,,
8547v1,FCN3 mutation,FCN3,K10104,hsa_var Human gene variants (Homo sapiens),mutations OmimVar: 604973,H00105,,
861v1,AML1-EVI1 fusion,RUNX1,K08367,hsa_var Human gene variants (Homo sapiens),translocation t(3;21)(q26;q22),H00004,,
861v2,AML1-ETO fusion,RUNX1,K08367,hsa_var Human gene variants (Homo sapiens),translocation t(8;21)(q22;q22),H00003,,
861v3,AML1 mutation,RUNX1,K08367,hsa_var Human gene variants (Homo sapiens),mutation R166Q ClinVar: 417961 dbSNP: rs1060499616 COSM: 36055 mutation R201Q ClinVar: 14464 dbSNP: rs74315450 COSM: 24805,H00003,,
861v4,TEL-AML1 fusion,RUNX1,K08367,hsa_var Human gene variants (Homo sapiens),translocation t(12;21)(p12;q22) COSF: 2246 2258 2248 translocation t(12;21)(p13;q22) COSF: 2246 2258 2248,H00001,,
861v5,RUNX1 mutation,RUNX1,K08367,hsa_var Human gene variants (Homo sapiens),mutation R166Q ClinVar: 417961 dbSNP: rs1060499616 COSM: 36055 mutation R201Q ClinVar: 14464 dbSNP: rs74315450 COSM: 24805,,,
8622v1,PDE8B mutation,PDE8B,K18437,hsa_var Human gene variants (Homo sapiens),mutation H305P ClinVar: 6390 dbSNP: rs121918360,H00260;H01431;H02049,,
8643v1,PTCH2 mutation,PTCH2,K11101,hsa_var Human gene variants (Homo sapiens),mutations OmimVar: 603673,H00895,,
8647v1,ABCB11 mutation,ABCB11,K05664,hsa_var Human gene variants (Homo sapiens),mutations OmimVar: 603201,,,
8659v1,ALDH4A1 deficiency,ALDH4A1,K00294,hsa_var Human gene variants (Homo sapiens),mutations OmimVar: 606811,H00190,,
866v1,SERPINA6 mutation,SERPINA6,K04525,hsa_var Human gene variants (Homo sapiens),mutations OmimVar: 122500,H01163,,
867v1,CBL mutation,CBL,K04707,hsa_var Human gene variants (Homo sapiens),mutations OmimVar: 165360,H02190;H02541,,
8733v1,GPAA1 deficiency,GPAA1,K05289,hsa_var Human gene variants (Homo sapiens),mutations OmimVar: 603048,H01489,,
8737v1,RIPK1 mutation,RIPK1,K02861,hsa_var Human gene variants (Homo sapiens),mutations OmimVar: 603453,H02525;H02620,,
8795v1,TNFRSF10B mutation,TNFRSF10B,K04722,hsa_var Human gene variants (Homo sapiens),mutations OmimVar: 603612,H02610,,
8813v1,DPM1 deficiency,DPM1,K00721,hsa_var Human gene variants (Homo sapiens),mutations OmimVar: 603503,H00118,,
8815v1,BANF1 mutation,BANF1,K21870,hsa_var Human gene variants (Homo sapiens),mutation A12T ClinVar: 30390 dbSNP: rs387906871,,,
8818v1,DPM2 deficiency,DPM2,K09658,hsa_var Human gene variants (Homo sapiens),mutations OmimVar: 603564,H00118,,
8822v1,FGF17 mutation,FGF17,K04358,hsa_var Human gene variants (Homo sapiens),mutations OmimVar: 603725,H00255,,
8878v1,SQSTM1 mutation,SQSTM1,K14381,hsa_var Human gene variants (Homo sapiens),mutations OmimVar: 601530,H00058,,
8912v1,CACNA1H mutation,CACNA1H,K04855,hsa_var Human gene variants (Homo sapiens),mutations OmimVar: 607904,H01603,,
8924v1,HERC2 mutation,HERC2,K10595,hsa_var Human gene variants (Homo sapiens),mutations OmimVar: 605837,H00768,,
8930v1,MBD4 mutation,MBD4,K10801,hsa_var Human gene variants (Homo sapiens),mutations OmimVar: 603574,H02624,,
898v1,CCNE amplification,CCNE1,K06626,hsa_var Human gene variants (Homo sapiens),amplification ClinVar: 144406 57042 dbVar: nsv491973 nsv529270,H00018,,
90268v1,OTULIN mutation,OTULIN,K18343,hsa_var Human gene variants (Homo sapiens),mutations OmimVar: 615712,H02414,,
90417v1,KNSTRN mutation,KNSTRN,K26097,hsa_var Human gene variants (Homo sapiens),mutations OmimVar: 614718,H02585,,
9049v1,AIP mutation,AIP,K17767,hsa_var Human gene variants (Homo sapiens),mutation K58N ClinVar: 41166 dbSNP: rs267606539 mutation F269= ClinVar: 41209 dbSNP: rs139407567 mutation R304Q ClinVar: 4893 dbSNP: rs104894190 mutation Q14Ter ClinVar: 4886 dbSNP: rs104894194 mutation Y268Ter ClinVar: 4892 dbSNP: rs121908356,H01102;H01431,,
9051v1,PSTPIP1 mutation,PSTPIP1,K12804,hsa_var Human gene variants (Homo sapiens),mutations OmimVar: 606347,H00287,,
9091v1,PIGQ deficiency,PIGQ,K03860,hsa_var Human gene variants (Homo sapiens),mutations OmimVar: 605754,H01486,,
90v1,ACVR1 mutation,ACVR1,K04675,hsa_var Human gene variants (Homo sapiens),mutations OmimVar: 102576,H00430,,
9101v1,USP8 mutation,USP8,K11839,hsa_var Human gene variants (Homo sapiens),mutation S718P ClinVar: 161992 dbSNP: rs672601307 mutation S718C ClinVar: 161993 dbSNP: rs672601308 mutation P720R ClinVar: 161995 dbSNP: rs672601311,H01102;H01431,,
9126v1,SMC3 mutation,SMC3,K06669,hsa_var Human gene variants (Homo sapiens),mutations OmimVar: 606062,H00631,,
91662v1,NLRP12 mutation,NLRP12,K20865,hsa_var Human gene variants (Homo sapiens),mutations OmimVar: 609648,H02159,,
91869v1,RFT1 mutation,RFT1,K06316,hsa_var Human gene variants (Homo sapiens),mutations OmimVar: 611908,H00118,,
9210v1,BMP15 mutation,BMP15,K05498,hsa_var Human gene variants (Homo sapiens),mutations OmimVar: 300247,H00599,,
9215v1,LARGE1 deficiency,LARGE1,K09668,hsa_var Human gene variants (Homo sapiens),mutations OmimVar: 603590,H00120;H01960,,
9217v1,VAPB mutation,VAPB,K10707,hsa_var Human gene variants (Homo sapiens),mutations OmimVar: 605704,H00058,,
92335v1,STRADA mutation,STRADA,K08271,hsa_var Human gene variants (Homo sapiens),mutations OmimVar: 608626,H01112,,
9241v1,NOG mutation,NOG,K04658,hsa_var Human gene variants (Homo sapiens),mutations OmimVar: 602991,H00482;H00484;H00778;H00851,,
9247v1,GCM2 inactivating mutation,GCM2,K21598,hsa_var Human gene variants (Homo sapiens),mutation R47L ClinVar: 6091 dbSNP: rs104893959 mutation I298Tfs ClinVar: 64623 dbSNP: rs886037646 mutation G63S ClinVar: 6092 dbSNP: rs104893960,H01862,,
9247v2,GCM2 activating mutation,GCM2,K21598,hsa_var Human gene variants (Homo sapiens),mutation Y394S ClinVar: 355008 dbSNP: rs142287570 mutation Q251E ClinVar: 375590 dbSNP: rs1057519581,H00246,,
93183v1,PIGM deficiency,PIGM,K05284,hsa_var Human gene variants (Homo sapiens),mutations OmimVar: 610273,H01127,,
9319v1,TRIP13 mutation,TRIP13,K22399,hsa_var Human gene variants (Homo sapiens),mutations OmimVar: 604507,H01288,,
9394v1,HS6ST1 mutation,HS6ST1,K02514,hsa_var Human gene variants (Homo sapiens),mutations OmimVar: 604846,H00255,,
93v1,ACVR2B mutation,ACVR2B,K13596,hsa_var Human gene variants (Homo sapiens),mutations OmimVar: 602730,H00632,,
94005v1,PIGS deficiency,PIGS,K05291,hsa_var Human gene variants (Homo sapiens),mutations OmimVar: 610271,H01489,,
9401v1,RECQL4 mutation,RECQL4,K10730,hsa_var Human gene variants (Homo sapiens),mutations OmimVar: 603780,H00965;H01734;H01993,,
9420v1,CYP7B1 deficiency,CYP7B1,K07430,hsa_var Human gene variants (Homo sapiens),mutations OmimVar: 603711,H00628,,
9469v1,CHST3 mutation,CHST3,K01020,hsa_var Human gene variants (Homo sapiens),mutations OmimVar: 603799,H00762,,
9487v1,PIGL deficiency,PIGL,K03434,hsa_var Human gene variants (Homo sapiens),mutations OmimVar: 605947,H01487,,
9488v1,PIGB deficiency,PIGB,K05286,hsa_var Human gene variants (Homo sapiens),mutations OmimVar: 604122,H01489,,
94v1,ACVRL1 mutation,ACVRL1,K13594,hsa_var Human gene variants (Homo sapiens),mutations OmimVar: 601284,H00533,,
9563v1,H6PD mutation,H6PD,K13937,hsa_var Human gene variants (Homo sapiens),mutations OmimVar: 138090,H01111,,
966v1,CD59 mutation,CD59,K04008,hsa_var Human gene variants (Homo sapiens),mutations OmimVar: 107271,H00106,,
9681v1,DEPDC5 mutation,DEPDC5,K20404,hsa_var Human gene variants (Homo sapiens),mutations OmimVar: 614191,H02214,,
9702v1,CEP57 mutation,CEP57,K16762,hsa_var Human gene variants (Homo sapiens),mutations OmimVar: 607951,H01288,,
9817v1,KEAP1 mutation,KEAP1,K10456,hsa_var Human gene variants (Homo sapiens),mutation D236Y COSM: 6196635 mutation L342M COSM: 6196636 mutation N183S COSM: 6196637 mutation R336Q COSM: 6196638,H00048,,
9837v1,GINS1 mutation,GINS1,K10732,hsa_var Human gene variants (Homo sapiens),mutations OmimVar: 610608,H00093,,
990v1,CDC6 mutation,CDC6,K02213,hsa_var Human gene variants (Homo sapiens),mutations OmimVar: 602627,H01889,,
9918v1,NCAPD2 mutation,NCAPD2,K06677,hsa_var Human gene variants (Homo sapiens),mutations OmimVar: 615638,H00269,,
999v1,CDH1 reduced expression,CDH1,K05689,hsa_var Human gene variants (Homo sapiens),reduced expression,H00032,,
999v2,CDH1 mutation,CDH1,K05689,hsa_var Human gene variants (Homo sapiens),mutation N256S COSM: 4766182 mutation D257N COSM: 1379150 mutation V252G COSM: 4766211 mutation D221G COSM: 4766271,H00018,,
999v3,CDH1 loss,CDH1,K05689,hsa_var Human gene variants (Homo sapiens),Allelic loss on 16q,H00018,,
999v4,CDH1 mutation,CDH1,K05689,hsa_var Human gene variants (Homo sapiens),mutations OmimVar: 192090,,,
9v1,NAT1 polymorphism for poor drug metabolism,NAT1,K00622,hsa_var Human gene variants (Homo sapiens),*14 mutation R187Q dbSNP: rs4986782 *17 mutation R84W ClinVar: 723 dbSNP: rs1801280,,,
