entry_id,name,type,class,member_count,member_ids,atc_codes,comment
DG00001,Chlorhexidine,Chemical,,5,D07668;D00858;D01345;D03463;D07669,A01AB03 B05CA02 D08AC02 D09AA12 R02AA05 S01AX09 S02AA09 S03AA04,
DG00002,Oxyquinoline,Chemical,,2,D05321;D02414,A01AB07 D08AH03 G01AC30 R02AA14,
DG00003,Neomycin,Chemical,Antibacterial DG01447  Aminoglycoside antibiotic,4,D08260;D01618;D05141;D05142,A01AB08 A07AA01 B05CA09 D06AX04 J01GB05 R02AB01 S01AA03 S02AA07 S03AA01,
DG00004,Miconazole,Chemical,Antifungal DG01883  Imidazole antifungal Metabolizing enzyme inhibitor DG01643  CYP2C9 inhibitor DG02852  CYP3A/CYP3A4 inhibitor,2,D00416;D00882,A01AB09 A07AC01 D01AC02 G01AF04 J02AB01 S02AA13,
DG00005,Tetracycline,Chemical,Antibacterial DG01197  Tetracycline antibiotic,3,D00201;D02122;D06098,A01AB13 D06AA04 J01AA07 S01AA09 S02AA08 S03AA02,
DG00006,Metronidazole,Chemical,Antiparasitic DG01884  Imidazole antiprotozoal Metabolizing enzyme substrate DG01638  CYP2A6 substrate Metabolizing enzyme inhibitor DG01643  CYP2C9 inhibitor,4,D00409;D05016;D05017;D08214,A01AB17 D06BX01 G01AF01 J01XD01 P01AB01,
DG00007,Chlortetracycline,Chemical,Antibacterial DG01197  Tetracycline antibiotic,3,D07689;D02255;D03477,A01AB21 D06AA02 J01AA03 S01AA02,
DG00008,Doxycycline,Chemical,Antibacterial DG01197  Tetracycline antibiotic,6,D07876;D00307;D02129;D03903;D03904;D07877,A01AB22 J01AA02,
DG00009,Minocycline,Chemical,Antibacterial DG01197  Tetracycline antibiotic,2,D05045;D00850,A01AB23 D10AF07 J01AA08,
DG00010,Triamcinolone,Chemical,Anti-inflammatory DG01955  Corticosteroid DG02068  Glucocorticoid,5,D00385;D00983;D00984;D00985;D06216,A01AC01 C05AA12 D07AB09 D07XB02 H02AB08 R01AD11 R03BA06 S01BA05,
DG00011,Dexamethasone,Chemical,Anti-inflammatory DG01955  Corticosteroid DG02068  Glucocorticoid Metabolizing enzyme substrate DG01633  CYP3A/CYP3A4 substrate DG02913  CYP3A4 substrate Metabolizing enzyme inducer DG02853  CYP3A/CYP3A4 inducer DG01635  CYP3A4 inducer,17,D00292;D00975;D01510;D01615;D01632;D01948;D02174;D02591;D02592;D07073;D07796;D07797;D07798;D07799;D07800;D07801;D07802,A01AC02 C05AA09 D07AB19 D07XB05 D10AA03 H02AB02 R01AD03 S01BA01 S01CB01 S02BA06 S03BA01,
DG00012,Hydrocortisone,Chemical,Anti-inflammatory DG01955  Corticosteroid DG02068  Glucocorticoid Metabolizing enzyme substrate DG01633  CYP3A/CYP3A4 substrate,12,D00088;D00165;D00976;D00977;D00978;D01442;D01619;D01886;D02288;D04467;D06876;D09796,A01AC03 A07EA02 C05AA01 D07AA02 D07XA01 H02AB09 S01BA02 S01CB03 S02BA01,
DG00013,Epinephrine,Chemical,Cardiovascular agent DG01703  Cardiotonic DG01699  Catecholamine cardiotonic DG01456  Adrenergic receptor agonist DG01951  Catecholamine adrenergic receptor agonist Metabolizing enzyme substrate DG01592  COMT substrate DG02917  MAO substrate,3,D00095;D00996;D02149,A01AD01 B02BC09 C01CA24 R01AA14 R03AA01 S01EA01,
DG00014,Benzydamine,Chemical,Anti-inflammatory DG01504  Nonsteroidal anti-inflammatory drug (NSAID),3,D07516;D01410;D07517,A01AD02 G02CC03 M01AX07 M02AA05 R02AX03,
DG00015,Acetylsalicylic acid,Chemical,"Blood modifier agent DG01950  Antithrombotic agent DG01712  Antiplatelet agent Anti-inflammatory DG01504  Nonsteroidal anti-inflammatory drug (NSAID) DG01909  Anti-inflammatory drug, salicylic acid derivatives",6,D00109;D05181;D07579;D07580;D07581;D07582,A01AD05 B01AC06 N02BA01,
DG00016,Adrenalone,Chemical,Cardiovascular agent DG01456  Adrenergic receptor agonist DG01450  alpha-Adrenergic receptor agonist DG01448  alpha1-Adrenergic receptor agonist DG01951  Catecholamine adrenergic receptor agonist,2,D02774;D07560,A01AD06 B02BC05,
DG00017,Cimetidine,Chemical,Gastrointestinal agent DG01975  Agents for peptic ulcer DG01481  Histamine receptor H2 antagonist Metabolizing enzyme inhibitor DG01645  CYP2D6 inhibitor DG02852  CYP3A/CYP3A4 inhibitor DG01522  CYP3A4 inhibitor,2,D00295;D03503,A02BA01,
DG00018,Ranitidine,Chemical,Gastrointestinal agent DG01975  Agents for peptic ulcer DG01481  Histamine receptor H2 antagonist Metabolizing enzyme inhibitor DG01645  CYP2D6 inhibitor DG02852  CYP3A/CYP3A4 inhibitor Transporter substrate DG02854  SLC22A2 substrate Transporter inhibitor DG02863  SLC22A2 inhibitor,3,D00422;D00673;D05699,A02BA02,
DG00019,Roxatidine,Chemical,Gastrointestinal agent DG01975  Agents for peptic ulcer DG01481  Histamine receptor H2 antagonist,3,D08494;D01467;D08495,A02BA06,
DG00020,Omeprazole,Chemical,Gastrointestinal agent DG01975  Agents for peptic ulcer DG01646  Proton pump inhibitor (PPI) Metabolizing enzyme substrate DG01639  CYP2C19 substrate DG01633  CYP3A/CYP3A4 substrate DG02913  CYP3A4 substrate,4,D00455;D01207;D05261;D05259,A02BC01,
DG00021,Pantoprazole,Chemical,Gastrointestinal agent DG01975  Agents for peptic ulcer DG01646  Proton pump inhibitor (PPI) Metabolizing enzyme substrate DG01639  CYP2C19 substrate DG01633  CYP3A/CYP3A4 substrate DG02913  CYP3A4 substrate,2,D05353;D02593,A02BC02,
DG00022,Rabeprazole,Chemical,Gastrointestinal agent DG01975  Agents for peptic ulcer DG01646  Proton pump inhibitor (PPI) Metabolizing enzyme substrate DG01639  CYP2C19 substrate DG01633  CYP3A/CYP3A4 substrate DG02913  CYP3A4 substrate,2,D08463;D00724,A02BC04,
DG00023,Esomeprazole,Chemical,Gastrointestinal agent DG01975  Agents for peptic ulcer DG01646  Proton pump inhibitor (PPI) Metabolizing enzyme substrate DG01639  CYP2C19 substrate DG01633  CYP3A/CYP3A4 substrate DG02913  CYP3A4 substrate,6,D07917;D01984;D04056;D09339;D10120;D11114,A02BC05,
DG00024,Carbenoxolone,Chemical,,2,D07615;D01899,A02BX01,
DG00025,Sucralfate,Chemical,Gastrointestinal agent DG01975  Agents for peptic ulcer DG02008  Gastric mucosal protectant,1,D00446,A02BX02,
DG00026,Pirenzepine,Chemical,Neuropsychiatric agent DG01491  Muscarinic cholinergic receptor antagonist Gastrointestinal agent DG01975  Agents for peptic ulcer,3,D08389;D01297;D05276,A02BX03,
DG00027,Bismuth subcitrate,Chemical,,2,D07587;D09739,A02BX05,
DG00028,Alginic acid,Chemical,Gastrointestinal agent DG01975  Agents for peptic ulcer DG02008  Gastric mucosal protectant,3,D02324;D03336;D08977,A02BX13,
DG00029,Oxyphencyclimine,Chemical,Neuropsychiatric agent DG01491  Muscarinic cholinergic receptor antagonist,2,D08325;D01006,A03AA01,
DG00030,Mebeverine,Chemical,Neuropsychiatric agent DG01491  Muscarinic cholinergic receptor antagonist,2,D08160;D04868,A03AA04,
DG00031,Trimebutine,Chemical,Analgesic DG01587  Opioid receptor agonist/antagonist,2,D08639;D01500,A03AA05,
DG00032,Dicycloverine,Chemical,Neuropsychiatric agent DG01491  Muscarinic cholinergic receptor antagonist,2,D07820;D00717,A03AA07,
DG00033,Dihexyverine,Chemical,Neuropsychiatric agent DG01491  Muscarinic cholinergic receptor antagonist,2,D07821;D03824,A03AA08,
DG00034,Piperidolate,Chemical,Neuropsychiatric agent DG01491  Muscarinic cholinergic receptor antagonist Gastrointestinal agent DG01975  Agents for peptic ulcer,2,D08382;D01165,A03AA30,
DG00035,Propantheline,Chemical,Neuropsychiatric agent DG01491  Muscarinic cholinergic receptor antagonist Gastrointestinal agent DG01975  Agents for peptic ulcer,1,D00481,A03AB05,
DG00036,Methantheline,Chemical,Neuropsychiatric agent DG01491  Muscarinic cholinergic receptor antagonist,1,D00721,A03AB07,
DG00037,Tridihexethyl,Chemical,Neuropsychiatric agent DG01491  Muscarinic cholinergic receptor antagonist,1,D00723,A03AB08,
DG00038,Isopropamide,Chemical,Neuropsychiatric agent DG01491  Muscarinic cholinergic receptor antagonist,1,D01005,A03AB09,
DG00039,Hexocyclium,Chemical,Neuropsychiatric agent DG01491  Muscarinic cholinergic receptor antagonist,1,D01003,A03AB10,
DG00040,Mepenzolate,Chemical,Neuropsychiatric agent DG01491  Muscarinic cholinergic receptor antagonist,1,D00720,A03AB12,
DG00041,Timepidium bromide,Chemical,Neuropsychiatric agent DG01491  Muscarinic cholinergic receptor antagonist Gastrointestinal agent DG01975  Agents for peptic ulcer,1,D02535,A03AB19,
DG00042,Tiropramide,Chemical,,2,D07087;D08608,A03AC05,
DG00043,Papaverine,Chemical,,3,D07425;D02218;D07439,A03AD01 G04BE02,
DG00044,Drotaverine,Chemical,,2,D07088;D07879,A03AD02,
DG00045,Moxaverine,Chemical,,2,D07089;D08238,A03AD30,
DG00046,Alosetron,Chemical,Gastrointestinal agent DG01489  5-HT3-receptor antagonist Metabolizing enzyme substrate DG01892  CYP1A2 substrate DG01642  CYP2C9 substrate DG01633  CYP3A/CYP3A4 substrate DG02913  CYP3A4 substrate,2,D07129;D02829,A03AE01,
DG00047,Cilansetron,Chemical,Gastrointestinal agent DG01489  5-HT3-receptor antagonist,2,D03495;D03496,A03AE03,
DG00048,Proxazole,Chemical,,2,D05644;D01650,A03AX07,
DG00049,Alverine,Chemical,,2,D07440;D02877,A03AX08,
DG00050,Phloroglucinol,Chemical,Neuropsychiatric agent DG01497  Catechol O-methyltransferase inhibitor,2,D00152;D08369,A03AX12,
DG00051,Silicone,Chemical,,2,D06521;D06522,A03AX13,
DG00052,Atropine,Chemical,Neuropsychiatric agent DG01491  Muscarinic cholinergic receptor antagonist,2,D00113;D02069,A03BA01 S01FA01,
DG00053,Hyoscyamine,Chemical,Neuropsychiatric agent DG01491  Muscarinic cholinergic receptor antagonist,4,D00147;D00719;D01648;D04479,A03BA03,
DG00054,Belladonna total alkaloid,Chemical,,3,D03069;D03223;D03224,A03BA04,
DG00055,Metoclopramide,Chemical,Neuropsychiatric agent DG01478  Dopamine antagonist DG01474  Dopamine D2-receptor antagonist Gastrointestinal agent DG01763  Propulsive DG01489  5-HT3-receptor antagonist DG01762  Antiemetic DG01783  Benzamide type antiemetic Metabolizing enzyme substrate DG01644  CYP2D6 substrate Metabolizing enzyme inhibitor DG01645  CYP2D6 inhibitor,3,D00726;D02213;D05008,A03FA01,
DG00056,Cisapride,Chemical,Gastrointestinal agent DG01763  Propulsive Metabolizing enzyme substrate DG01633  CYP3A/CYP3A4 substrate,2,D00274;D02092,A03FA02,
DG00057,Domperidone,Chemical,Neuropsychiatric agent DG01478  Dopamine antagonist DG01474  Dopamine D2-receptor antagonist Gastrointestinal agent DG01763  Propulsive DG01762  Antiemetic Metabolizing enzyme substrate DG01633  CYP3A/CYP3A4 substrate DG02913  CYP3A4 substrate,2,D01745;D07868,A03FA03,
DG00058,Alizapride,Chemical,Neuropsychiatric agent DG01478  Dopamine antagonist DG01474  Dopamine D2-receptor antagonist Gastrointestinal agent DG01763  Propulsive DG01762  Antiemetic DG01783  Benzamide type antiemetic,2,D07102;D07563,A03FA05,
DG00059,Clebopride,Chemical,Neuropsychiatric agent DG01478  Dopamine antagonist DG01474  Dopamine D2-receptor antagonist Gastrointestinal agent DG01763  Propulsive DG01762  Antiemetic DG01783  Benzamide type antiemetic,2,D03534;D01742,A03FA06,
DG00060,Ondansetron,Chemical,Gastrointestinal agent DG01489  5-HT3-receptor antagonist DG01762  Antiemetic Metabolizing enzyme substrate DG01892  CYP1A2 substrate DG01644  CYP2D6 substrate DG01633  CYP3A/CYP3A4 substrate DG02913  CYP3A4 substrate,2,D00456;D00678,A04AA01,
DG00061,Granisetron,Chemical,Gastrointestinal agent DG01489  5-HT3-receptor antagonist DG01762  Antiemetic Metabolizing enzyme substrate DG01891  CYP1A1 substrate DG01633  CYP3A/CYP3A4 substrate DG02913  CYP3A4 substrate,2,D04370;D00677,A04AA02,
DG00062,Tropisetron,Chemical,Gastrointestinal agent DG01489  5-HT3-receptor antagonist DG01762  Antiemetic,2,D02130;D02041,A04AA03,
DG00063,Dolasetron,Chemical,Gastrointestinal agent DG01489  5-HT3-receptor antagonist DG01762  Antiemetic Metabolizing enzyme substrate DG01644  CYP2D6 substrate DG01633  CYP3A/CYP3A4 substrate,2,D07867;D00725,A04AA04,
DG00064,Palonosetron,Chemical,Gastrointestinal agent DG01489  5-HT3-receptor antagonist DG01762  Antiemetic Metabolizing enzyme substrate DG01892  CYP1A2 substrate DG01644  CYP2D6 substrate DG01633  CYP3A/CYP3A4 substrate DG02913  CYP3A4 substrate,2,D07175;D05343,A04AA05,
DG00065,Scopolamine,Chemical,Neuropsychiatric agent DG01491  Muscarinic cholinergic receptor antagonist Gastrointestinal agent DG01762  Antiemetic,2,D00138;D02071,A04AD01 N05CM05 S01FA02,
DG00066,Aprepitant,Chemical,Gastrointestinal agent DG01762  Antiemetic Metabolizing enzyme substrate DG01633  CYP3A/CYP3A4 substrate DG02913  CYP3A4 substrate Metabolizing enzyme inhibitor DG02852  CYP3A/CYP3A4 inhibitor DG01522  CYP3A4 inhibitor Metabolizing enzyme inducer DG02886  CYP2C9 inducer DG02853  CYP3A/CYP3A4 inducer DG01635  CYP3A4 inducer,3,D02968;D10895;D06597,A04AD12,
DG00067,Liquid paraffin,Chemical,,2,D05042;D05043,A06AA01,
DG00068,Oxyphenisatine,Chemical,Gastrointestinal agent DG01770  Laxative,2,D08326;D05320,A06AB01,
DG00069,Bisacodyl,Chemical,Gastrointestinal agent DG01770  Laxative,2,D00245;D03129,A06AB02 A06AG02,
DG00070,Phenolphthalein,Chemical,Gastrointestinal agent DG01770  Laxative,2,D05456;D06516,A06AB04,
DG00071,Castor oil,Chemical,Gastrointestinal agent DG01770  Laxative,2,D06462;D03418,A06AB05,
DG00072,Sodium picosulfate,Chemical,Gastrointestinal agent DG01770  Laxative,1,D01612,A06AB08,
DG00073,Bisoxatin,Chemical,,2,D07531;D01191,A06AB09,
DG00074,Lactitol,Chemical,,2,D08266;D02039,A06AD12,
DG00075,Sodium sulfate,Chemical,Gastrointestinal agent DG01770  Laxative,2,D01732;D05877,A06AD13 A12CA02,
DG00076,Macrogol,Chemical,,8,D03370;D06418;D06419;D06420;D06421;D06423;D01542;D06451,A06AD15,
DG00077,Sodium phosphate,Chemical,,3,D06389;D05869;D09000,A06AD17 A06AG01 B05XA09 V03AG05,
DG00078,Naloxegol,Chemical,Analgesic DG01586  Opioid receptor antagonist Gastrointestinal agent DG01770  Laxative Metabolizing enzyme substrate DG01633  CYP3A/CYP3A4 substrate,2,D10479;D10375,A06AH03,
DG00079,Linaclotide,Chemical,Gastrointestinal agent DG01770  Laxative,2,D09355;D06612,A06AX04,
DG00080,Prucalopride,Chemical,Gastrointestinal agent DG01770  Laxative,2,D09205;D10152,A06AX05,
DG00081,Tegaserod,Chemical,Metabolizing enzyme substrate DG02924  UGT substrate,2,D06056;D02730,A06AX06,
DG00082,Streptomycin,Chemical,Antibacterial DG01447  Aminoglycoside antibiotic DG01966  Antitubercular,2,D08531;D01350,A07AA04 J01GA01,
DG00083,Polymyxin B,Chemical,Antibacterial DG01579  Polypeptide antibiotic,2,D08401;D01066,A07AA05 J01XB02 S01AA18 S02AA11 S03AA03,
DG00084,Paromomycin,Chemical,Antibacterial DG01447  Aminoglycoside antibiotic,2,D07467;D00868,A07AA06,
DG00085,Kanamycin,Chemical,Antibacterial DG01447  Aminoglycoside antibiotic DG01966  Antitubercular,2,D00866;D03262,A07AA08 J01GB04 S01AA24,
DG00086,Vancomycin,Chemical,Antibacterial DG01580  Glycopeptide antibiotic,2,D00212;D00926,A07AA09 J01XA01 S01AA28,
DG00087,Colistin,Chemical,Antibacterial DG01579  Polypeptide antibiotic,3,D07746;D02049;D02138,A07AA10 J01XB01,
DG00088,Succinylsulfathiazole,Chemical,Antibacterial DG01787  Sulfonamide antibacterial DG01784  Short-acting sulfonamide,2,D07060;D02447,A07AB04,
DG00089,Attapulgite,Chemical,,2,D07584;D03045,A07BC04,
DG00090,Diphenoxylate,Chemical,Neuropsychiatric agent DG01564  Opioid receptor agonist DG01563  mu-Opioid receptor agonist,2,D07861;D03860,A07DA01,
DG00091,Opium,Chemical,Analgesic DG01984  Opioid analgesics,2,D03444;D06499,A07DA02 N02AA02,
DG00092,Loperamide,Chemical,Neuropsychiatric agent DG01564  Opioid receptor agonist Metabolizing enzyme substrate DG02918  CYP2C8 substrate DG01633  CYP3A/CYP3A4 substrate DG02913  CYP3A4 substrate Transporter substrate DG01665  ABCB1 substrate,3,D08144;D00729;D07113,A07DA03 A07DA05,
DG00093,Prednisolone,Chemical,Anti-inflammatory DG01955  Corticosteroid DG02068  Glucocorticoid,12,D00472;D00980;D00981;D00982;D01239;D01998;D02156;D03301;D08412;D08413;D08414;D08415,A01AC04 A07EA01 C05AA04 D07AA03 D07XA02 H02AB06 R01AD02 S01BA04 S01CB02 S02BA03 S03BA02,
DG00094,Prednisone,Chemical,Anti-inflammatory DG01955  Corticosteroid DG02068  Glucocorticoid,2,D00473;D08416,A07EA03 H02AB07,
DG00095,Betamethasone,Chemical,Anti-inflammatory DG01955  Corticosteroid DG02068  Glucocorticoid,7,D00244;D00972;D01357;D01402;D01637;D02032;D02286,A07EA04 C05AA05 D07AC01 D07XC01 H02AB01 R01AD06 R03BA04 S01BA06 S01CB04 S02BA07 S03BA03,
DG00096,Tixocortol,Chemical,Anti-inflammatory DG01955  Corticosteroid DG02068  Glucocorticoid,2,D08610;D06171,A07EA05 R01AD07,
DG00097,Beclometasone,Chemical,Anti-inflammatory DG01955  Corticosteroid DG02068  Glucocorticoid,3,D07495;D00689;D11572,A07EA07 D07AC15 R01AD01 R03BA01,
DG00098,Cromoglicic acid,Chemical,Anti-allergic agent DG01805  Mediator release inhibitor,4,D07753;D00526;D02589;D09790,A07EB01 D11AH03 R01AC01 R03BC01 S01GX01,
DG00099,Olsalazine,Chemical,"Anti-inflammatory DG01504  Nonsteroidal anti-inflammatory drug (NSAID) DG01909  Anti-inflammatory drug, salicylic acid derivatives",2,D08295;D00727,A07EC03,
DG00100,Balsalazide,Chemical,"Anti-inflammatory DG01504  Nonsteroidal anti-inflammatory drug (NSAID) DG01909  Anti-inflammatory drug, salicylic acid derivatives",2,D07488;D02715,A07EC04,
DG00101,Lactic acid producing organism,Chemical,,2,D04345;D04352,A07FA01,
DG00102,Phentermine,Chemical,Gastrointestinal agent DG01705  Anoretic DG01704  Phenethylamine anorexic,2,D05458;D05459,A08AA01,
DG00103,Fenfluramine,Chemical,Gastrointestinal agent DG01705  Anoretic DG01704  Phenethylamine anorexic Metabolizing enzyme substrate DG01892  CYP1A2 substrate DG02919  CYP2B6 substrate DG01642  CYP2C9 substrate DG01639  CYP2C19 substrate DG01644  CYP2D6 substrate DG01633  CYP3A/CYP3A4 substrate DG02913  CYP3A4 substrate DG02925  CYP3A5 substrate,2,D07945;D04148,A08AA02 N03AX26,
DG00104,Amfepramone,Chemical,Gastrointestinal agent DG01705  Anoretic DG01704  Phenethylamine anorexic,2,D07444;D03801,A08AA03,
DG00105,Dexfenfluramine,Chemical,Gastrointestinal agent DG01705  Anoretic DG01704  Phenethylamine anorexic Metabolizing enzyme substrate DG01644  CYP2D6 substrate,2,D07805;D03713,A08AA04,
DG00106,Cathine,Chemical,Gastrointestinal agent DG01705  Anoretic DG01704  Phenethylamine anorexic,2,D07627;D07628,A08AA07,
DG00107,Mefenorex,Chemical,Gastrointestinal agent DG01705  Anoretic DG01704  Phenethylamine anorexic,2,D07891;D04893,A08AA09,
DG00108,Sibutramine,Chemical,Gastrointestinal agent DG01705  Anoretic DG01704  Phenethylamine anorexic,2,D08513;D02571,A08AA10,
DG00109,Diastase,Chemical,,2,D03329;D08705,A09AA01,
DG00110,Hydrochloric acid,Chemical,,2,D02057;D04390,A09AB03 B05XA13,
DG00111,Citric acid,Chemical,,2,D00037;D01222,A09AB04,
DG00112,Phenformin,Chemical,Antidiabetic agent DG01685  Insulin sensitizer DG01684  Biguanide antidiabetic DG02044  Hypoglycemic agent DG01684  Biguanide antidiabetic Metabolizing enzyme substrate DG01644  CYP2D6 substrate,2,D08351;D08352,A10BA01,
DG00113,Metformin,Chemical,Antidiabetic agent DG01685  Insulin sensitizer DG01684  Biguanide antidiabetic DG02044  Hypoglycemic agent DG01684  Biguanide antidiabetic,2,D04966;D00944,A10BA02,
DG00114,Buformin,Chemical,Antidiabetic agent DG01685  Insulin sensitizer DG01684  Biguanide antidiabetic DG02044  Hypoglycemic agent DG01684  Biguanide antidiabetic,2,D00595;D02206,A10BA03,
DG00115,Tolbutamide,Chemical,Antidiabetic agent DG01508  Sulfonylurea receptor agonist DG01734  Sulfonylurea DG02044  Hypoglycemic agent DG01734  Sulfonylurea,2,D00380;D06177,A10BB03 V04CA01,
DG00116,Rosiglitazone,Chemical,Antidiabetic agent DG01685  Insulin sensitizer DG01795  PPAR gamma agonist DG01683  Thiazolidinedione DG02044  Hypoglycemic agent DG01683  Thiazolidinedione,2,D08491;D00596,A10BG02,
DG00117,Pioglitazone,Chemical,Antidiabetic agent DG01685  Insulin sensitizer DG01795  PPAR gamma agonist DG01683  Thiazolidinedione DG02044  Hypoglycemic agent DG01683  Thiazolidinedione Metabolizing enzyme substrate DG02918  CYP2C8 substrate,2,D08378;D00945,A10BG03,
DG00118,Sitagliptin,Chemical,Antidiabetic agent DG02044  Hypoglycemic agent DG01601  DPP-4 inhibitor,3,D08516;D06645;D12294,A10BH01,
DG00119,Saxagliptin,Chemical,Antidiabetic agent DG02044  Hypoglycemic agent DG01601  DPP-4 inhibitor Metabolizing enzyme substrate DG01633  CYP3A/CYP3A4 substrate DG02913  CYP3A4 substrate DG02925  CYP3A5 substrate,3,D08996;D09753;D10262,A10BH03,
DG00120,Pramlintide,Chemical,Antidiabetic agent DG02044  Hypoglycemic agent,2,D05594;D05595,A10BX05,
DG00121,Benfluorex,Chemical,Antidiabetic agent DG02044  Hypoglycemic agent Gastrointestinal agent DG01705  Anoretic DG01704  Phenethylamine anorexic,2,D07192;D07508,A10BX06,
DG00122,Dapagliflozin,Chemical,Antidiabetic agent DG02044  Hypoglycemic agent DG01794  SGLT2 inhibitor Metabolizing enzyme substrate DG02924  UGT substrate DG03188  UGT1A9 substrate,2,D08897;D09763,A10BK01,
DG00123,Retinol (vit A),Chemical,Vitamin and mineral DG01604  Retinol derivative Metabolizing enzyme substrate DG02918  CYP2C8 substrate,4,D06543;D00164;D01621;D08477,A11CA01 D10AD02 R01AX02 S01XA02,
DG00124,Calcifediol,Chemical,,1,D00122,A11CC06 H05BX05,
DG00125,Thiamine (vit B1),Chemical,,4,D08580;D02094;D03277;D08581,A11DA01,
DG00126,Ascorbic acid (vitamin C),Chemical,,4,D00018;D05853;D07575;D02293,A11GA01 G01AD03,
DG00127,Nicotinamide,Chemical,,2,D00036;D00002,A11HA01,
DG00128,Pyridoxine (vit B6),Chemical,,2,D08454;D02179,A11HA02,
DG00129,Tocopherol (vit E),Chemical,,5,D02332;D01406;D01530;D01735;D08612,A11HA03,
DG00130,Riboflavin (vit B2),Chemical,,4,D00050;D01622;D01913;D05725,A11HA04 S01XA26,
DG00131,Biotin,Chemical,,2,D00029;D07586,A11HA05,
DG00132,Pyridoxal phosphate,Chemical,,2,D00006;D03281,A11HA06,
DG00133,Calcium pantothenate,Chemical,,2,D01082;D03300,A11HA31 D03AX04,
DG00134,Calcium phosphate,Chemical,Gastrointestinal agent DG01980  Calcium,5,D00937;D00938;D03302;D03303;D06437,A12AA01,
DG00135,Calcium gluconate,Chemical,Gastrointestinal agent DG01980  Calcium,2,D00935;D05463,A12AA03 D11AX03,
DG00136,Calcium lactate,Chemical,Gastrointestinal agent DG01980  Calcium,2,D00936;D02254,A12AA05,
DG00137,Calcium chloride,Chemical,Gastrointestinal agent DG01980  Calcium,1,D02256,A12AA07 B05XA07 G04BA03,
DG00138,Zinc sulfate,Chemical,,2,D01081;D06371,A12CB01 B05XA18,
DG00139,Magnesium chloride,Chemical,Gastrointestinal agent DG01979  Magnesium containing preparation,1,D04834,A12CC01 B05XA11,
DG00140,Metenolone,Chemical,Hormonal agent DG01590  Androgen receptor agonist DG01605  Anabolic steroid,3,D08193;D01301;D01375,A14AA04,
DG00141,Prasterone,Chemical,Hormonal agent DG01590  Androgen receptor agonist DG01605  Anabolic steroid,2,D08409;D01616,A14AA07 G03XX01,
DG00142,Nandrolone,Chemical,Hormonal agent DG01590  Androgen receptor agonist DG01605  Anabolic steroid,7,D08250;D00955;D00956;D01476;D01737;D05116;D08251,A14AB01 S01XA11,
DG00143,Levocarnitine,Chemical,,3,D02176;D02030;D04713,A16AA01,
DG00144,Ademetionine,Chemical,,2,D07128;D07592,A16AA02,
DG00145,Betaine,Chemical,,4,D07523;D03103;D07524;D07525,A16AA06,
DG00146,Thioctic acid,Chemical,,2,D00086;D00048,A16AX01,
DG00147,Sapropterin,Chemical,,2,D08505;D01798,A16AX07,
DG00148,Eliglustat,Chemical,Metabolizing enzyme substrate DG01644  CYP2D6 substrate DG01633  CYP3A/CYP3A4 substrate DG02913  CYP3A4 substrate Transporter substrate DG01665  ABCB1 substrate,2,D09893;D09894,A16AX10,
DG00149,Warfarin,Chemical,Blood modifier agent DG01950  Antithrombotic agent DG01708  Coumarin anticoagulant DG01760  Warfarin and analog Metabolizing enzyme substrate DG01642  CYP2C9 substrate,3,D08682;D00564;D01280,B01AA03,
DG00150,Heparin,Chemical,Blood modifier agent DG01950  Antithrombotic agent DG01709  Heparin anticoagulant,10,D07510;D02112;D04427;D03674;D04977;D02980;D03337;D03353;D03673;D06398,B01AB01 C05BA03 S01XA14,
DG00154,Cloricromen,Chemical,Blood modifier agent DG01950  Antithrombotic agent DG01708  Coumarin anticoagulant DG01712  Antiplatelet agent,2,D07139;D07736,B01AC02,
DG00155,Clopidogrel,Chemical,Blood modifier agent DG01950  Antithrombotic agent DG01712  Antiplatelet agent DG01808  Thienopyridine DG01809  P2Y12 receptor antagonist DG01808  Thienopyridine Metabolizing enzyme substrate DG01892  CYP1A2 substrate DG02919  CYP2B6 substrate DG01639  CYP2C19 substrate DG01633  CYP3A/CYP3A4 substrate DG02913  CYP3A4 substrate Metabolizing enzyme inhibitor DG01641  CYP2C8 inhibitor,4,D07729;D00769;D10823;D10824,B01AC04,
DG00156,Ticlopidine,Chemical,Blood modifier agent DG01950  Antithrombotic agent DG01712  Antiplatelet agent DG01808  Thienopyridine DG01809  P2Y12 receptor antagonist DG01808  Thienopyridine Metabolizing enzyme inhibitor DG01634  CYP1A2 inhibitor DG02892  CYP2B6 inhibitor DG01933  CYP2C19 inhibitor DG01645  CYP2D6 inhibitor,2,D08594;D01028,B01AC05,
DG00157,Epoprostenol,Chemical,Blood modifier agent DG01950  Antithrombotic agent DG01712  Antiplatelet agent Hormonal agent DG01961  Prostaglandin derivative DG01810  Prostacycline derivative,2,D00106;D01337,B01AC09,
DG00158,Iloprost,Chemical,Blood modifier agent DG01950  Antithrombotic agent DG01712  Antiplatelet agent Hormonal agent DG01961  Prostaglandin derivative DG01810  Prostacycline derivative,2,D02721;D08065,B01AC11,
DG00159,Tirofiban,Chemical,Blood modifier agent DG01950  Antithrombotic agent DG01712  Antiplatelet agent DG01811  Fibrinogen receptor antagonist,2,D08607;D01029,B01AC17,
DG00160,Beraprost,Chemical,Blood modifier agent DG01950  Antithrombotic agent DG01712  Antiplatelet agent Hormonal agent DG01961  Prostaglandin derivative DG01810  Prostacycline derivative,2,D02720;D01551,B01AC19,
DG00161,Treprostinil,Chemical,Blood modifier agent DG01950  Antithrombotic agent DG01712  Antiplatelet agent Hormonal agent DG01961  Prostaglandin derivative DG01810  Prostacycline derivative Metabolizing enzyme substrate DG02918  CYP2C8 substrate,4,D06213;D08628;D10430;D12005,B01AC21,
DG00162,Urokinase,Chemical,Blood modifier agent DG01950  Antithrombotic agent DG01707  Fibrinolytic DG01701  Urokinase-type plasminogen activator,2,D03341;D06270,B01AD04,
DG00163,Argatroban,Chemical,Blood modifier agent DG01950  Antithrombotic agent DG01511  Thrombin inhibitor Metabolizing enzyme substrate DG01633  CYP3A/CYP3A4 substrate DG02913  CYP3A4 substrate,1,D00181,B01AE03,
DG00164,Dabigatran,Chemical,Blood modifier agent DG01950  Antithrombotic agent DG01511  Thrombin inhibitor Transporter substrate DG01665  ABCB1 substrate,3,D09707;D07144;D07082,B01AE07,
DG00165,Camostat,Chemical,Blood modifier agent DG02016  Hemostatics DG02012  Antifibrinolytic DG01990  Serine protease inhibitor,2,D07606;D01766,B02AB04,
DG00166,Menadione,Chemical,Blood modifier agent DG02016  Hemostatics DG02014  Blood coagulation accelerant DG01603  Vitamin K,2,D02335;D08177,B02BA02,
DG00167,Human fibrinogen,Chemical,Blood modifier agent DG02016  Hemostatics DG02014  Blood coagulation accelerant DG02013  Blood coagulation factor,1,D08792,B02BB01,
DG00168,Oxidized cellulose,Chemical,,2,D03436;D06456,B02BC02,
DG00169,Thrombin,Chemical,Blood modifier agent DG02016  Hemostatics DG02014  Blood coagulation accelerant,2,D00090;D09016,B02BC06 B02BD30,
DG00170,Blood coagulation factor VIII,Chemical,Blood modifier agent DG02016  Hemostatics DG02014  Blood coagulation accelerant DG02013  Blood coagulation factor,14,D08798;D05401;D05409;D08232;D10227;D10539;D10758;D10759;D10760;D10771;D10818;D10830;D10831;D10842,B02BD02,
DG00171,Blood coagulation factor IX,Chemical,Blood modifier agent DG02016  Hemostatics DG02014  Blood coagulation accelerant DG02013  Blood coagulation factor,7,D08797;D08794;D05201;D10401;D10538;D10757;D10770,B02BD04,
DG00172,Blood coagulation factor VII,Chemical,Blood modifier agent DG02016  Hemostatics DG02014  Blood coagulation accelerant DG02013  Blood coagulation factor,2,D00172;D10139,B02BD05,
DG00173,Carbazochrome,Chemical,Blood modifier agent DG02016  Hemostatics,2,D01864;D01525,B02BX02,
DG00174,Ferrous sulfate,Chemical,Blood modifier agent DG01694  Iron preparation,2,D01725;D04172,B03AA07,
DG00175,Hydroxocobalamin,Chemical,,3,D01027;D02707;D04929,B03BA03 V03AB33,
DG00176,Folic acid,Chemical,,2,D00070;D07985,B03BB01 V04CX02,
DG00177,Erythropoietin,Chemical,,6,D03231;D03232;D04032;D10000;D10846;D10847,B03XA01,
DG00178,Peginesatide,Chemical,,2,D09946;D09947,B03XA04,
DG00179,Albumin,Chemical,,3,D02792;D02788;D05424,B05AA01,
DG00180,Dextran,Chemical,,7,D00060;D02047;D02141;D03343;D06539;D06540;D06541,B05AA05,
DG00181,Gelatin agent,Chemical,,4,D00115;D06426;D06428;D06429,B05AA06,
DG00182,Hemoglobin glutamer (bovine),Chemical,,2,D04422;D04423,B05AA10,
DG00183,Carbamide,Chemical,,2,D00023;D03383,B05BC02 D02AE01,
DG00184,Cetylpyridinium,Chemical,,2,D07666;D01062,B05CA01 D08AJ03 D09AA07 R02AA06,
DG00185,Mandelic acid,Chemical,,0,,B05CA06 J01XX06,
DG00186,Ethacridine,Chemical,,2,D07924;D01248,B05CA08 D08AA01,
DG00187,Sodium citrate,Chemical,,2,D05855;D01781,B05CB02,
DG00188,Glucose,Chemical,,2,D00009;D02325,B05CX01 V04CA02 V06DC01,
DG00189,Arginine hydrochloride,Chemical,,2,D01126;D06483,B05XB01,
DG00190,Hyaluronidase,Chemical,,3,D04455;D04456;D06604,B06AA03,
DG00191,Metildigoxin,Chemical,Cardiovascular agent DG01703  Cardiotonic DG01698  Cardiac glycoside DG01697  Digitalis cardiac glycoside DG01653  Antiarrhythmics Transporter substrate DG01665  ABCB1 substrate,2,D09847;D02587,C01AA08,
DG00192,Quinidine,Chemical,Cardiovascular agent DG01653  Antiarrhythmics DG01652  Class I antiarrhythmic agent DG01649  Class Ia antiarrhythmic agent,5,D08458;D00642;D00643;D02272;D08459,C01BA01,
DG00193,Procainamide,Chemical,Cardiovascular agent DG01653  Antiarrhythmics DG01652  Class I antiarrhythmic agent DG01649  Class Ia antiarrhythmic agent Metabolizing enzyme substrate DG02928  NAT substrate Transporter substrate DG02858  SLC22A1 substrate DG02854  SLC22A2 substrate DG02964  SLC47A1 substrate DG03002  SLC47A2 substrate,2,D08421;D00477,C01BA02,
DG00194,Disopyramide,Chemical,Cardiovascular agent DG01653  Antiarrhythmics DG01652  Class I antiarrhythmic agent DG01649  Class Ia antiarrhythmic agent Metabolizing enzyme substrate DG01633  CYP3A/CYP3A4 substrate DG02913  CYP3A4 substrate,2,D00303;D00637,C01BA03,
DG00195,Sparteine,Chemical,Cardiovascular agent DG01653  Antiarrhythmics DG01652  Class I antiarrhythmic agent DG01649  Class Ia antiarrhythmic agent Metabolizing enzyme substrate DG01644  CYP2D6 substrate,2,D01041;D02239,C01BA04,
DG00196,Lidocaine,Chemical,Cardiovascular agent DG01653  Antiarrhythmics DG01652  Class I antiarrhythmic agent DG01651  Class Ib antiarrhythmic agent Neuropsychiatric agent DG02030  Anesthetics DG01675  Local anesthetic DG01673  Amide type local anesthetic Metabolizing enzyme substrate DG01892  CYP1A2 substrate DG01633  CYP3A/CYP3A4 substrate DG02913  CYP3A4 substrate,3,D00358;D02086;D08127,C01BB01 C05AD01 D04AB01 N01BB02 R02AD02 S01HA07 S02DA01,
DG00197,Mexiletine,Chemical,Cardiovascular agent DG01653  Antiarrhythmics DG01652  Class I antiarrhythmic agent DG01651  Class Ib antiarrhythmic agent Metabolizing enzyme substrate DG01892  CYP1A2 substrate DG01644  CYP2D6 substrate,2,D08215;D00639,C01BB02,
DG00198,Tocainide,Chemical,Cardiovascular agent DG01653  Antiarrhythmics DG01652  Class I antiarrhythmic agent DG01651  Class Ib antiarrhythmic agent,2,D06172;D02088,C01BB03,
DG00199,Aprindine,Chemical,Cardiovascular agent DG01653  Antiarrhythmics DG01652  Class I antiarrhythmic agent DG01651  Class Ib antiarrhythmic agent Metabolizing enzyme substrate DG01644  CYP2D6 substrate,2,D02969;D01326,C01BB04,
DG00200,Propafenone,Chemical,Cardiovascular agent DG01653  Antiarrhythmics DG01652  Class I antiarrhythmic agent DG01650  Class Ic antiarrhythmic agent Metabolizing enzyme substrate DG01892  CYP1A2 substrate DG01644  CYP2D6 substrate DG01633  CYP3A/CYP3A4 substrate DG02913  CYP3A4 substrate,2,D08435;D00640,C01BC03,
DG00201,Flecainide,Chemical,Cardiovascular agent DG01653  Antiarrhythmics DG01652  Class I antiarrhythmic agent DG01650  Class Ic antiarrhythmic agent Metabolizing enzyme substrate DG01644  CYP2D6 substrate,2,D07962;D00638,C01BC04,
DG00202,Lorcainide,Chemical,Cardiovascular agent DG01653  Antiarrhythmics DG01652  Class I antiarrhythmic agent DG01650  Class Ic antiarrhythmic agent,2,D08020;D04778,C01BC07,
DG00203,Encainide,Chemical,Cardiovascular agent DG01653  Antiarrhythmics DG01652  Class I antiarrhythmic agent DG01650  Class Ic antiarrhythmic agent Metabolizing enzyme substrate DG01644  CYP2D6 substrate,2,D07894;D03991,C01BC08,
DG00204,Amiodarone,Chemical,Cardiovascular agent DG01456  Adrenergic receptor agonist DG01455  beta-Adrenergic receptor agonist DG01451  beta1-Adrenergic receptor agonist DG01653  Antiarrhythmics DG01648  Class III antiarrhythmic agent Metabolizing enzyme substrate DG01633  CYP3A/CYP3A4 substrate DG02913  CYP3A4 substrate,2,D02910;D00636,C01BD01,
DG00205,Ibutilide,Chemical,Cardiovascular agent DG01653  Antiarrhythmics DG01648  Class III antiarrhythmic agent,2,D08060;D00648,C01BD05,
DG00206,Tedisamil,Chemical,Cardiovascular agent DG01653  Antiarrhythmics DG01648  Class III antiarrhythmic agent,2,D06652;D06653,C01BD06,
DG00207,Dronedarone,Chemical,Cardiovascular agent DG01575  Calcium channel blocker DG01496  Calcium channel L type blocker DG01456  Adrenergic receptor agonist DG01653  Antiarrhythmics DG01648  Class III antiarrhythmic agent Metabolizing enzyme substrate DG01633  CYP3A/CYP3A4 substrate Metabolizing enzyme inhibitor DG01645  CYP2D6 inhibitor DG02852  CYP3A/CYP3A4 inhibitor Transporter inhibitor DG01622  ABCB1 inhibitor,2,D02537;D03914,C01BD07,
DG00208,Moracizine Moricizine,Chemical,Cardiovascular agent DG01653  Antiarrhythmics Metabolizing enzyme inducer DG01637  CYP1A2 inducer,2,D05077;D02087,C01BG01,
DG00209,Cibenzoline,Chemical,Cardiovascular agent DG01653  Antiarrhythmics DG01652  Class I antiarrhythmic agent DG01649  Class Ia antiarrhythmic agent Metabolizing enzyme substrate DG01644  CYP2D6 substrate DG01633  CYP3A/CYP3A4 substrate DG02913  CYP3A4 substrate,2,D03492;D01455,C01BG07,
DG00210,Etilefrine,Chemical,Cardiovascular agent DG01703  Cardiotonic DG01702  Phenethylamine cardiotonic,2,D07931;D01573,C01CA01,
DG00211,Isoprenaline,Chemical,Cardiovascular agent DG01703  Cardiotonic DG01699  Catecholamine cardiotonic DG01456  Adrenergic receptor agonist DG01455  beta-Adrenergic receptor agonist DG01951  Catecholamine adrenergic receptor agonist Metabolizing enzyme substrate DG01592  COMT substrate,4,D08090;D01390;D02066;D02150,C01CA02 R03AB02 R03CB01,
DG00212,Norepinephrine,Chemical,Cardiovascular agent DG01703  Cardiotonic DG01699  Catecholamine cardiotonic DG01456  Adrenergic receptor agonist DG01951  Catecholamine adrenergic receptor agonist Metabolizing enzyme substrate DG01592  COMT substrate DG02917  MAO substrate,4,D00076;D05206;D08284;D09794,C01CA03,
DG00213,Dopamine,Chemical,Cardiovascular agent DG01703  Cardiotonic DG01699  Catecholamine cardiotonic Neuropsychiatric agent DG01472  Dopamine agonist Metabolizing enzyme substrate DG01592  COMT substrate DG02917  MAO substrate DG03179  MAOB substrate Transporter substrate DG02854  SLC22A2 substrate,2,D07870;D00633,C01CA04,
DG00214,Norfenefrine,Chemical,Cardiovascular agent DG01703  Cardiotonic DG01702  Phenethylamine cardiotonic DG01456  Adrenergic receptor agonist DG01450  alpha-Adrenergic receptor agonist DG01448  alpha1-Adrenergic receptor agonist,2,D08286;D01405,C01CA05,
DG00215,Phenylephrine,Chemical,Cardiovascular agent DG01703  Cardiotonic DG01702  Phenethylamine cardiotonic DG01456  Adrenergic receptor agonist DG01450  alpha-Adrenergic receptor agonist DG01448  alpha1-Adrenergic receptor agonist,4,D08365;D00511;D08366;D08966,C01CA06 R01AA04 R01AB01 R01BA03 S01FB01 S01GA05,
DG00216,Dobutamine,Chemical,Cardiovascular agent DG01703  Cardiotonic DG01699  Catecholamine cardiotonic DG01456  Adrenergic receptor agonist DG01455  beta-Adrenergic receptor agonist DG01451  beta1-Adrenergic receptor agonist DG01951  Catecholamine adrenergic receptor agonist,4,D03879;D00632;D03880;D03881,C01CA07,
DG00217,Oxedrine,Chemical,Cardiovascular agent DG01703  Cardiotonic DG01702  Phenethylamine cardiotonic DG01456  Adrenergic receptor agonist DG01450  alpha-Adrenergic receptor agonist,3,D07148;D08308;D08309,C01CA08 S01GA06,
DG00218,Metaraminol,Chemical,Cardiovascular agent DG01703  Cardiotonic DG01702  Phenethylamine cardiotonic DG01456  Adrenergic receptor agonist DG01450  alpha-Adrenergic receptor agonist,2,D08192;D01019,C01CA09,
DG00219,Methoxamine,Chemical,Cardiovascular agent DG01703  Cardiotonic DG01702  Phenethylamine cardiotonic DG01456  Adrenergic receptor agonist DG01450  alpha-Adrenergic receptor agonist DG01448  alpha1-Adrenergic receptor agonist,2,D08201;D01020,C01CA10,
DG00220,Mephentermine,Chemical,Cardiovascular agent DG01703  Cardiotonic DG01702  Phenethylamine cardiotonic,2,D08180;D01018,C01CA11,
DG00221,Prenalterol,Chemical,Cardiovascular agent DG01703  Cardiotonic DG01702  Phenethylamine cardiotonic,1,D05606,C01CA13,
DG00222,Dopexamine,Chemical,Cardiovascular agent DG01703  Cardiotonic DG01699  Catecholamine cardiotonic DG01456  Adrenergic receptor agonist DG01455  beta-Adrenergic receptor agonist DG01452  beta2-Adrenergic receptor agonist DG01951  Catecholamine adrenergic receptor agonist Neuropsychiatric agent DG01472  Dopamine agonist,2,D03891;D03892,C01CA14,
DG00223,Ibopamine,Chemical,Cardiovascular agent DG01703  Cardiotonic DG01699  Catecholamine cardiotonic Neuropsychiatric agent DG01472  Dopamine agonist,2,D04488;D08057,C01CA16 S01FB03,
DG00224,Midodrine,Chemical,Cardiovascular agent DG01703  Cardiotonic DG01702  Phenethylamine cardiotonic DG01456  Adrenergic receptor agonist DG01450  alpha-Adrenergic receptor agonist DG01448  alpha1-Adrenergic receptor agonist Metabolizing enzyme inhibitor DG01645  CYP2D6 inhibitor,2,D08220;D01307,C01CA17,
DG00225,Octopamine,Chemical,Cardiovascular agent DG01703  Cardiotonic DG01702  Phenethylamine cardiotonic DG01699  Catecholamine cardiotonic,1,D00178,C01CA18,
DG00226,Fenoldopam,Chemical,Neuropsychiatric agent DG01472  Dopamine agonist DG01467  Dopamine D1-receptor agonist,2,D07946;D00613,C01CA19,
DG00227,Ephedrine,Chemical,Cardiovascular agent DG01703  Cardiotonic DG01702  Phenethylamine cardiotonic DG01456  Adrenergic receptor agonist,3,D00124;D01386;D04018,C01CA26 R01AA03 R01AB05 R03CA02 S01FB02,
DG00228,Amrinone,Chemical,Cardiovascular agent DG01703  Cardiotonic DG01757  Amrinone type cardiotonic DG01507  Phosphodiesterase III inhibitor DG01757  Amrinone type cardiotonic,2,D00231;D02084,C01CE01,
DG00229,Milrinone,Chemical,Cardiovascular agent DG01703  Cardiotonic DG01757  Amrinone type cardiotonic DG01507  Phosphodiesterase III inhibitor DG01757  Amrinone type cardiotonic Metabolizing enzyme substrate DG02924  UGT substrate,2,D00417;D02085,C01CE02,
DG00230,Bucladesine,Chemical,Cardiovascular agent DG01703  Cardiotonic,2,D07546;D01238,C01CE04,
DG00231,Xamoterol,Chemical,Cardiovascular agent DG01703  Cardiotonic,2,D06328;D06329,C01CX07,
DG00232,Prenylamine,Chemical,,2,D02383;D02167,C01DX02,
DG00233,Oxyfedrine,Chemical,,2,D08321;D01233,C01DX03,
DG00234,Carbocromen,Chemical,,2,D07619;D01812,C01DX05,
DG00235,Etafenone,Chemical,,2,D07922;D01440,C01DX07,
DG00236,Heptaminol,Chemical,,3,D07158;D08037;D08038,C01DX08,
DG00237,Dilazep,Chemical,,2,D07843;D02631,C01DX10,
DG00238,Nesiritide,Chemical,,2,D05147;D05148,C01DX19,
DG00239,Alprostadil,Chemical,Hormonal agent DG01961  Prostaglandin derivative DG01611  Prostaglandin E1 derivative,2,D00180;D02705,C01EA01 G04BE01,
DG00240,Camphora,Chemical,,2,D00098;D06392,C01EB02,
DG00241,Indometacin,Chemical,"Anti-inflammatory DG01504  Nonsteroidal anti-inflammatory drug (NSAID) DG01906  Anti-inflammatory drug, acetic acid derivatives DG01899  Anti-inflammatory drug, indoleacetic acid derivatives",3,D00141;D01565;D02110,C01EB03 M01AB01 M02AA23 S01BC01,
DG00242,Fructose,Chemical,,1,D00114,V06DC02,
DG00243,Adenosine,Chemical,,5,D00045;D02300;D02769;D08646;D08647,C01EB10,
DG00244,Trimetazidine,Chemical,,2,D08642;D01606,C01EB15,
DG00245,Ibuprofen,Chemical,"Anti-inflammatory DG01504  Nonsteroidal anti-inflammatory drug (NSAID) DG01908  Anti-inflammatory drug, propionic acid derivatives Metabolizing enzyme substrate DG01642  CYP2C9 substrate",7,D00126;D01122;D04490;D06606;D08058;D08059;D09760,C01EB16 G02CC01 M01AE01 M02AA13 R02AX02,
DG00246,Ivabradine,Chemical,Metabolizing enzyme substrate DG01633  CYP3A/CYP3A4 substrate DG02913  CYP3A4 substrate,2,D07165;D08095,C01EB17,
DG00247,Ranolazine,Chemical,Metabolizing enzyme substrate DG01633  CYP3A/CYP3A4 substrate Metabolizing enzyme inhibitor DG01645  CYP2D6 inhibitor Transporter substrate DG01665  ABCB1 substrate,2,D05700;D05701,C01EB18,
DG00248,Methyldopa (levorotatory),Chemical,Cardiovascular agent DG01738  Centrally-acting antiadrenergic DG01456  Adrenergic receptor agonist DG01450  alpha-Adrenergic receptor agonist DG01449  alpha2-Adrenergic receptor agonist DG01951  Catecholamine adrenergic receptor agonist DG01617  Catecholamine synthesis inhibitors DG03231  Antihypertensive,2,D08205;D00405,C02AB01,
DG00249,Clonidine,Chemical,Cardiovascular agent DG01738  Centrally-acting antiadrenergic DG01456  Adrenergic receptor agonist DG01450  alpha-Adrenergic receptor agonist DG01449  alpha2-Adrenergic receptor agonist DG03231  Antihypertensive,2,D00281;D00604,C02AC01 N02CX02 S01EA04,
DG00250,Guanfacine,Chemical,Cardiovascular agent DG01738  Centrally-acting antiadrenergic DG01456  Adrenergic receptor agonist DG01450  alpha-Adrenergic receptor agonist DG01449  alpha2-Adrenergic receptor agonist Metabolizing enzyme substrate DG01633  CYP3A/CYP3A4 substrate DG02913  CYP3A4 substrate DG02925  CYP3A5 substrate,2,D08031;D00606,C02AC02,
DG00251,Trimetaphan,Chemical,Cardiovascular agent DG01695  Ganglion-blocking antiadrenergic,1,D00612,C02BA01,
DG00252,Mecamylamine,Chemical,Cardiovascular agent DG01695  Ganglion-blocking antiadrenergic,1,D00611,C02BB01,
DG00253,Prazosin,Chemical,Cardiovascular agent DG01466  Adrenergic receptor antagonist DG01465  alpha-Adrenergic receptor antagonist DG01457  alpha1-Adrenergic receptor antagonist DG01739  Peripherally-acting antiadrenergic DG03231  Antihypertensive Transporter inhibitor DG02881  SLC22A3 inhibitor,2,D08411;D00609,C02CA01,
DG00254,Indoramin,Chemical,Cardiovascular agent DG01466  Adrenergic receptor antagonist DG01465  alpha-Adrenergic receptor antagonist DG01457  alpha1-Adrenergic receptor antagonist DG01739  Peripherally-acting antiadrenergic,2,D04531;D04532,C02CA02,
DG00255,Trimazosin,Chemical,Cardiovascular agent DG01466  Adrenergic receptor antagonist DG01465  alpha-Adrenergic receptor antagonist DG01457  alpha1-Adrenergic receptor antagonist DG01739  Peripherally-acting antiadrenergic,2,D08212;D06234,C02CA03,
DG00256,Doxazosin,Chemical,Cardiovascular agent DG01466  Adrenergic receptor antagonist DG01465  alpha-Adrenergic receptor antagonist DG01457  alpha1-Adrenergic receptor antagonist DG01739  Peripherally-acting antiadrenergic DG03231  Antihypertensive,2,D07874;D00608,C02CA04,
DG00257,Urapidil,Chemical,Cardiovascular agent DG01466  Adrenergic receptor antagonist DG01465  alpha-Adrenergic receptor antagonist DG01457  alpha1-Adrenergic receptor antagonist DG01739  Peripherally-acting antiadrenergic DG03231  Antihypertensive Metabolizing enzyme substrate DG01644  CYP2D6 substrate,2,D01333;D08662,C02CA06,
DG00258,Guanethidine,Chemical,Cardiovascular agent DG01739  Peripherally-acting antiadrenergic Neuropsychiatric agent DG03085  Selective norepinephrine reuptake inhibitor (NRI) Ophthalmic agent DG03201  Intraocular pressure lowering agent,3,D08030;D02237;D04382,C02CC02 S01EX01,
DG00259,Debrisoquine,Chemical,Cardiovascular agent DG01739  Peripherally-acting antiadrenergic,1,D03664,C02CC04,
DG00260,Dihydralazine,Chemical,Cardiovascular agent DG02046  Hydrazinophthalazine derivative,2,D07170;D07830,C02DB01,
DG00261,Hydralazine,Chemical,Cardiovascular agent DG03231  Antihypertensive DG02046  Hydrazinophthalazine derivative Metabolizing enzyme substrate DG02928  NAT substrate Metabolizing enzyme inhibitor DG01645  CYP2D6 inhibitor,3,D08044;D01302;D04458,C02DB02,
DG00262,Endralazine,Chemical,Cardiovascular agent DG02046  Hydrazinophthalazine derivative,2,D08254;D03994,C02DB03,
DG00263,Nitroprusside,Chemical,Cardiovascular agent DG03231  Antihypertensive,1,D00614,C02DD01,
DG00264,Pargyline,Chemical,Neuropsychiatric agent DG01568  MAO inhibitor DG01519  Non-selective monoamine oxidase inhibitor,2,D08453;D02564,C02KC01,
DG00265,Ketanserin,Chemical,Cardiovascular agent DG01466  Adrenergic receptor antagonist DG01465  alpha-Adrenergic receptor antagonist DG01457  alpha1-Adrenergic receptor antagonist Anti-allergic agent DG01557  Histamine receptor antagonist DG01482  Histamine receptor H1 antagonist,2,D02363;D08099,C02KD01,
DG00266,Bosentan,Chemical,Cardiovascular agent DG01502  Endothelin receptor antagonist Metabolizing enzyme substrate DG01642  CYP2C9 substrate DG01633  CYP3A/CYP3A4 substrate DG02913  CYP3A4 substrate Metabolizing enzyme inducer DG02886  CYP2C9 inducer DG02853  CYP3A/CYP3A4 inducer DG01635  CYP3A4 inducer,2,D07538;D01227,C02KX01,
DG00267,Sitaxentan,Chemical,Cardiovascular agent DG01502  Endothelin receptor antagonist,2,D07171;D08517,C02KX03,
DG00268,Chlorothiazide,Chemical,Cardiovascular agent DG03231  Antihypertensive DG01749  Thiazide diuretic DG01690  Sulfonamide diuretic DG01749  Thiazide diuretic,2,D00519;D03471,C03AA04,
DG00269,Indapamide,Chemical,Cardiovascular agent DG03231  Antihypertensive DG02992  Thiazide related diuretic DG01690  Sulfonamide diuretic DG02992  Thiazide related diuretic,2,D00345;D06401,C03BA11,
DG00270,Fenquizone,Chemical,Cardiovascular agent DG03231  Antihypertensive DG02992  Thiazide related diuretic DG01690  Sulfonamide diuretic DG02992  Thiazide related diuretic,2,D04161;D07955,C03BA13,
DG00271,Cicletanine,Chemical,,2,D03487;D07697,C03BX03,
DG00272,Furosemide,Chemical,Cardiovascular agent DG01690  Sulfonamide diuretic DG01747  Furosemide type diuretic DG01748  Loop diuretic DG01747  Furosemide type diuretic Transporter substrate DG02920  ABCC4 substrate DG02859  SLC22A6 substrate DG02860  SLC22A8 substrate,3,D00331;D07999;D08001,C03CA01,
DG00273,Torasemide,Chemical,Cardiovascular agent DG01690  Sulfonamide diuretic DG01747  Furosemide type diuretic DG01748  Loop diuretic DG01747  Furosemide type diuretic Metabolizing enzyme substrate DG02918  CYP2C8 substrate DG01642  CYP2C9 substrate,2,D00382;D08619,C03CA04,
DG00274,Etacrynic acid,Chemical,Cardiovascular agent DG01748  Loop diuretic,2,D00313;D04079,C03CC01,
DG00275,Amiloride,Chemical,Cardiovascular agent DG01885  Potassium-sparing diuretic,2,D07447;D00649,C03DB01,
DG00276,Conivaptan,Chemical,Cardiovascular agent DG01506  Arginine vasopressin receptor 2 (AVPR2) antagonist Metabolizing enzyme substrate DG01633  CYP3A/CYP3A4 substrate Metabolizing enzyme inhibitor DG02852  CYP3A/CYP3A4 inhibitor,2,D07748;D01236,C03XA02,
DG00277,Isoxsuprine,Chemical,Cardiovascular agent DG01456  Adrenergic receptor agonist DG01455  beta-Adrenergic receptor agonist DG01452  beta2-Adrenergic receptor agonist,3,D08092;D01748;D08093,C04AA01,
DG00278,Buphenine,Chemical,,2,D07551;D01543,C04AA02 G02CA02,
DG00279,Bamethan,Chemical,,2,D07490;D01673,C04AA31,
DG00280,Phentolamine,Chemical,Cardiovascular agent DG01466  Adrenergic receptor antagonist DG01465  alpha-Adrenergic receptor antagonist DG03231  Antihypertensive,2,D08362;D00509,C04AB01 V03AB36,
DG00281,Tolazoline,Chemical,Cardiovascular agent DG01466  Adrenergic receptor antagonist DG01465  alpha-Adrenergic receptor antagonist,2,D08614;D00997,C04AB02 M02AX02,
DG00282,Nicotinic acid,Chemical,,3,D00049;D01419;D04991,C04AC01 C10AD02,
DG00283,Nicergoline,Chemical,"Cardiovascular agent DG01466  Adrenergic receptor antagonist DG01465  alpha-Adrenergic receptor antagonist DG01457  alpha1-Adrenergic receptor antagonist Neuropsychiatric agent DG01964  Ergot alkaloid DG01963  Vasodilator, ergot alkaloid",2,D01290;D08271,C04AE02,
DG00284,Dihydroergocristine,Chemical,"Neuropsychiatric agent DG01964  Ergot alkaloid DG01963  Vasodilator, ergot alkaloid",2,D07834;D07833,C04AE04,
DG00285,Phenoxybenzamine,Chemical,Cardiovascular agent DG01466  Adrenergic receptor antagonist DG01465  alpha-Adrenergic receptor antagonist,2,D08358;D00507,C04AX02,
DG00286,Vincamine,Chemical,"Cardiovascular agent DG03055  Vinca alkaloid, vasodilator",2,D08677;D08678,C04AX07,
DG00287,Moxisylyte,Chemical,Cardiovascular agent DG01466  Adrenergic receptor antagonist DG01465  alpha-Adrenergic receptor antagonist DG01457  alpha1-Adrenergic receptor antagonist,2,D08239;D01571,C04AX10 G04BE06,
DG00288,Bencyclane,Chemical,,2,D07500;D01197,C04AX11,
DG00289,Buflomedil,Chemical,,2,D07176;D07548,C04AX20,
DG00290,Naftidrofuryl,Chemical,,2,D08244;D05107,C04AX21,
DG00291,Cetiedil,Chemical,,1,D03450,C04AX26,
DG00292,Ifenprodil,Chemical,Cardiovascular agent DG01466  Adrenergic receptor antagonist DG01465  alpha-Adrenergic receptor antagonist DG01457  alpha1-Adrenergic receptor antagonist Neuropsychiatric agent DG01498  NMDA receptor antagonist,2,D08064;D01445,C04AX28,
DG00293,Fasudil,Chemical,,3,D07941;D01840;D03115,C04AX32,
DG00294,Fluorometholone,Chemical,Anti-inflammatory DG01955  Corticosteroid DG02068  Glucocorticoid,2,D01367;D04221,C05AA06 D07AB06 D07XB04 D10AA01 S01BA07 S01CB05,
DG00295,Fluocortolone,Chemical,Anti-inflammatory DG01955  Corticosteroid DG02068  Glucocorticoid,3,D04218;D04219;D07973,C05AA08 D07AC05 D07XC05 H02AB03,
DG00296,Tetracaine,Chemical,Neuropsychiatric agent DG02030  Anesthetics DG01675  Local anesthetic DG01674  Esterified local anesthetic,2,D00551;D00741,C05AD02 D04AB06 N01BA03 S01HA03,
DG00297,Dibucaine Cinchocaine,Chemical,Neuropsychiatric agent DG02030  Anesthetics DG01675  Local anesthetic DG01673  Amide type local anesthetic,2,D00733;D02220,C05AD04 D04AB02 N01BB06 S01HA06 S02DA04,
DG00298,Procaine,Chemical,Neuropsychiatric agent DG02030  Anesthetics DG01675  Local anesthetic DG01674  Esterified local anesthetic,2,D08422;D00740,C05AD05 N01BA02 S01HA05,
DG00299,Oxetacaine,Chemical,Neuropsychiatric agent DG02030  Anesthetics DG01675  Local anesthetic DG01673  Amide type local anesthetic Gastrointestinal agent DG01975  Agents for peptic ulcer,2,D01152;D08311,C05AD06,
DG00300,Pramocaine,Chemical,,2,D08407;D00739,C05AD07 D04AB07,
DG00301,Phenol,Chemical,Neuropsychiatric agent DG02030  Anesthetics DG01675  Local anesthetic,2,D00033;D06534,C05BB05 D08AE03 N01BX03 R02AA19,
DG00302,Rutoside,Chemical,,2,D08499;D00190,C05CA01,
DG00303,Alprenolol,Chemical,Cardiovascular agent DG01466  Adrenergic receptor antagonist DG01464  beta-Adrenergic receptor antagonist (Beta blocker) DG01653  Antiarrhythmics DG01806  Class II antiarrhythmic agent Metabolizing enzyme substrate DG01644  CYP2D6 substrate,2,D07156;D01182,C07AA01,
DG00304,Oxprenolol,Chemical,Cardiovascular agent DG01466  Adrenergic receptor antagonist DG01464  beta-Adrenergic receptor antagonist (Beta blocker) DG01653  Antiarrhythmics DG01806  Class II antiarrhythmic agent,2,D08318;D01806,C07AA02,
DG00305,Propranolol,Chemical,Cardiovascular agent DG01466  Adrenergic receptor antagonist DG01464  beta-Adrenergic receptor antagonist (Beta blocker) DG01653  Antiarrhythmics DG01806  Class II antiarrhythmic agent DG03231  Antihypertensive Metabolizing enzyme substrate DG01892  CYP1A2 substrate DG01639  CYP2C19 substrate DG01644  CYP2D6 substrate,2,D08443;D00483,C07AA05,
DG00306,Timolol,Chemical,Cardiovascular agent DG01466  Adrenergic receptor antagonist DG01464  beta-Adrenergic receptor antagonist (Beta blocker) Ophthalmic agent DG03201  Intraocular pressure lowering agent Metabolizing enzyme substrate DG01644  CYP2D6 substrate,3,D08600;D00378;D00603,C07AA06 S01ED01,
DG00307,Sotalol,Chemical,Cardiovascular agent DG01466  Adrenergic receptor antagonist DG01464  beta-Adrenergic receptor antagonist (Beta blocker) DG01653  Antiarrhythmics DG01648  Class III antiarrhythmic agent,2,D08525;D01026,C07AA07,
DG00308,Carteolol,Chemical,Cardiovascular agent DG01466  Adrenergic receptor antagonist DG01464  beta-Adrenergic receptor antagonist (Beta blocker) DG01653  Antiarrhythmics DG01806  Class II antiarrhythmic agent DG03231  Antihypertensive Ophthalmic agent DG03201  Intraocular pressure lowering agent Metabolizing enzyme substrate DG01644  CYP2D6 substrate,2,D07624;D00599,C07AA15 S01ED05,
DG00309,Tertatolol,Chemical,Cardiovascular agent DG01466  Adrenergic receptor antagonist DG01464  beta-Adrenergic receptor antagonist (Beta blocker) DG01653  Antiarrhythmics DG01806  Class II antiarrhythmic agent,2,D07182;D08572,C07AA16,
DG00310,Bopindolol,Chemical,Cardiovascular agent DG01466  Adrenergic receptor antagonist DG01464  beta-Adrenergic receptor antagonist (Beta blocker) Metabolizing enzyme substrate DG01644  CYP2D6 substrate,2,D07537;D01794,C07AA17,
DG00311,Bupranolol,Chemical,Cardiovascular agent DG01466  Adrenergic receptor antagonist DG01464  beta-Adrenergic receptor antagonist (Beta blocker),2,D07590;D01454,C07AA19,
DG00312,Penbutolol,Chemical,Cardiovascular agent DG01466  Adrenergic receptor antagonist DG01464  beta-Adrenergic receptor antagonist (Beta blocker) DG01653  Antiarrhythmics DG01806  Class II antiarrhythmic agent,2,D08074;D00602,C07AA23,
DG00313,Metoprolol,Chemical,Cardiovascular agent DG01466  Adrenergic receptor antagonist DG01464  beta-Adrenergic receptor antagonist (Beta blocker) DG01461  beta1-Adrenergic receptor antagonist DG01653  Antiarrhythmics DG01806  Class II antiarrhythmic agent DG03231  Antihypertensive Metabolizing enzyme substrate DG01644  CYP2D6 substrate,4,D02358;D00601;D00635;D05011,C07AB02,
DG00314,Acebutolol,Chemical,Cardiovascular agent DG01466  Adrenergic receptor antagonist DG01464  beta-Adrenergic receptor antagonist (Beta blocker) DG01461  beta1-Adrenergic receptor antagonist DG01653  Antiarrhythmics DG01806  Class II antiarrhythmic agent,2,D02338;D00597,C07AB04,
DG00315,Betaxolol,Chemical,Cardiovascular agent DG01466  Adrenergic receptor antagonist DG01464  beta-Adrenergic receptor antagonist (Beta blocker) DG01461  beta1-Adrenergic receptor antagonist DG03231  Antihypertensive Ophthalmic agent DG03201  Intraocular pressure lowering agent,2,D07526;D00598,C07AB05 S01ED02,
DG00316,Bisoprolol,Chemical,Cardiovascular agent DG01466  Adrenergic receptor antagonist DG01464  beta-Adrenergic receptor antagonist (Beta blocker) DG01461  beta1-Adrenergic receptor antagonist DG01653  Antiarrhythmics DG01806  Class II antiarrhythmic agent DG03231  Antihypertensive,2,D02342;D00634,C07AB07,
DG00317,Celiprolol,Chemical,Cardiovascular agent DG01466  Adrenergic receptor antagonist DG01464  beta-Adrenergic receptor antagonist (Beta blocker) DG01461  beta1-Adrenergic receptor antagonist DG03231  Antihypertensive,2,D07660;D01741,C07AB08,
DG00318,Esmolol,Chemical,Cardiovascular agent DG01466  Adrenergic receptor antagonist DG01464  beta-Adrenergic receptor antagonist (Beta blocker) DG01461  beta1-Adrenergic receptor antagonist DG01653  Antiarrhythmics DG01806  Class II antiarrhythmic agent,2,D07916;D00644,C07AB09,
DG00319,Nebivolol,Chemical,Cardiovascular agent DG01466  Adrenergic receptor antagonist DG01464  beta-Adrenergic receptor antagonist (Beta blocker) DG01461  beta1-Adrenergic receptor antagonist DG03231  Antihypertensive Metabolizing enzyme substrate DG01644  CYP2D6 substrate,2,D05127;D06622,C07AB12,
DG00320,Labetalol,Chemical,Cardiovascular agent DG01466  Adrenergic receptor antagonist DG03180  alpha1 and beta-Adrenergic receptor antagonist DG03231  Antihypertensive DG03180  alpha1 and beta-Adrenergic receptor antagonist,2,D08106;D00600,C07AG01,
DG00321,Carvedilol,Chemical,Cardiovascular agent DG01466  Adrenergic receptor antagonist DG03180  alpha1 and beta-Adrenergic receptor antagonist DG03231  Antihypertensive DG03180  alpha1 and beta-Adrenergic receptor antagonist Metabolizing enzyme substrate DG01892  CYP1A2 substrate DG01642  CYP2C9 substrate DG01644  CYP2D6 substrate DG02855  CYP2E1 substrate DG01633  CYP3A/CYP3A4 substrate DG02913  CYP3A4 substrate Transporter inhibitor DG01622  ABCB1 inhibitor,2,D00255;D03415,C07AG02,
DG00322,Amlodipine,Chemical,Cardiovascular agent DG01575  Calcium channel blocker DG01496  Calcium channel L type blocker DG03231  Antihypertensive DG01928  Dihydropyridine calcium channel blocker Metabolizing enzyme substrate DG01633  CYP3A/CYP3A4 substrate DG02913  CYP3A4 substrate,4,D07450;D00615;D02914;D11881,C08CA01,
DG00323,Nicardipine,Chemical,Cardiovascular agent DG01575  Calcium channel blocker DG01496  Calcium channel L type blocker DG03231  Antihypertensive DG01928  Dihydropyridine calcium channel blocker Metabolizing enzyme substrate DG01633  CYP3A/CYP3A4 substrate DG02913  CYP3A4 substrate,2,D08270;D00617,C08CA04,
DG00324,Manidipine,Chemical,Cardiovascular agent DG01575  Calcium channel blocker DG01496  Calcium channel L type blocker DG03231  Antihypertensive DG01928  Dihydropyridine calcium channel blocker Metabolizing enzyme substrate DG01633  CYP3A/CYP3A4 substrate DG02913  CYP3A4 substrate,2,D08155;D01553,C08CA11,
DG00325,Barnidipine,Chemical,Cardiovascular agent DG01575  Calcium channel blocker DG01496  Calcium channel L type blocker DG03231  Antihypertensive DG01928  Dihydropyridine calcium channel blocker Metabolizing enzyme substrate DG01633  CYP3A/CYP3A4 substrate DG02913  CYP3A4 substrate,2,D07494;D01104,C08CA12,
DG00326,Lercanidipine,Chemical,Cardiovascular agent DG01575  Calcium channel blocker DG03231  Antihypertensive DG01928  Dihydropyridine calcium channel blocker Metabolizing enzyme substrate DG01633  CYP3A/CYP3A4 substrate,2,D08111;D01849,C08CA13,
DG00327,Benidipine,Chemical,Cardiovascular agent DG01575  Calcium channel blocker DG01496  Calcium channel L type blocker DG03231  Antihypertensive DG01928  Dihydropyridine calcium channel blocker Metabolizing enzyme substrate DG01633  CYP3A/CYP3A4 substrate DG02913  CYP3A4 substrate,2,D07509;D02045,C08CA15,
DG00328,Mibefradil,Chemical,Cardiovascular agent DG01575  Calcium channel blocker DG01573  Calcium channel T type blocker Metabolizing enzyme inhibitor DG01634  CYP1A2 inhibitor DG01645  CYP2D6 inhibitor DG02852  CYP3A/CYP3A4 inhibitor,2,D08217;D05024,C08CX01,
DG00329,Verapamil,Chemical,Cardiovascular agent DG01575  Calcium channel blocker DG01496  Calcium channel L type blocker DG01653  Antiarrhythmics DG01807  Phenylalkylamine derivative Metabolizing enzyme substrate DG01633  CYP3A/CYP3A4 substrate DG02913  CYP3A4 substrate Transporter substrate DG01665  ABCB1 substrate Transporter inhibitor DG01622  ABCB1 inhibitor,2,D02356;D00619,C08DA01,
DG00330,Gallopamil,Chemical,Cardiovascular agent DG01575  Calcium channel blocker DG01496  Calcium channel L type blocker DG01653  Antiarrhythmics DG01807  Phenylalkylamine derivative,2,D08009;D01969,C08DA02,
DG00331,Diltiazem,Chemical,Cardiovascular agent DG01575  Calcium channel blocker DG01496  Calcium channel L type blocker DG01653  Antiarrhythmics DG03231  Antihypertensive Metabolizing enzyme substrate DG01633  CYP3A/CYP3A4 substrate DG02913  CYP3A4 substrate,3,D07845;D00616;D03830,C05AE03 C08DB01,
DG00332,Fendiline,Chemical,Cardiovascular agent DG01575  Calcium channel blocker DG01496  Calcium channel L type blocker DG01653  Antiarrhythmics DG01807  Phenylalkylamine derivative,2,D07185;D07943,C08EA01,
DG00333,Bepridil,Chemical,Cardiovascular agent DG01575  Calcium channel blocker DG01496  Calcium channel L type blocker DG01653  Antiarrhythmics DG01807  Phenylalkylamine derivative Metabolizing enzyme substrate DG01642  CYP2C9 substrate DG01644  CYP2D6 substrate DG01633  CYP3A/CYP3A4 substrate DG02913  CYP3A4 substrate Metabolizing enzyme inhibitor DG01645  CYP2D6 inhibitor,2,D07520;D00631,C08EA02,
DG00334,Perhexiline,Chemical,Cardiovascular agent DG01575  Calcium channel blocker DG01496  Calcium channel L type blocker Metabolizing enzyme substrate DG01644  CYP2D6 substrate,2,D08340;D05442,C08EX02,
DG00335,Enalapril,Chemical,Cardiovascular agent DG01925  Renin-angiotensin system inhibitor DG01501  Angiotensin-converting enzyme inhibitor DG03231  Antihypertensive DG01501  Angiotensin-converting enzyme inhibitor,2,D07892;D00621,C09AA02,
DG00336,Lisinopril,Chemical,Cardiovascular agent DG01925  Renin-angiotensin system inhibitor DG01501  Angiotensin-converting enzyme inhibitor DG03231  Antihypertensive DG01501  Angiotensin-converting enzyme inhibitor,2,D08131;D00362,C09AA03,
DG00337,Perindopril,Chemical,Cardiovascular agent DG01925  Renin-angiotensin system inhibitor DG01501  Angiotensin-converting enzyme inhibitor DG03231  Antihypertensive DG01501  Angiotensin-converting enzyme inhibitor,3,D03753;D00624;D11580,C09AA04,
DG00338,Quinapril,Chemical,Cardiovascular agent DG01925  Renin-angiotensin system inhibitor DG01501  Angiotensin-converting enzyme inhibitor DG03231  Antihypertensive DG01501  Angiotensin-converting enzyme inhibitor,2,D03752;D00459,C09AA06,
DG00339,Benazepril,Chemical,Cardiovascular agent DG01925  Renin-angiotensin system inhibitor DG01501  Angiotensin-converting enzyme inhibitor DG03231  Antihypertensive DG01501  Angiotensin-converting enzyme inhibitor Metabolizing enzyme substrate DG02924  UGT substrate,2,D07499;D00620,C09AA07,
DG00340,Cilazapril,Chemical,Cardiovascular agent DG01925  Renin-angiotensin system inhibitor DG01501  Angiotensin-converting enzyme inhibitor DG03231  Antihypertensive DG01501  Angiotensin-converting enzyme inhibitor,2,D07699;D01069,C09AA08,
DG00341,Fosinopril,Chemical,Cardiovascular agent DG01925  Renin-angiotensin system inhibitor DG01501  Angiotensin-converting enzyme inhibitor DG03231  Antihypertensive DG01501  Angiotensin-converting enzyme inhibitor,2,D07992;D00622,C09AA09,
DG00342,Spirapril,Chemical,Cardiovascular agent DG01925  Renin-angiotensin system inhibitor DG01501  Angiotensin-converting enzyme inhibitor DG03231  Antihypertensive DG01501  Angiotensin-converting enzyme inhibitor,2,D08529;D03765,C09AA11,
DG00343,Delapril,Chemical,Cardiovascular agent DG01925  Renin-angiotensin system inhibitor DG01501  Angiotensin-converting enzyme inhibitor DG03231  Antihypertensive DG01501  Angiotensin-converting enzyme inhibitor,2,D07781;D01667,C09AA12,
DG00344,Moexipril,Chemical,Cardiovascular agent DG01925  Renin-angiotensin system inhibitor DG01501  Angiotensin-converting enzyme inhibitor DG03231  Antihypertensive DG01501  Angiotensin-converting enzyme inhibitor,2,D08225;D00623,C09AA13,
DG00345,Temocapril,Chemical,Cardiovascular agent DG01925  Renin-angiotensin system inhibitor DG01501  Angiotensin-converting enzyme inhibitor DG03231  Antihypertensive DG01501  Angiotensin-converting enzyme inhibitor,2,D08566;D01119,C09AA14,
DG00346,Zofenopril,Chemical,Cardiovascular agent DG01925  Renin-angiotensin system inhibitor DG01501  Angiotensin-converting enzyme inhibitor DG03231  Antihypertensive DG01501  Angiotensin-converting enzyme inhibitor,2,D08688;D03767,C09AA15,
DG00347,Imidapril,Chemical,Cardiovascular agent DG01925  Renin-angiotensin system inhibitor DG01501  Angiotensin-converting enzyme inhibitor DG03231  Antihypertensive DG01501  Angiotensin-converting enzyme inhibitor,2,D08068;D01549,C09AA16,
DG00348,Losartan,Chemical,Cardiovascular agent DG01925  Renin-angiotensin system inhibitor DG01495  Angiotensin II receptor antagonist DG03231  Antihypertensive DG01495  Angiotensin II receptor antagonist Metabolizing enzyme substrate DG01642  CYP2C9 substrate,2,D08146;D00357,C09CA01,
DG00349,Eprosartan,Chemical,Cardiovascular agent DG01925  Renin-angiotensin system inhibitor DG01495  Angiotensin II receptor antagonist DG03231  Antihypertensive DG01495  Angiotensin II receptor antagonist,2,D04040;D02082,C09CA02,
DG00350,Candesartan,Chemical,Cardiovascular agent DG01925  Renin-angiotensin system inhibitor DG01495  Angiotensin II receptor antagonist DG03231  Antihypertensive DG01495  Angiotensin II receptor antagonist Metabolizing enzyme substrate DG01642  CYP2C9 substrate,2,D00522;D00626,C09CA06,
DG00351,Azilsartan,Chemical,Cardiovascular agent DG01925  Renin-angiotensin system inhibitor DG01495  Angiotensin II receptor antagonist DG03231  Antihypertensive DG01495  Angiotensin II receptor antagonist,3,D08864;D08067;D08865,C09CA09,
DG00352,Aliskiren,Chemical,Cardiovascular agent DG01925  Renin-angiotensin system inhibitor DG01923  Renin inhibitor DG03231  Antihypertensive DG01923  Renin inhibitor Metabolizing enzyme substrate DG01633  CYP3A/CYP3A4 substrate DG02913  CYP3A4 substrate Transporter substrate DG01665  ABCB1 substrate,2,D03208;D06412,C09XA02,
DG00353,Pravastatin,Chemical,Hypolipidemic agent DG01946  Hypolipidemic agent DG01660  HMG-CoA reductase inhibitor Transporter substrate DG02861  ABCC2 substrate DG02856  SLCO1B1 substrate DG02933  SLCO2B1 substrate,2,D08410;D00893,C10AA03,
DG00354,Fluvastatin,Chemical,Hypolipidemic agent DG01946  Hypolipidemic agent DG01660  HMG-CoA reductase inhibitor Metabolizing enzyme substrate DG01642  CYP2C9 substrate DG01633  CYP3A/CYP3A4 substrate DG02913  CYP3A4 substrate Metabolizing enzyme inhibitor DG01643  CYP2C9 inhibitor Transporter substrate DG02856  SLCO1B1 substrate Transporter inhibitor DG02882  ABCB11 inhibitor,2,D07983;D00892,C10AA04,
DG00355,Atorvastatin,Chemical,Hypolipidemic agent DG01946  Hypolipidemic agent DG01660  HMG-CoA reductase inhibitor Metabolizing enzyme substrate DG01633  CYP3A/CYP3A4 substrate DG02913  CYP3A4 substrate Transporter substrate DG01665  ABCB1 substrate DG01913  ABCG2 substrate DG02856  SLCO1B1 substrate DG02932  SLCO1B3 substrate,4,D07474;D00887;D02258;D11095,C10AA05,
DG00356,Cerivastatin,Chemical,Hypolipidemic agent DG01946  Hypolipidemic agent DG01660  HMG-CoA reductase inhibitor Metabolizing enzyme substrate DG02918  CYP2C8 substrate DG01633  CYP3A/CYP3A4 substrate DG02913  CYP3A4 substrate,2,D07661;D00889,C10AA06,
DG00357,Rosuvastatin,Chemical,Hypolipidemic agent DG01946  Hypolipidemic agent DG01660  HMG-CoA reductase inhibitor Transporter substrate DG01913  ABCG2 substrate DG02856  SLCO1B1 substrate,2,D08492;D01915,C10AA07,
DG00358,Clofibrate,Chemical,Hypolipidemic agent DG01946  Hypolipidemic agent DG01733  PPAR alpha agonist DG01547  Fibrate,3,D00279;D01208;D07724,C10AB01,
DG00359,Colestipol,Chemical,Hypolipidemic agent DG01946  Hypolipidemic agent DG01945  Bile acid sequestrant,2,D07771;D02113,C10AC02,
DG00360,Colextran,Chemical,Hypolipidemic agent DG01946  Hypolipidemic agent DG01945  Bile acid sequestrant,2,D07744;D07745,C10AC03,
DG00361,Colesevelam,Chemical,Hypolipidemic agent DG01946  Hypolipidemic agent DG01945  Bile acid sequestrant,2,D07743;D03582,C10AC04,
DG00362,Lomitapide,Chemical,Hypolipidemic agent DG01946  Hypolipidemic agent Metabolizing enzyme substrate DG01633  CYP3A/CYP3A4 substrate DG02913  CYP3A4 substrate,2,D09637;D09638,C10AX12,
DG00363,Econazole,Chemical,Antifungal DG01883  Imidazole antifungal,2,D03936;D00881,D01AC03 G01AF05,
DG00364,Chlormidazole,Chemical,Antifungal DG01883  Imidazole antifungal,2,D02557;D07676,D01AC04,
DG00365,Isoconazole,Chemical,Antifungal DG01883  Imidazole antifungal,2,D04624;D01480,D01AC05 G01AF07,
DG00366,Sulconazole,Chemical,Antifungal DG01883  Imidazole antifungal,2,D08535;D00886,D01AC09,
DG00367,Oxiconazole,Chemical,Antifungal DG01883  Imidazole antifungal,2,D08313;D00885,D01AC11 G01AF17,
DG00368,Fenticonazole,Chemical,Antifungal DG01883  Imidazole antifungal,2,D02582;D02583,D01AC12 G01AF12,
DG00369,Omoconazole,Chemical,Antifungal DG01883  Imidazole antifungal,2,D08296;D01664,D01AC13 G01AF16,
DG00370,Sertaconazole,Chemical,Antifungal DG01883  Imidazole antifungal,2,D06883;D08510,D01AC14 G01AF19,
DG00371,Fluconazole,Chemical,Antifungal DG01523  Triazole antifungal Metabolizing enzyme inhibitor DG01643  CYP2C9 inhibitor DG01933  CYP2C19 inhibitor DG02852  CYP3A/CYP3A4 inhibitor DG01522  CYP3A4 inhibitor,2,D00322;D01429,D01AC15 J02AC01,
DG00372,Eberconazole,Chemical,Antifungal DG01883  Imidazole antifungal,2,D07882;D07884,D01AC17,
DG00373,Undecylenic acid,Chemical,,4,D02159;D01124;D03315;D08894,D01AE04,
DG00374,Ciclopirox,Chemical,,2,D03488;D01364,D01AE14 G01AX12,
DG00375,Terbinafine,Chemical,Metabolizing enzyme substrate DG01892  CYP1A2 substrate DG02918  CYP2C8 substrate DG01642  CYP2C9 substrate DG01639  CYP2C19 substrate DG01633  CYP3A/CYP3A4 substrate DG02913  CYP3A4 substrate Metabolizing enzyme inhibitor DG01645  CYP2D6 inhibitor,2,D02375;D02219,D01AE15 D01BA02,
DG00376,Amorolfine,Chemical,,2,D02923;D01720,D01AE16,
DG00377,Naftifine,Chemical,,2,D08245;D00883,D01AE22,
DG00378,Butenafine,Chemical,,2,D07596;D01093,D01AE23,
DG00379,Aminobenzoic acid,Chemical,Neuropsychiatric agent DG02030  Anesthetics DG01675  Local anesthetic DG01674  Esterified local anesthetic,4,D02456;D00552;D02906;D02907,D02BA01,
DG00380,Hyaluronic acid,Chemical,,2,D08043;D03354,D03AX05 M09AX01 R01AX09 S01KA01,
DG00381,Thonzylamine,Chemical,Anti-allergic agent DG01557  Histamine receptor antagonist DG01482  Histamine receptor H1 antagonist,2,D08587;D01801,D04AA01 R01AC06 R06AC06,
DG00382,Mepyramine,Chemical,Anti-allergic agent DG01557  Histamine receptor antagonist DG01482  Histamine receptor H1 antagonist,3,D08183;D05660;D08184,D04AA02 R06AC01,
DG00383,Tripelennamine,Chemical,Anti-allergic agent DG01557  Histamine receptor antagonist DG01482  Histamine receptor H1 antagonist Metabolizing enzyme inhibitor DG01645  CYP2D6 inhibitor,3,D08645;D02091;D06246,D04AA04 R06AC04,
DG00384,Chloropyramine,Chemical,Anti-allergic agent DG01557  Histamine receptor antagonist DG01482  Histamine receptor H1 antagonist,2,D07195;D07679,D04AA09 R06AC03,
DG00385,Promethazine,Chemical,Anti-allergic agent DG01557  Histamine receptor antagonist DG01482  Histamine receptor H1 antagonist Metabolizing enzyme substrate DG01644  CYP2D6 substrate,6,D00494;D00480;D01242;D03290;D08432;D08768,D04AA10 R06AD02,
DG00386,Dimetindene,Chemical,Anti-allergic agent DG01557  Histamine receptor antagonist DG01482  Histamine receptor H1 antagonist,2,D07853;D01343,D04AA13 R06AB03,
DG00387,Clemastine,Chemical,Anti-allergic agent DG01557  Histamine receptor antagonist DG01482  Histamine receptor H1 antagonist Metabolizing enzyme inhibitor DG01645  CYP2D6 inhibitor,2,D03535;D00666,D04AA14 R06AA04,
DG00388,Bamipine,Chemical,Anti-allergic agent DG01557  Histamine receptor antagonist DG01482  Histamine receptor H1 antagonist,3,D07197;D07492;D07493,D04AA15 R06AX01,
DG00389,Isothipendyl,Chemical,Anti-allergic agent DG01557  Histamine receptor antagonist DG01482  Histamine receptor H1 antagonist,2,D08091;D01143,D04AA22 R06AD09,
DG00390,Diphenhydramine,Chemical,Anti-allergic agent DG01557  Histamine receptor antagonist DG01482  Histamine receptor H1 antagonist,7,D00300;D00669;D02419;D03285;D03360;D03854;D00520,D04AA32 R06AA02,
DG00391,Chlorphenoxamine,Chemical,Anti-allergic agent DG01557  Histamine receptor antagonist DG01482  Histamine receptor H1 antagonist,2,D07198;D07684,D04AA34 R06AA06,
DG00392,Oxybuprocaine,Chemical,Neuropsychiatric agent DG02030  Anesthetics DG01675  Local anesthetic,2,D08319;D01768,D04AB03 S01HA02,
DG00393,Quinisocaine,Chemical,,2,D08462;D06661,D04AB05,
DG00394,Calcipotriol,Chemical,Gastrointestinal agent DG01607  Vitamin D derivatives DG01606  Activated vitamin D3,2,D01125;D10198,D05AX02,
DG00395,Tacalcitol,Chemical,Gastrointestinal agent DG01607  Vitamin D derivatives DG01606  Activated vitamin D3,2,D08554;D01472,D05AX04,
DG00396,Demeclocycline,Chemical,Antibacterial DG01197  Tetracycline antibiotic,2,D03680;D00290,D06AA01 J01AA01,
DG00397,Oxytetracycline,Chemical,Antibacterial DG01197  Tetracycline antibiotic,3,D00205;D01596;D05322,A01AB25 D06AA03 G01AA07 J01AA06 S01AA04,
DG00398,Fusidic acid,Chemical,,4,D04281;D00213;D08000;D08003,D06AX01 D09AA02 J01XC01 S01AA13,
DG00399,Chloramphenicol,Chemical,Antibacterial DG01576  Amphenicol type antibacterial,6,D00104;D01072;D02185;D07674;D07675;D03461,D06AX02 D10AF03 G01AA05 J01BA01 S01AA01 S02AA01 S03AA08,
DG00400,Bacitracin,Chemical,Antibacterial DG01579  Polypeptide antibiotic,3,D00128;D03047;D03048,D06AX05 J01XX10 R02AB04,
DG00401,Gentamicin,Chemical,Antibacterial DG01447  Aminoglycoside antibiotic,2,D08013;D01063,D06AX07 J01GB03 S01AA11 S02AA14 S03AA06,
DG00402,Mupirocin,Chemical,,2,D01076;D02195,D06AX09 R01AX06,
DG00403,Amikacin,Chemical,Antibacterial DG01447  Aminoglycoside antibiotic,2,D02543;D00865,D06AX12 J01GB06 S01AA21,
DG00404,Mafenide,Chemical,Antibacterial DG01787  Sulfonamide antibacterial,3,D02351;D01166;D04815,D06BA03,
DG00405,Tromantadine,Chemical,,2,D07199;D08652,D06BB02 J05AC03,
DG00406,Aciclovir Acyclovir,Chemical,Antiviral DG02840  Anti-herpesvirus agent Transporter substrate DG02858  SLC22A1 substrate DG02859  SLC22A6 substrate DG02860  SLC22A8 substrate,2,D00222;D02764,D06BB03 J05AB01 S01AD03,
DG00407,Inosine,Chemical,,2,D00054;D01995,D06BB05 G01AX02 S01XA10,
DG00408,Penciclovir,Chemical,Antiviral DG02840  Anti-herpesvirus agent,2,D05407;D02124,D06BB06 J05AB13,
DG00409,Lysozyme,Chemical,,2,D08152;D03332,D06BB07 J05AX02,
DG00410,Methylprednisolone,Chemical,Anti-inflammatory DG01955  Corticosteroid DG02068  Glucocorticoid Metabolizing enzyme substrate DG01633  CYP3A/CYP3A4 substrate DG02913  CYP3A4 substrate,7,D00407;D00751;D00979;D05000;D05001;D05002;D07203,D07AA01 D10AA02 H02AB04,
DG00411,Clobetasone,Chemical,Anti-inflammatory DG01955  Corticosteroid DG02068  Glucocorticoid,2,D07717;D01273,D07AB01 S01BA09,
DG00412,Flumetasone,Chemical,Anti-inflammatory DG01955  Corticosteroid DG02068  Glucocorticoid,2,D04208;D01464,D07AB03 D07XB01,
DG00413,Fluocortin,Chemical,Anti-inflammatory DG01955  Corticosteroid DG02068  Glucocorticoid,2,D07972;D04217,D07AB04,
DG00414,Fluprednidene,Chemical,Anti-inflammatory DG01955  Corticosteroid DG02068  Glucocorticoid,2,D07201;D07980,D07AB07 D07XB03,
DG00415,Alclometasone,Chemical,Anti-inflammatory DG01955  Corticosteroid DG02068  Glucocorticoid,2,D07116;D01820,D07AB10 S01BA10,
DG00416,Clocortolone,Chemical,Anti-inflammatory DG01955  Corticosteroid DG02068  Glucocorticoid,3,D07719;D02287;D03541,D07AB21,
DG00417,Diflucortolone,Chemical,Anti-inflammatory DG01955  Corticosteroid DG02068  Glucocorticoid,3,D03812;D01764;D03813,D07AC06 D07XC04,
DG00418,Diflorasone,Chemical,Anti-inflammatory DG01955  Corticosteroid DG02068  Glucocorticoid,2,D07827;D01327,D07AC10,
DG00419,Mometasone,Chemical,Anti-inflammatory DG01955  Corticosteroid DG02068  Glucocorticoid Metabolizing enzyme substrate DG01633  CYP3A/CYP3A4 substrate DG02913  CYP3A4 substrate,3,D08227;D00690;D03325,D07AC13 D07XC03 R01AD09 R03BA07,
DG00420,Fluticasone,Chemical,Anti-inflammatory DG01955  Corticosteroid DG02068  Glucocorticoid Metabolizing enzyme substrate DG01633  CYP3A/CYP3A4 substrate DG02913  CYP3A4 substrate,3,D07981;D01708;D06315,D07AC17 R01AD08 R01AD12 R03BA05 R03BA09,
DG00421,Halobetasol Ulobetasol,Chemical,Anti-inflammatory DG01955  Corticosteroid DG02068  Glucocorticoid,2,D08660;D04409,D07AC21,
DG00422,Clobetasol,Chemical,Anti-inflammatory DG01955  Corticosteroid DG02068  Glucocorticoid,2,D07715;D01272,D07AD01,
DG00423,Dibrompropamidine,Chemical,,2,D07204;D07813,D08AC01 S01AX14,
DG00424,Propamidine,Chemical,,2,D07205;D08436,D08AC03 S01AX15,
DG00425,Iodine,Chemical,,3,D00108;D04470;D04723,D08AG03,
DG00426,Dequalinium,Chemical,,2,D01575;D09802,D08AH01 G01AC05 R02AA02,
DG00427,Cetrimonium,Chemical,,4,D07664;D03454;D07672;D07673,D08AJ02 R02AA17,
DG00428,Cetrimide,Chemical,,1,D02164,D08AJ04 D11AC01,
DG00429,Silver nitrate,Chemical,,2,D01730;D05840,D08AL01 S01AX02,
DG00430,Ethanol,Chemical,,4,D00068;D02798;D04855;D06542,D08AX08 V03AB16 V03AZ01,
DG00431,Aluminium chlorohydrate,Chemical,,3,D02852;D02856;D02863,D09AA08 M05BX02,
DG00432,Bithionol,Chemical,,2,D00802;D03135,D10AB01 P02BX01,
DG00433,Tretinoin,Chemical,Vitamin and mineral DG01604  Retinol derivative,2,D00094;D01516,D10AD01 L01XF01,
DG00434,Isotretinoin,Chemical,Vitamin and mineral DG01604  Retinol derivative,2,D00348;D04636,D10AD04 D10BA01,
DG00435,Clindamycin,Chemical,Antibacterial DG01578  Lincosamide antibiotic,5,D00277;D01073;D01990;D02132;D10531,D10AF01 G01AA10 J01FF01,
DG00436,Erythromycin,Chemical,Antibacterial DG01551  Macrolide antibiotic DG01874  14-membered ring macrolide antibiotic Metabolizing enzyme substrate DG01633  CYP3A/CYP3A4 substrate Metabolizing enzyme inhibitor DG02852  CYP3A/CYP3A4 inhibitor Transporter inhibitor DG01622  ABCB1 inhibitor,12,D00140;D00851;D01361;D02009;D02184;D02523;D02524;D02525;D03098;D04054;D07909;D07910,D10AF02 J01FA01 S01AA17,
DG00437,Meclocycline,Chemical,Antibacterial DG01197  Tetracycline antibiotic,2,D02476;D02477,D10AF04,
DG00438,Resorcinol,Chemical,,2,D00133;D02393,D10AX02 S01AX06,
DG00439,Tacrolimus,Chemical,Immunological agent DG03129  Calcineurin inhibitor Anti-inflammatory DG01985  Disease modifying anti-rheumatic drug (DMARD) Metabolizing enzyme substrate DG01633  CYP3A/CYP3A4 substrate DG02913  CYP3A4 substrate,2,D08556;D00107,D11AH01 L04AD02,
DG00440,Eflornithine,Chemical,,2,D07883;D00829,D11AX16 P01CX03,
DG00441,Diclofenac,Chemical,"Anti-inflammatory DG01504  Nonsteroidal anti-inflammatory drug (NSAID) DG01906  Anti-inflammatory drug, acetic acid derivatives DG01898  Anti-inflammatory drug, phenylacetic acid derivatives Metabolizing enzyme substrate DG01642  CYP2C9 substrate Transporter inhibitor DG02866  SLC22A8 inhibitor",6,D07816;D00903;D00904;D07817;D07818;D07819,D11AX18 M01AB05 M02AA15 S01BC03,
DG00442,Brimonidine,Chemical,Cardiovascular agent DG01456  Adrenergic receptor agonist DG01450  alpha-Adrenergic receptor agonist DG01449  alpha2-Adrenergic receptor agonist Ophthalmic agent DG03201  Intraocular pressure lowering agent,2,D07540;D02076,D11AX21 S01EA05 S01GA07,
DG00443,Carfecillin,Chemical,Antibacterial DG01710  beta-Lactam antibiotic DG01713  Penicillin skeleton group DG01480  Penicillin,1,D02199,G01AA08,
DG00444,Butoconazole,Chemical,Antifungal DG01883  Imidazole antifungal,2,D07598;D00880,G01AF15,
DG00445,Methylergometrine,Chemical,Neuropsychiatric agent DG01964  Ergot alkaloid Metabolizing enzyme substrate DG01633  CYP3A/CYP3A4 substrate DG02913  CYP3A4 substrate,2,D08207;D00680,G02AB01,
DG00446,Ergometrine,Chemical,Neuropsychiatric agent DG01964  Ergot alkaloid Metabolizing enzyme substrate DG01633  CYP3A/CYP3A4 substrate DG02913  CYP3A4 substrate,2,D07905;D01163,G02AB03,
DG00447,Dinoprost,Chemical,Hormonal agent DG01961  Prostaglandin derivative DG01960  Prostaglandin F derivative,2,D00081;D01352,G02AD01,
DG00448,Dinoprostone,Chemical,Hormonal agent DG01961  Prostaglandin derivative DG01959  Prostaglandin E2 derivative,2,D00079;D03269,G02AD02,
DG00449,Carboprost,Chemical,Hormonal agent DG01961  Prostaglandin derivative DG01960  Prostaglandin F derivative,3,D02343;D00682;D03399,G02AD04,
DG00450,Ritodrine,Chemical,Cardiovascular agent DG01456  Adrenergic receptor agonist DG01455  beta-Adrenergic receptor agonist DG01452  beta2-Adrenergic receptor agonist,2,D02359;D01263,G02CA01,
DG00451,Fenoterol,Chemical,Cardiovascular agent DG01456  Adrenergic receptor agonist DG01455  beta-Adrenergic receptor agonist DG01452  beta2-Adrenergic receptor agonist,2,D04157;D01428,G02CA03 R03AC04 R03CC04,
DG00452,Bromocriptine,Chemical,Neuropsychiatric agent DG01472  Dopamine agonist DG01468  Dopamine D2-receptor agonist DG01964  Ergot alkaloid DG01967  Antiparkinson agent Metabolizing enzyme substrate DG01633  CYP3A/CYP3A4 substrate DG02913  CYP3A4 substrate Metabolizing enzyme inhibitor DG02852  CYP3A/CYP3A4 inhibitor DG01522  CYP3A4 inhibitor,2,D03165;D00780,G02CB01 N04BC01,
DG00453,Lisuride,Chemical,"Neuropsychiatric agent DG01483  5-HT1A-receptor agonist DG01472  Dopamine agonist DG01468  Dopamine D2-receptor agonist DG01964  Ergot alkaloid DG01982  Antimigraine, ergot alkaloid",2,D08132;D01462,G02CB02 N02CA07,
DG00454,Quinagolide,Chemical,Neuropsychiatric agent DG01472  Dopamine agonist DG01468  Dopamine D2-receptor agonist DG01964  Ergot alkaloid,2,D07217;D08457,G02CB04,
DG00455,Naproxen,Chemical,"Anti-inflammatory DG01504  Nonsteroidal anti-inflammatory drug (NSAID) DG01908  Anti-inflammatory drug, propionic acid derivatives",3,D00118;D00970;D10017,G02CC02 M01AE02 M02AA12,
DG00456,Norethisterone,Chemical,Hormonal agent DG02004  Progesterone DG01666  Progesterone receptor agonist,3,D00182;D00953;D08285,G03AC01 G03DC02,
DG00457,Megestrol,Chemical,Hormonal agent DG02004  Progesterone DG01666  Progesterone receptor agonist,2,D08167;D00952,G03AC05 G03DB02 L02AB01,
DG00458,Medroxyprogesterone,Chemical,Hormonal agent DG02004  Progesterone DG01666  Progesterone receptor agonist,2,D08166;D00951,G03AC06 G03DA02 L02AB02,
DG00459,Ulipristal,Chemical,,2,D09567;D09687,G03AD02 G03XB02,
DG00460,Testosterone,Chemical,Hormonal agent DG01590  Androgen receptor agonist DG02006  Testosterone,9,D00075;D00957;D00958;D00959;D06085;D06086;D06087;D08573;D08574,G03BA03,
DG00461,Ethinylestradiol,Chemical,Hormonal agent DG01986  Estrogen DG01584  Estrogen receptor agonist Metabolizing enzyme substrate DG01633  CYP3A/CYP3A4 substrate DG02913  CYP3A4 substrate Metabolizing enzyme inhibitor DG02852  CYP3A/CYP3A4 inhibitor DG01522  CYP3A4 inhibitor,2,D00554;D07928,G03CA01 L02AA03,
DG00462,Estradiol,Chemical,Hormonal agent DG01986  Estrogen DG01584  Estrogen receptor agonist Metabolizing enzyme substrate DG01633  CYP3A/CYP3A4 substrate DG02913  CYP3A4 substrate,10,D00105;D01413;D01617;D01953;D04061;D04063;D04064;D04065;D07918;D07919,G03CA03,
DG00463,Estriol,Chemical,Hormonal agent DG01986  Estrogen DG01584  Estrogen receptor agonist,5,D00185;D01986;D01989;D07920;D07921,G03CA04 G03CC06,
DG00464,Estrone,Chemical,Hormonal agent DG01986  Estrogen DG01584  Estrogen receptor agonist Metabolizing enzyme substrate DG01633  CYP3A/CYP3A4 substrate DG02913  CYP3A4 substrate,3,D00067;D00312;D00948,G03CA07 G03CC04,
DG00465,Conjugated estrogen,Chemical,Hormonal agent DG01986  Estrogen DG01584  Estrogen receptor agonist Metabolizing enzyme substrate DG01633  CYP3A/CYP3A4 substrate DG02913  CYP3A4 substrate Transporter inhibitor DG02882  ABCB11 inhibitor,2,D04070;D05987,G03CA57,
DG00466,Diethylstilbestrol,Chemical,Hormonal agent DG01584  Estrogen receptor agonist,3,D00577;D00946;D07826,G03CB02 G03CC05 L02AA01 L02AA04,
DG00467,Hydroxyprogesterone,Chemical,Hormonal agent DG02004  Progesterone DG01666  Progesterone receptor agonist,3,D08052;D00949;D08053,G03DA03,
DG00468,Nomegestrol,Chemical,Hormonal agent DG02004  Progesterone DG01666  Progesterone receptor agonist,2,D07222;D08281,G03DB04,
DG00469,Chlormadinone,Chemical,Antineoplastic DG01591  Androgen receptor antagonist Hormonal agent DG02004  Progesterone DG01666  Progesterone receptor agonist,2,D07670;D01299,G03DB06,
DG00470,Etynodiol,Chemical,Hormonal agent DG02004  Progesterone DG01666  Progesterone receptor agonist,2,D07939;D01294,G03DC06,
DG00472,Human menopausal gonadotrophin,Chemical,,2,D02692;D06459,G03GA02,
DG00474,Clomifene,Chemical,Hormonal agent DG01619  Estrogen receptor antagonist/modulator,2,D07726;D00962,G03GB02,
DG00475,Cyproterone,Chemical,Antineoplastic DG01591  Androgen receptor antagonist DG01623  Steroid-type antiandrogen,2,D07766;D01368,G03HA01,
DG00476,Raloxifene,Chemical,Hormonal agent DG01619  Estrogen receptor antagonist/modulator DG01621  Selective estrogen receptor modulator Musculo-skeletal system agent DG03232  Osteoporosis agent,3,D08465;D02217;D10606,G03XC01,
DG00477,Flavoxate,Chemical,,2,D07961;D00718,G04BD02,
DG00478,Oxybutynin,Chemical,Neuropsychiatric agent DG01491  Muscarinic cholinergic receptor antagonist Metabolizing enzyme substrate DG01633  CYP3A/CYP3A4 substrate DG02913  CYP3A4 substrate DG02925  CYP3A5 substrate,2,D00465;D00722,G04BD04,
DG00479,Propiverine,Chemical,Neuropsychiatric agent DG01491  Muscarinic cholinergic receptor antagonist Metabolizing enzyme substrate DG01633  CYP3A/CYP3A4 substrate DG02913  CYP3A4 substrate,2,D08441;D01007,G04BD06,
DG00480,Tolterodine,Chemical,Neuropsychiatric agent DG01491  Muscarinic cholinergic receptor antagonist Metabolizing enzyme substrate DG01644  CYP2D6 substrate DG01633  CYP3A/CYP3A4 substrate DG02913  CYP3A4 substrate,2,D00646;D01148,G04BD07,
DG00481,Solifenacin,Chemical,Neuropsychiatric agent DG01491  Muscarinic cholinergic receptor antagonist Metabolizing enzyme substrate DG01633  CYP3A/CYP3A4 substrate DG02913  CYP3A4 substrate,2,D08522;D01269,G04BD08,
DG00482,Darifenacin,Chemical,Neuropsychiatric agent DG01491  Muscarinic cholinergic receptor antagonist Metabolizing enzyme substrate DG01644  CYP2D6 substrate DG01633  CYP3A/CYP3A4 substrate DG02913  CYP3A4 substrate,2,D03654;D01699,G04BD10,
DG00483,Fesoterodine,Chemical,Neuropsychiatric agent DG01491  Muscarinic cholinergic receptor antagonist Metabolizing enzyme substrate DG01644  CYP2D6 substrate DG01633  CYP3A/CYP3A4 substrate DG02913  CYP3A4 substrate,2,D07226;D08923,G04BD11,
DG00484,Sildenafil,Chemical,Cardiovascular agent DG01509  Phosphodiesterase V inhibitor Metabolizing enzyme substrate DG01642  CYP2C9 substrate DG01633  CYP3A/CYP3A4 substrate DG02913  CYP3A4 substrate,2,D08514;D02229,G04BE03,
DG00485,Yohimbine,Chemical,Cardiovascular agent DG01466  Adrenergic receptor antagonist DG01465  alpha-Adrenergic receptor antagonist DG01460  alpha2-Adrenergic receptor antagonist,2,D08685;D06671,G04BE04,
DG00486,Apomorphine,Chemical,Neuropsychiatric agent DG01472  Dopamine agonist DG01967  Antiparkinson agent,2,D07460;D02004,G04BE07 N04BC07,
DG00487,Vardenafil,Chemical,Cardiovascular agent DG01509  Phosphodiesterase V inhibitor Metabolizing enzyme substrate DG01633  CYP3A/CYP3A4 substrate DG02913  CYP3A4 substrate,4,D08668;D02731;D03260;D09989,G04BE09,
DG00488,Phenazopyridine,Chemical,,2,D08346;D05450,G04BX06,
DG00489,Alfuzosin,Chemical,Cardiovascular agent DG01466  Adrenergic receptor antagonist DG01465  alpha-Adrenergic receptor antagonist DG01457  alpha1-Adrenergic receptor antagonist Metabolizing enzyme substrate DG01633  CYP3A/CYP3A4 substrate DG02913  CYP3A4 substrate,2,D07124;D01692,G04CA01,
DG00490,Tamsulosin,Chemical,Cardiovascular agent DG01466  Adrenergic receptor antagonist DG01465  alpha-Adrenergic receptor antagonist DG01457  alpha1-Adrenergic receptor antagonist,2,D08560;D01024,G04CA02,
DG00491,Terazosin,Chemical,Cardiovascular agent DG01466  Adrenergic receptor antagonist DG01465  alpha-Adrenergic receptor antagonist DG01457  alpha1-Adrenergic receptor antagonist DG03231  Antihypertensive,3,D08569;D00610;D11585,G04CA03,
DG00492,Corticotropin,Chemical,Hormonal agent DG01629  Adrenocorticotropic hormone (ACTH),3,D00146;D03593;D06544,H01AA01,
DG00493,Tetracosactide,Chemical,Hormonal agent DG01629  Adrenocorticotropic hormone (ACTH),2,D00284;D02105,H01AA02,
DG00494,Sermorelin,Chemical,,2,D08509;D02117,H01AC04 V04CD03,
DG00495,Tesamorelin,Chemical,,2,D06655;D09015,H01AC06,
DG00496,Vasopressin,Chemical,Cardiovascular agent DG01952  Vasopressin analog,2,D00101;D09820,H01BA01,
DG00497,Desmopressin,Chemical,Cardiovascular agent DG01952  Vasopressin analog,2,D00291;D02235,H01BA02,
DG00498,Terlipressin,Chemical,Cardiovascular agent DG01952  Vasopressin analog,2,D06672;D08571,H01BA04,
DG00499,Gonadorelin,Chemical,Hormonal agent DG01494  Gonadotropin-releasing hormone receptor agonist,4,D08027;D00988;D03267;D04361,H01CA01 V04CM01,
DG00500,Nafarelin,Chemical,Hormonal agent DG01494  Gonadotropin-releasing hormone receptor agonist,2,D08241;D00990,H01CA02,
DG00501,Octreotide,Chemical,Hormonal agent DG01588  Somatostatin receptor agonist,5,D00442;D02250;D05230;D06495;D11204,H01CB02,
DG00502,Vapreotide,Chemical,Hormonal agent DG01588  Somatostatin receptor agonist,2,D06281;D09988,H01CB04,
DG00503,Pasireotide,Chemical,Hormonal agent DG01588  Somatostatin receptor agonist,3,D10147;D10497;D10566,H01CB05,
DG00504,Ganirelix,Chemical,,2,D08010;D04302,H01CC01,
DG00505,Cetrorelix,Chemical,,2,D07665;D01685,H01CC02,
DG00506,Fludrocortisone,Chemical,Anti-inflammatory DG01955  Corticosteroid,2,D07967;D00986,H02AA02,
DG00507,Desoxycortone,Chemical,,3,D07792;D03698;D03699,H02AA03,
DG00508,Paramethasone,Chemical,Anti-inflammatory DG01955  Corticosteroid DG02068  Glucocorticoid,2,D07464;D01229,H02AB05,
DG00509,Cortisone,Chemical,Anti-inflammatory DG01955  Corticosteroid DG02068  Glucocorticoid,2,D07749;D00973,H02AB10 S01BA03,
DG00510,Levothyroxine,Chemical,Hormonal agent DG01953  Thyroid preparation DG01608  Thyroid hormone replenisher,3,D08125;D01010;D11113,,
DG00511,Glucagon,Chemical,,2,D00116;D02118,H04AA01,
DG00512,Teriparatide,Chemical,Hormonal agent DG01661  Parathyroid hormone and analog Musculo-skeletal system agent DG03232  Osteoporosis agent,3,D06078;D03358;D06546,H05AA02,
DG00513,Cinacalcet,Chemical,Metabolizing enzyme substrate DG01633  CYP3A/CYP3A4 substrate DG02913  CYP3A4 substrate Metabolizing enzyme inhibitor DG01645  CYP2D6 inhibitor,2,D03504;D03505,H05BX01,
DG00514,Metacycline,Chemical,Antibacterial DG01197  Tetracycline antibiotic,2,D04972;D00849,J01AA05,
DG00515,Rolitetracycline,Chemical,Antibacterial DG01197  Tetracycline antibiotic,2,D02282;D01486,J01AA09,
DG00516,Thiamphenicol,Chemical,Antibacterial DG01576  Amphenicol type antibacterial,3,D01407;D08582;D08583,J01BA02,
DG00517,Ampicillin,Chemical,Antibacterial DG01710  beta-Lactam antibiotic DG01713  Penicillin skeleton group DG01480  Penicillin DG01780  Extended spectrum penicillin,4,D00204;D01251;D02119;D07570,J01CA01 S01AA19,
DG00518,Pivampicillin,Chemical,Antibacterial DG01710  beta-Lactam antibiotic DG01713  Penicillin skeleton group DG01480  Penicillin DG01780  Extended spectrum penicillin,4,D08396;D02508;D05520;D05521,J01CA02,
DG00519,Carbenicillin,Chemical,Antibacterial DG01710  beta-Lactam antibiotic DG01713  Penicillin skeleton group DG01480  Penicillin DG01780  Extended spectrum penicillin,3,D07614;D02190;D03387,J01CA03,
DG00520,Amoxicillin,Chemical,Antibacterial DG01710  beta-Lactam antibiotic DG01713  Penicillin skeleton group DG01480  Penicillin DG01780  Extended spectrum penicillin,3,D07452;D00229;D02925,J01CA04,
DG00521,Carindacillin,Chemical,Antibacterial DG01710  beta-Lactam antibiotic DG01713  Penicillin skeleton group DG01480  Penicillin DG01780  Extended spectrum penicillin,2,D07621;D01283,J01CA05,
DG00522,Bacampicillin,Chemical,Antibacterial DG01710  beta-Lactam antibiotic DG01713  Penicillin skeleton group DG01480  Penicillin DG01780  Extended spectrum penicillin,2,D07487;D00927,J01CA06,
DG00523,Pivmecillinam,Chemical,Antibacterial DG01710  beta-Lactam antibiotic DG01713  Penicillin skeleton group DG01480  Penicillin DG01780  Extended spectrum penicillin,2,D02889;D01499,J01CA08,
DG00524,Azlocillin,Chemical,Antibacterial DG01710  beta-Lactam antibiotic DG01713  Penicillin skeleton group DG01480  Penicillin DG01780  Extended spectrum penicillin,2,D02339;D03039,J01CA09,
DG00525,Mezlocillin,Chemical,Antibacterial DG01710  beta-Lactam antibiotic DG01713  Penicillin skeleton group DG01480  Penicillin DG01780  Extended spectrum penicillin,3,D05021;D02221;D05022,J01CA10,
DG00526,Piperacillin,Chemical,Antibacterial DG01710  beta-Lactam antibiotic DG01713  Penicillin skeleton group DG01480  Penicillin DG01780  Extended spectrum penicillin,3,D08380;D00466;D02251,J01CA12,
DG00527,Ticarcillin,Chemical,Antibacterial DG01710  beta-Lactam antibiotic DG01713  Penicillin skeleton group DG01480  Penicillin DG01780  Extended spectrum penicillin,4,D08593;D02241;D06137;D06138,J01CA13,
DG00528,Metampicillin,Chemical,Antibacterial DG01710  beta-Lactam antibiotic DG01713  Penicillin skeleton group DG01480  Penicillin DG01780  Extended spectrum penicillin,2,D07234;D08191,J01CA14,
DG00529,Talampicillin,Chemical,Antibacterial DG01710  beta-Lactam antibiotic DG01713  Penicillin skeleton group DG01480  Penicillin DG01780  Extended spectrum penicillin,2,D08557;D02201,J01CA15,
DG00530,Sulbenicillin,Chemical,Antibacterial DG01710  beta-Lactam antibiotic DG01713  Penicillin skeleton group DG01480  Penicillin DG01780  Extended spectrum penicillin,2,D08534;D01489,J01CA16,
DG00531,Temocillin,Chemical,Antibacterial DG01710  beta-Lactam antibiotic DG01713  Penicillin skeleton group DG01480  Penicillin DG01780  Extended spectrum penicillin,2,D06064;D08567,J01CA17,
DG00532,Hetacillin,Chemical,Antibacterial DG01710  beta-Lactam antibiotic DG01713  Penicillin skeleton group DG01480  Penicillin DG01780  Extended spectrum penicillin,2,D01074;D02203,J01CA18,
DG00533,Aspoxicillin,Chemical,Antibacterial DG01710  beta-Lactam antibiotic DG01713  Penicillin skeleton group DG01480  Penicillin DG01780  Extended spectrum penicillin,2,D07469;D02504,J01CA19,
DG00534,Benzylpenicillin Penicillin G,Chemical,Antibacterial DG01710  beta-Lactam antibiotic DG01713  Penicillin skeleton group DG01480  Penicillin DG01778  beta-Lactamase sensitive penicillin,6,D02336;D01053;D02157;D02461;D05408;D07712,J01CE01 S01AA14,
DG00535,Phenoxymethylpenicillin Penicillin V,Chemical,Antibacterial DG01710  beta-Lactam antibiotic DG01713  Penicillin skeleton group DG01480  Penicillin DG01778  beta-Lactamase sensitive penicillin,6,D05411;D00497;D02405;D02506;D05413;D08360,J01CE02,
DG00536,Propicillin,Chemical,Antibacterial DG01710  beta-Lactam antibiotic DG01713  Penicillin skeleton group DG01480  Penicillin DG01778  beta-Lactamase sensitive penicillin,2,D08438;D01649,J01CE03,
DG00537,Azidocillin,Chemical,Antibacterial DG01710  beta-Lactam antibiotic DG01713  Penicillin skeleton group DG01480  Penicillin DG01778  beta-Lactamase sensitive penicillin,2,D07235;D07484,J01CE04,
DG00538,Pheneticillin,Chemical,Antibacterial DG01710  beta-Lactam antibiotic DG01713  Penicillin skeleton group DG01480  Penicillin DG01778  beta-Lactamase sensitive penicillin,2,D08350;D01178,J01CE05,
DG00539,Clometocillin,Chemical,Antibacterial DG01710  beta-Lactam antibiotic DG01713  Penicillin skeleton group DG01480  Penicillin DG01778  beta-Lactamase sensitive penicillin,2,D07236;D07735,J01CE07,
DG00540,Dicloxacillin,Chemical,Antibacterial DG01710  beta-Lactam antibiotic DG01713  Penicillin skeleton group DG01480  Penicillin DG01779  beta-Lactamase resistant penicillin,2,D02348;D02137,J01CF01,
DG00541,Cloxacillin,Chemical,Antibacterial DG01710  beta-Lactam antibiotic DG01713  Penicillin skeleton group DG01480  Penicillin DG01779  beta-Lactamase resistant penicillin,3,D07733;D02231;D03571,J01CF02,
DG00542,Oxacillin,Chemical,Antibacterial DG01710  beta-Lactam antibiotic DG01713  Penicillin skeleton group DG01480  Penicillin DG01779  beta-Lactamase resistant penicillin,2,D08307;D00929,J01CF04,
DG00543,Flucloxacillin,Chemical,Antibacterial DG01710  beta-Lactam antibiotic DG01713  Penicillin skeleton group DG01480  Penicillin DG01779  beta-Lactamase resistant penicillin,4,D04196;D01249;D07965;D08017,J01CF05,
DG00544,Nafcillin,Chemical,Antibacterial DG01710  beta-Lactam antibiotic DG01713  Penicillin skeleton group DG01480  Penicillin DG01779  beta-Lactamase resistant penicillin,2,D08242;D00928,J01CF06,
DG00545,Sulbactam,Chemical,Antibacterial DG01710  beta-Lactam antibiotic DG01713  Penicillin skeleton group DG01480  Penicillin DG01479  beta-Lactamase inhibitor,4,D08533;D02223;D03705;D03706,J01CG01,
DG00546,Tazobactam,Chemical,Antibacterial DG01710  beta-Lactam antibiotic DG01713  Penicillin skeleton group DG01480  Penicillin DG01479  beta-Lactamase inhibitor,2,D00660;D03707,J01CG02,
DG00547,Sultamicillin,Chemical,Antibacterial DG01710  beta-Lactam antibiotic DG01713  Penicillin skeleton group DG01480  Penicillin DG01479  beta-Lactamase inhibitor,2,D05972;D01668,J01CR04,
DG00548,Cephalexin Cefalexin,Chemical,Antibacterial DG01710  beta-Lactam antibiotic DG01714  Cephalosporin skeleton group DG01488  Cephem DG01774  First-generation cephalosporin,3,D00263;D00906;D03438,J01DB01,
DG00549,Cefalotin Cephalothin,Chemical,Antibacterial DG01710  beta-Lactam antibiotic DG01714  Cephalosporin skeleton group DG01488  Cephem DG01774  First-generation cephalosporin,2,D07635;D00907,J01DB03,
DG00550,Cefazolin,Chemical,Antibacterial DG01710  beta-Lactam antibiotic DG01714  Cephalosporin skeleton group DG01488  Cephem DG01774  First-generation cephalosporin,3,D02299;D00905;D02226,J01DB04,
DG00551,Cefadroxil,Chemical,Antibacterial DG01710  beta-Lactam antibiotic DG01714  Cephalosporin skeleton group DG01488  Cephem DG01774  First-generation cephalosporin,2,D00257;D02353,J01DB05,
DG00552,Cefatrizine,Chemical,Antibacterial DG01710  beta-Lactam antibiotic DG01714  Cephalosporin skeleton group DG01488  Cephem DG01774  First-generation cephalosporin,2,D02406;D02711,J01DB07,
DG00553,cephapirin Cefapirin,Chemical,Antibacterial DG01710  beta-Lactam antibiotic DG01714  Cephalosporin skeleton group DG01488  Cephem DG01774  First-generation cephalosporin,3,D07636;D00908;D07637,J01DB08,
DG00554,Cefacetrile,Chemical,Antibacterial DG01710  beta-Lactam antibiotic DG01714  Cephalosporin skeleton group DG01488  Cephem DG01774  First-generation cephalosporin,2,D07629;D01262,J01DB10,
DG00555,Cefroxadine,Chemical,Antibacterial DG01710  beta-Lactam antibiotic DG01714  Cephalosporin skeleton group DG01488  Cephem DG01774  First-generation cephalosporin,2,D01528;D05026,J01DB11,
DG00556,Ceftezole,Chemical,Antibacterial DG01710  beta-Lactam antibiotic DG01714  Cephalosporin skeleton group DG01488  Cephem DG01774  First-generation cephalosporin,2,D07656;D01517,J01DB12,
DG00557,Cefoxitin,Chemical,Antibacterial DG01710  beta-Lactam antibiotic DG01714  Cephalosporin skeleton group DG01488  Cephem DG01775  Second-generation cephalosporin,2,D02345;D00913,J01DC01,
DG00558,Cefuroxime,Chemical,Antibacterial DG01710  beta-Lactam antibiotic DG01714  Cephalosporin skeleton group DG01488  Cephem DG01775  Second-generation cephalosporin DG01804  Oxyimino beta-lactam,4,D00262;D00914;D00915;D03431,J01DC02 S01AA27,
DG00559,Cefamandole,Chemical,Antibacterial DG01710  beta-Lactam antibiotic DG01714  Cephalosporin skeleton group DG01488  Cephem DG01775  Second-generation cephalosporin,3,D02344;D00909;D02191,J01DC03,
DG00560,Cefaclor,Chemical,Antibacterial DG01710  beta-Lactam antibiotic DG01714  Cephalosporin skeleton group DG01488  Cephem DG01775  Second-generation cephalosporin,2,D00256;D02352,J01DC04,
DG00561,Cefotetan,Chemical,Antibacterial DG01710  beta-Lactam antibiotic DG01714  Cephalosporin skeleton group DG01488  Cephem DG01775  Second-generation cephalosporin,2,D00260;D02228,J01DC05,
DG00562,Cefonicid,Chemical,Antibacterial DG01710  beta-Lactam antibiotic DG01714  Cephalosporin skeleton group DG01488  Cephem DG01775  Second-generation cephalosporin,3,D07644;D00912;D03426,J01DC06,
DG00563,Cefotiam,Chemical,Antibacterial DG01710  beta-Lactam antibiotic DG01714  Cephalosporin skeleton group DG01488  Cephem DG01775  Second-generation cephalosporin,3,D07648;D01415;D01819,J01DC07,
DG00564,Loracarbef,Chemical,Antibacterial DG01710  beta-Lactam antibiotic DG01714  Cephalosporin skeleton group DG01711  Carbacephem DG01775  Second-generation cephalosporin,2,D08143;D00916,J01DC08,
DG00565,Cefmetazole,Chemical,Antibacterial DG01710  beta-Lactam antibiotic DG01714  Cephalosporin skeleton group DG01488  Cephem DG01775  Second-generation cephalosporin,2,D00910;D00911,J01DC09,
DG00566,Cefprozil,Chemical,Antibacterial DG01710  beta-Lactam antibiotic DG01714  Cephalosporin skeleton group DG01488  Cephem DG01775  Second-generation cephalosporin,2,D07651;D00261,J01DC10,
DG00567,Cefminox,Chemical,Antibacterial DG01710  beta-Lactam antibiotic DG01714  Cephalosporin skeleton group DG01488  Cephem DG01775  Second-generation cephalosporin,2,D07642;D01909,J01DC12,
DG00568,Cefbuperazone,Chemical,Antibacterial DG01710  beta-Lactam antibiotic DG01714  Cephalosporin skeleton group DG01488  Cephem DG01775  Second-generation cephalosporin,2,D03423;D01736,J01DC13,
DG00569,Flomoxef,Chemical,Antibacterial DG01710  beta-Lactam antibiotic DG01714  Cephalosporin skeleton group DG01459  Oxacephem DG01775  Second-generation cephalosporin,2,D07963;D01473,J01DC14,
DG00570,Cefotaxime,Chemical,Antibacterial DG01710  beta-Lactam antibiotic DG01714  Cephalosporin skeleton group DG01488  Cephem DG01776  Third-generation cephalosporin DG01804  Oxyimino beta-lactam,2,D07647;D00919,J01DD01,
DG00571,Ceftazidime,Chemical,Antibacterial DG01710  beta-Lactam antibiotic DG01714  Cephalosporin skeleton group DG01488  Cephem DG01776  Third-generation cephalosporin DG01804  Oxyimino beta-lactam,2,D07654;D00921,J01DD02,
DG00572,Cefsulodin,Chemical,Antibacterial DG01710  beta-Lactam antibiotic DG01714  Cephalosporin skeleton group DG01488  Cephem DG01776  Third-generation cephalosporin,2,D07653;D02005,J01DD03,
DG00573,Ceftriaxone,Chemical,Antibacterial DG01710  beta-Lactam antibiotic DG01714  Cephalosporin skeleton group DG01488  Cephem DG01776  Third-generation cephalosporin DG01804  Oxyimino beta-lactam,2,D07659;D00924,J01DD04,
DG00574,Cefmenoxime,Chemical,Antibacterial DG01710  beta-Lactam antibiotic DG01714  Cephalosporin skeleton group DG01488  Cephem DG01776  Third-generation cephalosporin DG01804  Oxyimino beta-lactam,2,D07641;D01739,J01DD05 S01AA31 S02AA18,
DG00575,Latamoxef Moxalactam,Chemical,Antibacterial DG01710  beta-Lactam antibiotic DG01714  Cephalosporin skeleton group DG01459  Oxacephem DG01776  Third-generation cephalosporin,2,D08109;D02198,J01DD06,
DG00576,Ceftizoxime,Chemical,Antibacterial DG01710  beta-Lactam antibiotic DG01714  Cephalosporin skeleton group DG01488  Cephem DG01776  Third-generation cephalosporin DG01804  Oxyimino beta-lactam,3,D07658;D00923;D09793,J01DD07,
DG00577,Cefixime,Chemical,Antibacterial DG01710  beta-Lactam antibiotic DG01714  Cephalosporin skeleton group DG01488  Cephem DG01776  Third-generation cephalosporin DG01804  Oxyimino beta-lactam,2,D00258;D07640,J01DD08,
DG00578,Cefodizime,Chemical,Antibacterial DG01710  beta-Lactam antibiotic DG01714  Cephalosporin skeleton group DG01488  Cephem DG01776  Third-generation cephalosporin DG01804  Oxyimino beta-lactam,2,D07643;D01863,J01DD09,
DG00579,Cefetamet,Chemical,Antibacterial DG01710  beta-Lactam antibiotic DG01714  Cephalosporin skeleton group DG01488  Cephem DG01776  Third-generation cephalosporin DG01804  Oxyimino beta-lactam,2,D03424;D01629,J01DD10,
DG00580,Cefpiramide,Chemical,Antibacterial DG01710  beta-Lactam antibiotic DG01714  Cephalosporin skeleton group DG01488  Cephem DG01776  Third-generation cephalosporin,2,D03428;D01904,J01DD11,
DG00581,Cefoperazone,Chemical,Antibacterial DG01710  beta-Lactam antibiotic DG01714  Cephalosporin skeleton group DG01488  Cephem DG01776  Third-generation cephalosporin,2,D07645;D00918,J01DD12,
DG00582,Cefpodoxime,Chemical,Antibacterial DG01710  beta-Lactam antibiotic DG01714  Cephalosporin skeleton group DG01488  Cephem DG01776  Third-generation cephalosporin DG01804  Oxyimino beta-lactam,2,D07650;D00920,J01DD13,
DG00583,Ceftibuten,Chemical,Antibacterial DG01710  beta-Lactam antibiotic DG01714  Cephalosporin skeleton group DG01488  Cephem DG01776  Third-generation cephalosporin,2,D00922;D02121,J01DD14,
DG00584,Cefditoren,Chemical,Antibacterial DG01710  beta-Lactam antibiotic DG01714  Cephalosporin skeleton group DG01488  Cephem DG01776  Third-generation cephalosporin DG01804  Oxyimino beta-lactam,2,D07639;D01628,J01DD16,
DG00585,Cefcapene,Chemical,Antibacterial DG01710  beta-Lactam antibiotic DG01714  Cephalosporin skeleton group DG01488  Cephem DG01776  Third-generation cephalosporin,2,D07638;D01680,J01DD17,
DG00586,Cefepime,Chemical,Antibacterial DG01710  beta-Lactam antibiotic DG01714  Cephalosporin skeleton group DG01488  Cephem DG01777  Fourth-generation cephalosporin DG01804  Oxyimino beta-lactam,2,D02376;D01157,J01DE01,
DG00587,Cefpirome,Chemical,Antibacterial DG01710  beta-Lactam antibiotic DG01714  Cephalosporin skeleton group DG01488  Cephem DG01777  Fourth-generation cephalosporin DG01804  Oxyimino beta-lactam,2,D07649;D01401,J01DE02,
DG00588,Cefozopran,Chemical,Antibacterial DG01710  beta-Lactam antibiotic DG01714  Cephalosporin skeleton group DG01488  Cephem DG01777  Fourth-generation cephalosporin DG01804  Oxyimino beta-lactam,2,D01052;D02233,J01DE03,
DG00589,Aztreonam,Chemical,Antibacterial DG01710  beta-Lactam antibiotic DG01454  Monobactam DG01804  Oxyimino beta-lactam,2,D00240;D06558,J01DF01,
DG00590,Carumonam,Chemical,Antibacterial DG01710  beta-Lactam antibiotic DG01454  Monobactam DG01804  Oxyimino beta-lactam,2,D07625;D01560,J01DF02,
DG00591,Meropenem,Chemical,Antibacterial DG01710  beta-Lactam antibiotic DG01713  Penicillin skeleton group DG01458  Carbapenem,2,D08185;D02222,J01DH02,
DG00592,Ertapenem,Chemical,Antibacterial DG01710  beta-Lactam antibiotic DG01713  Penicillin skeleton group DG01458  Carbapenem,2,D07908;D04049,J01DH03,
DG00593,Doripenem,Chemical,Antibacterial DG01710  beta-Lactam antibiotic DG01713  Penicillin skeleton group DG01458  Carbapenem,2,D03895;D01836,J01DH04,
DG00594,Faropenem,Chemical,Antibacterial DG01710  beta-Lactam antibiotic DG01713  Penicillin skeleton group DG01486  Penem,2,D01839;D08919,J01DI03,
DG00595,Trimethoprim,Chemical,Antibacterial DG01581  Trimethoprim antibacterial Metabolizing enzyme inhibitor DG01641  CYP2C8 inhibitor,4,D00145;D06236;D08644;D11085,J01EA01,
DG00596,Iclaprim,Chemical,Antibacterial DG01581  Trimethoprim antibacterial,2,D08337;D08563,J01EA03,
DG00597,Sulfadimidine,Chemical,Antibacterial DG01787  Sulfonamide antibacterial DG01784  Short-acting sulfonamide,2,D02436;D08539,J01EB03,
DG00598,Sulfafurazole Sulfisoxazole,Chemical,Antibacterial DG01787  Sulfonamide antibacterial DG01784  Short-acting sulfonamide,3,D00450;D05956;D05957,J01EB05 S01AB02,
DG00599,Sulfadiazine,Chemical,Antibacterial DG01787  Sulfonamide antibacterial DG01785  Intermediate-acting sulfonamide,3,D00587;D05949;D00433,J01EC02,
DG00600,Sulfadimethoxine,Chemical,Antibacterial DG01787  Sulfonamide antibacterial DG01786  Long-acting sulfonamide,2,D01142;D08538,J01ED01,
DG00601,Sulfamethoxypyridazine,Chemical,Antibacterial DG01787  Sulfonamide antibacterial DG01786  Long-acting sulfonamide,2,D02439;D08540,J01ED05,
DG00602,Spiramycin,Chemical,Antibacterial DG01551  Macrolide antibiotic DG01876  16-Membered ring macrolide antibiotic,4,D05908;D02420;D08527;D08528,J01FA02,
DG00603,Oleandomycin,Chemical,Antibacterial DG01551  Macrolide antibiotic DG01874  14-membered ring macrolide antibiotic,1,D02186,J01FA05,
DG00604,Josamycin,Chemical,Antibacterial DG01551  Macrolide antibiotic DG01876  16-Membered ring macrolide antibiotic Metabolizing enzyme inhibitor DG02852  CYP3A/CYP3A4 inhibitor DG01522  CYP3A4 inhibitor,2,D01235;D05351,J01FA07,
DG00605,Clarithromycin,Chemical,Antibacterial DG01551  Macrolide antibiotic DG01874  14-membered ring macrolide antibiotic Metabolizing enzyme substrate DG01633  CYP3A/CYP3A4 substrate DG02913  CYP3A4 substrate Metabolizing enzyme inhibitor DG02852  CYP3A/CYP3A4 inhibitor DG01522  CYP3A4 inhibitor Transporter inhibitor DG01622  ABCB1 inhibitor,2,D00276;D07710,J01FA09,
DG00606,Azithromycin,Chemical,Antibacterial DG01551  Macrolide antibiotic DG01875  15-Membered ring macrolide antibiotic Transporter substrate DG01665  ABCB1 substrate Transporter inhibitor DG01622  ABCB1 inhibitor,3,D07486;D02134;D06390,J01FA10 S01AA26,
DG00607,Lincomycin,Chemical,Antibacterial DG01578  Lincosamide antibiotic,2,D00223;D02346,J01FF02,
DG00608,Tobramycin,Chemical,Antibacterial DG01447  Aminoglycoside antibiotic,2,D00063;D02542,J01GB01 S01AA12,
DG00609,Netilmicin,Chemical,Antibacterial DG01447  Aminoglycoside antibiotic,2,D08268;D00867,J01GB07 S01AA23,
DG00610,Sisomicin,Chemical,Antibacterial DG01447  Aminoglycoside antibiotic,2,D02544;D02181,J01GB08,
DG00611,Dibekacin,Chemical,Antibacterial DG01447  Aminoglycoside antibiotic,2,D07811;D01753,J01GB09 S01AA29,
DG00612,Ribostamycin,Chemical,Antibacterial DG01447  Aminoglycoside antibiotic,2,D08478;D02209,J01GB10,
DG00613,Isepamicin,Chemical,Antibacterial DG01447  Aminoglycoside antibiotic,2,D02545;D01826,J01GB11,
DG00614,Arbekacin,Chemical,Antibacterial DG01447  Aminoglycoside antibiotic,2,D07462;D01523,J01GB12,
DG00615,Bekanamycin,Chemical,Antibacterial DG01447  Aminoglycoside antibiotic,2,D07497;D01868,J01GB13,
DG00616,Ofloxacin,Chemical,Antibacterial DG01550  Quinolone DG01549  Fluoroquinolone Metabolizing enzyme substrate DG01633  CYP3A/CYP3A4 substrate DG02913  CYP3A4 substrate,2,D00453;D08291,J01MA01 S01AE01 S02AA16,
DG00617,Ciprofloxacin,Chemical,Antibacterial DG01550  Quinolone DG01549  Fluoroquinolone Metabolizing enzyme inhibitor DG01634  CYP1A2 inhibitor,4,D00186;D02216;D07702;D10822,J01MA02 S01AE03 S02AA15 S03AA07,
DG00618,Pefloxacin,Chemical,Antibacterial DG01550  Quinolone DG01549  Fluoroquinolone,2,D02306;D02307,J01MA03,
DG00619,Enoxacin,Chemical,Antibacterial DG01550  Quinolone DG01549  Fluoroquinolone Metabolizing enzyme inhibitor DG01634  CYP1A2 inhibitor,2,D00310;D05461,J01MA04,
DG00620,Norfloxacin,Chemical,Antibacterial DG01550  Quinolone DG01549  Fluoroquinolone Metabolizing enzyme substrate DG01892  CYP1A2 substrate Metabolizing enzyme inhibitor DG01634  CYP1A2 inhibitor DG02852  CYP3A/CYP3A4 inhibitor,2,D00210;D08287,J01MA06 S01AE02,
DG00621,Lomefloxacin,Chemical,Antibacterial DG01550  Quinolone DG01549  Fluoroquinolone,3,D02318;D00873;D02541,J01MA07 S01AE04,
DG00622,Rufloxacin,Chemical,Antibacterial DG01550  Quinolone DG01549  Fluoroquinolone,2,D02474;D08496,J01MA10,
DG00623,Grepafloxacin,Chemical,Antibacterial DG01550  Quinolone DG01549  Fluoroquinolone,1,D02178,J01MA11,
DG00624,Levofloxacin,Chemical,Antibacterial DG01550  Quinolone DG01549  Fluoroquinolone DG01966  Antitubercular Transporter substrate DG02857  SLCO1A2 substrate,2,D08120;D00588,J01MA12 S01AE05,
DG00625,Trovafloxacin,Chemical,Antibacterial DG01550  Quinolone DG01549  Fluoroquinolone,2,D08654;D02123,J01MA13,
DG00626,Moxifloxacin,Chemical,Antibacterial DG01550  Quinolone DG01549  Fluoroquinolone,3,D08237;D00874;D11618,J01MA14 S01AE07,
DG00627,Gemifloxacin,Chemical,Antibacterial DG01550  Quinolone DG01549  Fluoroquinolone,2,D08012;D02471,J01MA15,
DG00628,Gatifloxacin,Chemical,Antibacterial DG01550  Quinolone DG01549  Fluoroquinolone,2,D08011;D00589,J01MA16 S01AE06,
DG00629,Pazufloxacin,Chemical,Antibacterial DG01550  Quinolone DG01549  Fluoroquinolone Metabolizing enzyme inhibitor DG01634  CYP1A2 inhibitor,2,D01153;D05382,J01MA18,
DG00630,Nalidixic acid,Chemical,Antibacterial DG01550  Quinolone,2,D00183;D05110,J01MB02,
DG00631,Pipemidic acid,Chemical,Antibacterial DG01550  Quinolone Metabolizing enzyme inhibitor DG01634  CYP1A2 inhibitor,2,D08379;D01531,J01MB04,
DG00632,Oritavancin,Chemical,Antibacterial DG01580  Glycopeptide antibiotic,1,D05271,J01XA05,
DG00633,Fosfomycin,Chemical,,5,D04253;D00925;D02187;D02188;D07995,J01XX01 S02AA17,
DG00634,Spectinomycin,Chemical,Antibacterial DG01447  Aminoglycoside antibiotic,2,D08526;D00869,J01XX04,
DG00635,Methenamine,Chemical,,4,D00393;D00855;D00856;D08199,J01XX05,
DG00636,Caspofungin,Chemical,,2,D07626;D02501,J02AX04,
DG00637,Micafungin,Chemical,,3,D08218;D02465;D11010,J02AX05,
DG00638,Aminosalicylic acid,Chemical,Antibacterial DG01966  Antitubercular,3,D00162;D00875;D05460,J04AA01,
DG00639,Rifampicin,Chemical,Antibacterial DG01966  Antitubercular DG01598  Rifamycin antibiotic Metabolizing enzyme inducer DG02853  CYP3A/CYP3A4 inducer DG01635  CYP3A4 inducer DG03195  UGT inducer Transporter inhibitor DG02865  SLCO1B1 inhibitor DG02907  SLCO1B3 inhibitor Transporter inducer DG01893  ABCB1 inducer,2,D00211;D08479,J04AB02,
DG00640,Rifamycin,Chemical,Antibacterial DG01966  Antitubercular DG01598  Rifamycin antibiotic,2,D02549;D08480,A07AA13 D06AX15 J04AB03 S01AA16 S02AA12,
DG00641,Capreomycin,Chemical,Antibacterial DG01966  Antitubercular,2,D07607;D00135,J04AB30,
DG00642,Isoniazid,Chemical,Antibacterial DG01966  Antitubercular Neuropsychiatric agent DG01568  MAO inhibitor DG01519  Non-selective monoamine oxidase inhibitor,4,D00346;D01501;D02002;D09773,J04AC01,
DG00643,Ethambutol,Chemical,Antibacterial DG01966  Antitubercular,2,D07925;D00878,J04AK02,
DG00644,Bedaquiline,Chemical,Antibacterial DG01966  Antitubercular Metabolizing enzyme substrate DG01633  CYP3A/CYP3A4 substrate DG02913  CYP3A4 substrate,2,D09872;D09873,J04AK05,
DG00645,Vidarabine,Chemical,Antiviral DG01440  Arabinofuranosyl type antiviral DG02840  Anti-herpesvirus agent,4,D06298;D00406;D06299;D06300,J05AB03 S01AD06,
DG00646,Ganciclovir,Chemical,Antiviral DG02840  Anti-herpesvirus agent DG01937  Anti-cytomegalovirus agent,2,D00333;D04301,J05AB06 S01AD09,
DG00647,Valaciclovir,Chemical,Antiviral DG02840  Anti-herpesvirus agent,3,D08664;D00398;D10518,J05AB11,
DG00648,Cidofovir,Chemical,Antiviral DG01937  Anti-cytomegalovirus agent,1,D00273,J05AB12,
DG00649,Valganciclovir,Chemical,Antiviral DG01937  Anti-cytomegalovirus agent,2,D02495;D03256,J05AB14,
DG00650,Rimantadine,Chemical,Antiviral DG03029  Anti-influenza virus agent DG02841  Viral uncoating inhibitor,2,D08483;D00901,J05AC02,
DG00651,Foscarnet,Chemical,Antiviral DG01937  Anti-cytomegalovirus agent,2,D00579;D02267,J05AD01,
DG00652,Fosfonet,Chemical,,1,D04254,J05AD02,
DG00653,Saquinavir,Chemical,Antiviral DG03107  Anti-HIV agent DG01647  HIV protease inhibitor Metabolizing enzyme substrate DG01633  CYP3A/CYP3A4 substrate DG02913  CYP3A4 substrate Transporter substrate DG01665  ABCB1 substrate,2,D00429;D01160,J05AE01,
DG00654,Indinavir,Chemical,Antiviral DG03107  Anti-HIV agent DG01647  HIV protease inhibitor Metabolizing enzyme substrate DG01633  CYP3A/CYP3A4 substrate DG02913  CYP3A4 substrate Metabolizing enzyme inhibitor DG02852  CYP3A/CYP3A4 inhibitor DG01522  CYP3A4 inhibitor,3,D03833;D00897;D02861,J05AE02,
DG00655,Nelfinavir,Chemical,Antiviral DG03107  Anti-HIV agent DG01647  HIV protease inhibitor Metabolizing enzyme substrate DG01639  CYP2C19 substrate DG01633  CYP3A/CYP3A4 substrate DG02913  CYP3A4 substrate Metabolizing enzyme inhibitor DG02852  CYP3A/CYP3A4 inhibitor DG01522  CYP3A4 inhibitor,2,D08259;D00899,J05AE04,
DG00656,Fosamprenavir,Chemical,Antiviral DG03107  Anti-HIV agent DG01647  HIV protease inhibitor Metabolizing enzyme substrate DG01633  CYP3A/CYP3A4 substrate DG02913  CYP3A4 substrate Metabolizing enzyme inhibitor DG02852  CYP3A/CYP3A4 inhibitor DG01522  CYP3A4 inhibitor,4,D02497;D02867;D03835;D03837,J05AE07,
DG00657,Atazanavir,Chemical,Antiviral DG03107  Anti-HIV agent DG01647  HIV protease inhibitor Metabolizing enzyme inhibitor DG02852  CYP3A/CYP3A4 inhibitor DG01522  CYP3A4 inhibitor DG02887  UGT1A1 inhibitor,2,D07471;D01276,J05AE08,
DG00658,Tipranavir,Chemical,Antiviral DG03107  Anti-HIV agent DG01647  HIV protease inhibitor,2,D08605;D03843,J05AE09,
DG00659,Darunavir,Chemical,Antiviral DG03107  Anti-HIV agent DG01647  HIV protease inhibitor Metabolizing enzyme substrate DG01633  CYP3A/CYP3A4 substrate DG02913  CYP3A4 substrate Metabolizing enzyme inhibitor DG02852  CYP3A/CYP3A4 inhibitor DG01522  CYP3A4 inhibitor,2,D03656;D06478,J05AE10,
DG00660,Abacavir,Chemical,Antiviral DG01890  Nucleoside reverse transcriptase inhibitor (NRTI) DG03107  Anti-HIV agent DG01656  HIV reverse transcriptase inhibitor,3,D07057;D00891;D02734,J05AF06,
DG00661,Entecavir,Chemical,Antiviral DG01890  Nucleoside reverse transcriptase inhibitor (NRTI),2,D07896;D04008,J05AF10,
DG00662,Delavirdine,Chemical,Antiviral DG01889  Non-nucleoside reverse transcriptase inhibitor (NNRTI) DG03107  Anti-HIV agent DG01656  HIV reverse transcriptase inhibitor Metabolizing enzyme substrate DG01633  CYP3A/CYP3A4 substrate Metabolizing enzyme inhibitor DG02852  CYP3A/CYP3A4 inhibitor,2,D07782;D00895,J05AG02,
DG00663,Rilpivirine,Chemical,Antiviral DG01889  Non-nucleoside reverse transcriptase inhibitor (NNRTI) DG03107  Anti-HIV agent DG01656  HIV reverse transcriptase inhibitor Metabolizing enzyme substrate DG01633  CYP3A/CYP3A4 substrate,2,D09720;D09958,J05AG05,
DG00664,Zanamivir,Chemical,Antiviral DG03029  Anti-influenza virus agent DG02842  Neuraminidase inhibitor,2,D00902;D01937,J05AH01,
DG00665,Oseltamivir,Chemical,Antiviral DG03029  Anti-influenza virus agent DG02842  Neuraminidase inhibitor,2,D08306;D00900,J05AH02,
DG00666,Raltegravir,Chemical,Antiviral DG03107  Anti-HIV agent DG03135  HIV integrase inhibitor Metabolizing enzyme substrate DG02924  UGT substrate DG03183  UGT1A1 substrate,2,D06676;D07133,J05AJ01,
DG00667,Dolutegravir,Chemical,Antiviral DG03107  Anti-HIV agent DG03135  HIV integrase inhibitor Metabolizing enzyme substrate DG01633  CYP3A/CYP3A4 substrate DG02913  CYP3A4 substrate DG02924  UGT substrate DG03183  UGT1A1 substrate Transporter inhibitor DG02863  SLC22A2 inhibitor DG02864  SLC47A1 inhibitor,2,D10066;D10113,J05AJ03,
DG00668,Diphtheria antitoxin,Chemical,,2,D06480;D03925,J06AA01,
DG00669,Tetanus antitoxin,Chemical,,2,D06088;D06513,J06AA02,
DG00670,Tetanus immunoglobulin,Chemical,,4,D06089;D08782;D08791;D08801,J06BB02,
DG00671,Diphtheria toxoid,Chemical,,2,D03926;D03927,J07AF01,
DG00673,Tetanus toxoid,Chemical,,2,D06547;D05316,J07AM01,
DG00674,"Influenza, inactivated, whole virus",Chemical,Vaccine DG01686  Inactivated vaccine,2,D04536;D05182,J07BB01,
DG00675,Cyclophosphamide,Chemical,Antineoplastic DG01677  Alkylating agent DG01678  Nitrogen mustard analog DG01720  Isophosphoramide mustard analog Metabolizing enzyme substrate DG01638  CYP2A6 substrate DG02919  CYP2B6 substrate DG02918  CYP2C8 substrate DG01642  CYP2C9 substrate DG01633  CYP3A/CYP3A4 substrate DG02913  CYP3A4 substrate,2,D07760;D00287,L01AA01,
DG00676,Melphalan,Chemical,Antineoplastic DG01677  Alkylating agent DG01678  Nitrogen mustard analog,2,D00369;D08173,L01AA03,
DG00677,Chlormethine,Chemical,Antineoplastic DG01677  Alkylating agent DG01678  Nitrogen mustard analog,2,D07671;D04872,L01AA05,
DG00678,Bendamustine,Chemical,Antineoplastic DG01677  Alkylating agent DG01678  Nitrogen mustard analog,3,D07501;D07085;D11661,L01AA09,
DG00679,Nimustine,Chemical,Antineoplastic DG01677  Alkylating agent DG01724  Nitrosourea,2,D08276;D01059,L01AD06,
DG00680,Dacarbazine,Chemical,Antineoplastic DG01677  Alkylating agent,2,D00288;D07772,L01AX04,
DG00681,Methotrexate,Chemical,Antineoplastic DG02018  Antimetabolite DG01978  Folic acid analog DG01930  Dihydrofolate reductase inhibitor Anti-inflammatory DG01985  Disease modifying anti-rheumatic drug (DMARD),2,D00142;D02115,L01BA01 L04AX03,
DG00682,Pemetrexed,Chemical,Antineoplastic DG02018  Antimetabolite DG01978  Folic acid analog,5,D07472;D03828;D06503;D10596;D11352,L01BA04,
DG00683,Mercaptopurine,Chemical,"Antineoplastic DG02018  Antimetabolite DG01958  Nucleic acid derivative, antineoplastic",2,D04931;D00161,L01BB02,
DG00684,Tioguanine,Chemical,"Antineoplastic DG02018  Antimetabolite DG01958  Nucleic acid derivative, antineoplastic",2,D08603;D06109,L01BB03,
DG00685,Fludarabine,Chemical,"Antineoplastic DG02018  Antimetabolite DG01958  Nucleic acid derivative, antineoplastic DG01439  Arabinofuranosyl type antineoplastic",2,D07966;D01907,L01BB05,
DG00686,Cytarabine,Chemical,"Antineoplastic DG02018  Antimetabolite DG01958  Nucleic acid derivative, antineoplastic DG01439  Arabinofuranosyl type antineoplastic",3,D00168;D03046;D03637,L01BC01,
DG00687,Fluorouracil,Chemical,"Antineoplastic DG02018  Antimetabolite DG01958  Nucleic acid derivative, antineoplastic DG01935  Fluoropyrimidine antineoplastic Metabolizing enzyme substrate DG02984  DPYD substrate",2,D00584;D07974,L01BC02,
DG00688,Gemcitabine,Chemical,"Antineoplastic DG02018  Antimetabolite DG01958  Nucleic acid derivative, antineoplastic DG01439  Arabinofuranosyl type antineoplastic",3,D02368;D01155;D10222,L01BC05,
DG00689,Vinblastine,Chemical,Antineoplastic DG01965  Vinca alkaloid antineoplastic Metabolizing enzyme substrate DG01633  CYP3A/CYP3A4 substrate DG02913  CYP3A4 substrate,2,D08675;D01068,L01CA01,
DG00690,Vincristine,Chemical,Antineoplastic DG01965  Vinca alkaloid antineoplastic Metabolizing enzyme substrate DG01633  CYP3A/CYP3A4 substrate,2,D08679;D02197,L01CA02,
DG00691,Vindesine,Chemical,Antineoplastic DG01965  Vinca alkaloid antineoplastic Metabolizing enzyme substrate DG01633  CYP3A/CYP3A4 substrate,2,D06304;D01769,L01CA03,
DG00692,Vinorelbine,Chemical,Antineoplastic DG01965  Vinca alkaloid antineoplastic Metabolizing enzyme substrate DG01633  CYP3A/CYP3A4 substrate DG02913  CYP3A4 substrate,2,D08680;D01935,L01CA04,
DG00693,Etoposide,Chemical,Antineoplastic DG01529  Topoisomerase inhibitor DG01527  Topoisomerase II inhibitor,2,D00125;D04107,L01CB01,
DG00694,Docetaxel,Chemical,Metabolizing enzyme substrate DG01633  CYP3A/CYP3A4 substrate DG02913  CYP3A4 substrate,2,D07866;D02165,L01CD02,
DG00695,Cabazitaxel,Chemical,Metabolizing enzyme substrate DG01633  CYP3A/CYP3A4 substrate,2,D09755;D10452,L01CD04,
DG00696,Doxorubicin,Chemical,Antineoplastic DG01682  Anthracycline antineoplastic DG01529  Topoisomerase inhibitor DG01527  Topoisomerase II inhibitor,2,D03899;D01275,L01DB01,
DG00697,Daunorubicin,Chemical,Antineoplastic DG01682  Anthracycline antineoplastic DG01529  Topoisomerase inhibitor DG01527  Topoisomerase II inhibitor,3,D07776;D01264;D10787,L01DB02,
DG00698,Epirubicin,Chemical,Antineoplastic DG01682  Anthracycline antineoplastic DG01529  Topoisomerase inhibitor DG01527  Topoisomerase II inhibitor,2,D07901;D02214,L01DB03,
DG00699,Aclarubicin,Chemical,Antineoplastic DG01682  Anthracycline antineoplastic DG01529  Topoisomerase inhibitor,2,D02756;D01911,L01DB04,
DG00700,Idarubicin,Chemical,Antineoplastic DG01682  Anthracycline antineoplastic DG01529  Topoisomerase inhibitor DG01527  Topoisomerase II inhibitor,2,D08062;D01747,L01DB06,
DG00701,Mitoxantrone,Chemical,Antineoplastic DG01727  Anthraquinone antineoplastic DG01529  Topoisomerase inhibitor DG01527  Topoisomerase II inhibitor Transporter substrate DG02861  ABCC2 substrate DG01913  ABCG2 substrate,2,D08224;D02166,L01DB07,
DG00702,Pirarubicin,Chemical,Antineoplastic DG01682  Anthracycline antineoplastic DG01529  Topoisomerase inhibitor DG01527  Topoisomerase II inhibitor,2,D01885;D08386,L01DB08,
DG00703,Amrubicin,Chemical,Antineoplastic DG01682  Anthracycline antineoplastic DG01529  Topoisomerase inhibitor DG01527  Topoisomerase II inhibitor,2,D08854;D07100,L01DB10,
DG00704,Pixantrone,Chemical,Antineoplastic DG01682  Anthracycline antineoplastic DG01727  Anthraquinone antineoplastic DG01529  Topoisomerase inhibitor DG01527  Topoisomerase II inhibitor,2,D05522;D09654,L01DB11,
DG00705,Bleomycin,Chemical,,3,D07535;D02177;D03229,L01DC01,
DG00706,Procarbazine,Chemical,,2,D08423;D00478,L01XB01,
DG00707,Methyl aminolevulinate,Chemical,,2,D08204;D04988,L01XD03,
DG00708,Aminolevulinic acid,Chemical,,2,D07567;D02908,L01XD04,
DG00709,Efaproxiral,Chemical,,2,D03961;D03962,L01XD06,
DG00710,Imatinib,Chemical,Antineoplastic DG01918  Tyrosine kinase inhibitor DG03161  BCR-ABL inhibitor Metabolizing enzyme substrate DG01633  CYP3A/CYP3A4 substrate DG02913  CYP3A4 substrate,2,D08066;D01441,L01EA01,
DG00711,Erlotinib,Chemical,Antineoplastic DG01918  Tyrosine kinase inhibitor DG01917  Receptor tyrosine kinase inhibitor DG03162  EGFR inhibitor Metabolizing enzyme substrate DG01892  CYP1A2 substrate DG01633  CYP3A/CYP3A4 substrate DG02913  CYP3A4 substrate,2,D07907;D04023,L01EB02,
DG00712,Sunitinib,Chemical,Antineoplastic DG01918  Tyrosine kinase inhibitor DG01917  Receptor tyrosine kinase inhibitor Metabolizing enzyme substrate DG01633  CYP3A/CYP3A4 substrate DG02913  CYP3A4 substrate,2,D08552;D06402,L01EX01,
DG00713,Sorafenib,Chemical,Antineoplastic DG01918  Tyrosine kinase inhibitor,2,D08524;D06272,L01EX02,
DG00714,Dasatinib,Chemical,Antineoplastic DG01918  Tyrosine kinase inhibitor DG03161  BCR-ABL inhibitor Metabolizing enzyme substrate DG01633  CYP3A/CYP3A4 substrate DG02913  CYP3A4 substrate DG02950  FMO3 substrate DG02924  UGT substrate,2,D03658;D06414,L01EA02,
DG00715,Lapatinib,Chemical,Antineoplastic DG01918  Tyrosine kinase inhibitor DG01917  Receptor tyrosine kinase inhibitor DG03158  HER2 inhibitor Metabolizing enzyme substrate DG02918  CYP2C8 substrate DG01639  CYP2C19 substrate DG01633  CYP3A/CYP3A4 substrate DG02913  CYP3A4 substrate DG02925  CYP3A5 substrate Transporter substrate DG01665  ABCB1 substrate DG01913  ABCG2 substrate,2,D08108;D04024,L01EH01,
DG00716,Nilotinib,Chemical,Antineoplastic DG01918  Tyrosine kinase inhibitor DG03161  BCR-ABL inhibitor Metabolizing enzyme substrate DG02918  CYP2C8 substrate DG01633  CYP3A/CYP3A4 substrate DG02913  CYP3A4 substrate Transporter substrate DG01665  ABCB1 substrate,3,D08953;D06413;D12444,L01EA03,
DG00717,Afatinib,Chemical,Antineoplastic DG01918  Tyrosine kinase inhibitor DG01917  Receptor tyrosine kinase inhibitor DG03162  EGFR inhibitor Transporter substrate DG01665  ABCB1 substrate,2,D09724;D09733,L01EB03,
DG00718,Bosutinib,Chemical,Antineoplastic DG01918  Tyrosine kinase inhibitor DG03161  BCR-ABL inhibitor Metabolizing enzyme substrate DG01633  CYP3A/CYP3A4 substrate DG02913  CYP3A4 substrate,2,D03252;D09728,L01EA04,
DG00719,Ruxolitinib,Chemical,Anti-inflammatory DG01985  Disease modifying anti-rheumatic drug (DMARD) DG02020  JAK inhibitor Metabolizing enzyme substrate DG01642  CYP2C9 substrate DG01633  CYP3A/CYP3A4 substrate DG02913  CYP3A4 substrate,2,D09959;D09960,D11AH09 L01EJ01,
DG00720,Regorafenib,Chemical,Antineoplastic DG01918  Tyrosine kinase inhibitor DG01917  Receptor tyrosine kinase inhibitor Metabolizing enzyme substrate DG01633  CYP3A/CYP3A4 substrate DG02913  CYP3A4 substrate DG02924  UGT substrate DG03188  UGT1A9 substrate Transporter substrate DG01665  ABCB1 substrate DG01913  ABCG2 substrate,2,D10138;D10137,L01EX05,
DG00721,Dabrafenib,Chemical,Antineoplastic DG03159  BRAF inhibitor Metabolizing enzyme substrate DG02918  CYP2C8 substrate DG01633  CYP3A/CYP3A4 substrate DG02913  CYP3A4 substrate Metabolizing enzyme inducer DG02886  CYP2C9 inducer DG02853  CYP3A/CYP3A4 inducer DG01635  CYP3A4 inducer,2,D10064;D10104,L01EC02,
DG00722,Ponatinib,Chemical,Antineoplastic DG01918  Tyrosine kinase inhibitor DG03161  BCR-ABL inhibitor Metabolizing enzyme substrate DG01633  CYP3A/CYP3A4 substrate,2,D09950;D09951,L01EA05,
DG00723,Trametinib,Chemical,Antineoplastic DG03137  MEK inhibitor,2,D10175;D10176,L01EE01,
DG00724,Estramustine,Chemical,Antineoplastic DG01677  Alkylating agent DG01678  Nitrogen mustard analog,3,D04066;D02398;D06397,L01XX11,
DG00725,Topotecan,Chemical,Antineoplastic DG01529  Topoisomerase inhibitor DG01526  Topoisomerase I inhibitor Transporter substrate DG01665  ABCB1 substrate DG02920  ABCC4 substrate DG01913  ABCG2 substrate,2,D08618;D02168,L01CE01,
DG00726,Irinotecan,Chemical,Antineoplastic DG01529  Topoisomerase inhibitor DG01526  Topoisomerase I inhibitor Metabolizing enzyme substrate DG01633  CYP3A/CYP3A4 substrate DG02913  CYP3A4 substrate DG02970  CES substrate DG02924  UGT substrate DG03183  UGT1A1 substrate,3,D08086;D01061;D10642,L01CE02,
DG00727,Anagrelide,Chemical,Cardiovascular agent DG01507  Phosphodiesterase III inhibitor Metabolizing enzyme substrate DG01891  CYP1A1 substrate DG01892  CYP1A2 substrate,3,D07455;D02933;D10255,L01XX35,
DG00728,Oblimersen,Chemical,,2,D08290;D05216,L01XX36,
DG00729,Buserelin,Chemical,Hormonal agent DG01494  Gonadotropin-releasing hormone receptor agonist,2,D07259;D01831,L02AE01,
DG00730,Leuprorelin,Chemical,Hormonal agent DG01494  Gonadotropin-releasing hormone receptor agonist,3,D08113;D00989;D12337,L02AE02,
DG00731,Goserelin,Chemical,Hormonal agent DG01494  Gonadotropin-releasing hormone receptor agonist,2,D04405;D00573,L02AE03,
DG00732,Triptorelin,Chemical,Hormonal agent DG01494  Gonadotropin-releasing hormone receptor agonist,3,D06247;D06248;D08649,L02AE04,
DG00733,Histrelin,Chemical,Hormonal agent DG01494  Gonadotropin-releasing hormone receptor agonist,2,D02369;D02116,L02AE05,
DG00734,Tamoxifen,Chemical,Antineoplastic DG01585  Estrogen receptor antagonist DG01620  Tamoxifene-type antineoplastic Hormonal agent DG01619  Estrogen receptor antagonist/modulator Metabolizing enzyme substrate DG01644  CYP2D6 substrate DG01633  CYP3A/CYP3A4 substrate DG02913  CYP3A4 substrate,2,D08559;D00966,L02BA01,
DG00735,Toremifene,Chemical,Antineoplastic DG01585  Estrogen receptor antagonist DG01620  Tamoxifene-type antineoplastic Hormonal agent DG01619  Estrogen receptor antagonist/modulator Metabolizing enzyme substrate DG01633  CYP3A/CYP3A4 substrate DG02913  CYP3A4 substrate,2,D08620;D00967,L02BA02,
DG00736,Degarelix,Chemical,,3,D08901;D08635;D09400,L02BX02,
DG00737,Interferon gamma,Chemical,Immunological agent DG01752  Interferone,3,D00747;D03357;D08805,L03AB03,
DG00738,BCG vaccine,Chemical,Vaccine DG01687  Live vaccine,2,D03063;D06466,L03AX03,
DG00739,Mycophenolic acid,Chemical,,4,D05096;D00752;D05094;D05095,L04AA06,
DG00740,Gusperimus,Chemical,,2,D08032;D01566,L04AA19,
DG00741,Fingolimod,Chemical,Metabolizing enzyme substrate DG02980  CYP4F2 substrate,3,D10001;D04187;D12549,L04AA27,
DG00742,Tofacitinib,Chemical,Anti-inflammatory DG01985  Disease modifying anti-rheumatic drug (DMARD) DG02020  JAK inhibitor Metabolizing enzyme substrate DG01639  CYP2C19 substrate DG01633  CYP3A/CYP3A4 substrate DG02913  CYP3A4 substrate,2,D09970;D09783,L04AA29,
DG00743,Azathioprine,Chemical,Anti-inflammatory DG01985  Disease modifying anti-rheumatic drug (DMARD),2,D00238;D03033,L04AX01,
DG00744,Lenalidomide,Chemical,Anti-inflammatory DG01985  Disease modifying anti-rheumatic drug (DMARD) DG01936  TNF inhibitor,2,D04687;D09813,L04AX04,
DG00745,Phenylbutazone,Chemical,"Anti-inflammatory DG01504  Nonsteroidal anti-inflammatory drug (NSAID) DG01947  Anti-inflammatory drug, pyrazolone DG01949  Anti-inflammatory drug, phenylbutazones Metabolizing enzyme inhibitor DG01643  CYP2C9 inhibitor",3,D00510;D08363;D08364,M01AA01 M02AA01,
DG00746,Oxyphenbutazone,Chemical,"Anti-inflammatory DG01504  Nonsteroidal anti-inflammatory drug (NSAID) DG01947  Anti-inflammatory drug, pyrazolone DG01949  Anti-inflammatory drug, phenylbutazones",2,D08324;D05319,M01AA03 M02AA04 S01BC02,
DG00747,Tolmetin,Chemical,"Anti-inflammatory DG01504  Nonsteroidal anti-inflammatory drug (NSAID) DG01906  Anti-inflammatory drug, acetic acid derivatives",2,D02355;D00158,M01AB03 M02AA21,
DG00748,Bumadizone,Chemical,"Anti-inflammatory DG01504  Nonsteroidal anti-inflammatory drug (NSAID) DG01906  Anti-inflammatory drug, acetic acid derivatives",2,D07264;D07549,M01AB07,
DG00749,Lonazolac,Chemical,"Anti-inflammatory DG01504  Nonsteroidal anti-inflammatory drug (NSAID) DG01906  Anti-inflammatory drug, acetic acid derivatives",2,D07265;D08142,M01AB09,
DG00750,Proglumetacin,Chemical,"Anti-inflammatory DG01504  Nonsteroidal anti-inflammatory drug (NSAID) DG01906  Anti-inflammatory drug, acetic acid derivatives DG01899  Anti-inflammatory drug, indoleacetic acid derivatives",2,D08427;D01765,M01AB14,
DG00751,Ketorolac,Chemical,"Anti-inflammatory DG01504  Nonsteroidal anti-inflammatory drug (NSAID) DG01906  Anti-inflammatory drug, acetic acid derivatives",2,D08104;D00813,M01AB15 S01BC05,
DG00752,Piroxicam,Chemical,"Anti-inflammatory DG01504  Nonsteroidal anti-inflammatory drug (NSAID) DG01910  Anti-inflammatory drug, oxicams Metabolizing enzyme substrate DG01642  CYP2C9 substrate",4,D00127;D05511;D05512;D05513,M01AC01 M02AA07 S01BC06,
DG00753,Ketoprofen,Chemical,"Anti-inflammatory DG01504  Nonsteroidal anti-inflammatory drug (NSAID) DG01908  Anti-inflammatory drug, propionic acid derivatives Transporter inhibitor DG02883  SLC22A7 inhibitor",3,D00132;D08102;D08103,M01AE03 M02AA10,
DG00754,Fenoprofen,Chemical,"Anti-inflammatory DG01504  Nonsteroidal anti-inflammatory drug (NSAID) DG01908  Anti-inflammatory drug, propionic acid derivatives",2,D02350;D00968,M01AE04,
DG00755,Flurbiprofen,Chemical,"Anti-inflammatory DG01504  Nonsteroidal anti-inflammatory drug (NSAID) DG01908  Anti-inflammatory drug, propionic acid derivatives Metabolizing enzyme substrate DG01642  CYP2C9 substrate",4,D00330;D01475;D02290;D10254,M01AE09 M02AA19 R02AX01 S01BC04,
DG00756,Dexibuprofen,Chemical,"Anti-inflammatory DG01504  Nonsteroidal anti-inflammatory drug (NSAID) DG01908  Anti-inflammatory drug, propionic acid derivatives",2,D03715;D03718,M01AE14,
DG00757,Flufenamic acid,Chemical,"Anti-inflammatory DG01504  Nonsteroidal anti-inflammatory drug (NSAID) DG01911  Anti-inflammatory drug, fenamic acid derivatives",3,D01581;D01823;D03254,M01AG03,
DG00758,Meclofenamic acid,Chemical,"Anti-inflammatory DG01504  Nonsteroidal anti-inflammatory drug (NSAID) DG01911  Anti-inflammatory drug, fenamic acid derivatives",3,D02341;D00169;D08162,M01AG04 M02AA18,
DG00759,Parecoxib,Chemical,"Anti-inflammatory DG01504  Nonsteroidal anti-inflammatory drug (NSAID) DG01922  Selective COX2 inhibitor DG01907  Anti-inflammatory drug, coxibs",2,D03716;D03717,M01AH04,
DG00760,Glucosamine,Chemical,,3,D04334;D08022;D08023,M01AX05,
DG00761,Tenidap,Chemical,,2,D06072;D06073,M01AX23,
DG00762,Chondroitin sulfate,Chemical,,2,D00080;D04078,M01AX25,
DG00763,Penicillamine,Chemical,Anti-inflammatory DG01985  Disease modifying anti-rheumatic drug (DMARD) Vitamin and mineral DG01692  Chelator,2,D00496;D08330,M01CC01,
DG00764,Felbinac,Chemical,"Anti-inflammatory DG01504  Nonsteroidal anti-inflammatory drug (NSAID) DG01906  Anti-inflammatory drug, acetic acid derivatives DG01898  Anti-inflammatory drug, phenylacetic acid derivatives",2,D01675;D01841,M02AA08,
DG00765,Bendazac,Chemical,"Anti-inflammatory DG01504  Nonsteroidal anti-inflammatory drug (NSAID) DG01906  Anti-inflammatory drug, acetic acid derivatives",2,D01594;D07503,M02AA11 S01BC07,
DG00766,Tolperisone,Chemical,Musculo-skeletal system agent DG02029  Muscle relaxant DG01974  Centrally acting muscle relaxant,2,D08617;D01507,M02AX06 M03BX04,
DG00767,Tubocurarine,Chemical,Musculo-skeletal system agent DG02029  Muscle relaxant DG01696  Peripherally-acting muscle relaxant DG03117  Nondepolarizing neuromuscular blocking agent DG01740  Curare alkaloid,2,D02207;D08655,M03AA02,
DG00768,Suxamethonium,Chemical,Musculo-skeletal system agent DG02029  Muscle relaxant DG01696  Peripherally-acting muscle relaxant DG01742  Quaternary ammonium compound type muscle relaxant,2,D00766;D02275,M03AB01,
DG00769,Pancuronium,Chemical,Musculo-skeletal system agent DG02029  Muscle relaxant DG01696  Peripherally-acting muscle relaxant DG03117  Nondepolarizing neuromuscular blocking agent DG01742  Quaternary ammonium compound type muscle relaxant,1,D00492,M03AC01,
DG00770,Vecuronium,Chemical,Musculo-skeletal system agent DG02029  Muscle relaxant DG01696  Peripherally-acting muscle relaxant DG03117  Nondepolarizing neuromuscular blocking agent DG01742  Quaternary ammonium compound type muscle relaxant,1,D00767,M03AC03,
DG00771,Atracurium,Chemical,Musculo-skeletal system agent DG02029  Muscle relaxant DG01696  Peripherally-acting muscle relaxant DG03117  Nondepolarizing neuromuscular blocking agent DG01742  Quaternary ammonium compound type muscle relaxant,1,D00758,M03AC04,
DG00772,Botulinum toxin,Chemical,Musculo-skeletal system agent DG02029  Muscle relaxant DG01696  Peripherally-acting muscle relaxant DG03117  Nondepolarizing neuromuscular blocking agent,3,D00783;D02735;D11405,M03AX01,
DG00773,Tizanidine,Chemical,Cardiovascular agent DG01456  Adrenergic receptor agonist DG01450  alpha-Adrenergic receptor agonist DG01449  alpha2-Adrenergic receptor agonist Musculo-skeletal system agent DG02029  Muscle relaxant DG01974  Centrally acting muscle relaxant Metabolizing enzyme substrate DG01892  CYP1A2 substrate,2,D08611;D00776,M03BX02,
DG00774,Pridinol,Chemical,Musculo-skeletal system agent DG02029  Muscle relaxant DG01974  Centrally acting muscle relaxant,3,D08418;D02064;D08419,M03BX03,
DG00775,Cyclobenzaprine,Chemical,Musculo-skeletal system agent DG02029  Muscle relaxant DG01974  Centrally acting muscle relaxant,2,D07758;D00772,M03BX08,
DG00776,Eperisone,Chemical,Musculo-skeletal system agent DG02029  Muscle relaxant DG01974  Centrally acting muscle relaxant,2,D07898;D01671,M03BX09,
DG00777,Fenyramidol,Chemical,Musculo-skeletal system agent DG02029  Muscle relaxant DG01974  Centrally acting muscle relaxant,2,D07953;D00755,M03BX30,
DG00778,Dantrolene,Chemical,Musculo-skeletal system agent DG02029  Muscle relaxant Metabolizing enzyme substrate DG01891  CYP1A1 substrate DG01892  CYP1A2 substrate DG01633  CYP3A/CYP3A4 substrate,2,D02347;D02274,M03CA01,
DG00779,Allopurinol,Chemical,Cardiovascular agent DG01503  Xanthine dehydrogenase inhibitor Musculo-skeletal system agent DG03130  Xanthin oxidase inhibitor Metabolizing enzyme inhibitor DG01634  CYP1A2 inhibitor,2,D00224;D07564,M04AA01,
DG00780,Etidronic acid,Chemical,Musculo-skeletal system agent DG03232  Osteoporosis agent DG01600  Bisphosphonate,2,D02373;D00314,M05BA01,
DG00781,Clodronic acid,Chemical,Musculo-skeletal system agent DG03232  Osteoporosis agent DG01600  Bisphosphonate,3,D03545;D03544;D07720,M05BA02,
DG00782,Pamidronic acid,Chemical,Musculo-skeletal system agent DG03232  Osteoporosis agent DG01600  Bisphosphonate,2,D07281;D00941,M05BA03,
DG00783,Alendronic acid,Chemical,Musculo-skeletal system agent DG03232  Osteoporosis agent DG01600  Bisphosphonate,2,D07119;D00939,M05BA04,
DG00784,Tiludronic acid,Chemical,Musculo-skeletal system agent DG03232  Osteoporosis agent DG01600  Bisphosphonate,2,D08599;D02285,M05BA05,
DG00785,Ibandronic acid,Chemical,Musculo-skeletal system agent DG03232  Osteoporosis agent DG01600  Bisphosphonate,2,D08056;D04486,M05BA06,
DG00786,Risedronic acid,Chemical,Musculo-skeletal system agent DG03232  Osteoporosis agent DG01600  Bisphosphonate,4,D08484;D00942;D03234;D11570,M05BA07,
DG00787,Zoledronic acid,Chemical,Musculo-skeletal system agent DG03232  Osteoporosis agent DG01600  Bisphosphonate,5,D08689;D01968;D06378;D06379;D10515,M05BA08,
DG00788,Hydroquinine,Chemical,,2,D08267;D08265,M09AA01,
DG00789,Methohexital,Chemical,Neuropsychiatric agent DG01837  Barbiturate sedative-hypnotics DG02030  Anesthetics DG02027  General anesthetics DG02025  Barbiturate anesthetics,2,D04985;D00712,N01AF01 N05CA15,
DG00790,Thiopental,Chemical,Neuropsychiatric agent DG01837  Barbiturate sedative-hypnotics DG01567  GABA-A receptor agonist DG02030  Anesthetics DG02027  General anesthetics DG02025  Barbiturate anesthetics,1,D00714,N01AF03 N05CA19,
DG00791,Fentanyl,Chemical,Neuropsychiatric agent DG02030  Anesthetics DG02027  General anesthetics DG02026  Opioid anesthetics DG01564  Opioid receptor agonist DG01563  mu-Opioid receptor agonist Analgesic DG01984  Opioid analgesics Metabolizing enzyme substrate DG01633  CYP3A/CYP3A4 substrate DG02913  CYP3A4 substrate,3,D00320;D01399;D10811,N01AH01 N02AB03,
DG00792,Alfentanil,Chemical,Neuropsychiatric agent DG02030  Anesthetics DG02027  General anesthetics DG02026  Opioid anesthetics DG01564  Opioid receptor agonist DG01563  mu-Opioid receptor agonist Analgesic DG01984  Opioid analgesics,2,D07122;D00835,N01AH02,
DG00793,Sufentanil,Chemical,Neuropsychiatric agent DG02030  Anesthetics DG02027  General anesthetics DG02026  Opioid anesthetics DG01564  Opioid receptor agonist DG01563  mu-Opioid receptor agonist Analgesic DG01984  Opioid analgesics,2,D05938;D00845,N01AH03,
DG00794,Anileridine,Chemical,Neuropsychiatric agent DG02030  Anesthetics DG02027  General anesthetics DG02026  Opioid anesthetics Analgesic DG01984  Opioid analgesics,2,D02941;D02942,N01AH05,
DG00795,Remifentanil,Chemical,Neuropsychiatric agent DG02030  Anesthetics DG02027  General anesthetics DG02026  Opioid anesthetics DG01564  Opioid receptor agonist DG01563  mu-Opioid receptor agonist Analgesic DG01984  Opioid analgesics,2,D08473;D01177,N01AH06,
DG00796,Ketamine,Chemical,Neuropsychiatric agent DG02030  Anesthetics DG02027  General anesthetics DG01498  NMDA receptor antagonist,2,D08098;D00711,N01AX03,
DG00797,Propofol,Chemical,Neuropsychiatric agent DG01567  GABA-A receptor agonist DG02030  Anesthetics DG02027  General anesthetics,2,D00549;D04257,N01AX10,
DG00798,Hydroxybutyric acid,Chemical,Neuropsychiatric agent DG02030  Anesthetics DG02027  General anesthetics,1,D05866,,
DG00799,Xenon,Chemical,,3,D01901;D06338;D06339,N01AX15,
DG00800,Chloroprocaine,Chemical,Neuropsychiatric agent DG02030  Anesthetics DG01675  Local anesthetic DG01674  Esterified local anesthetic,2,D07678;D00732,N01BA04,
DG00801,Bupivacaine,Chemical,Neuropsychiatric agent DG02030  Anesthetics DG01675  Local anesthetic DG01673  Amide type local anesthetic Metabolizing enzyme substrate DG01633  CYP3A/CYP3A4 substrate DG02913  CYP3A4 substrate,2,D07552;D01450,N01BB01,
DG00802,Mepivacaine,Chemical,Neuropsychiatric agent DG02030  Anesthetics DG01675  Local anesthetic DG01673  Amide type local anesthetic,2,D08181;D00738,N01BB03,
DG00803,Prilocaine,Chemical,Cardiovascular agent DG01575  Calcium channel blocker DG01573  Calcium channel T type blocker Neuropsychiatric agent DG02030  Anesthetics DG01675  Local anesthetic DG01673  Amide type local anesthetic,2,D00553;D01243,N01BB04,
DG00804,Etidocaine,Chemical,Neuropsychiatric agent DG02030  Anesthetics DG01675  Local anesthetic DG01673  Amide type local anesthetic,2,D04095;D00737,N01BB07,
DG00805,Articaine,Chemical,Neuropsychiatric agent DG02030  Anesthetics DG01675  Local anesthetic DG01673  Amide type local anesthetic,2,D07468;D02991,N01BB08,
DG00806,Ropivacaine,Chemical,Neuropsychiatric agent DG02030  Anesthetics DG01675  Local anesthetic DG01673  Amide type local anesthetic Metabolizing enzyme substrate DG01892  CYP1A2 substrate DG01633  CYP3A/CYP3A4 substrate DG02913  CYP3A4 substrate,2,D08490;D04048,N01BB09,
DG00807,Levobupivacaine,Chemical,Neuropsychiatric agent DG02030  Anesthetics DG01675  Local anesthetic DG01673  Amide type local anesthetic Metabolizing enzyme substrate DG01892  CYP1A2 substrate DG01633  CYP3A/CYP3A4 substrate DG02913  CYP3A4 substrate,2,D08116;D01287,N01BB10,
DG00808,Cocaine,Chemical,Neuropsychiatric agent DG02030  Anesthetics DG01675  Local anesthetic DG01674  Esterified local anesthetic,2,D00110;D02182,N01BC01 R02AD03 S01HA01 S02DA02,
DG00809,Dyclonine,Chemical,Neuropsychiatric agent DG02030  Anesthetics DG01675  Local anesthetic,2,D07881;D00735,N01BX02 R02AD04,
DG00810,Morphine,Chemical,Neuropsychiatric agent DG01564  Opioid receptor agonist DG01563  mu-Opioid receptor agonist Analgesic DG01984  Opioid analgesics Metabolizing enzyme substrate DG02924  UGT substrate,4,D08233;D00842;D02271;D08234,N02AA01,
DG00811,Hydromorphone,Chemical,Neuropsychiatric agent DG01564  Opioid receptor agonist DG01563  mu-Opioid receptor agonist Analgesic DG01984  Opioid analgesics Metabolizing enzyme substrate DG02924  UGT substrate,2,D08047;D00839,N02AA03,
DG00812,Nicomorphine,Chemical,Analgesic DG01984  Opioid analgesics,2,D07285;D08273,N02AA04,
DG00813,Oxycodone,Chemical,Neuropsychiatric agent DG01564  Opioid receptor agonist Analgesic DG01984  Opioid analgesics Metabolizing enzyme substrate DG01644  CYP2D6 substrate DG01633  CYP3A/CYP3A4 substrate DG02913  CYP3A4 substrate,5,D05312;D00847;D02175;D03783;D05462,N02AA05,
DG00814,Dihydrocodeine,Chemical,Neuropsychiatric agent DG01564  Opioid receptor agonist DG01563  mu-Opioid receptor agonist Analgesic DG01984  Opioid analgesics Metabolizing enzyme substrate DG01644  CYP2D6 substrate DG01633  CYP3A/CYP3A4 substrate DG02913  CYP3A4 substrate DG02924  UGT substrate DG03189  UGT2B4 substrate DG03190  UGT2B7 substrate,4,D07831;D01481;D03825;D07832,N02AA08,
DG00815,Ketobemidone,Chemical,Analgesic DG01984  Opioid analgesics,2,D08100;D08101,N02AB01,
DG00816,Pethidine,Chemical,Neuropsychiatric agent DG01564  Opioid receptor agonist DG01563  mu-Opioid receptor agonist Analgesic DG01984  Opioid analgesics,2,D08343;D01383,N02AB02,
DG00817,Dextromoramide,Chemical,Analgesic DG01984  Opioid analgesics,2,D07287;D07808,N02AC01,
DG00818,Dextropropoxyphene Propoxyphene,Chemical,Neuropsychiatric agent DG01564  Opioid receptor agonist DG01563  mu-Opioid receptor agonist Analgesic DG01984  Opioid analgesics,3,D07809;D00482;D05632,N02AC04,
DG00819,Pentazocine,Chemical,Neuropsychiatric agent DG01564  Opioid receptor agonist Analgesic DG01984  Opioid analgesics,3,D00498;D02111;D02227,N02AD01,
DG00820,Buprenorphine,Chemical,Analgesic DG01984  Opioid analgesics DG01586  Opioid receptor antagonist Metabolizing enzyme substrate DG01633  CYP3A/CYP3A4 substrate DG02913  CYP3A4 substrate,2,D07132;D00836,N02AE01 N07BC01,
DG00821,Butorphanol,Chemical,Neuropsychiatric agent DG01564  Opioid receptor agonist Analgesic DG01984  Opioid analgesics,2,D03197;D00837,N02AF01,
DG00822,Nalbuphine,Chemical,Neuropsychiatric agent DG01564  Opioid receptor agonist Analgesic DG01984  Opioid analgesics,2,D08246;D00843,N02AF02,
DG00823,Tilidine,Chemical,Neuropsychiatric agent DG01564  Opioid receptor agonist DG01563  mu-Opioid receptor agonist Analgesic DG01984  Opioid analgesics,2,D08597;D06147,N02AX01,
DG00824,Tramadol,Chemical,Neuropsychiatric agent DG01564  Opioid receptor agonist DG01563  mu-Opioid receptor agonist Analgesic DG01984  Opioid analgesics Metabolizing enzyme substrate DG01644  CYP2D6 substrate DG01633  CYP3A/CYP3A4 substrate DG02913  CYP3A4 substrate,2,D08623;D01355,N02AX02,
DG00825,Meptazinol,Chemical,Analgesic DG01984  Opioid analgesics DG01587  Opioid receptor agonist/antagonist,2,D08182;D04924,N02AX05,
DG00826,Tapentadol,Chemical,Neuropsychiatric agent DG01564  Opioid receptor agonist DG01563  mu-Opioid receptor agonist Analgesic DG01984  Opioid analgesics Metabolizing enzyme substrate DG02924  UGT substrate,2,D06007;D10199,N02AX06,
DG00827,Metamizole sodium,Chemical,"Anti-inflammatory DG01504  Nonsteroidal anti-inflammatory drug (NSAID) DG01947  Anti-inflammatory drug, pyrazolone",2,D08190;D01762,N02BB02,
DG00828,Propacetamol,Chemical,"Anti-inflammatory DG01981  Anilide derivative, anti-inflammatory",2,D07294;D08434,N02BE05,
DG00829,Viminol,Chemical,,2,D07295;D08674,N02BG05,
DG00830,Nefopam,Chemical,,2,D08258;D05133,N02BG06,
DG00831,Flupirtine,Chemical,,3,D07978;D04226;D07979,N02BG07,
DG00832,Ziconotide,Chemical,Cardiovascular agent DG01575  Calcium channel blocker DG01572  Calcium channel N type blocker,2,D06363;D08686,N02BG08,
DG00833,Dihydroergotamine,Chemical,"Neuropsychiatric agent DG01472  Dopamine agonist DG01468  Dopamine D2-receptor agonist DG01964  Ergot alkaloid DG01982  Antimigraine, ergot alkaloid Analgesic DG01518  5-HT1B/1D-receptor agonist Metabolizing enzyme substrate DG01633  CYP3A/CYP3A4 substrate DG02913  CYP3A4 substrate",3,D07837;D02211;D07838,N02CA01,
DG00834,Ergotamine,Chemical,"Neuropsychiatric agent DG01472  Dopamine agonist DG01468  Dopamine D2-receptor agonist DG01964  Ergot alkaloid DG01982  Antimigraine, ergot alkaloid Analgesic DG01518  5-HT1B/1D-receptor agonist Metabolizing enzyme substrate DG01633  CYP3A/CYP3A4 substrate DG02913  CYP3A4 substrate",2,D07906;D00679,N02CA02,
DG00835,Methysergide,Chemical,"Neuropsychiatric agent DG01483  5-HT1A-receptor agonist DG01964  Ergot alkaloid DG01982  Antimigraine, ergot alkaloid Analgesic DG01484  5-HT1B-receptor agonist DG01485  5-HT1D-receptor agonist DG01518  5-HT1B/1D-receptor agonist",2,D02357;D00681,N02CA04,
DG00836,Sumatriptan,Chemical,Analgesic DG01484  5-HT1B-receptor agonist DG01485  5-HT1D-receptor agonist DG01518  5-HT1B/1D-receptor agonist DG01943  Triptan Metabolizing enzyme substrate DG02917  MAO substrate DG03178  MAOA substrate,2,D00451;D00676,N02CC01,
DG00837,Naratriptan,Chemical,Neuropsychiatric agent DG01483  5-HT1A-receptor agonist Analgesic DG01484  5-HT1B-receptor agonist DG01485  5-HT1D-receptor agonist DG01518  5-HT1B/1D-receptor agonist DG01943  Triptan Metabolizing enzyme substrate DG01892  CYP1A2 substrate DG01642  CYP2C9 substrate DG01644  CYP2D6 substrate DG02855  CYP2E1 substrate DG01633  CYP3A/CYP3A4 substrate DG02913  CYP3A4 substrate DG02925  CYP3A5 substrate,2,D08255;D00674,N02CC02,
DG00838,Rizatriptan,Chemical,Analgesic DG01484  5-HT1B-receptor agonist DG01485  5-HT1D-receptor agonist DG01518  5-HT1B/1D-receptor agonist DG01943  Triptan,3,D08485;D00675;D05740,N02CC04,
DG00839,Almotriptan,Chemical,Analgesic DG01484  5-HT1B-receptor agonist DG01485  5-HT1D-receptor agonist DG01518  5-HT1B/1D-receptor agonist DG01943  Triptan Metabolizing enzyme substrate DG01644  CYP2D6 substrate DG01633  CYP3A/CYP3A4 substrate DG02913  CYP3A4 substrate DG02950  FMO3 substrate DG02917  MAO substrate DG03178  MAOA substrate,2,D02824;D02825,N02CC05,
DG00840,Eletriptan,Chemical,Analgesic DG01484  5-HT1B-receptor agonist DG01485  5-HT1D-receptor agonist DG01518  5-HT1B/1D-receptor agonist DG01943  Triptan Metabolizing enzyme substrate DG01633  CYP3A/CYP3A4 substrate DG02913  CYP3A4 substrate,3,D07887;D01973;D11617,N02CC06,
DG00841,Frovatriptan,Chemical,Analgesic DG01484  5-HT1B-receptor agonist DG01485  5-HT1D-receptor agonist DG01518  5-HT1B/1D-receptor agonist DG01943  Triptan,2,D07997;D04264,N02CC07,
DG00842,Pizotifen,Chemical,,2,D05523;D08397,N02CX01,
DG00843,Dimetotiazine,Chemical,Anti-allergic agent DG01557  Histamine receptor antagonist DG01482  Histamine receptor H1 antagonist,2,D07854;D01902,N02CX05,
DG00844,Oxetorone,Chemical,,2,D08312;D05290,N02CX06,
DG00845,Phenobarbital,Chemical,Neuropsychiatric agent DG01567  GABA-A receptor agonist DG03199  Antiepileptic agent DG01904  Barbiturate antiepileptic Metabolizing enzyme inducer DG01637  CYP1A2 inducer DG02891  CYP2B6 inducer DG02886  CYP2C9 inducer DG02853  CYP3A/CYP3A4 inducer,3,D00506;D00701;D08356,N03AA02,
DG00846,Phenytoin,Chemical,Neuropsychiatric agent DG03199  Antiepileptic agent DG02031  Hydantoin antiepileptic Metabolizing enzyme substrate DG01642  CYP2C9 substrate DG01639  CYP2C19 substrate Metabolizing enzyme inducer DG02891  CYP2B6 inducer DG02853  CYP3A/CYP3A4 inducer Transporter inducer DG01893  ABCB1 inducer,2,D00512;D02103,N03AB02,
DG00847,Fosphenytoin,Chemical,Neuropsychiatric agent DG03199  Antiepileptic agent DG02031  Hydantoin antiepileptic Metabolizing enzyme substrate DG01642  CYP2C9 substrate DG01639  CYP2C19 substrate Metabolizing enzyme inducer DG02891  CYP2B6 inducer DG02853  CYP3A/CYP3A4 inducer DG01635  CYP3A4 inducer Transporter inducer DG01893  ABCB1 inducer,3,D07993;D02096;D07595,N03AB05,
DG00848,Eslicarbazepine,Chemical,Neuropsychiatric agent DG03199  Antiepileptic agent DG02034  Carboxamide antiepileptic Metabolizing enzyme inhibitor DG01933  CYP2C19 inhibitor Metabolizing enzyme inducer DG02853  CYP3A/CYP3A4 inducer DG01635  CYP3A4 inducer,2,D09215;D09612,N03AF04,
DG00849,Valproic acid,Chemical,Cardiovascular agent DG01575  Calcium channel blocker DG01573  Calcium channel T type blocker Neuropsychiatric agent DG03199  Antiepileptic agent DG02035  Fatty acid antiepileptic,4,D00399;D00304;D00710;D08667,N03AG01,
DG00850,Tiagabine,Chemical,Neuropsychiatric agent DG03199  Antiepileptic agent DG02037  GABA mimetic antiepileptic,2,D08588;D02097,N03AG06,
DG00851,Trihexyphenidyl,Chemical,Neuropsychiatric agent DG01491  Muscarinic cholinergic receptor antagonist DG01745  Anticholinergic antiparkinson agent DG01967  Antiparkinson agent,2,D08638;D00787,N04AA01,
DG00852,Biperiden,Chemical,Neuropsychiatric agent DG01491  Muscarinic cholinergic receptor antagonist DG01745  Anticholinergic antiparkinson agent DG01967  Antiparkinson agent,3,D00779;D02246;D02247,N04AA02,
DG00853,Metixene,Chemical,Neuropsychiatric agent DG01491  Muscarinic cholinergic receptor antagonist DG01745  Anticholinergic antiparkinson agent,2,D08209;D01871,N04AA03,
DG00854,Procyclidine,Chemical,Neuropsychiatric agent DG01491  Muscarinic cholinergic receptor antagonist DG01745  Anticholinergic antiparkinson agent,2,D08425;D00782,N04AA04,
DG00855,Profenamine,Chemical,Neuropsychiatric agent DG01491  Muscarinic cholinergic receptor antagonist DG01745  Anticholinergic antiparkinson agent,3,D08426;D01118;D03276,N04AA05,
DG00856,Dexetimide,Chemical,Neuropsychiatric agent DG01491  Muscarinic cholinergic receptor antagonist DG01745  Anticholinergic antiparkinson agent,2,D03711;D07804,N04AA08,
DG00857,Mazaticol,Chemical,Neuropsychiatric agent DG01491  Muscarinic cholinergic receptor antagonist DG01745  Anticholinergic antiparkinson agent DG01967  Antiparkinson agent,2,D08157;D03264,N04AA10,
DG00858,Tropatepine,Chemical,Neuropsychiatric agent DG01491  Muscarinic cholinergic receptor antagonist DG01745  Anticholinergic antiparkinson agent,2,D07303;D08653,N04AA12,
DG00859,Benzatropine,Chemical,Neuropsychiatric agent DG01491  Muscarinic cholinergic receptor antagonist DG01745  Anticholinergic antiparkinson agent,2,D07511;D00778,N04AC01,
DG00860,Amantadine,Chemical,Antiviral DG03029  Anti-influenza virus agent DG02841  Viral uncoating inhibitor Neuropsychiatric agent DG01498  NMDA receptor antagonist DG01967  Antiparkinson agent Transporter substrate DG02854  SLC22A2 substrate,2,D07441;D00777,N04BB01,
DG00861,Pergolide,Chemical,Neuropsychiatric agent DG01472  Dopamine agonist DG01964  Ergot alkaloid DG01967  Antiparkinson agent,2,D08339;D00502,N04BC02,
DG00862,Ropinirole,Chemical,Neuropsychiatric agent DG01472  Dopamine agonist DG01468  Dopamine D2-receptor agonist DG01967  Antiparkinson agent Metabolizing enzyme substrate DG01892  CYP1A2 substrate,2,D08489;D00784,N04BC04,
DG00863,Pramipexole,Chemical,Neuropsychiatric agent DG01472  Dopamine agonist DG01967  Antiparkinson agent,2,D05575;D00559,N04BC05,
DG00864,Selegiline,Chemical,Neuropsychiatric agent DG01568  MAO inhibitor DG01512  Monoamine oxidase B inhibitor DG01967  Antiparkinson agent Metabolizing enzyme substrate DG01638  CYP2A6 substrate DG02919  CYP2B6 substrate DG01644  CYP2D6 substrate DG01633  CYP3A/CYP3A4 substrate DG02913  CYP3A4 substrate,2,D03731;D00785,N04BD01,
DG00865,Rasagiline,Chemical,Neuropsychiatric agent DG01568  MAO inhibitor DG01512  Monoamine oxidase B inhibitor DG01967  Antiparkinson agent Metabolizing enzyme substrate DG01892  CYP1A2 substrate,3,D08469;D02562;D10829,N04BD02,
DG00866,Budipine,Chemical,,2,D07306;D07589,N04BX03,
DG00867,Chlorpromazine,Chemical,Cardiovascular agent DG01466  Adrenergic receptor antagonist DG01465  alpha-Adrenergic receptor antagonist DG01460  alpha2-Adrenergic receptor antagonist Neuropsychiatric agent DG01478  Dopamine antagonist DG01474  Dopamine D2-receptor antagonist DG01491  Muscarinic cholinergic receptor antagonist DG03200  Antipsychotic agent DG01905  Phenothiazine antipsychotics Anti-allergic agent DG01557  Histamine receptor antagonist DG01482  Histamine receptor H1 antagonist Metabolizing enzyme substrate DG01644  CYP2D6 substrate Metabolizing enzyme inhibitor DG01645  CYP2D6 inhibitor,5,D00270;D00789;D03274;D04034;D09819,N05AA01,
DG00868,Levomepromazine,Chemical,Neuropsychiatric agent DG01478  Dopamine antagonist DG01474  Dopamine D2-receptor antagonist DG03200  Antipsychotic agent DG01905  Phenothiazine antipsychotics,3,D00403;D01520;D02248,N05AA02,
DG00869,Promazine,Chemical,Neuropsychiatric agent DG01478  Dopamine antagonist DG01474  Dopamine D2-receptor antagonist DG03200  Antipsychotic agent DG01905  Phenothiazine antipsychotics,2,D08430;D00797,N05AA03,
DG00870,Acepromazine,Chemical,Neuropsychiatric agent DG03200  Antipsychotic agent DG01905  Phenothiazine antipsychotics,2,D07065;D02604,N05AA04,
DG00871,Triflupromazine,Chemical,Neuropsychiatric agent DG01478  Dopamine antagonist DG01474  Dopamine D2-receptor antagonist DG03200  Antipsychotic agent DG01905  Phenothiazine antipsychotics,2,D00390;D00800,N05AA05,
DG00872,Cyamemazine,Chemical,Neuropsychiatric agent DG03200  Antipsychotic agent DG01905  Phenothiazine antipsychotics,2,D07307;D07756,N05AA06,
DG00873,Chlorproethazine,Chemical,Neuropsychiatric agent DG03200  Antipsychotic agent DG01905  Phenothiazine antipsychotics,2,D07308;D07685,N05AA07,
DG00874,Fluphenazine,Chemical,Neuropsychiatric agent DG01478  Dopamine antagonist DG01474  Dopamine D2-receptor antagonist DG03200  Antipsychotic agent DG01905  Phenothiazine antipsychotics Metabolizing enzyme substrate DG01644  CYP2D6 substrate,5,D07977;D00791;D00792;D00793;D02163,N05AB02,
DG00875,Perphenazine,Chemical,Neuropsychiatric agent DG01478  Dopamine antagonist DG01474  Dopamine D2-receptor antagonist DG03200  Antipsychotic agent DG01905  Phenothiazine antipsychotics Metabolizing enzyme substrate DG01644  CYP2D6 substrate,6,D00503;D02037;D04038;D04965;D08341;D08342,N05AB03,
DG00876,Prochlorperazine,Chemical,Neuropsychiatric agent DG01478  Dopamine antagonist DG01474  Dopamine D2-receptor antagonist DG03200  Antipsychotic agent DG01905  Phenothiazine antipsychotics,4,D00493;D00479;D02022;D02609,N05AB04,
DG00877,Trifluoperazine,Chemical,Neuropsychiatric agent DG01478  Dopamine antagonist DG01474  Dopamine D2-receptor antagonist DG03200  Antipsychotic agent DG01905  Phenothiazine antipsychotics,3,D08636;D00799;D01448,N05AB06,
DG00878,Acetophenazine,Chemical,Neuropsychiatric agent DG03200  Antipsychotic agent DG01905  Phenothiazine antipsychotics,1,D00788,N05AB07,
DG00879,Thioproperazine,Chemical,Neuropsychiatric agent DG01478  Dopamine antagonist DG01474  Dopamine D2-receptor antagonist DG03200  Antipsychotic agent DG01905  Phenothiazine antipsychotics,2,D08585;D01447,N05AB08,
DG00880,Butaperazine,Chemical,Neuropsychiatric agent DG03200  Antipsychotic agent DG01905  Phenothiazine antipsychotics,2,D02642;D02643,N05AB09,
DG00881,Perazine,Chemical,Neuropsychiatric agent DG03200  Antipsychotic agent DG01905  Phenothiazine antipsychotics,3,D01412;D01860;D02608,N05AB10,
DG00882,Thioridazine,Chemical,Neuropsychiatric agent DG01478  Dopamine antagonist DG01474  Dopamine D2-receptor antagonist DG03200  Antipsychotic agent DG01905  Phenothiazine antipsychotics,2,D00373;D00798,N05AC02,
DG00883,Mesoridazine,Chemical,Neuropsychiatric agent DG03200  Antipsychotic agent DG01905  Phenothiazine antipsychotics,2,D02671;D00795,N05AC03,
DG00884,Pipotiazine,Chemical,Neuropsychiatric agent DG03200  Antipsychotic agent DG01905  Phenothiazine antipsychotics,2,D08385;D02680,N05AC04,
DG00885,Haloperidol,Chemical,Neuropsychiatric agent DG01478  Dopamine antagonist DG01474  Dopamine D2-receptor antagonist DG03200  Antipsychotic agent DG01940  Butyrophenone derivative Metabolizing enzyme substrate DG01644  CYP2D6 substrate DG01633  CYP3A/CYP3A4 substrate DG02913  CYP3A4 substrate,3,D00136;D01898;D08035,N05AD01,
DG00886,Trifluperidol,Chemical,Neuropsychiatric agent DG01478  Dopamine antagonist DG01474  Dopamine D2-receptor antagonist DG03200  Antipsychotic agent DG01940  Butyrophenone derivative,2,D02625;D08637,N05AD02,
DG00887,Melperone,Chemical,Neuropsychiatric agent DG03200  Antipsychotic agent DG01940  Butyrophenone derivative,2,D07309;D08172,N05AD03,
DG00888,Moperone,Chemical,Neuropsychiatric agent DG01478  Dopamine antagonist DG01474  Dopamine D2-receptor antagonist DG03200  Antipsychotic agent DG01940  Butyrophenone derivative,2,D02623;D01105,N05AD04,
DG00889,Pipamperone,Chemical,Neuropsychiatric agent DG01478  Dopamine antagonist DG01474  Dopamine D2-receptor antagonist DG03200  Antipsychotic agent DG01940  Butyrophenone derivative,2,D02622;D01482,N05AD05,
DG00890,Bromperidol,Chemical,Neuropsychiatric agent DG01478  Dopamine antagonist DG01474  Dopamine D2-receptor antagonist DG03200  Antipsychotic agent DG01940  Butyrophenone derivative Metabolizing enzyme substrate DG01633  CYP3A/CYP3A4 substrate DG02913  CYP3A4 substrate,2,D01101;D02626,N05AD06,
DG00891,Molindone,Chemical,Neuropsychiatric agent DG01478  Dopamine antagonist DG01474  Dopamine D2-receptor antagonist,2,D08226;D00796,N05AE02,
DG00892,Ziprasidone,Chemical,Neuropsychiatric agent DG01478  Dopamine antagonist DG01474  Dopamine D2-receptor antagonist,3,D08687;D01939;D02100,N05AE04,
DG00893,Flupentixol,Chemical,Neuropsychiatric agent DG01478  Dopamine antagonist,3,D01044;D02236;D07976,N05AF01,
DG00894,Chlorprothixene,Chemical,,4,D00790;D02162;D07686;D07687,N05AF03,
DG00895,Tiotixene,Chemical,Neuropsychiatric agent DG01478  Dopamine antagonist,2,D00374;D02612,N05AF04,
DG00896,Zuclopenthixol,Chemical,Neuropsychiatric agent DG01478  Dopamine antagonist Metabolizing enzyme substrate DG01644  CYP2D6 substrate,4,D03556;D08691;D08692;D08693,N05AF05,
DG00897,Loxapine,Chemical,Neuropsychiatric agent DG01478  Dopamine antagonist DG01474  Dopamine D2-receptor antagonist Metabolizing enzyme substrate DG01892  CYP1A2 substrate DG01644  CYP2D6 substrate DG01633  CYP3A/CYP3A4 substrate DG02913  CYP3A4 substrate,3,D02340;D00794;D08148,N05AH01,
DG00898,Olanzapine,Chemical,Cardiovascular agent DG01466  Adrenergic receptor antagonist DG01465  alpha-Adrenergic receptor antagonist DG01457  alpha1-Adrenergic receptor antagonist Neuropsychiatric agent DG01478  Dopamine antagonist DG03200  Antipsychotic agent DG03064  Atypical antipsychotic Anti-allergic agent DG01557  Histamine receptor antagonist DG01482  Histamine receptor H1 antagonist Metabolizing enzyme substrate DG01892  CYP1A2 substrate DG01644  CYP2D6 substrate,2,D00454;D06623,N05AH03,
DG00899,Quetiapine,Chemical,Neuropsychiatric agent DG01478  Dopamine antagonist DG01474  Dopamine D2-receptor antagonist DG03200  Antipsychotic agent DG03064  Atypical antipsychotic Anti-allergic agent DG01557  Histamine receptor antagonist DG01482  Histamine receptor H1 antagonist Metabolizing enzyme substrate DG01633  CYP3A/CYP3A4 substrate DG02913  CYP3A4 substrate,2,D08456;D00458,N05AH04,
DG00900,Sultopride,Chemical,Neuropsychiatric agent DG01478  Dopamine antagonist DG01474  Dopamine D2-receptor antagonist DG03200  Antipsychotic agent DG01941  Benzamide antipsychotic,2,D08549;D02208,N05AL02,
DG00901,Tiapride,Chemical,Neuropsychiatric agent DG01478  Dopamine antagonist DG01474  Dopamine D2-receptor antagonist DG03200  Antipsychotic agent DG01941  Benzamide antipsychotic,2,D08590;D01522,N05AL03,
DG00902,Remoxipride,Chemical,Neuropsychiatric agent DG01478  Dopamine antagonist DG01474  Dopamine D2-receptor antagonist DG03200  Antipsychotic agent DG01941  Benzamide antipsychotic,2,D02682;D02683,N05AL04,
DG00903,Lithium,Chemical,,8,D08133;D00801;D04749;D04750;D08134;D08135;D08136;D08137,N05AN01,
DG00904,Prothipendyl,Chemical,,2,D07313;D08446,N05AX07,
DG00905,Mosapramine,Chemical,Neuropsychiatric agent DG01478  Dopamine antagonist DG01474  Dopamine D2-receptor antagonist DG03200  Antipsychotic agent DG01942  Iminobenzyl antipsychotic,2,D08235;D01548,N05AX10,
DG00906,Aripiprazole,Chemical,Neuropsychiatric agent DG03200  Antipsychotic agent DG03064  Atypical antipsychotic Metabolizing enzyme substrate DG01644  CYP2D6 substrate DG01633  CYP3A/CYP3A4 substrate DG02913  CYP3A4 substrate,4,D01164;D10355;D10364;D10516,N05AX12,
DG00907,Paliperidone,Chemical,Neuropsychiatric agent DG01478  Dopamine antagonist DG01474  Dopamine D2-receptor antagonist DG03005  Serotonin-dopamine antagonist (SDA) DG03200  Antipsychotic agent DG03064  Atypical antipsychotic,2,D05339;D05340,N05AX13,
DG00908,Chlordiazepoxide,Chemical,"Neuropsychiatric agent DG01567  GABA-A receptor agonist DG01914  Anxiolytics, benzodiazepine derivatives",2,D00267;D00693,N05BA02,
DG00909,Medazepam,Chemical,"Neuropsychiatric agent DG01567  GABA-A receptor agonist DG01914  Anxiolytics, benzodiazepine derivatives",2,D01292;D04882,N05BA03,
DG00911,Adinazolam,Chemical,"Neuropsychiatric agent DG01914  Anxiolytics, benzodiazepine derivatives",2,D02770;D02771,N05BA07,
DG00912,Hydroxyzine,Chemical,Anti-allergic agent DG01557  Histamine receptor antagonist DG01482  Histamine receptor H1 antagonist,3,D08054;D00672;D01096,N05BB01,
DG00913,Buspirone,Chemical,Neuropsychiatric agent DG01483  5-HT1A-receptor agonist,2,D07593;D00702,N05BE01,
DG00914,Etifoxine,Chemical,,2,D07320;D07930,N05BX03,
DG00915,Pentobarbital,Chemical,Neuropsychiatric agent DG01837  Barbiturate sedative-hypnotics DG01567  GABA-A receptor agonist,3,D00499;D00500;D02253,N05CA01,
DG00916,Amobarbital,Chemical,Neuropsychiatric agent DG01837  Barbiturate sedative-hypnotics DG01567  GABA-A receptor agonist Metabolizing enzyme inducer DG02853  CYP3A/CYP3A4 inducer,2,D00555;D02252,N05CA02,
DG00917,Secobarbital,Chemical,Neuropsychiatric agent DG01837  Barbiturate sedative-hypnotics DG01567  GABA-A receptor agonist,2,D00430;D01310,N05CA06,
DG00918,Cyclobarbital,Chemical,Neuropsychiatric agent DG01837  Barbiturate sedative-hypnotics,2,D07323;D07757,N05CA10,
DG00919,Flurazepam,Chemical,Neuropsychiatric agent DG01835  Benzodiazepine sedative-hypnotics DG03202  Hypnotic DG01567  GABA-A receptor agonist,3,D00329;D00695;D01408,N05CD01,
DG00920,Midazolam,Chemical,Neuropsychiatric agent DG01835  Benzodiazepine sedative-hypnotics DG01567  GABA-A receptor agonist DG03199  Antiepileptic agent Metabolizing enzyme substrate DG01633  CYP3A/CYP3A4 substrate DG02913  CYP3A4 substrate,3,D00550;D00696;D05028,N05CD08,
DG00921,Loprazolam,Chemical,Neuropsychiatric agent DG01835  Benzodiazepine sedative-hypnotics DG01567  GABA-A receptor agonist,2,D07326;D08145,N05CD11,
DG00922,Zolpidem,Chemical,Neuropsychiatric agent DG01836  Non-benzodiazepine sedative-hypnotics DG03202  Hypnotic DG01567  GABA-A receptor agonist Metabolizing enzyme substrate DG01892  CYP1A2 substrate DG01642  CYP2C9 substrate DG01633  CYP3A/CYP3A4 substrate DG02913  CYP3A4 substrate,2,D08690;D00706,N05CF02,
DG00923,Clomethiazole,Chemical,,2,D07330;D07725,N05CM02,
DG00924,Propiomazine,Chemical,,2,D02361;D08439,N05CM06,
DG00925,Triclofos,Chemical,,2,D08634;D00388,N05CM07,
DG00926,Dexmedetomidine,Chemical,Cardiovascular agent DG01456  Adrenergic receptor agonist DG01450  alpha-Adrenergic receptor agonist DG01449  alpha2-Adrenergic receptor agonist Metabolizing enzyme substrate DG01892  CYP1A2 substrate DG01638  CYP2A6 substrate DG01639  CYP2C19 substrate DG01644  CYP2D6 substrate DG02855  CYP2E1 substrate,2,D00514;D01205,N05CM18,
DG00927,Desipramine,Chemical,Neuropsychiatric agent DG01730  Non-selective monoamine reuptake inhibitor DG01728  Tricyclic antidepressant,2,D07791;D00812,N06AA01,
DG00928,Imipramine,Chemical,Neuropsychiatric agent DG01730  Non-selective monoamine reuptake inhibitor DG01728  Tricyclic antidepressant Metabolizing enzyme substrate DG01892  CYP1A2 substrate DG01639  CYP2C19 substrate DG01644  CYP2D6 substrate DG01633  CYP3A/CYP3A4 substrate DG02913  CYP3A4 substrate,3,D08070;D00815;D08071,N06AA02,
DG00929,Clomipramine,Chemical,Neuropsychiatric agent DG01730  Non-selective monoamine reuptake inhibitor DG01728  Tricyclic antidepressant Metabolizing enzyme substrate DG01892  CYP1A2 substrate DG01639  CYP2C19 substrate DG01644  CYP2D6 substrate DG01633  CYP3A/CYP3A4 substrate DG02913  CYP3A4 substrate,2,D07727;D00811,N06AA04,
DG00930,Opipramol,Chemical,Neuropsychiatric agent DG01730  Non-selective monoamine reuptake inhibitor DG01728  Tricyclic antidepressant DG01560  Sigma receptor agonist DG01478  Dopamine antagonist DG01474  Dopamine D2-receptor antagonist Anti-allergic agent DG01557  Histamine receptor antagonist DG01482  Histamine receptor H1 antagonist,2,D08297;D01477,N06AA05,
DG00931,Trimipramine,Chemical,Neuropsychiatric agent DG01730  Non-selective monoamine reuptake inhibitor DG01728  Tricyclic antidepressant,2,D00394;D02408,N06AA06,
DG00932,Lofepramine,Chemical,Neuropsychiatric agent DG01730  Non-selective monoamine reuptake inhibitor DG01728  Tricyclic antidepressant,2,D08140;D01285,N06AA07,
DG00933,Dibenzepin,Chemical,Neuropsychiatric agent DG01730  Non-selective monoamine reuptake inhibitor DG01728  Tricyclic antidepressant,2,D07812;D01314,N06AA08,
DG00934,Amitriptyline,Chemical,Neuropsychiatric agent DG01730  Non-selective monoamine reuptake inhibitor DG01728  Tricyclic antidepressant Metabolizing enzyme substrate DG01892  CYP1A2 substrate DG01639  CYP2C19 substrate DG01644  CYP2D6 substrate DG01633  CYP3A/CYP3A4 substrate DG02913  CYP3A4 substrate,2,D07448;D00809,N06AA09,
DG00935,Nortriptyline,Chemical,Neuropsychiatric agent DG01730  Non-selective monoamine reuptake inhibitor DG01728  Tricyclic antidepressant Metabolizing enzyme substrate DG01644  CYP2D6 substrate,2,D08288;D00816,N06AA10,
DG00936,Protriptyline,Chemical,Neuropsychiatric agent DG01730  Non-selective monoamine reuptake inhibitor DG01728  Tricyclic antidepressant,2,D08447;D00484,N06AA11,
DG00937,Doxepin,Chemical,Neuropsychiatric agent DG01730  Non-selective monoamine reuptake inhibitor DG01728  Tricyclic antidepressant Metabolizing enzyme substrate DG01892  CYP1A2 substrate DG01642  CYP2C9 substrate DG01639  CYP2C19 substrate DG01644  CYP2D6 substrate,2,D07875;D00814,D04AX01 N06AA12,
DG00938,Melitracen,Chemical,Neuropsychiatric agent DG01730  Non-selective monoamine reuptake inhibitor DG01728  Tricyclic antidepressant,2,D08171;D01110,N06AA14,
DG00939,Butriptyline,Chemical,Neuropsychiatric agent DG01730  Non-selective monoamine reuptake inhibitor DG01728  Tricyclic antidepressant,2,D07601;D03199,N06AA15,
DG00940,Dosulepin,Chemical,Neuropsychiatric agent DG01730  Non-selective monoamine reuptake inhibitor DG01728  Tricyclic antidepressant Metabolizing enzyme substrate DG01644  CYP2D6 substrate,2,D07872;D01546,N06AA16,
DG00941,Maprotiline,Chemical,Neuropsychiatric agent DG01730  Non-selective monoamine reuptake inhibitor DG01729  Tetracyclic antidepressant Metabolizing enzyme substrate DG01644  CYP2D6 substrate,2,D02566;D00818,N06AA21,
DG00942,Fluoxetine,Chemical,Neuropsychiatric agent DG01659  Selective serotonin reuptake inhibitor (SSRI) Metabolizing enzyme substrate DG01642  CYP2C9 substrate DG01644  CYP2D6 substrate Metabolizing enzyme inhibitor DG01933  CYP2C19 inhibitor DG01645  CYP2D6 inhibitor DG02852  CYP3A/CYP3A4 inhibitor Transporter inhibitor DG01622  ABCB1 inhibitor,2,D00326;D00823,N06AB03,
DG00943,Citalopram,Chemical,Neuropsychiatric agent DG01659  Selective serotonin reuptake inhibitor (SSRI) Metabolizing enzyme substrate DG01644  CYP2D6 substrate DG01633  CYP3A/CYP3A4 substrate DG02913  CYP3A4 substrate Metabolizing enzyme inhibitor DG01933  CYP2C19 inhibitor Transporter substrate DG01665  ABCB1 substrate,3,D07704;D00822;D07705,N06AB04,
DG00944,Paroxetine,Chemical,Neuropsychiatric agent DG01659  Selective serotonin reuptake inhibitor (SSRI) Metabolizing enzyme substrate DG01644  CYP2D6 substrate Metabolizing enzyme inhibitor DG01645  CYP2D6 inhibitor,4,D02362;D02260;D05374;D05375,N06AB05,
DG00945,Sertraline,Chemical,Neuropsychiatric agent DG01659  Selective serotonin reuptake inhibitor (SSRI) Metabolizing enzyme substrate DG02919  CYP2B6 substrate DG01642  CYP2C9 substrate DG01639  CYP2C19 substrate DG01633  CYP3A/CYP3A4 substrate DG02913  CYP3A4 substrate,2,D02360;D00825,N06AB06,
DG00946,Fluvoxamine,Chemical,Neuropsychiatric agent DG01659  Selective serotonin reuptake inhibitor (SSRI) Metabolizing enzyme substrate DG01644  CYP2D6 substrate Metabolizing enzyme inhibitor DG01634  CYP1A2 inhibitor DG01643  CYP2C9 inhibitor DG01933  CYP2C19 inhibitor DG01645  CYP2D6 inhibitor DG02852  CYP3A/CYP3A4 inhibitor DG01522  CYP3A4 inhibitor,2,D07984;D00824,N06AB08,
DG00947,Escitalopram,Chemical,Neuropsychiatric agent DG01659  Selective serotonin reuptake inhibitor (SSRI) Metabolizing enzyme substrate DG01639  CYP2C19 substrate DG01644  CYP2D6 substrate DG01633  CYP3A/CYP3A4 substrate DG02913  CYP3A4 substrate DG02953  AOX1 substrate DG02917  MAO substrate Metabolizing enzyme inhibitor DG01645  CYP2D6 inhibitor,2,D07913;D02567,N06AB10,
DG00948,Phenelzine,Chemical,Neuropsychiatric agent DG01568  MAO inhibitor DG01519  Non-selective monoamine oxidase inhibitor,2,D08349;D00505,N06AF03,
DG00949,Tranylcypromine,Chemical,Neuropsychiatric agent DG01568  MAO inhibitor DG01519  Non-selective monoamine oxidase inhibitor,2,D08625;D00826,N06AF04,
DG00950,Iproniazide,Chemical,Neuropsychiatric agent DG01568  MAO inhibitor DG01519  Non-selective monoamine oxidase inhibitor,2,D02579;D08085,N06AF05,
DG00951,Mianserin,Chemical,Cardiovascular agent DG01466  Adrenergic receptor antagonist DG01465  alpha-Adrenergic receptor antagonist DG01460  alpha2-Adrenergic receptor antagonist Neuropsychiatric agent DG01729  Tetracyclic antidepressant Metabolizing enzyme substrate DG01892  CYP1A2 substrate DG01644  CYP2D6 substrate DG01633  CYP3A/CYP3A4 substrate DG02913  CYP3A4 substrate,2,D08216;D01358,N06AX03,
DG00952,Trazodone,Chemical,Neuropsychiatric agent DG03056  Serotonin antagonist and reuptake inhibitor (SARI) Metabolizing enzyme substrate DG01644  CYP2D6 substrate DG01633  CYP3A/CYP3A4 substrate DG02913  CYP3A4 substrate,2,D08626;D00820,N06AX05,
DG00953,Nefazodone,Chemical,,2,D08257;D00819,N06AX06,
DG00954,Minaprine,Chemical,Neuropsychiatric agent DG01568  MAO inhibitor DG01558  Monoamine oxidase A inhibitor Metabolizing enzyme substrate DG01644  CYP2D6 substrate,2,D05039;D05040,N06AX07,
DG00955,Bifemelane,Chemical,,2,D07528;D01793,N06AX08,
DG00956,Viloxazine,Chemical,Neuropsychiatric agent DG03085  Selective norepinephrine reuptake inhibitor (NRI) Metabolizing enzyme substrate DG01644  CYP2D6 substrate DG02924  UGT substrate DG03188  UGT1A9 substrate DG03187  UGT2B15 substrate,2,D08673;D02572,N06AX09,
DG00957,Bupropion,Chemical,Neuropsychiatric agent DG03059  Noradrenalin and dopamine reuptake inhibitor (NDRI),3,D07591;D00817;D07938,N06AX12,
DG00958,Tianeptine,Chemical,,2,D02575;D08589,N06AX14,
DG00959,Venlafaxine,Chemical,Neuropsychiatric agent DG01658  Serotonin and norepinephrine reuptake inhibitor (SNRI) Metabolizing enzyme substrate DG01644  CYP2D6 substrate DG01633  CYP3A/CYP3A4 substrate DG02913  CYP3A4 substrate,3,D08670;D00821;D12403,N06AX16,
DG00960,Milnacipran,Chemical,Neuropsychiatric agent DG01658  Serotonin and norepinephrine reuptake inhibitor (SNRI),2,D08222;D01107,N06AX17,
DG00961,Reboxetine,Chemical,Neuropsychiatric agent DG03085  Selective norepinephrine reuptake inhibitor (NRI),2,D08472;D02573,N06AX18,
DG00962,Duloxetine,Chemical,Neuropsychiatric agent DG01658  Serotonin and norepinephrine reuptake inhibitor (SNRI) Metabolizing enzyme substrate DG01892  CYP1A2 substrate DG01644  CYP2D6 substrate Metabolizing enzyme inhibitor DG01645  CYP2D6 inhibitor,2,D07880;D01179,N06AX21,
DG00963,Desvenlafaxine,Chemical,Neuropsychiatric agent DG01658  Serotonin and norepinephrine reuptake inhibitor (SNRI) Metabolizing enzyme substrate DG01633  CYP3A/CYP3A4 substrate DG02913  CYP3A4 substrate DG02924  UGT substrate,3,D07793;D02570;D11619,N06AX23,
DG00964,Vilazodone,Chemical,Metabolizing enzyme substrate DG01639  CYP2C19 substrate DG01644  CYP2D6 substrate DG01633  CYP3A/CYP3A4 substrate DG02913  CYP3A4 substrate,2,D09698;D09699,N06AX24,
DG00965,Vortioxetine,Chemical,Neuropsychiatric agent DG01483  5-HT1A-receptor agonist Gastrointestinal agent DG01489  5-HT3-receptor antagonist Metabolizing enzyme substrate DG01638  CYP2A6 substrate DG02919  CYP2B6 substrate DG02918  CYP2C8 substrate DG01642  CYP2C9 substrate DG01639  CYP2C19 substrate DG01644  CYP2D6 substrate DG01633  CYP3A/CYP3A4 substrate DG02913  CYP3A4 substrate DG02925  CYP3A5 substrate,3,D10184;D10185;D12544,N06AX26,
DG00966,Amfetamine,Chemical,Metabolizing enzyme substrate DG01644  CYP2D6 substrate,2,D07445;D02074,N06BA01,
DG00967,Dexamfetamine,Chemical,Neuropsychiatric agent DG03085  Selective norepinephrine reuptake inhibitor (NRI) Metabolizing enzyme substrate DG01644  CYP2D6 substrate,2,D03740;D02078,N06BA02,
DG00968,Metamfetamine,Chemical,Neuropsychiatric agent DG01971  Agents for narcolepsy Metabolizing enzyme substrate DG01644  CYP2D6 substrate,2,D08187;D02242,N06BA03,
DG00969,Methylphenidate,Chemical,,2,D04999;D01296,N06BA04,
DG00970,Atomoxetine,Chemical,Neuropsychiatric agent DG03085  Selective norepinephrine reuptake inhibitor (NRI) Metabolizing enzyme substrate DG01644  CYP2D6 substrate,2,D07473;D02574,N06BA09,
DG00971,Fenetylline Fenethylline,Chemical,Respiratory system agent DG01616  Xanthine derivative DG01612  Xanthine-type central nervous system stimulant,2,D07944;D04147,N06BA10,
DG00972,Dexmethylphenidate,Chemical,,2,D07806;D03721,N06BA11,
DG00973,Lisdexamfetamine,Chemical,,2,D08130;D04747,N06BA12,
DG00974,Caffeine,Chemical,Respiratory system agent DG01616  Xanthine derivative DG01612  Xanthine-type central nervous system stimulant Metabolizing enzyme substrate DG01892  CYP1A2 substrate DG02855  CYP2E1 substrate DG01633  CYP3A/CYP3A4 substrate DG02913  CYP3A4 substrate,3,D00528;D01453;D07603,D11AX26 N06BC01,
DG00975,Meclofenoxate,Chemical,,2,D00993;D02243,N06BX01,
DG00976,Pyritinol,Chemical,,2,D02160;D02536,N06BX02,
DG00977,Deanol,Chemical,,3,D07777;D07778;D07779,N06BX04,
DG00978,Citicoline,Chemical,,2,D00057;D03528,N06BX06,
DG00979,Pirisudanol,Chemical,,2,D07347;D08390,N06BX08,
DG00980,Nizofenone,Chemical,,2,D08280;D01465,N06BX10,
DG00981,Pramiracetam,Chemical,"Neuropsychiatric agent DG01969  Racetam derivative, nootropic",3,D08405;D05592;D05593,N06BX16,
DG00982,Tacrine,Chemical,Neuropsychiatric agent DG01595  Cholinesterase inhibitor DG01593  Acetylcholinesterase inhibitor Metabolizing enzyme substrate DG01892  CYP1A2 substrate,2,D08555;D02068,N06DA01,
DG00983,Donepezil,Chemical,Neuropsychiatric agent DG01595  Cholinesterase inhibitor DG01593  Acetylcholinesterase inhibitor DG01968  Antidementia agent Metabolizing enzyme substrate DG01644  CYP2D6 substrate DG01633  CYP3A/CYP3A4 substrate DG02913  CYP3A4 substrate,2,D07869;D00670,N06DA02,
DG00984,Rivastigmine,Chemical,Neuropsychiatric agent DG01595  Cholinesterase inhibitor DG01593  Acetylcholinesterase inhibitor DG01594  Butyrylcholinesterase inhibitor DG01968  Antidementia agent,2,D03822;D02558,N06DA03,
DG00985,Galantamine,Chemical,Neuropsychiatric agent DG01595  Cholinesterase inhibitor DG01593  Acetylcholinesterase inhibitor DG01968  Antidementia agent Metabolizing enzyme substrate DG01644  CYP2D6 substrate DG01633  CYP3A/CYP3A4 substrate DG02913  CYP3A4 substrate,2,D04292;D02173,N06DA04,
DG00986,Memantine,Chemical,Neuropsychiatric agent DG01498  NMDA receptor antagonist DG01968  Antidementia agent Transporter substrate DG02854  SLC22A2 substrate,2,D08174;D04905,N06DX01,
DG00987,Neostigmine,Chemical,Neuropsychiatric agent DG01595  Cholinesterase inhibitor DG01593  Acetylcholinesterase inhibitor DG01719  Parasympathomimetic agent,3,D08261;D00995;D00998,N07AA01 S01EB06,
DG00988,Pyridostigmine,Chemical,Neuropsychiatric agent DG01595  Cholinesterase inhibitor DG01593  Acetylcholinesterase inhibitor DG01719  Parasympathomimetic agent,1,D00487,N07AA02,
DG00989,Distigmine,Chemical,Neuropsychiatric agent DG01595  Cholinesterase inhibitor DG01593  Acetylcholinesterase inhibitor DG01719  Parasympathomimetic agent,1,D01228,N07AA03,
DG00990,Ambenonium,Chemical,Neuropsychiatric agent DG01595  Cholinesterase inhibitor DG01593  Acetylcholinesterase inhibitor DG01719  Parasympathomimetic agent,1,D01001,N07AA30,
DG00991,Bethanechol,Chemical,Neuropsychiatric agent DG01490  Muscarinic cholinergic receptor agonist DG01719  Parasympathomimetic agent,1,D01000,N07AB02,
DG00992,Pilocarpine,Chemical,Neuropsychiatric agent DG01490  Muscarinic cholinergic receptor agonist DG01719  Parasympathomimetic agent Ophthalmic agent DG03201  Intraocular pressure lowering agent Metabolizing enzyme substrate DG01638  CYP2A6 substrate,4,D00525;D02200;D05478;D08376,N07AX01 S01EB01,
DG00993,Cevimeline,Chemical,Neuropsychiatric agent DG01490  Muscarinic cholinergic receptor agonist DG01719  Parasympathomimetic agent Metabolizing enzyme substrate DG01644  CYP2D6 substrate DG01633  CYP3A/CYP3A4 substrate DG02913  CYP3A4 substrate,2,D07667;D00661,N07AX03,
DG00994,Nicotine,Chemical,Metabolizing enzyme substrate DG01638  CYP2A6 substrate Metabolizing enzyme inducer DG01637  CYP1A2 inducer,3,D03365;D05156;D05157,N07BA01,
DG00995,Varenicline,Chemical,Neuropsychiatric agent DG01571  Nicotinic cholinergic receptor partial agonist,2,D08669;D06282,N07BA03 S01XA28,
DG00996,Acamprosate,Chemical,Neuropsychiatric agent DG01498  NMDA receptor antagonist,2,D07058;D02780,N07BB03,
DG00997,Naltrexone,Chemical,Analgesic DG01586  Opioid receptor antagonist,2,D05113;D02095,N07BB04,
DG00998,Nalmefene,Chemical,Analgesic DG01586  Opioid receptor antagonist DG01587  Opioid receptor agonist/antagonist,3,D05111;D02104;D10812,N07BB05,
DG00999,Methadone,Chemical,Neuropsychiatric agent DG01498  NMDA receptor antagonist DG01564  Opioid receptor agonist DG01563  mu-Opioid receptor agonist Analgesic DG01984  Opioid analgesics Metabolizing enzyme substrate DG02919  CYP2B6 substrate DG02918  CYP2C8 substrate DG01642  CYP2C9 substrate DG01639  CYP2C19 substrate DG01644  CYP2D6 substrate DG01633  CYP3A/CYP3A4 substrate DG02913  CYP3A4 substrate Metabolizing enzyme inducer DG02891  CYP2B6 inducer DG02853  CYP3A/CYP3A4 inducer DG01635  CYP3A4 inducer Transporter substrate DG01665  ABCB1 substrate,2,D08195;D02102,N07BC02,
DG01000,Levacetylmethadol,Chemical,Neuropsychiatric agent DG01564  Opioid receptor agonist DG01563  mu-Opioid receptor agonist Analgesic DG01984  Opioid analgesics Metabolizing enzyme substrate DG01633  CYP3A/CYP3A4 substrate DG02913  CYP3A4 substrate,2,D04716;D00840,N07BC03,
DG01001,Lofexidine,Chemical,Cardiovascular agent DG01456  Adrenergic receptor agonist DG01450  alpha-Adrenergic receptor agonist DG01449  alpha2-Adrenergic receptor agonist,2,D08141;D04765,N07BC04,
DG01002,Levomethadone,Chemical,Neuropsychiatric agent DG01498  NMDA receptor antagonist DG01564  Opioid receptor agonist DG01563  mu-Opioid receptor agonist Analgesic DG01984  Opioid analgesics,2,D08121;D08122,N07BC05,
DG01003,Diamorphine,Chemical,Neuropsychiatric agent DG01564  Opioid receptor agonist DG01563  mu-Opioid receptor agonist Analgesic DG01984  Opioid analgesics,2,D07286;D07810,N07BC06,
DG01004,Betahistine,Chemical,Anti-allergic agent DG01557  Histamine receptor antagonist DG01556  Histamine receptor H3 antagonist,3,D07522;D01592;D03102,N07CA01,
DG01005,Cinnarizine,Chemical,Anti-allergic agent DG01557  Histamine receptor antagonist DG01482  Histamine receptor H1 antagonist Metabolizing enzyme substrate DG01644  CYP2D6 substrate,2,D01295;D07734,N07CA02,
DG01006,Flunarizine,Chemical,Cardiovascular agent DG01575  Calcium channel blocker DG01573  Calcium channel T type blocker Metabolizing enzyme substrate DG01644  CYP2D6 substrate,2,D07971;D01303,N07CA03,
DG01007,Tirilazad,Chemical,,3,D08606;D01930;D06168,N07XX01,
DG01008,Xaliproden,Chemical,,2,D06327;D01537,N07XX03,
DG01009,Tafamidis,Chemical,,2,D09673;D09674,N07XX08,
DG01010,Diloxanide,Chemical,,2,D07844;D02480,P01AC01,
DG01011,Emetine,Chemical,,1,D03985,P01AX02,
DG01012,Mepacrine,Chemical,,2,D08179;D02548,P01AX05,
DG01013,Trimetrexate,Chemical,Antineoplastic DG02018  Antimetabolite DG01978  Folic acid analog DG01930  Dihydrofolate reductase inhibitor,2,D06238;D06239,P01AX07,
DG01014,Chloroquine,Chemical,,4,D02366;D02125;D03469;D07680,P01BA01,
DG01015,Hydroxychloroquine,Chemical,Metabolizing enzyme substrate DG02918  CYP2C8 substrate DG01633  CYP3A/CYP3A4 substrate DG02913  CYP3A4 substrate,2,D08050;D02114,P01BA02,
DG01016,Primaquine,Chemical,,2,D08420;D02126,P01BA03,
DG01017,Amodiaquine,Chemical,Metabolizing enzyme substrate DG02918  CYP2C8 substrate,2,D02922;D02466,P01BA06,
DG01018,Proguanil,Chemical,"Antiparasitic DG01932  Antifolate, antiprotozoal Metabolizing enzyme substrate DG01639  CYP2C19 substrate",2,D08428;D02487,P01BB01,
DG01019,Quinine,Chemical,Metabolizing enzyme substrate DG01633  CYP3A/CYP3A4 substrate DG02913  CYP3A4 substrate Transporter substrate DG01665  ABCB1 substrate,6,D08460;D01663;D02261;D02262;D05681;D08461,P01BC01,
DG01020,Mefloquine,Chemical,Metabolizing enzyme substrate DG01633  CYP3A/CYP3A4 substrate,2,D04895;D00831,P01BC02,
DG01021,Halofantrine,Chemical,Metabolizing enzyme inhibitor DG01645  CYP2D6 inhibitor,2,D08033;D02485,P01BX01,
DG01022,Albendazole,Chemical,,2,D00134;D07106,P02CA03,
DG01023,Piperazine,Chemical,,8,D00807;D01393;D02127;D02145;D05486;D06224;D08381;D09653,P02CB01,
DG01024,Diethylcarbamazine,Chemical,,2,D07825;D00803,P02CB02,
DG01025,Pyrantel,Chemical,,3,D08451;D00486;D05657,P02CC01,
DG01026,Levamisole,Chemical,,2,D08114;D00750,P02CE01,
DG01027,Pyrvinium,Chemical,,1,D00489,P02CX01,
DG01028,Pyrethrum,Chemical,,1,D05659,P03AC01,
DG01029,Oxymetazoline,Chemical,Cardiovascular agent DG01456  Adrenergic receptor agonist DG01450  alpha-Adrenergic receptor agonist DG01448  alpha1-Adrenergic receptor agonist,2,D08322;D01022,D11AX27 R01AA05 R01AB07 S01GA04,
DG01030,Tetryzoline Tetrahydrozoline,Chemical,Cardiovascular agent DG01456  Adrenergic receptor agonist DG01450  alpha-Adrenergic receptor agonist DG01448  alpha1-Adrenergic receptor agonist,3,D08578;D00756;D01023,R01AA06 R01AB03 S01GA02,
DG01031,Xylometazoline,Chemical,,2,D08684;D00757,R01AA07 R01AB06 S01GA03,
DG01032,Naphazoline,Chemical,Cardiovascular agent DG01456  Adrenergic receptor agonist DG01450  alpha-Adrenergic receptor agonist DG01448  alpha1-Adrenergic receptor agonist,3,D08253;D00743;D01021,R01AA08 R01AB02 S01GA01,
DG01033,Tramazoline,Chemical,,2,D08624;D01347,R01AA09,
DG01034,Tymazoline,Chemical,,2,D07373;D08658,R01AA13,
DG01035,Levocabastine,Chemical,Anti-allergic agent DG01557  Histamine receptor antagonist DG01482  Histamine receptor H1 antagonist,2,D08117;D01717,R01AC02 S01GX02,
DG01036,Azelastine,Chemical,Anti-allergic agent DG01557  Histamine receptor antagonist DG01482  Histamine receptor H1 antagonist,2,D07483;D00659,R01AC03 R06AX19 S01GX07,
DG01037,Antazoline,Chemical,Anti-allergic agent DG01557  Histamine receptor antagonist DG01482  Histamine receptor H1 antagonist,3,D07458;D02950;D07459,R01AC04 R06AX05,
DG01038,Nedocromil,Chemical,Anti-allergic agent DG01805  Mediator release inhibitor,3,D05129;D00527;D05130,R01AC07 R03BC03 S01GX04,
DG01039,Olopatadine,Chemical,Anti-allergic agent DG01557  Histamine receptor antagonist DG01482  Histamine receptor H1 antagonist,2,D08293;D01192,R01AC08 S01GX09,
DG01040,Flunisolide,Chemical,Anti-inflammatory DG01955  Corticosteroid DG02068  Glucocorticoid Metabolizing enzyme substrate DG01633  CYP3A/CYP3A4 substrate DG02913  CYP3A4 substrate,2,D00324;D04214,R01AD04 R03BA03,
DG01041,Phenylpropanolamine,Chemical,Cardiovascular agent DG01456  Adrenergic receptor agonist Metabolizing enzyme inhibitor DG01634  CYP1A2 inhibitor,3,D08368;D01224;D05466,R01BA01,
DG01042,Pseudoephedrine,Chemical,Cardiovascular agent DG01456  Adrenergic receptor agonist,4,D08449;D00485;D05648;D05649,R01BA02,
DG01043,Gramicidin,Chemical,,2,D04369;D02230,R02AB30,
DG01044,Orciprenaline Metaproterenol,Chemical,Cardiovascular agent DG01456  Adrenergic receptor agonist DG01455  beta-Adrenergic receptor agonist DG01452  beta2-Adrenergic receptor agonist,3,D08300;D00685;D04954,R03AB03 R03CB03,
DG01045,Albuterol Salbutamol,Chemical,Cardiovascular agent DG01456  Adrenergic receptor agonist DG01455  beta-Adrenergic receptor agonist DG01452  beta2-Adrenergic receptor agonist,2,D02147;D00683,R03AC02 R03CC02,
DG01046,Terbutaline,Chemical,Cardiovascular agent DG01456  Adrenergic receptor agonist DG01455  beta-Adrenergic receptor agonist DG01452  beta2-Adrenergic receptor agonist,2,D08570;D00688,R03AC03 R03CC03,
DG01047,Hexoprenaline,Chemical,Cardiovascular agent DG01456  Adrenergic receptor agonist DG01455  beta-Adrenergic receptor agonist DG01452  beta2-Adrenergic receptor agonist DG01951  Catecholamine adrenergic receptor agonist,2,D08039;D02396,R03AC06 R03CC05,
DG01048,Pirbuterol,Chemical,Cardiovascular agent DG01456  Adrenergic receptor agonist DG01455  beta-Adrenergic receptor agonist DG01452  beta2-Adrenergic receptor agonist,3,D08387;D00686;D01349,R03AC08 R03CC07,
DG01049,Tretoquinol,Chemical,Cardiovascular agent DG01456  Adrenergic receptor agonist DG01455  beta-Adrenergic receptor agonist DG01452  beta2-Adrenergic receptor agonist,3,D08629;D01978;D05037,R03AC09 R03CC09,
DG01050,Tulobuterol,Chemical,Cardiovascular agent DG01456  Adrenergic receptor agonist DG01455  beta-Adrenergic receptor agonist DG01452  beta2-Adrenergic receptor agonist,2,D02151;D01362,R03AC11 R03CC11,
DG01051,Salmeterol,Chemical,Cardiovascular agent DG01456  Adrenergic receptor agonist DG01455  beta-Adrenergic receptor agonist DG01452  beta2-Adrenergic receptor agonist Metabolizing enzyme substrate DG01633  CYP3A/CYP3A4 substrate DG02913  CYP3A4 substrate,2,D05792;D00687,R03AC12,
DG01052,Formoterol,Chemical,Cardiovascular agent DG01456  Adrenergic receptor agonist DG01455  beta-Adrenergic receptor agonist DG01452  beta2-Adrenergic receptor agonist Metabolizing enzyme substrate DG02924  UGT substrate,3,D07990;D01373;D05277,R03AC13 R03CC15,
DG01053,Clenbuterol,Chemical,Cardiovascular agent DG01456  Adrenergic receptor agonist DG01455  beta-Adrenergic receptor agonist DG01452  beta2-Adrenergic receptor agonist,2,D07713;D01360,R03AC14 R03CC13,
DG01054,Reproterol,Chemical,Cardiovascular agent DG01456  Adrenergic receptor agonist DG01455  beta-Adrenergic receptor agonist DG01452  beta2-Adrenergic receptor agonist,2,D08474;D05718,R03AC15 R03CC14,
DG01055,Procaterol,Chemical,Cardiovascular agent DG01456  Adrenergic receptor agonist DG01455  beta-Adrenergic receptor agonist DG01452  beta2-Adrenergic receptor agonist Metabolizing enzyme substrate DG01633  CYP3A/CYP3A4 substrate DG02913  CYP3A4 substrate,3,D08424;D02404;D05366,R03AC16 R03CC08,
DG01056,Bitolterol,Chemical,Cardiovascular agent DG01456  Adrenergic receptor agonist DG01455  beta-Adrenergic receptor agonist DG01452  beta2-Adrenergic receptor agonist DG01951  Catecholamine adrenergic receptor agonist,2,D07534;D00684,R03AC17,
DG01057,Indacaterol,Chemical,Cardiovascular agent DG01456  Adrenergic receptor agonist DG01455  beta-Adrenergic receptor agonist DG01452  beta2-Adrenergic receptor agonist Metabolizing enzyme substrate DG01633  CYP3A/CYP3A4 substrate DG02913  CYP3A4 substrate Transporter substrate DG01665  ABCB1 substrate,3,D09318;D09319;D11009,R03AC18,
DG01058,Olodaterol,Chemical,Cardiovascular agent DG01456  Adrenergic receptor agonist DG01455  beta-Adrenergic receptor agonist DG01452  beta2-Adrenergic receptor agonist Metabolizing enzyme substrate DG02918  CYP2C8 substrate DG01642  CYP2C9 substrate DG02924  UGT substrate DG03183  UGT1A1 substrate DG03185  UGT1A7 substrate DG03188  UGT1A9 substrate DG03190  UGT2B7 substrate,2,D10145;D10020,R03AC19,
DG01059,Fenspiride,Chemical,,2,D07949;D04163,R03BX01 R03DX03,
DG01060,Bambuterol,Chemical,Cardiovascular agent DG01456  Adrenergic receptor agonist DG01455  beta-Adrenergic receptor agonist DG01452  beta2-Adrenergic receptor agonist,2,D07377;D07489,R03CC12,
DG01061,Theophylline,Chemical,Respiratory system agent DG01616  Xanthine derivative DG01609  Xanthine-type bronchodilator Metabolizing enzyme substrate DG01892  CYP1A2 substrate,4,D00371;D01712;D06103;D06104,R03DA04,
DG01062,Aminophylline,Chemical,Respiratory system agent DG01616  Xanthine derivative DG01609  Xanthine-type bronchodilator Metabolizing enzyme substrate DG01892  CYP1A2 substrate,3,D00227;D05429;D11630,R03DA05,
DG01063,Etamiphylline,Chemical,Respiratory system agent DG01616  Xanthine derivative DG01609  Xanthine-type bronchodilator,2,D07378;D07923,R03DA06,
DG01064,Bamifylline,Chemical,Respiratory system agent DG01616  Xanthine derivative DG01609  Xanthine-type bronchodilator,2,D07491;D03051,R03DA08,
DG01065,Pranlukast,Chemical,Anti-allergic agent DG01541  Cysteinyl leukotriene receptor antagonist Metabolizing enzyme substrate DG01633  CYP3A/CYP3A4 substrate DG02913  CYP3A4 substrate,2,D08408;D02732,R03DC02,
DG01066,Montelukast,Chemical,Anti-allergic agent DG01541  Cysteinyl leukotriene receptor antagonist Metabolizing enzyme substrate DG02918  CYP2C8 substrate DG01642  CYP2C9 substrate DG01633  CYP3A/CYP3A4 substrate DG02913  CYP3A4 substrate,2,D08229;D00529,R03DC03,
DG01067,Senega,Chemical,,2,D06747;D04326,R05CA06,
DG01068,Guaiacolsulfonate,Chemical,,2,D01610;D05580,R05CA09,
DG01069,Acetylcysteine,Chemical,,2,D00221;D07554,R05CB01 S01XA08 V03AB23,
DG01070,Bromhexine,Chemical,,2,D07542;D01778,R05CB02,
DG01071,Carbocisteine,Chemical,,3,D06393;D00175;D07618,R05CB03,
DG01072,Eprazinone,Chemical,,2,D07902;D01106,R05CB04,
DG01073,Ambroxol,Chemical,,2,D07442;D01479,R02AD05 R05CB06,
DG01074,Ethylmorphine,Chemical,Neuropsychiatric agent DG01564  Opioid receptor agonist DG01563  mu-Opioid receptor agonist Metabolizing enzyme substrate DG01633  CYP3A/CYP3A4 substrate DG02913  CYP3A4 substrate,2,D07929;D02205,R05DA01 S01XA06,
DG01075,Hydrocodone,Chemical,Neuropsychiatric agent DG01564  Opioid receptor agonist DG01563  mu-Opioid receptor agonist Metabolizing enzyme substrate DG02919  CYP2B6 substrate DG01639  CYP2C19 substrate DG01644  CYP2D6 substrate DG01633  CYP3A/CYP3A4 substrate DG02913  CYP3A4 substrate,4,D08045;D03725;D04461;D08046,R05DA03,
DG01076,Codeine,Chemical,Neuropsychiatric agent DG01564  Opioid receptor agonist DG01563  mu-Opioid receptor agonist Analgesic DG01984  Opioid analgesics Metabolizing enzyme substrate DG01644  CYP2D6 substrate DG01633  CYP3A/CYP3A4 substrate DG02913  CYP3A4 substrate DG02924  UGT substrate DG03189  UGT2B4 substrate DG03190  UGT2B7 substrate,5,D00195;D02101;D03579;D03580;D07740,R05DA04,
DG01077,Noscapine,Chemical,,2,D01036;D02172,R05DA07,
DG01078,Dextromethorphan,Chemical,Neuropsychiatric agent DG01498  NMDA receptor antagonist Metabolizing enzyme substrate DG01644  CYP2D6 substrate,3,D03742;D00848;D03744,R05DA09,
DG01079,Thebacon,Chemical,,2,D07386;D08579,R05DA10,
DG01080,Dimemorfan,Chemical,,2,D07848;D01506,R05DA11,
DG01081,Benproperine,Chemical,,2,D07512;D01427,R05DB02,
DG01082,Clobutinol,Chemical,,2,D07716;D01608,R05DB03,
DG01083,Isoaminile,Chemical,,2,D08088;D01490,R05DB04,
DG01084,Pentoxyverine,Chemical,,3,D08334;D01260;D08335,R05DB05,
DG01085,Oxolamine,Chemical,,3,D07387;D08316;D08317,R05DB07,
DG01086,Oxeladin,Chemical,,3,D08310;D01576;D09818,R05DB09,
DG01087,Clofedanol,Chemical,,2,D07721;D01389,R05DB10,
DG01088,Butamirate,Chemical,,2,D07594;D03184,R05DB13,
DG01089,Dibunate,Chemical,,2,D01700;D04089,R05DB16,
DG01090,Prenoxdiazine,Chemical,,2,D07392;D08417,R05DB18,
DG01091,Cloperastine,Chemical,,3,D03557;D01569;D01609,R05DB21,
DG01092,Tipepidine,Chemical,,3,D08604;D01495;D02023,R05DB24,
DG01093,Dimethoxanate,Chemical,,2,D07397;D07850,R05DB28,
DG01094,Diphenylpyraline,Chemical,Anti-allergic agent DG01557  Histamine receptor antagonist DG01482  Histamine receptor H1 antagonist Respiratory system agent DG01616  Xanthine derivative,3,D07862;D01172;D01627,R06AA07,
DG01095,Carbinoxamine,Chemical,Anti-allergic agent DG01557  Histamine receptor antagonist DG01482  Histamine receptor H1 antagonist,3,D07617;D01336;D09808,R06AA08,
DG01096,Doxylamine,Chemical,Anti-allergic agent DG01557  Histamine receptor antagonist DG01482  Histamine receptor H1 antagonist,2,D07878;D02327,R06AA09,
DG01097,Brompheniramine,Chemical,Anti-allergic agent DG01557  Histamine receptor antagonist DG01482  Histamine receptor H1 antagonist,2,D07543;D00663,R06AB01,
DG01098,Dexchlorpheniramine,Chemical,Anti-allergic agent DG01557  Histamine receptor antagonist DG01482  Histamine receptor H1 antagonist Metabolizing enzyme substrate DG01644  CYP2D6 substrate DG01633  CYP3A/CYP3A4 substrate Metabolizing enzyme inhibitor DG01645  CYP2D6 inhibitor,2,D07803;D00668,R06AB02,
DG01099,Chlorphenamine,Chemical,Anti-allergic agent DG01557  Histamine receptor antagonist DG01482  Histamine receptor H1 antagonist,3,D07398;D00665;D03475,R06AB04,
DG01100,Pheniramine,Chemical,Anti-allergic agent DG01557  Histamine receptor antagonist DG01482  Histamine receptor H1 antagonist,2,D08355;D01174,D04AA16 R06AB05,
DG01101,Alimemazine,Chemical,Anti-allergic agent DG01557  Histamine receptor antagonist DG01482  Histamine receptor H1 antagonist,2,D07125;D02245,R06AD01,
DG01102,Thiethylperazine,Chemical,Neuropsychiatric agent DG03200  Antipsychotic agent DG01905  Phenothiazine antipsychotics,3,D02354;D01130;D02610,R06AD03,
DG01103,Methdilazine,Chemical,,2,D04979;D04980,R06AD04,
DG01104,Buclizine,Chemical,Anti-allergic agent DG01557  Histamine receptor antagonist DG01482  Histamine receptor H1 antagonist,2,D07547;D02089,R06AE01,
DG01105,Cyclizine,Chemical,Anti-allergic agent DG01557  Histamine receptor antagonist DG01482  Histamine receptor H1 antagonist,3,D03621;D02090;D03622,R06AE03,
DG01106,Meclozine,Chemical,Anti-allergic agent DG01557  Histamine receptor antagonist DG01482  Histamine receptor H1 antagonist,2,D08163;D01317,R06AE05,
DG01107,Cetirizine,Chemical,Anti-allergic agent DG01557  Histamine receptor antagonist DG01482  Histamine receptor H1 antagonist Transporter substrate DG01665  ABCB1 substrate DG02854  SLC22A2 substrate Transporter inhibitor DG02863  SLC22A2 inhibitor,2,D07662;D00664,R06AE07 S01GX12,
DG01108,Levocetirizine,Chemical,Anti-allergic agent DG01557  Histamine receptor antagonist DG01482  Histamine receptor H1 antagonist Metabolizing enzyme substrate DG01633  CYP3A/CYP3A4 substrate DG02913  CYP3A4 substrate,2,D07402;D08118,R06AE09,
DG01109,Cyproheptadine,Chemical,Anti-allergic agent DG01557  Histamine receptor antagonist DG01482  Histamine receptor H1 antagonist,2,D07765;D02234,R06AX02,
DG01110,Phenindamine,Chemical,Anti-allergic agent DG01557  Histamine receptor antagonist DG01482  Histamine receptor H1 antagonist,2,D08353;D02148,R06AX04,
DG01111,Triprolidine,Chemical,Anti-allergic agent DG01557  Histamine receptor antagonist DG01482  Histamine receptor H1 antagonist,2,D08648;D01782,R06AX07,
DG01112,Azatadine,Chemical,Anti-allergic agent DG01557  Histamine receptor antagonist DG01482  Histamine receptor H1 antagonist,2,D07482;D00662,R06AX09,
DG01113,Mebhydrolin,Chemical,Anti-allergic agent DG01557  Histamine receptor antagonist DG01482  Histamine receptor H1 antagonist,2,D08161;D01786,R06AX15,
DG01114,Deptropine,Chemical,Anti-allergic agent DG01557  Histamine receptor antagonist DG01482  Histamine receptor H1 antagonist,2,D07404;D07790,R06AX16,
DG01115,Ketotifen,Chemical,Anti-allergic agent DG01557  Histamine receptor antagonist DG01482  Histamine receptor H1 antagonist,2,D08105;D01332,R06AX17 S01GX08,
DG01116,Epinastine,Chemical,Anti-allergic agent DG01557  Histamine receptor antagonist DG01482  Histamine receptor H1 antagonist,2,D07900;D01713,R06AX24 S01GX10,
DG01117,Fexofenadine,Chemical,Anti-allergic agent DG01557  Histamine receptor antagonist DG01482  Histamine receptor H1 antagonist,2,D07958;D00671,R06AX26,
DG01118,Rupatadine,Chemical,Anti-allergic agent DG01557  Histamine receptor antagonist DG01482  Histamine receptor H1 antagonist Metabolizing enzyme substrate DG01633  CYP3A/CYP3A4 substrate DG02913  CYP3A4 substrate,2,D07407;D08497,R06AX28,
DG01119,Doxapram,Chemical,Metabolizing enzyme substrate DG01633  CYP3A/CYP3A4 substrate DG02913  CYP3A4 substrate DG02925  CYP3A5 substrate,2,D07873;D01872,R07AB01,
DG01120,Almitrine,Chemical,,2,D07126;D02822,R07AB07,
DG01121,Dimefline,Chemical,,2,D07847;D01288,R07AB08,
DG01122,Dihydrostreptomycin,Chemical,Antibacterial DG01447  Aminoglycoside antibiotic,2,D07840;D02512,S01AA15,
DG01123,Micronomicin,Chemical,Antibacterial DG01447  Aminoglycoside antibiotic,2,D08219;D01821,S01AA22,
DG01124,Sulfacetamide,Chemical,Antibacterial DG01787  Sulfonamide antibacterial DG01784  Short-acting sulfonamide,2,D05947;D00871,D10AF06 S01AB04,
DG01125,Fomivirsen,Chemical,Antiviral DG01937  Anti-cytomegalovirus agent,2,D07989;D02736,S01AD08,
DG01126,Sodium propionate,Chemical,,2,D08440;D05872,S01AX10,
DG01127,Loteprednol,Chemical,Anti-inflammatory DG01955  Corticosteroid DG02068  Glucocorticoid,2,D08147;D01689,S01BA14,
DG01128,Bromfenac,Chemical,"Anti-inflammatory DG01504  Nonsteroidal anti-inflammatory drug (NSAID) DG01906  Anti-inflammatory drug, acetic acid derivatives DG01898  Anti-inflammatory drug, phenylacetic acid derivatives",2,D07541;D03163,S01BC11,
DG01129,Dipivefrine,Chemical,Cardiovascular agent DG01456  Adrenergic receptor agonist DG01951  Catecholamine adrenergic receptor agonist Ophthalmic agent DG03201  Intraocular pressure lowering agent,2,D02349;D01017,S01EA02,
DG01130,Apraclonidine,Chemical,Cardiovascular agent DG01456  Adrenergic receptor agonist DG01450  alpha-Adrenergic receptor agonist DG01449  alpha2-Adrenergic receptor agonist Ophthalmic agent DG03201  Intraocular pressure lowering agent,2,D07461;D01008,S01EA03,
DG01131,Ecothiopate,Chemical,Neuropsychiatric agent DG01595  Cholinesterase inhibitor DG01593  Acetylcholinesterase inhibitor Ophthalmic agent DG03201  Intraocular pressure lowering agent,1,D02193,S01EB03,
DG01132,Physostigmine,Chemical,Neuropsychiatric agent DG01595  Cholinesterase inhibitor DG01593  Acetylcholinesterase inhibitor Ophthalmic agent DG03201  Intraocular pressure lowering agent,3,D00196;D02418;D03826,S01EB05 V03AB19,
DG01133,Acetylcholine,Chemical,Cardiovascular agent DG01532  Nicotinic cholinergic receptor agonist Neuropsychiatric agent DG01490  Muscarinic cholinergic receptor agonist Ophthalmic agent DG03201  Intraocular pressure lowering agent Metabolizing enzyme substrate DG02974  ACHE substrate,1,D00999,S01EB09,
DG01134,Acetazolamide,Chemical,Cardiovascular agent DG01534  Carbonic anhydrase inhibitor Ophthalmic agent DG03201  Intraocular pressure lowering agent,2,D00218;D01196,S01EC01,
DG01135,Dorzolamide,Chemical,Cardiovascular agent DG01534  Carbonic anhydrase inhibitor Ophthalmic agent DG03201  Intraocular pressure lowering agent Metabolizing enzyme substrate DG01642  CYP2C9 substrate DG01639  CYP2C19 substrate DG01633  CYP3A/CYP3A4 substrate DG02913  CYP3A4 substrate,2,D07871;D00653,S01EC03,
DG01136,Levobunolol,Chemical,Cardiovascular agent DG01466  Adrenergic receptor antagonist DG01464  beta-Adrenergic receptor antagonist (Beta blocker) Ophthalmic agent DG03201  Intraocular pressure lowering agent,2,D08115;D01025,S01ED03,
DG01137,Metipranolol,Chemical,Cardiovascular agent DG01466  Adrenergic receptor antagonist DG01464  beta-Adrenergic receptor antagonist (Beta blocker) Ophthalmic agent DG03201  Intraocular pressure lowering agent,2,D02374;D02081,S01ED04,
DG01138,Befunolol,Chemical,Cardiovascular agent DG01466  Adrenergic receptor antagonist DG01464  beta-Adrenergic receptor antagonist (Beta blocker) Ophthalmic agent DG03201  Intraocular pressure lowering agent,2,D07496;D01512,S01ED06,
DG01139,Unoprostone,Chemical,Hormonal agent DG01961  Prostaglandin derivative DG01960  Prostaglandin F derivative Ophthalmic agent DG03201  Intraocular pressure lowering agent,2,D08661;D01452,S01EE02,
DG01140,Dapiprazole,Chemical,Ophthalmic agent DG03201  Intraocular pressure lowering agent,2,D07775;D03648,S01EX02,
DG01141,Cyclopentolate,Chemical,Neuropsychiatric agent DG01491  Muscarinic cholinergic receptor antagonist,2,D07759;D01002,S01FA04,
DG01142,Homatropine,Chemical,Neuropsychiatric agent DG01491  Muscarinic cholinergic receptor antagonist,2,D01004;D02070,S01FA05,
DG01143,Lodoxamide,Chemical,,3,D08139;D04760;D04762,S01GX05,
DG01144,Emedastine,Chemical,Anti-allergic agent DG01557  Histamine receptor antagonist DG01482  Histamine receptor H1 antagonist,2,D07890;D02249,S01GX06,
DG01145,Proxymetacaine,Chemical,Neuropsychiatric agent DG02030  Anesthetics DG01675  Local anesthetic,2,D08448;D02098,S01HA04,
DG01146,Fluorescein,Chemical,,2,D01261;D02024,S01JA01,
DG01147,Rose bengal sodium,Chemical,,2,D05762;D05763,S01JA02,
DG01148,Hypromellose,Chemical,,3,D04481;D01536;D08930,S01KA02,
DG01149,Guaiazulen,Chemical,Anti-inflammatory DG01504  Nonsteroidal anti-inflammatory drug (NSAID) Gastrointestinal agent DG01975  Agents for peptic ulcer,3,D01037;D02075;D02706,S01XA01,
DG01150,Alum,Chemical,,2,D01724;D02842,S01XA07,
DG01151,Nalorphine,Chemical,Analgesic DG01586  Opioid receptor antagonist,2,D08247;D08248,V03AB02,
DG01152,Edetate,Chemical,Vitamin and mineral DG01692  Chelator,10,D00052;D00571;D01802;D03943;D03944;D03945;D03946;D03947;D07934;D07935,V03AB03,
DG01153,Pralidoxime,Chemical,,3,D00469;D01572;D05590,V03AB04,
DG01154,Protamine,Chemical,,2,D02224;D08445,V03AB14,
DG01155,Naloxone,Chemical,Analgesic DG01586  Opioid receptor antagonist,3,D08249;D01340;D11620,A06AH04 V03AB15,
DG01156,Methylthioninium chloride,Chemical,Metabolizing enzyme inhibitor DG01634  CYP1A2 inhibitor DG02892  CYP2B6 inhibitor DG01643  CYP2C9 inhibitor DG01933  CYP2C19 inhibitor,2,D02312;D10537,V03AB17 V04CG05,
DG01157,Methionine,Chemical,,2,D00019;D04983,V03AB26,
DG01158,Glutathione,Chemical,,2,D00014;D08025,V03AB32,
DG01159,Deferoxamine,Chemical,Vitamin and mineral DG01692  Chelator DG01691  Iron chelator,3,D03670;D01186;D07780,V03AC01,
DG01160,Polystyrene sulfonate,Chemical,,4,D03263;D03270;D06178;D06179,V03AE01,
DG01161,Sevelamer,Chemical,,3,D08512;D01983;D06642,V03AE02,
DG01162,Dexrazoxane,Chemical,,2,D03730;D07807,V03AF02,
DG01163,Amifostine,Chemical,,1,D00226,V03AF05,
DG01164,Oxygen,Chemical,,2,D00003;D05315,V03AN01,
DG01165,Ceruletide,Chemical,,2,D03442;D03443,V04CC04,
DG01166,Metyrapone,Chemical,,2,D00410;D05019,V04CD01,
DG01167,Corticorelin,Chemical,,3,D03905;D03591;D03592,V04CD04,
DG01168,Somatorelin,Chemical,,2,D08523;D03326,V04CD05,
DG01169,Sulfobromophthalein,Chemical,Transporter substrate DG02857  SLCO1A2 substrate DG02856  SLCO1B1 substrate DG02932  SLCO1B3 substrate DG02933  SLCO2B1 substrate,2,D08548;D02210,V04CE02,
DG01170,Aminohippuric acid,Chemical,Transporter substrate DG02859  SLC22A6 substrate,2,D06890;D01421,V04CH30,
DG01171,Protirelin,Chemical,,2,D00176;D02007,V04CJ02,
DG01172,Diatrizoic acid,Chemical,,6,D02240;D01013;D01940;D02015;D03768;D03770,V08AA01,
DG01173,Metrizoic acid,Chemical,,1,D01880,V08AA02,
DG01174,Iodamide,Chemical,,3,D01376;D01979;D02036,V08AA03,
DG01175,Iotalamic acid,Chemical,,5,D01258;D01999;D03603;D04595;D04596,V08AA04,
DG01176,Ioxitalamic acid,Chemical,,2,D07418;D08084,V08AA05,
DG01177,Iocarmic acid,Chemical,,2,D01099;D04562,V08AA08,
DG01178,Diodone,Chemical,,2,D04571;D04572,V08AA10,
DG01179,Ioxaglic acid,Chemical,,3,D01761;D04598;D04599,V08AB03,
DG01180,Iodoxamic acid,Chemical,,2,D01312;D04573,V08AC01,
DG01181,Iotroxic acid,Chemical,,2,D01388;D03902,V08AC02,
DG01182,Gadopentetic acid,Chemical,,3,D08006;D01707;D09795,V08CA01,
DG01183,Gadoteric acid,Chemical,,2,D08007;D03355,V08CA02,
DG01184,Gadodiamide,Chemical,,2,D04284;D01645,V08CA03,
DG01185,Mangafodipir,Chemical,,2,D08262;D04848,V08CA05,
DG01186,Gadobenic acid,Chemical,,2,D08018;D04283,V08CA08,
DG01187,Gadoxetic acid,Chemical,,2,D08008;D04288,V08CA10,
DG01188,Gadofosveset,Chemical,,2,D08005;D04286,V08CA11,
DG01189,Indium (111In) pentetic acid,Chemical,,3,D04524;D04527;D05421,V09AX01,
DG01190,Technetium (99mTc) medronic acid,Chemical,,2,D02029;D06038,V09BA02,
DG01191,Technetium (99mTc) pyrophosphate,Chemical,,2,D06045;D08765,V09BA03,
DG01192,Technetium (99mTc) human albumin,Chemical,,3,D08762;D06042;D08759,V09GA04,
DG01193,Iobenguane (123I),Chemical,,3,D04557;D01729;D04559,V09IX01,
DG01194,Iobenguane (131I),Chemical,,2,D03308;D04560,V09IX02 V10XA02,
DG01195,Iodine (131I) human albumin,Chemical,,2,D06479;D02796,V09XA03,
DG01196,Samarium (153Sm) lexidronam,Chemical,,2,D08504;D05795,V10BX02,
DG01197,Tetracycline antibiotic,"Structure, Class",Antibacterial,40,D03680;D00290;D07876;D00307;D02129;D03903;D03904;D07877;D07689;D02255;D03477;D06884;D04972;D00849;D00205;D01596;D05322;D00201;D02122;D06098;D05045;D00850;D02282;D01486;D06885;D01079;D09647;D09940;D10369;D10421;D10666;D10667;D02476;D02477;D02899;D03451;D03681;D04030;D05184;D05796,J01AA,
DG01198,Omadacycline,Chemical,Antibacterial DG01197  Tetracycline antibiotic,2,D09647;D09940,J01AA15,
DG01199,Eravacycline,Chemical,Antibacterial DG01197  Tetracycline antibiotic,2,D10369;D10421,J01AA13,
DG01200,Astromicin,Chemical,Antibacterial DG01447  Aminoglycoside antibiotic,2,D07470;D01881,,
DG01201,Laninamivir,Chemical,Antiviral DG03029  Anti-influenza virus agent DG02842  Neuraminidase inhibitor,2,D09410;D09547,J05AH04,
DG01203,Kitasamycin,Chemical,Antibacterial DG01551  Macrolide antibiotic DG01876  16-Membered ring macrolide antibiotic,3,D02000;D01614;D02269,,
DG01204,Sulfamonomethoxine,Chemical,Antibacterial DG01787  Sulfonamide antibacterial DG01786  Long-acting sulfonamide,3,D01141;D02001;D05023,,
DG01205,Cefaloglycin,Chemical,Antibacterial DG01710  beta-Lactam antibiotic DG01714  Cephalosporin skeleton group DG01488  Cephem,2,D01949;D03439,,
DG01206,Cefoselis,Chemical,Antibacterial DG01710  beta-Lactam antibiotic DG01714  Cephalosporin skeleton group DG01488  Cephem DG01804  Oxyimino beta-lactam,2,D07646;D02232,,
DG01207,Cefpimizole,Chemical,Antibacterial DG01710  beta-Lactam antibiotic DG01714  Cephalosporin skeleton group DG01488  Cephem,2,D03427;D01568,,
DG01208,Cefteram,Chemical,Antibacterial DG01710  beta-Lactam antibiotic DG01714  Cephalosporin skeleton group DG01488  Cephem DG01804  Oxyimino beta-lactam,2,D07655;D01686,J01DD18,
DG01209,Ceftobiprole,Chemical,Antibacterial DG01710  beta-Lactam antibiotic DG01714  Cephalosporin skeleton group DG01488  Cephem DG01804  Oxyimino beta-lactam,2,D08885;D08886,J01DI01,
DG01210,Ceftolozane,Chemical,Antibacterial DG01710  beta-Lactam antibiotic DG01714  Cephalosporin skeleton group DG01488  Cephem DG01804  Oxyimino beta-lactam,2,D10097;D10098,,
DG01211,Cefuzonam,Chemical,Antibacterial DG01710  beta-Lactam antibiotic DG01714  Cephalosporin skeleton group DG01488  Cephem DG01804  Oxyimino beta-lactam,2,D03432;D01687,,
DG01212,Imipenem,Chemical,Antibacterial DG01710  beta-Lactam antibiotic DG01713  Penicillin skeleton group DG01458  Carbapenem,2,D04515;D00206,,
DG01213,Sulopenem,Chemical,Antibacterial DG01710  beta-Lactam antibiotic DG01713  Penicillin skeleton group DG01486  Penem,2,D05969;D09672,,
DG01214,Alatrofloxacin,Chemical,Antibacterial DG01550  Quinolone DG01549  Fluoroquinolone,2,D07562;D02470,,
DG01215,Delafloxacin,Chemical,Antibacterial DG01550  Quinolone DG01549  Fluoroquinolone,2,D09330;D09331,J01MA23,
DG01216,Sarafloxacin,Chemical,Antibacterial DG01550  Quinolone DG01549  Fluoroquinolone,2,D08506;D05802,,
DG01217,Tosufloxacin,Chemical,Antibacterial DG01550  Quinolone DG01549  Fluoroquinolone,2,D02317;D01996,J01MA22 S01AE09,
DG01218,Clorazepic acid,Chemical,"Neuropsychiatric agent DG01914  Anxiolytics, benzodiazepine derivatives",2,D00694;D03562,N05BA05,
DG01219,Enviomycin,Chemical,Antibacterial DG01966  Antitubercular,2,D07897;D03278,J04AB06,
DG01220,Puromycin,Chemical,,2,D05653;D05655,,
DG01221,Monensin,Chemical,,3,D05068;D05069;D08228,,
DG01222,Semduramicin,Chemical,,2,D05820;D01923,,
DG01223,Tenofovir,Chemical,Antiviral DG01890  Nucleoside reverse transcriptase inhibitor (NRTI) DG03107  Anti-HIV agent DG01656  HIV reverse transcriptase inhibitor,6,D06074;D01982;D10834;D11391;D10428;D10605,J05AF07 J05AF13,
DG01224,Adefovir,Chemical,Antiviral DG01890  Nucleoside reverse transcriptase inhibitor (NRTI),2,D02768;D01655,,
DG01225,Oxmetidine,Chemical,Gastrointestinal agent DG01975  Agents for peptic ulcer DG01481  Histamine receptor H2 antagonist,2,D05306;D05307,,
DG01226,Amifloxacin,Chemical,Antibacterial DG01550  Quinolone DG01549  Fluoroquinolone,2,D02902;D02903,,
DG01227,Danofloxacin,Chemical,Antibacterial DG01550  Quinolone DG01549  Fluoroquinolone,3,D07774;D03646;D11101,,
DG01228,Difloxacin,Chemical,Antibacterial DG01550  Quinolone DG01549  Fluoroquinolone,2,D07828;D03810,,
DG01229,Methylephedrine,Chemical,Cardiovascular agent DG01456  Adrenergic receptor agonist,4,D08206;D01952;D02109;D09842,,
DG01230,Guanabenz,Chemical,Cardiovascular agent DG01738  Centrally-acting antiadrenergic DG03231  Antihypertensive,2,D04375;D00605,,
DG01231,Setiptiline,Chemical,Cardiovascular agent DG01466  Adrenergic receptor antagonist DG01465  alpha-Adrenergic receptor antagonist DG01460  alpha2-Adrenergic receptor antagonist Neuropsychiatric agent DG01729  Tetracyclic antidepressant DG03077  Noradrenergic and specific serotonergic antidepressant (NaSSA),2,D08511;D02034,,
DG01232,Abediterol,Chemical,Cardiovascular agent DG01456  Adrenergic receptor agonist DG01455  beta-Adrenergic receptor agonist DG01452  beta2-Adrenergic receptor agonist,2,D10219;D10220,,
DG01233,Arformoterol,Chemical,Cardiovascular agent DG01456  Adrenergic receptor agonist DG01455  beta-Adrenergic receptor agonist DG01452  beta2-Adrenergic receptor agonist,2,D07463;D02981,,
DG01234,Isoetharine,Chemical,Cardiovascular agent DG01456  Adrenergic receptor agonist DG01455  beta-Adrenergic receptor agonist DG01452  beta2-Adrenergic receptor agonist DG01951  Catecholamine adrenergic receptor agonist,3,D04625;D02093;D04626,R03AC07,
DG01235,Levalbuterol Levosalbutamol,Chemical,Cardiovascular agent DG01456  Adrenergic receptor agonist DG01455  beta-Adrenergic receptor agonist DG01452  beta2-Adrenergic receptor agonist,4,D08124;D02281;D04701;D04703,,
DG01236,Vilanterol,Chemical,Cardiovascular agent DG01456  Adrenergic receptor agonist DG01455  beta-Adrenergic receptor agonist DG01452  beta2-Adrenergic receptor agonist,2,D09696;D09697,,
DG01237,Amibegron,Chemical,Cardiovascular agent DG01456  Adrenergic receptor agonist DG01455  beta-Adrenergic receptor agonist DG01453  beta3-Adrenergic receptor agonist,2,D08850;D08851,,
DG01238,Ethaverine,Chemical,,2,D07926;D07927,,
DG01239,Ramosetron,Chemical,Gastrointestinal agent DG01489  5-HT3-receptor antagonist DG01762  Antiemetic Metabolizing enzyme substrate DG01892  CYP1A2 substrate DG01644  CYP2D6 substrate,2,D08466;D02016,,
DG01240,Itasetron,Chemical,Gastrointestinal agent DG01489  5-HT3-receptor antagonist DG01762  Antiemetic,2,D04642;D09749,,
DG01241,Denaverine,Chemical,,2,D07787;D07788,,
DG01242,Methylatropine,Chemical,Neuropsychiatric agent DG01491  Muscarinic cholinergic receptor antagonist,2,D01077;D03814,A03BB02,
DG01243,Atropine oxide,Chemical,,2,D07477;D03011,,
DG01244,Ablukast,Chemical,Anti-allergic agent DG01541  Cysteinyl leukotriene receptor antagonist,2,D02739;D02741,,
DG01245,Gabapentin,Chemical,Neuropsychiatric agent DG01574  Calcium channel alpha-2 delta blocker DG03199  Antiepileptic agent DG02037  GABA mimetic antiepileptic,2,D00332;D09539,N02BF01,
DG01246,Simeprevir,Chemical,Antiviral DG03198  Anti-HCV agent DG02001  HCV NS3/4A protease inhibitor Metabolizing enzyme substrate DG01633  CYP3A/CYP3A4 substrate Metabolizing enzyme inhibitor DG02852  CYP3A/CYP3A4 inhibitor Transporter substrate DG01665  ABCB1 substrate DG02856  SLCO1B1 substrate Transporter inhibitor DG01622  ABCB1 inhibitor DG02862  ABCG2 inhibitor DG02865  SLCO1B1 inhibitor,2,D10081;D10469,J05AP05,
DG01247,Amylocaine,Chemical,,2,D07454;D07572,,
DG01248,Ipragliflozin,Chemical,Antidiabetic agent DG02044  Hypoglycemic agent DG01794  SGLT2 inhibitor Metabolizing enzyme substrate DG02924  UGT substrate DG03190  UGT2B7 substrate,2,D10196;D10200,A10BK05,
DG01249,Amfenac,Chemical,"Anti-inflammatory DG01504  Nonsteroidal anti-inflammatory drug (NSAID) DG01906  Anti-inflammatory drug, acetic acid derivatives DG01898  Anti-inflammatory drug, phenylacetic acid derivatives",2,D07443;D01788,,
DG01250,Piketoprofen,Chemical,"Anti-inflammatory DG01504  Nonsteroidal anti-inflammatory drug (NSAID) DG01908  Anti-inflammatory drug, propionic acid derivatives",2,D08374;D08375,M02AA28,
DG01251,Loxoprofen,Chemical,"Anti-inflammatory DG01504  Nonsteroidal anti-inflammatory drug (NSAID) DG01908  Anti-inflammatory drug, propionic acid derivatives",2,D08149;D01709,M02AA31,
DG01252,Orphenadrine,Chemical,Neuropsychiatric agent DG01491  Muscarinic cholinergic receptor antagonist DG01745  Anticholinergic antiparkinson agent Musculo-skeletal system agent DG02029  Muscle relaxant DG01974  Centrally acting muscle relaxant,3,D08305;D00774;D02599,,
DG01253,Umeclidinium,Chemical,Neuropsychiatric agent DG01491  Muscarinic cholinergic receptor antagonist Metabolizing enzyme substrate DG01644  CYP2D6 substrate,2,D10180;D10181,,
DG01254,Tiemonium,Chemical,Neuropsychiatric agent DG01491  Muscarinic cholinergic receptor antagonist,2,D01201;D08595,,
DG01255,Pipethanate,Chemical,Neuropsychiatric agent DG01491  Muscarinic cholinergic receptor antagonist,2,D08384;D01521,,
DG01256,Ozagrel,Chemical,Blood modifier agent DG01950  Antithrombotic agent DG01712  Antiplatelet agent DG01516  Thromboxane A2 synthase inhibitor,3,D08327;D01683;D01684,,
DG01257,Pilsicainide,Chemical,Cardiovascular agent DG01653  Antiarrhythmics DG01652  Class I antiarrhythmic agent DG01650  Class Ic antiarrhythmic agent,2,D08377;D01554,,
DG01258,Gisadenafil,Chemical,Cardiovascular agent DG01509  Phosphodiesterase V inhibitor,2,D09621;D09622,,
DG01259,Lazabemide,Chemical,Neuropsychiatric agent DG01568  MAO inhibitor DG01512  Monoamine oxidase B inhibitor,2,D04681;D01097,,
DG01260,Safinamide,Chemical,Neuropsychiatric agent DG01568  MAO inhibitor DG01512  Monoamine oxidase B inhibitor DG01967  Antiparkinson agent Metabolizing enzyme substrate DG01633  CYP3A/CYP3A4 substrate DG02913  CYP3A4 substrate DG02917  MAO substrate DG03178  MAOA substrate,2,D10158;D10191,N04BD03,
DG01261,Clavulanic acid,Chemical,Antibacterial DG01710  beta-Lactam antibiotic DG01713  Penicillin skeleton group DG01487  Clavam DG01479  beta-Lactamase inhibitor,2,D07711;D02370,,
DG01262,Motesanib,Chemical,Antineoplastic DG01918  Tyrosine kinase inhibitor DG01917  Receptor tyrosine kinase inhibitor,2,D06678;D08947,,
DG01263,Oximonam,Chemical,Antibacterial DG01710  beta-Lactam antibiotic DG01454  Monobactam DG01804  Oxyimino beta-lactam,2,D05300;D05302,,
DG01264,Cenicriviroc,Chemical,,2,D09878;D09879,,
DG01265,Droloxifene,Chemical,Antineoplastic DG01585  Estrogen receptor antagonist DG01620  Tamoxifene-type antineoplastic Hormonal agent DG01619  Estrogen receptor antagonist/modulator,2,D03911;D03912,,
DG01266,Incadronic acid,Chemical,Musculo-skeletal system agent DG03232  Osteoporosis agent DG01600  Bisphosphonate,2,D08073;D07123,,
DG01267,Etirinotecan pegol,Chemical,Antineoplastic DG01529  Topoisomerase inhibitor DG01526  Topoisomerase I inhibitor,3,D10367;D10422;D10427,L01CE03,
DG01268,Amonafide,Chemical,Antineoplastic DG01529  Topoisomerase inhibitor DG01527  Topoisomerase II inhibitor,2,D10090;D10091,,
DG01269,Ixazomib,Chemical,Antineoplastic DG03134  Proteasome inhibitor,2,D10130;D10131,L01XG03,
DG01270,Isosorbide nitrate,Chemical,Cardiovascular agent DG01657  Nitrovasodilator,2,D00516;D00630,,
DG01271,Limaprost,Chemical,Blood modifier agent DG01950  Antithrombotic agent DG01712  Antiplatelet agent Hormonal agent DG01961  Prostaglandin derivative DG01611  Prostaglandin E1 derivative,2,D02722;D02860,,
DG01272,Piroheptine,Chemical,Neuropsychiatric agent DG01491  Muscarinic cholinergic receptor antagonist DG01745  Anticholinergic antiparkinson agent DG01967  Antiparkinson agent,2,D08395;D01231,,
DG01273,Diprenorphine,Chemical,Analgesic DG01587  Opioid receptor agonist/antagonist,2,D07863;D07864,,
DG01274,Patidegib Saridegib,Chemical,Antineoplastic DG01566  Hedgehog signaling inhibitor,2,D10324;D10325,,
DG01275,Boldenone,Chemical,Hormonal agent DG01590  Androgen receptor agonist DG01605  Anabolic steroid,2,D07536;D03145,,
DG01276,Methandriol,Chemical,Hormonal agent DG01590  Androgen receptor agonist DG01605  Anabolic steroid,2,D08196;D08197,,
DG01277,Pirlindole,Chemical,Neuropsychiatric agent DG01568  MAO inhibitor DG01558  Monoamine oxidase A inhibitor,2,D08392;D08393,,
DG01278,Pruvanserin,Chemical,,2,D06632;D06633,,
DG01279,Naluzotan,Chemical,Neuropsychiatric agent DG01483  5-HT1A-receptor agonist,2,D09358;D09359,,
DG01280,Duvoglustat,Chemical,Antidiabetic agent DG02044  Hypoglycemic agent DG01663  alpha-Glucosidase inhibitor,2,D09605;D09606,,
DG01281,Carmegliptin,Chemical,Antidiabetic agent DG02044  Hypoglycemic agent DG01601  DPP-4 inhibitor,2,D08631;D09326,,
DG01282,Dutogliptin,Chemical,Antidiabetic agent DG02044  Hypoglycemic agent DG01601  DPP-4 inhibitor,2,D09333;D09334,,
DG01283,Teneligliptin,Chemical,Antidiabetic agent DG02044  Hypoglycemic agent DG01601  DPP-4 inhibitor Metabolizing enzyme substrate DG01633  CYP3A/CYP3A4 substrate DG02913  CYP3A4 substrate DG03191  FMO1 substrate DG02950  FMO3 substrate Metabolizing enzyme inhibitor DG01645  CYP2D6 inhibitor DG02852  CYP3A/CYP3A4 inhibitor DG01522  CYP3A4 inhibitor DG02951  FMO inhibitor,3,D08616;D09756;D11968,A10BH08,
DG01284,Trelagliptin,Chemical,Antidiabetic agent DG02044  Hypoglycemic agent DG01601  DPP-4 inhibitor Metabolizing enzyme substrate DG01644  CYP2D6 substrate,2,D10178;D10179,,
DG01285,Mosapride,Chemical,Gastrointestinal agent DG01763  Propulsive Metabolizing enzyme substrate DG01633  CYP3A/CYP3A4 substrate DG02913  CYP3A4 substrate,2,D01994;D08236,A03FA09,
DG01286,Sofinicline,Chemical,Neuropsychiatric agent DG01571  Nicotinic cholinergic receptor partial agonist,2,D09382;D09383,,
DG01287,Lobeline,Chemical,Neuropsychiatric agent DG01571  Nicotinic cholinergic receptor partial agonist,3,D02364;D02202;D08138,,
DG01288,Pozanicline,Chemical,Neuropsychiatric agent DG01571  Nicotinic cholinergic receptor partial agonist,2,D09367;D09368,,
DG01289,Carpronium,Chemical,Neuropsychiatric agent DG01490  Muscarinic cholinergic receptor agonist,2,D01175;D09752,,
DG01290,Methacholine,Chemical,Neuropsychiatric agent DG01490  Muscarinic cholinergic receptor agonist,1,D04970,,
DG01291,Aclatonium,Chemical,Neuropsychiatric agent DG01490  Muscarinic cholinergic receptor agonist,1,D01955,,
DG01292,Fadrozole,Chemical,Antineoplastic DG01596  Aromatase inhibitor,3,D07940;D02451;D03778,,
DG01293,Liarozole,Chemical,Antineoplastic DG01596  Aromatase inhibitor,2,D03781;D03784,,
DG01294,Cangrelor,Chemical,Blood modifier agent DG01950  Antithrombotic agent DG01712  Antiplatelet agent DG01809  P2Y12 receptor antagonist,2,D03359;D03361,B01AC25,
DG01295,Elinogrel,Chemical,Blood modifier agent DG01809  P2Y12 receptor antagonist,2,D09607;D09608,,
DG01296,Benserazide,Chemical,Cardiovascular agent DG01617  Catecholamine synthesis inhibitors,2,D03082;D01653,,
DG01297,Croconazole,Chemical,Antifungal DG01883  Imidazole antifungal,2,D07752;D02169,,
DG01298,Tiaramide,Chemical,Anti-inflammatory DG01504  Nonsteroidal anti-inflammatory drug (NSAID),2,D08592;D01341,,
DG01299,Calcium acetate,Chemical,Gastrointestinal agent DG01980  Calcium,2,D00931;D02257,,
DG01300,Xanomeline,Chemical,Neuropsychiatric agent DG01490  Muscarinic cholinergic receptor agonist,2,D06330;D06331,,
DG01301,Benzetimide,Chemical,Neuropsychiatric agent DG01491  Muscarinic cholinergic receptor antagonist,2,D07513;D03087,,
DG01302,Amosulalol,Chemical,Cardiovascular agent DG01466  Adrenergic receptor antagonist DG03180  alpha1 and beta-Adrenergic receptor antagonist DG03231  Antihypertensive DG03180  alpha1 and beta-Adrenergic receptor antagonist,2,D07451;D01469,,
DG01303,Arotinolol,Chemical,Cardiovascular agent DG01466  Adrenergic receptor antagonist DG03180  alpha1 and beta-Adrenergic receptor antagonist DG01653  Antiarrhythmics DG01806  Class II antiarrhythmic agent DG03231  Antihypertensive DG03180  alpha1 and beta-Adrenergic receptor antagonist,2,D07465;D01830,,
DG01304,Bifeprunox,Chemical,Neuropsychiatric agent DG01483  5-HT1A-receptor agonist DG01478  Dopamine antagonist DG01474  Dopamine D2-receptor antagonist,2,D06566;D06567,,
DG01305,Cariprazine,Chemical,Neuropsychiatric agent DG01478  Dopamine antagonist DG01474  Dopamine D2-receptor antagonist Metabolizing enzyme substrate DG01644  CYP2D6 substrate DG01633  CYP3A/CYP3A4 substrate DG02913  CYP3A4 substrate,2,D09997;D09876,N05AX15,
DG01306,Tandospirone,Chemical,Neuropsychiatric agent DG01483  5-HT1A-receptor agonist,2,D08561;D01992,,
DG01307,Rilmazafone,Chemical,Neuropsychiatric agent DG01835  Benzodiazepine sedative-hypnotics DG03202  Hypnotic DG01567  GABA-A receptor agonist Metabolizing enzyme substrate DG01633  CYP3A/CYP3A4 substrate DG02913  CYP3A4 substrate DG02970  CES substrate,2,D08481;D01564,,
DG01308,Butabarbital,Chemical,Neuropsychiatric agent DG01837  Barbiturate sedative-hypnotics,2,D03180;D00699,,
DG01309,Esreboxetine,Chemical,Neuropsychiatric agent DG03085  Selective norepinephrine reuptake inhibitor (NRI),2,D09340;D09341,,
DG01310,Edivoxetine,Chemical,Neuropsychiatric agent DG03085  Selective norepinephrine reuptake inhibitor (NRI),2,D09890;D09891,,
DG01311,Tedatioxetine,Chemical,Gastrointestinal agent DG01489  5-HT3-receptor antagonist,2,D10170;D10171,,
DG01312,Carpipramine,Chemical,Neuropsychiatric agent DG03200  Antipsychotic agent DG01942  Iminobenzyl antipsychotic,3,D07623;D01449;D02713,,
DG01313,Clocapramine,Chemical,Neuropsychiatric agent DG01478  Dopamine antagonist DG01474  Dopamine D2-receptor antagonist DG03200  Antipsychotic agent DG01942  Iminobenzyl antipsychotic,2,D07718;D02371,,
DG01314,Elzasonan,Chemical,Analgesic DG01518  5-HT1B/1D-receptor agonist,2,D03982;D03983,,
DG01315,Orvepitant,Chemical,,2,D09650;D09651,,
DG01316,Bunazosin,Chemical,Cardiovascular agent DG01466  Adrenergic receptor antagonist DG01465  alpha-Adrenergic receptor antagonist DG01457  alpha1-Adrenergic receptor antagonist DG03231  Antihypertensive Ophthalmic agent DG03201  Intraocular pressure lowering agent,2,D07550;D01887,,
DG01317,Medroxalol,Chemical,Cardiovascular agent DG01466  Adrenergic receptor antagonist DG01464  beta-Adrenergic receptor antagonist (Beta blocker),2,D04888;D04889,,
DG01318,Detomidine,Chemical,Cardiovascular agent DG01456  Adrenergic receptor agonist DG01450  alpha-Adrenergic receptor agonist DG01449  alpha2-Adrenergic receptor agonist,2,D07795;D03702,,
DG01319,Lergotrile,Chemical,Neuropsychiatric agent DG01472  Dopamine agonist DG01468  Dopamine D2-receptor agonist DG01964  Ergot alkaloid,2,D04693;D04694,,
DG01320,Medetomidine,Chemical,Cardiovascular agent DG01456  Adrenergic receptor agonist DG01450  alpha-Adrenergic receptor agonist DG01449  alpha2-Adrenergic receptor agonist,2,D08165;D04883,,
DG01321,Xylazine,Chemical,Cardiovascular agent DG01456  Adrenergic receptor agonist DG01450  alpha-Adrenergic receptor agonist DG01449  alpha2-Adrenergic receptor agonist,2,D08683;D06344,,
DG01322,Tilisolol,Chemical,Cardiovascular agent DG01466  Adrenergic receptor antagonist DG01464  beta-Adrenergic receptor antagonist (Beta blocker),2,D08598;D01795,,
DG01323,Indenolol,Chemical,Cardiovascular agent DG01466  Adrenergic receptor antagonist DG01464  beta-Adrenergic receptor antagonist (Beta blocker) DG01653  Antiarrhythmics DG01806  Class II antiarrhythmic agent,2,D08078;D01958,,
DG01324,Pardoprunox,Chemical,Neuropsychiatric agent DG01483  5-HT1A-receptor agonist,2,D09397;D09366,,
DG01325,Pridopidine,Chemical,,2,D09953;D09954,,
DG01326,Talipexole,Chemical,Neuropsychiatric agent DG01472  Dopamine agonist DG01468  Dopamine D2-receptor agonist,2,D08558;D01505,,
DG01327,Bepotastine,Chemical,Anti-allergic agent DG01557  Histamine receptor antagonist DG01482  Histamine receptor H1 antagonist,2,D09705;D01654,,
DG01328,Homochlorcyclizine,Chemical,Anti-allergic agent DG01557  Histamine receptor antagonist DG01482  Histamine receptor H1 antagonist,2,D08041;D01460,,
DG01329,Dihydroergocryptine,Chemical,Neuropsychiatric agent DG01964  Ergot alkaloid,2,D07835;D07836,,
DG01330,Irdabisant,Chemical,,2,D10128;D10129,,
DG01331,Dexpramipexole,Chemical,,2,D09886;D09887,,
DG01332,Lasmiditan,Chemical,,2,D10338;D10424,N02CC08,
DG01333,Sarpogrelate,Chemical,Blood modifier agent DG01950  Antithrombotic agent DG01712  Antiplatelet agent Metabolizing enzyme substrate DG01892  CYP1A2 substrate DG02919  CYP2B6 substrate DG01642  CYP2C9 substrate DG01639  CYP2C19 substrate DG01644  CYP2D6 substrate DG01633  CYP3A/CYP3A4 substrate DG02913  CYP3A4 substrate,2,D08508;D01624,,
DG01334,Temanogrel,Chemical,,2,D09976;D09977,,
DG01335,Naronapride,Chemical,Gastrointestinal agent DG01763  Propulsive,2,D09933;D09934,,
DG01336,Velusetrag,Chemical,,2,D09693;D09694,,
DG01337,Cerlapirdine,Chemical,,2,D10099;D10100,,
DG01338,Ulimorelin,Chemical,,2,D09981;D09982,,
DG01339,Carfentanil,Chemical,Neuropsychiatric agent DG01564  Opioid receptor agonist DG01563  mu-Opioid receptor agonist Analgesic DG01984  Opioid analgesics,2,D07620;D03405,,
DG01340,Eptazocine,Chemical,Neuropsychiatric agent DG01564  Opioid receptor agonist DG01562  kappa-Opioid receptor agonist Analgesic DG01984  Opioid analgesics DG01586  Opioid receptor antagonist,2,D07904;D01879,,
DG01341,Levorphanol,Chemical,Neuropsychiatric agent DG01564  Opioid receptor agonist DG01563  mu-Opioid receptor agonist Analgesic DG01984  Opioid analgesics,2,D08123;D00841,,
DG01342,Naldemedine,Chemical,Analgesic DG01586  Opioid receptor antagonist Gastrointestinal agent DG01770  Laxative Metabolizing enzyme substrate DG01633  CYP3A/CYP3A4 substrate DG02913  CYP3A4 substrate,2,D10188;D10478,A06AH05,
DG01343,Oxymorphone,Chemical,Neuropsychiatric agent DG01564  Opioid receptor agonist DG01563  mu-Opioid receptor agonist Analgesic DG01984  Opioid analgesics,2,D08323;D00844,N02AA11,
DG01344,Giractide,Chemical,Hormonal agent DG01629  Adrenocorticotropic hormone (ACTH),2,D09937;D09801,,
DG01345,Elagolix,Chemical,,2,D09335;D09336,H01CC03,
DG01346,Fertirelin,Chemical,Hormonal agent DG01494  Gonadotropin-releasing hormone receptor agonist,2,D07957;D04174,,
DG01347,Montirelin,Chemical,,2,D02588;D09845,,
DG01348,Atopaxar,Chemical,,2,D09866;D09867,,
DG01349,Vorapaxar,Chemical,Blood modifier agent DG01950  Antithrombotic agent DG01712  Antiplatelet agent Metabolizing enzyme substrate DG02954  CYP2J2 substrate DG01633  CYP3A/CYP3A4 substrate DG02913  CYP3A4 substrate,2,D09765;D09766,B01AC26,
DG01350,Ifetroban,Chemical,Anti-allergic agent DG01517  Thromboxane A2 receptor antagonist,2,D04500;D04501,,
DG01351,Otenabant,Chemical,Gastrointestinal agent DG01705  Anoretic DG01754  Cannabinoid receptor inverse agonist,2,D09362;D09363,,
DG01352,Davalintide,Chemical,,2,D09600;D09601,,
DG01353,Telcagepant,Chemical,,2,D09391;D09392,,
DG01354,Arbaclofen,Chemical,Neuropsychiatric agent DG01565  GABA-B receptor agonist,2,D09791;D08861,,
DG01355,Aspartame,Chemical,,2,D02381;D08862,,
DG01356,Saccharin,Chemical,,4,D01085;D02192;D05781;D08500,,
DG01357,Varlitinib,Chemical,Antineoplastic DG01918  Tyrosine kinase inhibitor DG01917  Receptor tyrosine kinase inhibitor,2,D09689;D09690,,
DG01359,Mecasermin,Chemical,,2,D03297;D04870,,
DG01360,Cediranib,Chemical,Antineoplastic DG01918  Tyrosine kinase inhibitor DG01917  Receptor tyrosine kinase inhibitor DG03203  VEGFR inhibitor,2,D08881;D08883,L01EK02,
DG01361,Crenolanib,Chemical,Antineoplastic DG01918  Tyrosine kinase inhibitor DG01917  Receptor tyrosine kinase inhibitor,2,D10102;D10103,,
DG01362,Lenvatinib,Chemical,Antineoplastic DG01918  Tyrosine kinase inhibitor DG01917  Receptor tyrosine kinase inhibitor Metabolizing enzyme substrate DG01633  CYP3A/CYP3A4 substrate Transporter substrate DG01665  ABCB1 substrate,2,D09919;D09920,L01EX08,
DG01363,Toceranib,Chemical,Antineoplastic DG01918  Tyrosine kinase inhibitor DG01917  Receptor tyrosine kinase inhibitor,2,D08503;D08544,,
DG01364,Quizartinib,Chemical,Antineoplastic DG01918  Tyrosine kinase inhibitor DG01917  Receptor tyrosine kinase inhibitor Metabolizing enzyme substrate DG01633  CYP3A/CYP3A4 substrate,2,D09955;D09956,L01EX11,
DG01365,Tozasertib,Chemical,Antineoplastic DG01918  Tyrosine kinase inhibitor,2,D08279;D08344,,
DG01366,Momelotinib,Chemical,Anti-inflammatory DG01985  Disease modifying anti-rheumatic drug (DMARD) DG02020  JAK inhibitor,3,D10315;D10358;D10889,,
DG01367,Golvatinib,Chemical,Antineoplastic DG01918  Tyrosine kinase inhibitor DG01917  Receptor tyrosine kinase inhibitor,2,D10224;D10465,,
DG01368,Rebastinib,Chemical,Antineoplastic DG01918  Tyrosine kinase inhibitor,2,D10334;D10399,,
DG01370,Vercirnon,Chemical,,2,D10378;D10379,,
DG01371,Elubrixin,Chemical,,2,D10332;D10420,,
DG01372,Liothyronine,Chemical,Hormonal agent DG01953  Thyroid preparation DG01608  Thyroid hormone replenisher,3,D08128;D01011;D08129,,
DG01373,Brivanib,Chemical,Antineoplastic DG01918  Tyrosine kinase inhibitor DG01917  Receptor tyrosine kinase inhibitor,2,D09589;D08878,,
DG01374,Nintedanib,Chemical,Antineoplastic DG01918  Tyrosine kinase inhibitor Metabolizing enzyme substrate DG02924  UGT substrate Transporter substrate DG01665  ABCB1 substrate,2,D10481;D10396,L01EX09,
DG01375,Tivozanib,Chemical,Antineoplastic DG01918  Tyrosine kinase inhibitor DG01917  Receptor tyrosine kinase inhibitor DG03203  VEGFR inhibitor Metabolizing enzyme substrate DG01633  CYP3A/CYP3A4 substrate DG02913  CYP3A4 substrate,2,D09683;D10190,L01EK03,
DG01376,Halopredone,Chemical,,2,D08036;D01743,,
DG01377,Thiamylal,Chemical,Neuropsychiatric agent DG01837  Barbiturate sedative-hypnotics DG01567  GABA-A receptor agonist DG02030  Anesthetics DG02027  General anesthetics DG02025  Barbiturate anesthetics,2,D06106;D00713,,
DG01378,Dexmecamylamine,Chemical,,2,D10111;D10112,,
DG01379,Latrepirdine,Chemical,Neuropsychiatric agent DG01595  Cholinesterase inhibitor DG01593  Acetylcholinesterase inhibitor DG01498  NMDA receptor antagonist,2,D09917;D09918,,
DG01380,Tiletamine,Chemical,Neuropsychiatric agent DG01498  NMDA receptor antagonist,2,D08596;D06146,,
DG01381,Pirmenol,Chemical,Cardiovascular agent DG01653  Antiarrhythmics DG01652  Class I antiarrhythmic agent DG01649  Class Ia antiarrhythmic agent,3,D08394;D01785;D06517,,
DG01382,Efonidipine,Chemical,Cardiovascular agent DG01575  Calcium channel blocker DG01496  Calcium channel L type blocker DG01573  Calcium channel T type blocker DG03231  Antihypertensive DG01928  Dihydropyridine calcium channel blocker,2,D07886;D01604,,
DG01383,Morantel,Chemical,,3,D08230;D05076;D08231,,
DG01384,Budiodarone,Chemical,,2,D09590;D09591,,
DG01385,Menthol,Chemical,,3,D04918;D00064;D04849,,
DG01386,Amitifadine,Chemical,,2,D10088;D10089,,
DG01387,Levomilnacipran,Chemical,,2,D10072;D10133,N06AX28,
DG01388,Lesinurad,Chemical,Musculo-skeletal system agent DG02042  Uricosurics Metabolizing enzyme substrate DG01642  CYP2C9 substrate,2,D09921;D09922,M04AB05,
DG01389,Lifitegrast,Chemical,,2,D10374;D10392,S01XA25,
DG01390,Tecarfarin,Chemical,Blood modifier agent DG01950  Antithrombotic agent DG01708  Coumarin anticoagulant DG01760  Warfarin and analog,2,D09676;D09677,,
DG01391,Cindunistat,Chemical,,2,D10386;D10419,,
DG01392,Forodesine,Chemical,,2,D06596;D04245,,
DG01393,Indanazoline,Chemical,,2,D08075;D08076,R01AA15,
DG01394,Varespladib,Chemical,,3,D08107;D06283;D08221,,
DG01395,Itopride,Chemical,Neuropsychiatric agent DG01595  Cholinesterase inhibitor DG01593  Acetylcholinesterase inhibitor DG01594  Butyrylcholinesterase inhibitor Gastrointestinal agent DG01763  Propulsive Metabolizing enzyme substrate DG03191  FMO1 substrate DG02950  FMO3 substrate,2,D08094;D02729,A03FA07,
DG01396,Olprinone,Chemical,Cardiovascular agent DG01703  Cardiotonic DG01757  Amrinone type cardiotonic DG01507  Phosphodiesterase III inhibitor DG01757  Amrinone type cardiotonic,2,D08294;D02042,,
DG01397,Cilastatin,Chemical,,2,D07698;D02194,,
DG01398,Edoxaban,Chemical,Blood modifier agent DG01950  Antithrombotic agent DG01662  Factor Xa inhibitor Transporter substrate DG01665  ABCB1 substrate,3,D09710;D09546;D11568,B01AF03,
DG01399,Pegnivacogin,Chemical,,2,D10484;D10150,,
DG01400,Gabexate,Chemical,Blood modifier agent DG01950  Antithrombotic agent,2,D08004;D01672,,
DG01401,Sivelestat,Chemical,,2,D03788;D01918,,
DG01402,Abexinostat,Chemical,Antineoplastic DG03133  Histone deacetylase inhibitor,2,D10060;D10084,,
DG01403,Panobinostat,Chemical,Antineoplastic DG03133  Histone deacetylase inhibitor Metabolizing enzyme substrate DG01633  CYP3A/CYP3A4 substrate DG02913  CYP3A4 substrate Metabolizing enzyme inhibitor DG01645  CYP2D6 inhibitor,2,D10319;D10019,L01XH03,
DG01404,Mocetinostat,Chemical,,2,D09641;D09357,,
DG01406,Sotrastaurin,Chemical,,2,D09671;D09718,,
DG01407,Quisinostat,Chemical,Antineoplastic DG03133  Histone deacetylase inhibitor,2,D10321;D10322,,
DG01408,Afuresertib,Chemical,,2,D10381;D10382,,
DG01409,Dilmapimod,Chemical,,2,D09602;D09603,,
DG01410,Pimasertib,Chemical,Antineoplastic DG03137  MEK inhibitor,2,D10426;D10486,,
DG01411,Verubulin,Chemical,,2,D10029;D10030,,
DG01412,Batabulin,Chemical,,2,D06560;D03059,,
DG01413,Cevipabulin,Chemical,,2,D06576;D08889,,
DG01414,Selumetinib,Chemical,Antineoplastic DG03137  MEK inhibitor Metabolizing enzyme substrate DG01892  CYP1A2 substrate DG01642  CYP2C9 substrate DG01639  CYP2C19 substrate DG02855  CYP2E1 substrate DG01633  CYP3A/CYP3A4 substrate DG02913  CYP3A4 substrate DG02925  CYP3A5 substrate DG02924  UGT substrate DG03183  UGT1A1 substrate DG03184  UGT1A3 substrate,2,D09666;D10024,L01EE04,
DG01415,Fosbretabulin,Chemical,,2,D09346;D09619,,
DG01416,Rigosertib,Chemical,,2,D10154;D10155,,
DG01417,Volasertib,Chemical,,2,D10182;D10183,,
DG01418,Saracatinib,Chemical,Antineoplastic DG01918  Tyrosine kinase inhibitor,2,D09664;D09665,,
DG01419,Fostamatinib,Chemical,Antineoplastic DG01918  Tyrosine kinase inhibitor Metabolizing enzyme substrate DG01633  CYP3A/CYP3A4 substrate DG02913  CYP3A4 substrate Metabolizing enzyme inhibitor DG02852  CYP3A/CYP3A4 inhibitor Transporter inhibitor DG01622  ABCB1 inhibitor DG02862  ABCG2 inhibitor,2,D09347;D09348,B02BX09,
DG01420,Lamifiban,Chemical,Blood modifier agent DG01811  Fibrinogen receptor antagonist,2,D04659;D04660,,
DG01421,Recainam,Chemical,,2,D05708;D05709,,
DG01422,Peplomycin,Chemical,,2,D08336;D02063,,
DG01426,Eritoran,Chemical,,2,D04043;D09573,,
DG01427,Brilacidin,Chemical,,2,D10414;D10415,,
DG01428,Agatolimod,Chemical,,2,D08841;D08842,,
DG01430,Paclitaxel,Chemical,Metabolizing enzyme substrate DG02918  CYP2C8 substrate DG01633  CYP3A/CYP3A4 substrate DG02913  CYP3A4 substrate,2,D00491;D05333,,
DG01431,Gataparsen,Chemical,,2,D09909;D09910,,
DG01432,Lenampicillin,Chemical,Antibacterial DG01710  beta-Lactam antibiotic DG01713  Penicillin skeleton group DG01480  Penicillin,2,D08110;D01696,,
DG01433,Cefquinome,Chemical,Antibacterial DG01710  beta-Lactam antibiotic DG01714  Cephalosporin skeleton group DG01488  Cephem DG01804  Oxyimino beta-lactam,2,D07652;D03429,,
DG01434,Ceftiofur,Chemical,Antibacterial DG01710  beta-Lactam antibiotic DG01714  Cephalosporin skeleton group DG01488  Cephem DG01804  Oxyimino beta-lactam,3,D07657;D01682;D03430,,
DG01435,Tilmicosin,Chemical,Antibacterial DG01551  Macrolide antibiotic DG01876  16-Membered ring macrolide antibiotic,2,D02492;D02493,,
DG01436,Tylosin,Chemical,Antibacterial DG01551  Macrolide antibiotic DG01876  16-Membered ring macrolide antibiotic,3,D02490;D09809;D10033,,
DG01437,Tiamulin,Chemical,Antibacterial DG01813  Pleuromutilin,2,D06127;D06128,,
DG01438,Valnemulin,Chemical,Antibacterial DG01813  Pleuromutilin,2,D08665;D08666,,
DG01439,Arabinofuranosyl type antineoplastic,Structure,"Antineoplastic DG02018  Antimetabolite DG01958  Nucleic acid derivative, antineoplastic",23,D07966;D01907;D03546;D05134;D00168;D03046;D03637;D02368;D01155;D10222;D03665;D01633;D12451;D12452;D01651;D04134;D04233;D06100;D06221;D06255;D09712;D09722;D12387,,
DG01440,Arabinofuranosyl type antiviral,Structure,Antiviral,16,D06298;D00406;D06299;D06300;D00412;D01199;D00423;D07200;D06580;D06651;D03981;D04180;D06196;D06278;D09028;D10477,,
DG01441,Radezolid,Chemical,Antibacterial DG01789  Oxazolidinone antibiotic,2,D09369;D09370,,
DG01442,Tedizolid,Chemical,Antibacterial DG01789  Oxazolidinone antibiotic,2,D09685;D09686,J01XX11,
DG01443,Coumermycin,Chemical,,2,D02333;D03599,,
DG01444,Racepinephrine,Chemical,Cardiovascular agent DG01951  Catecholamine adrenergic receptor agonist,2,D05688;D05689,,
DG01445,Brovanexine,Chemical,,2,D07544;D07588,,
DG01446,Framycetin,Chemical,Antibacterial DG01447  Aminoglycoside antibiotic,2,D05140;D07994,D09AA01 R01AX08 S01AA07,
DG01447,Aminoglycoside antibiotic,"Structure, Class",Antibacterial,50,D08531;D01350;D07432;D00063;D02542;D08013;D01063;D00866;D03262;D08260;D01618;D05141;D05142;D02543;D00865;D08268;D00867;D02544;D02181;D07811;D01753;D08478;D02209;D02545;D01826;D07462;D01523;D07497;D01868;D10151;D10655;D08526;D00869;D07467;D00868;D05140;D07994;D07840;D02512;D08219;D01821;D07470;D01881;D02322;D03104;D03190;D05128;D05425;D05629;D06254,J01G,
DG01448,alpha1-Adrenergic receptor agonist,Target,Cardiovascular agent DG01456  Adrenergic receptor agonist DG01450  alpha-Adrenergic receptor agonist,23,D08286;D01405;D08365;D00511;D08366;D08966;D08201;D01020;D08220;D01307;D02774;D07560;D08322;D01022;D08578;D00756;D01023;D08253;D00743;D01021;D02901;D06394;D09784,,
DG01449,alpha2-Adrenergic receptor agonist,Target,Cardiovascular agent DG01456  Adrenergic receptor agonist DG01450  alpha-Adrenergic receptor agonist,24,D00514;D01205;D08141;D04765;D08205;D00405;D00281;D00604;D08031;D00606;D07540;D02076;D08611;D00776;D07461;D01008;D07795;D03702;D08165;D04883;D08683;D06344;D02388;D08487,,
DG01450,alpha-Adrenergic receptor agonist,Target,Cardiovascular agent DG01456  Adrenergic receptor agonist,53,D08286;D01405;D08365;D00511;D08366;D08966;D08201;D01020;D08220;D01307;D02774;D07560;D08322;D01022;D08578;D00756;D01023;D08253;D00743;D01021;D02901;D06394;D09784;D00514;D01205;D08141;D04765;D08205;D00405;D00281;D00604;D08031;D00606;D07540;D02076;D08611;D00776;D07461;D01008;D07795;D03702;D08165;D04883;D08683;D06344;D02388;D08487;D07148;D08308;D08309;D08192;D01019;D00607,,
DG01451,beta1-Adrenergic receptor agonist,Target,Cardiovascular agent DG01456  Adrenergic receptor agonist DG01455  beta-Adrenergic receptor agonist,9,D02910;D00636;D03879;D00632;D03880;D03881;D02614;D03195;D04708,,
DG01452,beta2-Adrenergic receptor agonist,Target,Cardiovascular agent DG01456  Adrenergic receptor agonist DG01455  beta-Adrenergic receptor agonist,71,D03891;D03892;D08092;D01748;D08093;D08300;D00685;D04954;D02147;D00683;D08570;D00688;D04157;D01428;D05730;D08039;D02396;D04625;D02093;D04626;D08387;D00686;D01349;D08629;D01978;D05037;D03402;D02151;D01362;D05792;D00687;D07990;D01373;D05277;D07713;D01360;D08474;D05718;D08424;D02404;D05366;D07534;D00684;D09318;D09319;D11009;D10145;D10020;D01635;D07377;D07489;D02359;D01263;D10219;D10220;D07463;D02981;D08124;D02281;D04701;D04703;D09696;D09697;D01589;D01835;D03587;D05476;D05691;D05832;D06374;D08945,,
DG01453,beta3-Adrenergic receptor agonist,Target,Cardiovascular agent DG01456  Adrenergic receptor agonist DG01455  beta-Adrenergic receptor agonist,8,D09535;D10533;D08850;D08851;D02702;D05879;D09344;D09732,,
DG01454,Monobactam,Structure,Antibacterial DG01710  beta-Lactam antibiotic,10,D00240;D06558;D07625;D01560;D05300;D05302;D04328;D05492;D06144;D12187,J01DF,
DG01455,beta-Adrenergic receptor agonist,Target,Cardiovascular agent DG01456  Adrenergic receptor agonist,95,D02910;D00636;D03879;D00632;D03880;D03881;D02614;D03195;D04708;D03891;D03892;D08092;D01748;D08093;D08300;D00685;D04954;D02147;D00683;D08570;D00688;D04157;D01428;D05730;D08039;D02396;D04625;D02093;D04626;D08387;D00686;D01349;D08629;D01978;D05037;D03402;D02151;D01362;D05792;D00687;D07990;D01373;D05277;D07713;D01360;D08474;D05718;D08424;D02404;D05366;D07534;D00684;D09318;D09319;D11009;D10145;D10020;D01635;D07377;D07489;D02359;D01263;D10219;D10220;D07463;D02981;D08124;D02281;D04701;D04703;D09696;D09697;D01589;D01835;D03587;D05476;D05691;D05832;D06374;D08945;D09535;D10533;D08850;D08851;D02702;D05879;D09344;D09732;D08090;D01390;D02066;D02150;D05606;D02976;D03502,,
DG01456,Adrenergic receptor agonist,Target,Cardiovascular agent,173,D02910;D00636;D03879;D00632;D03880;D03881;D02614;D03195;D04708;D03891;D03892;D08092;D01748;D08093;D08300;D00685;D04954;D02147;D00683;D08570;D00688;D04157;D01428;D05730;D08039;D02396;D04625;D02093;D04626;D08387;D00686;D01349;D08629;D01978;D05037;D03402;D02151;D01362;D05792;D00687;D07990;D01373;D05277;D07713;D01360;D08474;D05718;D08424;D02404;D05366;D07534;D00684;D09318;D09319;D11009;D10145;D10020;D01635;D07377;D07489;D02359;D01263;D10219;D10220;D07463;D02981;D08124;D02281;D04701;D04703;D09696;D09697;D01589;D01835;D03587;D05476;D05691;D05832;D06374;D08945;D09535;D10533;D08850;D08851;D02702;D05879;D09344;D09732;D08090;D01390;D02066;D02150;D05606;D02976;D03502;D08286;D01405;D08365;D00511;D08366;D08966;D08201;D01020;D08220;D01307;D02774;D07560;D08322;D01022;D08578;D00756;D01023;D08253;D00743;D01021;D02901;D06394;D09784;D00514;D01205;D08141;D04765;D08205;D00405;D00281;D00604;D08031;D00606;D07540;D02076;D08611;D00776;D07461;D01008;D07795;D03702;D08165;D04883;D08683;D06344;D02388;D08487;D07148;D08308;D08309;D08192;D01019;D00607;D00095;D00996;D02149;D02537;D03914;D00076;D05206;D08284;D09794;D00124;D01386;D04018;D08368;D01224;D05466;D08449;D00485;D05648;D05649;D02349;D01017;D08206;D01952;D02109;D09842,,
DG01457,alpha1-Adrenergic receptor antagonist,Target,Cardiovascular agent DG01466  Adrenergic receptor antagonist DG01465  alpha-Adrenergic receptor antagonist,33,D08411;D00609;D04531;D04532;D08212;D06234;D07874;D00608;D01333;D08662;D02363;D08099;D01290;D08271;D08239;D01571;D08064;D01445;D07124;D01692;D08560;D01024;D08569;D00610;D11585;D01965;D00454;D06623;D07550;D01887;D01674;D04184;D05395,,
DG01458,Carbapenem,Structure,Antibacterial DG01710  beta-Lactam antibiotic DG01713  Penicillin skeleton group,16,D08185;D02222;D07908;D04049;D03895;D01836;D01057;D09598;D11421;D04515;D00206;D01048;D01058;D09022;D09658;D09849,J01DH,
DG01459,Oxacephem,Structure,Antibacterial DG01710  beta-Lactam antibiotic DG01714  Cephalosporin skeleton group,4,D07963;D01473;D08109;D02198,,
DG01460,alpha2-Adrenergic receptor antagonist,Target,Cardiovascular agent DG01466  Adrenergic receptor antagonist DG01465  alpha-Adrenergic receptor antagonist,19,D08685;D06671;D00270;D00789;D03274;D04034;D09819;D08216;D01358;D00563;D11056;D08511;D02034;D02569;D02972;D03002;D03672;D04223;D04514,,
DG01461,beta1-Adrenergic receptor antagonist,Target,Cardiovascular agent DG01466  Adrenergic receptor antagonist DG01464  beta-Adrenergic receptor antagonist (Beta blocker),26,D05587;D02358;D00601;D00635;D05011;D00235;D02338;D00597;D07526;D00598;D02342;D00634;D07660;D01741;D07916;D00644;D06646;D01471;D05127;D06622;D07184;D12410;D01847;D03449;D03490;D04710,,
DG01462,beta2-Adrenergic receptor antagonist,Target,Cardiovascular agent DG01466  Adrenergic receptor antagonist DG01464  beta-Adrenergic receptor antagonist (Beta blocker),3,D03170;D03198;D07608,,
DG01464,beta-Adrenergic receptor antagonist (Beta blocker) Beta adrenergic blocking agent,Target,Cardiovascular agent DG01466  Adrenergic receptor antagonist,77,D05587;D02358;D00601;D00635;D05011;D00235;D02338;D00597;D07526;D00598;D02342;D00634;D07660;D01741;D07916;D00644;D06646;D01471;D05127;D06622;D07184;D12410;D01847;D03449;D03490;D04710;D03170;D03198;D07608;D07156;D01182;D08318;D01806;D00513;D08443;D00483;D08600;D00378;D00603;D08525;D01026;D00432;D07181;D07624;D00599;D07182;D08572;D07537;D01794;D07590;D01454;D08074;D00602;D07183;D08115;D01025;D02374;D02081;D07496;D01512;D01504;D04888;D04889;D08598;D01795;D08078;D01958;D01492;D02389;D02765;D02834;D03177;D03729;D03759;D04190;D05345;D09843,,
DG01465,alpha-Adrenergic receptor antagonist,Target,Cardiovascular agent DG01466  Adrenergic receptor antagonist,58,D08411;D00609;D04531;D04532;D08212;D06234;D07874;D00608;D01333;D08662;D02363;D08099;D01290;D08271;D08239;D01571;D08064;D01445;D07124;D01692;D08560;D01024;D08569;D00610;D11585;D01965;D00454;D06623;D07550;D01887;D01674;D04184;D05395;D08685;D06671;D00270;D00789;D03274;D04034;D09819;D08216;D01358;D00563;D11056;D08511;D02034;D02569;D02972;D03002;D03672;D04223;D04514;D08362;D00509;D08614;D00997;D08358;D00507,,
DG01466,Adrenergic receptor antagonist,Target,Cardiovascular agent,146,D08411;D00609;D04531;D04532;D08212;D06234;D07874;D00608;D01333;D08662;D02363;D08099;D01290;D08271;D08239;D01571;D08064;D01445;D07124;D01692;D08560;D01024;D08569;D00610;D11585;D01965;D00454;D06623;D07550;D01887;D01674;D04184;D05395;D08685;D06671;D00270;D00789;D03274;D04034;D09819;D08216;D01358;D00563;D11056;D08511;D02034;D02569;D02972;D03002;D03672;D04223;D04514;D08362;D00509;D08614;D00997;D08358;D00507;D05587;D02358;D00601;D00635;D05011;D00235;D02338;D00597;D07526;D00598;D02342;D00634;D07660;D01741;D07916;D00644;D06646;D01471;D05127;D06622;D07184;D12410;D01847;D03449;D03490;D04710;D03170;D03198;D07608;D07156;D01182;D08318;D01806;D00513;D08443;D00483;D08600;D00378;D00603;D08525;D01026;D00432;D07181;D07624;D00599;D07182;D08572;D07537;D01794;D07590;D01454;D08074;D00602;D07183;D08115;D01025;D02374;D02081;D07496;D01512;D01504;D04888;D04889;D08598;D01795;D08078;D01958;D01492;D02389;D02765;D02834;D03177;D03729;D03759;D04190;D05345;D09843;D08106;D00600;D00255;D03415;D01369;D07451;D01469;D07465;D01830;D01691;D01444,,
DG01467,Dopamine D1-receptor agonist,Target,Neuropsychiatric agent DG01472  Dopamine agonist,3,D07946;D00613;D02775,,
DG01468,Dopamine D2-receptor agonist,Target,Neuropsychiatric agent DG01472  Dopamine agonist,23,D03165;D00780;D08132;D01462;D00987;D07217;D08457;D01348;D07837;D02211;D07838;D07906;D00679;D08489;D00784;D05768;D04820;D08558;D01505;D04693;D04694;D05677;D05832,,
DG01472,Dopamine agonist,Target,Neuropsychiatric agent,43,D07946;D00613;D02775;D03165;D00780;D08132;D01462;D00987;D07217;D08457;D01348;D07837;D02211;D07838;D07906;D00679;D08489;D00784;D05768;D04820;D08558;D01505;D04693;D04694;D05677;D05832;D07870;D00633;D03891;D03892;D04488;D08057;D07460;D02004;D00059;D08339;D00502;D05575;D00559;D07305;D03214;D03494;D05682,,
DG01474,Dopamine D2-receptor antagonist,Target,Neuropsychiatric agent DG01478  Dopamine antagonist,104,D00726;D02213;D05008;D01745;D07868;D07101;D07102;D07563;D03534;D01742;D05010;D00270;D00789;D03274;D04034;D09819;D00403;D01520;D02248;D08430;D00797;D00390;D00800;D07977;D00791;D00792;D00793;D02163;D00503;D02037;D04038;D04965;D08341;D08342;D00493;D00479;D02022;D02609;D08636;D00799;D01448;D08585;D01447;D01485;D00373;D00798;D00136;D01898;D08035;D02625;D08637;D02623;D01105;D02622;D01482;D01101;D02626;D00308;D08226;D00796;D00561;D08687;D01939;D02100;D02340;D00794;D08148;D08456;D00458;D11769;D02995;D01226;D08549;D02208;D08590;D01522;D02682;D02683;D07312;D00426;D08235;D01548;D01321;D05339;D05340;D02666;D09997;D09876;D08297;D01477;D07718;D02371;D01051;D01468;D02035;D02372;D06566;D06567;D02605;D02645;D02670;D02681;D02688;D05690,,
DG01476,Dopamine D4-receptor antagonist,Target,Neuropsychiatric agent DG01478  Dopamine antagonist,3,D00283;D02656;D05891,,
DG01478,Dopamine antagonist,Target,Neuropsychiatric agent,123,D00726;D02213;D05008;D01745;D07868;D07101;D07102;D07563;D03534;D01742;D05010;D00270;D00789;D03274;D04034;D09819;D00403;D01520;D02248;D08430;D00797;D00390;D00800;D07977;D00791;D00792;D00793;D02163;D00503;D02037;D04038;D04965;D08341;D08342;D00493;D00479;D02022;D02609;D08636;D00799;D01448;D08585;D01447;D01485;D00373;D00798;D00136;D01898;D08035;D02625;D08637;D02623;D01105;D02622;D01482;D01101;D02626;D00308;D08226;D00796;D00561;D08687;D01939;D02100;D02340;D00794;D08148;D08456;D00458;D11769;D02995;D01226;D08549;D02208;D08590;D01522;D02682;D02683;D07312;D00426;D08235;D01548;D01321;D05339;D05340;D02666;D09997;D09876;D08297;D01477;D07718;D02371;D01051;D01468;D02035;D02372;D06566;D06567;D02605;D02645;D02670;D02681;D02688;D05690;D00283;D02656;D05891;D01044;D02236;D07976;D02613;D00374;D02612;D03556;D08691;D08692;D08693;D00454;D06623;D01176;D02641;D02676;D03937,,
DG01479,beta-Lactamase inhibitor,Target,Antibacterial,21,D08533;D02223;D03705;D03706;D00660;D03707;D05972;D01668;D07711;D02370;D10340;D12447;D12471;D12472;D11591;D11592;D11718;D11719;D10726;D10998;D11329,J01CG,
DG01480,Penicillin Penam,"Structure, Class",Antibacterial DG01710  beta-Lactam antibiotic DG01713  Penicillin skeleton group,104,D00204;D01251;D02119;D07570;D08396;D02508;D05520;D05521;D07614;D02190;D03387;D07452;D00229;D02925;D07621;D01283;D07487;D00927;D04020;D02889;D01499;D02339;D03039;D05021;D02221;D05022;D02888;D08380;D00466;D02251;D08593;D02241;D06137;D06138;D07234;D08191;D08557;D02201;D08534;D01489;D06064;D08567;D01074;D02203;D07469;D02504;D02336;D01053;D02157;D02461;D05408;D07712;D05411;D00497;D02405;D02506;D05413;D08360;D08438;D01649;D07235;D07484;D08350;D01178;D05406;D07236;D07735;D02348;D02137;D07733;D02231;D03571;D02196;D08307;D00929;D04196;D01249;D07965;D08017;D08242;D00928;D08533;D02223;D03705;D03706;D00660;D03707;D05972;D01668;D02199;D08110;D01696;D01334;D08329;D01214;D02415;D04270;D04719;D05494;D05496;D05805;D05806;D05974;D06113,,
DG01481,Histamine receptor H2 antagonist,Target,Gastrointestinal agent DG01975  Agents for peptic ulcer,26,D00295;D03503;D00422;D00673;D05699;D00318;D00440;D07072;D08494;D01467;D08495;D01131;D05306;D05307;D01193;D01698;D01861;D03889;D04098;D04494;D04680;D04794;D05004;D05939;D06157;D06355,A02BA,
DG01482,Histamine receptor H1 antagonist,Target,Anti-allergic agent DG01557  Histamine receptor antagonist,139,D02363;D08099;D08587;D01801;D08183;D05660;D08184;D08645;D02091;D06246;D07195;D07679;D00494;D00480;D01242;D03290;D08432;D08768;D07853;D01343;D03535;D00666;D07197;D07492;D07493;D08355;D01174;D08091;D01143;D00300;D00669;D02419;D03285;D03360;D03854;D00520;D07198;D07684;D08117;D01717;D07483;D00659;D07458;D02950;D07459;D08293;D01192;D03166;D07862;D01172;D01627;D07617;D01336;D09808;D07878;D02327;D07543;D00663;D07803;D00668;D07398;D00665;D03475;D03704;D07125;D02245;D01324;D07547;D02089;D03621;D02090;D03622;D08163;D01317;D01773;D07662;D00664;D07402;D08118;D07765;D02234;D08353;D02148;D08648;D01782;D07482;D00662;D00234;D00521;D00364;D08161;D01786;D07404;D07790;D08105;D01332;D02760;D01478;D07406;D07900;D01713;D01117;D07958;D00671;D03693;D07407;D08497;D09570;D07890;D02249;D06552;D07854;D01902;D00270;D00789;D03274;D04034;D09819;D00454;D06623;D08456;D00458;D08054;D00672;D01096;D08297;D01477;D01295;D07734;D09705;D01654;D08041;D01460;D04494;D05196;D05742;D06021;D06063;D07860,,
DG01483,5-HT1A-receptor agonist,Target,Neuropsychiatric agent,33,D07700;D07701;D08132;D01462;D02577;D02357;D00681;D08255;D00674;D04820;D10309;D07593;D00702;D04314;D10184;D10185;D12544;D06566;D06567;D09358;D09359;D08561;D01992;D09397;D09366;D02568;D02569;D02576;D02767;D03121;D04533;D04611;D05804,,
DG01484,5-HT1B-receptor agonist,Target,Analgesic,22,D07700;D07701;D02357;D00681;D00451;D00676;D08255;D00674;D00415;D08485;D00675;D05740;D02824;D02825;D07887;D01973;D11617;D07997;D04264;D02826;D03014;D04533,,
DG01485,5-HT1D-receptor agonist,Target,Analgesic,21,D02357;D00681;D00451;D00676;D08255;D00674;D00415;D08485;D00675;D05740;D02824;D02825;D07887;D01973;D11617;D07997;D04264;D07700;D07701;D03014;D04533,,
DG01486,Penem,Structure,Antibacterial DG01710  beta-Lactam antibiotic DG01713  Penicillin skeleton group,4,D01839;D08919;D05969;D09672,,
DG01487,Clavam Oxapenam,Structure,Antibacterial DG01710  beta-Lactam antibiotic DG01713  Penicillin skeleton group,2,D07711;D02370,,
DG01488,Cephem Cephalosporin,Structure,Antibacterial DG01710  beta-Lactam antibiotic DG01714  Cephalosporin skeleton group,120,D00263;D00906;D03438;D01075;D07635;D00907;D02299;D00905;D02226;D00257;D02353;D07237;D02406;D02711;D07636;D00908;D07637;D00264;D07629;D01262;D01528;D05026;D07656;D01517;D02345;D00913;D00262;D00914;D00915;D03431;D02344;D00909;D02191;D00256;D02352;D00260;D02228;D07644;D00912;D03426;D07648;D01415;D01819;D00910;D00911;D07651;D00261;D00259;D07642;D01909;D03423;D01736;D07647;D00919;D07654;D00921;D07653;D02005;D07659;D00924;D07641;D01739;D07658;D00923;D09793;D00258;D07640;D07643;D01863;D03424;D01629;D03428;D01904;D07645;D00918;D07650;D00920;D00922;D02121;D00917;D11571;D07639;D01628;D07638;D01680;D07655;D01686;D02376;D01157;D07649;D01401;D01052;D02233;D08885;D08886;D08884;D11302;D11013;D01949;D03439;D07646;D02232;D03427;D01568;D10097;D10098;D03432;D01687;D07652;D03429;D07657;D01682;D03430;D01054;D01681;D01961;D03421;D03422;D03425;D07634,,
DG01489,5-HT3-receptor antagonist,Target,Gastrointestinal agent,38,D07129;D02829;D03495;D03496;D00726;D02213;D05008;D00456;D00678;D04370;D00677;D02130;D02041;D07867;D00725;D07175;D05343;D07218;D00563;D11056;D10184;D10185;D12544;D08466;D02016;D07481;D01613;D02632;D04642;D09749;D10170;D10171;D03060;D03662;D05348;D06253;D06353;D06396,,
DG01490,Muscarinic cholinergic receptor agonist,Target,Neuropsychiatric agent,22,D00524;D01000;D00525;D02200;D05478;D08376;D07349;D07667;D00661;D02750;D00999;D04970;D01175;D09752;D01955;D06330;D06331;D02876;D05035;D05779;D06000;D06015,,
DG01491,Muscarinic cholinergic receptor antagonist Anticholinergic agent,Target,Neuropsychiatric agent,121,D08389;D01297;D05276;D08325;D01006;D07076;D08160;D04868;D07820;D00717;D07821;D03824;D08382;D01165;D10938;D00540;D10939;D00481;D00721;D00723;D01005;D01003;D00720;D01201;D08595;D01377;D02535;D01538;D00113;D02069;D00147;D00719;D01648;D04479;D01451;D01077;D03814;D01976;D07951;D07099;D08838;D00138;D02071;D01004;D02070;D00465;D00722;D08441;D01007;D00646;D01148;D08522;D01269;D01103;D03654;D01699;D07226;D08923;D06273;D00270;D00789;D03274;D04034;D09819;D02212;D01946;D01929;D08837;D10180;D10181;D07406;D07759;D01002;D00397;D08384;D01521;D01315;D01600;D01875;D02876;D08638;D00787;D00779;D02246;D02247;D08209;D01871;D08425;D00782;D08426;D01118;D03276;D03711;D07804;D07301;D08157;D03264;D07302;D07303;D08653;D08305;D00774;D02599;D07511;D00778;D04087;D08395;D01231;D07513;D03087;D00232;D00715;D00716;D01359;D01463;D01491;D01815;D02417;D04057;D04116;D09402,,
DG01492,Imagabalin,Chemical,,2,D09627;D09628,,
DG01493,GLP-1 receptor agonist Glucagon-like peptide 1 receptor agonist,"Target, Class",Antidiabetic agent DG02044  Hypoglycemic agent,17,D04121;D06404;D09729;D08843;D09889;D10025;D11924;D11360;D09723;D10970;D12225;D12341;D11910;D11911;D12536;D12529;D12555,A10BJ,
DG01494,Gonadotropin-releasing hormone receptor agonist,Target,Hormonal agent,22,D08027;D00988;D03267;D04361;D08241;D00990;D07259;D01831;D08113;D00989;D12337;D04405;D00573;D06247;D06248;D08649;D02369;D02116;D07957;D04174;D03694;D04823,,
DG01495,Angiotensin II receptor antagonist,Target,Cardiovascular agent DG01925  Renin-angiotensin system inhibitor DG03231  Antihypertensive,20,D08146;D00357;D04040;D02082;D00400;D00523;D06010;D00522;D00626;D00627;D05246;D01204;D08864;D08067;D08865;D10556;D01922;D04126;D04243;D05801,C09CA,
DG01496,Calcium channel L type blocker,Target,Cardiovascular agent DG01575  Calcium channel blocker,44,D07450;D00615;D02914;D11881;D00319;D00349;D08270;D00617;D00437;D00438;D00618;D00629;D04657;D01908;D08155;D01553;D07494;D01104;D01173;D07509;D02045;D08892;D02356;D00619;D08009;D01969;D07845;D00616;D03830;D07185;D07943;D07520;D00631;D08340;D05442;D02537;D03914;D00537;D01145;D01562;D07886;D01604;D03655;D09789,,
DG01497,Catechol O-methyltransferase inhibitor,Target,Neuropsychiatric agent,6,D00152;D08369;D00786;D00781;D01259;D03241,,
DG01498,NMDA receptor antagonist,Target,Neuropsychiatric agent,38,D08064;D01445;D08098;D00711;D07283;D10627;D07441;D00777;D08174;D04905;D07058;D02780;D08195;D02102;D08121;D08122;D03742;D00848;D03744;D09917;D09918;D08596;D06146;D12214;D12215;D02410;D02973;D03100;D03679;D03746;D03878;D04308;D04728;D05145;D05447;D05453;D05714;D06204,,
DG01499,Adenylate cyclase activator,Target,Cardiovascular agent,2,D03584;D01697,,
DG01500,Adenosine deaminase inhibitor,Target,Antineoplastic,1,D00155,,
DG01501,Angiotensin-converting enzyme inhibitor,Target,Cardiovascular agent DG01925  Renin-angiotensin system inhibitor DG03231  Antihypertensive,43,D00251;D07892;D00621;D08131;D00362;D03753;D00624;D11580;D00421;D03752;D00459;D07499;D00620;D07699;D01069;D07992;D00622;D00383;D08529;D03765;D07781;D01667;D08225;D00623;D08566;D01119;D08688;D03767;D08068;D01549;D01900;D03077;D03440;D03756;D03758;D03760;D03763;D03769;D03772;D03773;D03775;D03776;D06076,C09AA,
DG01502,Endothelin receptor antagonist,Target,Cardiovascular agent,12,D07538;D01227;D07077;D07171;D08517;D10135;D11664;D07682;D03009;D03953;D04128;D07741,,
DG01503,Xanthine dehydrogenase inhibitor,Target,Cardiovascular agent,6,D00224;D07564;D01206;D11081;D02365;D09786,,
DG01504,Nonsteroidal anti-inflammatory drug (NSAID),Class,Anti-inflammatory,220,D00510;D08363;D08364;D07262;D08324;D05319;D07263;D01567;D01305;D01289;D05451;D08630;D01776;D08190;D01762;D00556;D01380;D01437;D01706;D07816;D00903;D00904;D07817;D07818;D07819;D01252;D01545;D01344;D01675;D01841;D07541;D03163;D07443;D01788;D01189;D01963;D04142;D06143;D00141;D01565;D02110;D01582;D07266;D08427;D01765;D05995;D06364;D00120;D02355;D00158;D06382;D07264;D07549;D00315;D07265;D08142;D01975;D08104;D00813;D01271;D01594;D07503;D05143;D01330;D01718;D02944;D03560;D03727;D04144;D04638;D05404;D05619;D05830;D06156;D07453;D07888;D08021;D00127;D05511;D05512;D05513;D01767;D07267;D01866;D00969;D01397;D04003;D04639;D05937;D06082;D00126;D01122;D04490;D06606;D08058;D08059;D09760;D00118;D00970;D10017;D00132;D08102;D08103;D02350;D00968;D03080;D00452;D05515;D00330;D01475;D02290;D10254;D04530;D01325;D00463;D07268;D03715;D03718;D07219;D01513;D07269;D09568;D08374;D08375;D08149;D01709;D07141;D01578;D01185;D01547;D01851;D01865;D01874;D03410;D03489;D03540;D04273;D04277;D05121;D08153;D00151;D01183;D01581;D01823;D03254;D02341;D00169;D08162;D04102;D01267;D00567;D00568;D02709;D03716;D03717;D03710;D03714;D10656;D01974;D03689;D03712;D04863;D08657;D00425;D00109;D05181;D07579;D07580;D07581;D07582;D07421;D00810;D00566;D01811;D00428;D01466;D07290;D07291;D00130;D07292;D03385;D07293;D00448;D00377;D08295;D00727;D07488;D02715;D08501;D01087;D08586;D00971;D00827;D01557;D04145;D04206;D05788;D05998;D05791;D07824;D07991;D05789;D05793;D07612;D08275;D07516;D01410;D07517;D01049;D01037;D02075;D02706;D08592;D01341;D01661;D02264;D01353;D01394;D03652;D05598,,
DG01506,Arginine vasopressin receptor 2 (AVPR2) antagonist,Target,Cardiovascular agent,6,D01213;D11659;D07748;D01236;D01855;D04752,,
DG01507,Phosphodiesterase III inhibitor,Target,Cardiovascular agent,24,D00231;D02084;D00417;D02085;D08294;D02042;D01198;D01690;D03072;D04884;D05403;D04720;D01133;D03075;D04508;D04529;D05612;D04004;D01896;D07455;D02933;D10255;D01385;D04751,,
DG01508,Sulfonylurea receptor agonist,Target,Antidiabetic agent,27,D00336;D00271;D00380;D06177;D02427;D00379;D02425;D00335;D02430;D01599;D07117;D07118;D00593;D00219;D01799;D02426;D02428;D02429;D04322;D04354;D04355;D04356;D06186;D01356;D00594;D01111;D01854,,
DG01509,Phosphodiesterase V inhibitor,Target,Cardiovascular agent,13,D08514;D02229;D02008;D08668;D02731;D03260;D09989;D03217;D10027;D00302;D09621;D09622;D03657,,
DG01510,Aceglutamide,Chemical,,2,D07063;D01660,,
DG01511,Thrombin inhibitor,Target,Blood modifier agent DG01950  Antithrombotic agent,12,D03692;D06880;D00181;D07143;D01981;D03136;D11280;D09707;D07144;D07082;D03722;D03728,,
DG01512,Monoamine oxidase B inhibitor,Target,Neuropsychiatric agent DG01568  MAO inhibitor,11,D03731;D00785;D08469;D02562;D10829;D10158;D10191;D04681;D01097;D03733;D05033,,
DG01513,Rosaramicin,Chemical,Antibacterial DG01551  Macrolide antibiotic DG01876  16-Membered ring macrolide antibiotic,5,D05757;D05758;D05760;D05759;D05761,,
DG01514,Palifosfamide,Chemical,Antineoplastic DG01677  Alkylating agent DG01678  Nitrogen mustard analog DG01720  Isophosphoramide mustard analog,2,D09364;D10373,,
DG01515,Nicametate,Chemical,,2,D08269;D01232,,
DG01516,Thromboxane A2 synthase inhibitor,Target,Blood modifier agent DG01950  Antithrombotic agent DG01712  Antiplatelet agent,9,D01220;D08327;D01683;D01684;D03661;D03663;D04276;D05502;D05727,,
DG01517,Thromboxane A2 receptor antagonist,Target,Anti-allergic agent,10,D07140;D01123;D01128;D04500;D04501;D03642;D05727;D05970;D06280;D09774,,
DG01518,5-HT1B/1D-receptor agonist,Target,Analgesic,29,D07837;D02211;D07838;D07906;D00679;D02357;D00681;D00451;D00676;D08255;D00674;D00415;D08485;D00675;D05740;D02824;D02825;D07887;D01973;D11617;D07997;D04264;D07700;D07701;D03982;D03983;D02826;D03014;D04533,,
DG01519,Non-selective monoamine oxidase inhibitor,Target,Neuropsychiatric agent DG01568  MAO inhibitor,19,D02580;D07337;D08349;D00505;D08625;D00826;D02579;D08085;D07338;D08453;D02564;D00346;D01501;D02002;D09773;D01888;D03239;D03409;D04092,,
DG01520,Cinitapride,Chemical,Neuropsychiatric agent DG01483  5-HT1A-receptor agonist Analgesic DG01484  5-HT1B-receptor agonist DG01485  5-HT1D-receptor agonist DG01518  5-HT1B/1D-receptor agonist Gastrointestinal agent DG01763  Propulsive DG01762  Antiemetic DG01783  Benzamide type antiemetic,2,D07700;D07701,A03FA08,
DG01521,Azasetron,Chemical,Gastrointestinal agent DG01489  5-HT3-receptor antagonist DG01762  Antiemetic,2,D07481;D01613,,
DG01522,CYP3A4 inhibitor,Metabolism,Metabolizing enzyme inhibitor DG02852  CYP3A/CYP3A4 inhibitor,60,D00282;D00295;D03503;D10246;D08774;D10519;D10775;D02968;D10895;D06597;D09394;D08616;D09756;D11968;D11673;D11674;D00322;D01429;D01980;D03165;D00780;D00554;D07928;D01339;D01636;D01235;D05351;D01322;D00276;D07710;D00854;D00350;D02555;D03833;D00897;D02861;D08259;D00899;D02497;D02867;D03835;D03837;D07471;D01276;D03656;D06478;D09012;D10582;D10745;D00753;D00961;D00960;D00184;D05928;D04641;D07984;D00824;D08837;D00707;D09799,,
DG01523,Triazole antifungal,"Structure, Class",Antifungal,18,D00322;D01429;D00350;D00578;D02555;D10750;D11785;D10021;D02556;D10762;D00888;D02585;D02586;D03023;D05800;D06630;D09702;D12326,,
DG01524,Triazole antineoplastic,Structure,Antineoplastic,3,D00960;D00964;D03786,,
DG01525,CYP2A6 inhibitor,Metabolism,Metabolizing enzyme inhibitor,3,D00139;D00964;D00707,,
DG01526,Topoisomerase I inhibitor,Target,Antineoplastic DG01529  Topoisomerase inhibitor,17,D08618;D02168;D08086;D01061;D10642;D10367;D10422;D10427;D03225;D01432;D03954;D04031;D04822;D05385;D09327;D09679;D10464,L01CE,Antineoplastic
DG01527,Topoisomerase II inhibitor,Target,Antineoplastic DG01529  Topoisomerase inhibitor,31,D03899;D01275;D07776;D01264;D10787;D07901;D02214;D08062;D01747;D08224;D02166;D01885;D08386;D08854;D07100;D05522;D09654;D00125;D04107;D02698;D02321;D08024;D10090;D10091;D01404;D03602;D04498;D04685;D04791;D08871;D08981,,
DG01529,Topoisomerase inhibitor,Target,Antineoplastic,51,D08618;D02168;D08086;D01061;D10642;D10367;D10422;D10427;D03225;D01432;D03954;D04031;D04822;D05385;D09327;D09679;D10464;D03899;D01275;D07776;D01264;D10787;D07901;D02214;D08062;D01747;D08224;D02166;D01885;D08386;D08854;D07100;D05522;D09654;D00125;D04107;D02698;D02321;D08024;D10090;D10091;D01404;D03602;D04498;D04685;D04791;D08871;D08981;D02756;D01911;D03977,,
DG01530,Furazolium,Chemical,Antibacterial DG01553  5-Nitrofuran antibacterial,2,D04274;D04275,,
DG01531,Clonixin,Chemical,,2,D03555;D07728,,
DG01532,Nicotinic cholinergic receptor agonist,Target,Cardiovascular agent,1,D00999,,
DG01533,Flunixin,Chemical,,2,D04215;D04216,,
DG01534,Carbonic anhydrase inhibitor,"Target, Class",Cardiovascular agent,10,D00218;D01196;D00518;D07871;D00653;D00652;D00655;D01822;D02441;D03845,,
DG01535,Tiamenidine,Chemical,,2,D06125;D06126,,
DG01536,Fenproporex,Chemical,Gastrointestinal agent DG01705  Anoretic DG01704  Phenethylamine anorexic,2,D07947;D07948,,
DG01537,Phendimetrazine,Chemical,Neuropsychiatric agent DG03085  Selective norepinephrine reuptake inhibitor (NRI) Gastrointestinal agent DG01705  Anoretic DG01704  Phenethylamine anorexic,3,D08347;D02080;D08348,,
DG01538,Samidorphan,Chemical,Analgesic DG01586  Opioid receptor antagonist,2,D10162;D10163,,
DG01539,Zicronapine,Chemical,,2,D10329;D10495,,
DG01540,Plasmin inhibitor,Target,Blood modifier agent DG02016  Hemostatics DG02012  Antifibrinolytic,3,D00160;D01136;D07568,,
DG01541,Cysteinyl leukotriene receptor antagonist,Target,Anti-allergic agent,18,D00411;D08408;D02732;D08229;D00529;D01385;D02739;D02741;D02384;D02846;D02848;D02849;D02850;D02851;D04074;D05085;D06140;D06659,,
DG01542,Imipraminoxide,Chemical,Neuropsychiatric agent DG01728  Tricyclic antidepressant,2,D07334;D08072,,
DG01543,Epelsiban,Chemical,,2,D10117;D10118,,
DG01544,Olmesartan,Chemical,Cardiovascular agent DG01925  Renin-angiotensin system inhibitor DG01495  Angiotensin II receptor antagonist DG03231  Antihypertensive DG01495  Angiotensin II receptor antagonist Transporter substrate DG01665  ABCB1 substrate DG02861  ABCC2 substrate DG01913  ABCG2 substrate,2,D05246;D01204,,
DG01545,Resocortol,Chemical,Anti-inflammatory DG01955  Corticosteroid DG02068  Glucocorticoid,2,D08476;D05719,,
DG01546,Trimecaine,Chemical,Neuropsychiatric agent DG02030  Anesthetics DG01675  Local anesthetic DG01673  Amide type local anesthetic,2,D08640;D08641,,
DG01547,Fibrate,"Structure, Target",Hypolipidemic agent DG01946  Hypolipidemic agent DG01733  PPAR alpha agonist,23,D00279;D01208;D07724;D01366;D00334;D00565;D08890;D01212;D07186;D03521;D07187;D07188;D01300;D10711;D06102;D07529;D04411;D04736;D04737;D05102;D06133;D06209;D07723,,
DG01548,Fenofibrate,Chemical,Hypolipidemic agent DG01946  Hypolipidemic agent DG01733  PPAR alpha agonist DG01547  Fibrate Metabolizing enzyme substrate DG02924  UGT substrate,2,D00565;D08890,,
DG01549,Fluoroquinolone New quinolone,"Structure, Class",Antibacterial DG01550  Quinolone,69,D00453;D08291;D00186;D02216;D07702;D10822;D02306;D02307;D00310;D05461;D02469;D00210;D08287;D02318;D00873;D02541;D01716;D00590;D02474;D08496;D02178;D08120;D00588;D08654;D02123;D08237;D00874;D11618;D08012;D02471;D08011;D00589;D01144;D01153;D05382;D02540;D02475;D02317;D01996;D09330;D09331;D11933;D10772;D01147;D08872;D02473;D08156;D08299;D10575;D07562;D02470;D08506;D05802;D02902;D02903;D07774;D03646;D11101;D07828;D03810;D10435;D10544;D02463;D02539;D03118;D04485;D05605;D09782;D09840,J01MA,
DG01550,Quinolone,"Structure, Class",Antibacterial,82,D00453;D08291;D00186;D02216;D07702;D10822;D02306;D02307;D00310;D05461;D02469;D00210;D08287;D02318;D00873;D02541;D01716;D00590;D02474;D08496;D02178;D08120;D00588;D08654;D02123;D08237;D00874;D11618;D08012;D02471;D08011;D00589;D01144;D01153;D05382;D02540;D02475;D02317;D01996;D09330;D09331;D11933;D10772;D01147;D08872;D02473;D08156;D08299;D10575;D07562;D02470;D08506;D05802;D02902;D02903;D07774;D03646;D11101;D07828;D03810;D10435;D10544;D02463;D02539;D03118;D04485;D05605;D09782;D09840;D02305;D00183;D05110;D01431;D08379;D01531;D02301;D00872;D02302;D09544;D02303;D02467;D02468,J01M,
DG01551,Macrolide antibiotic,Structure,Antibacterial,58,D00140;D00851;D01361;D02009;D02184;D02523;D02524;D02525;D03098;D04054;D07909;D07910;D02186;D01710;D01322;D00276;D07710;D03865;D07242;D04725;D04896;D07486;D02134;D06390;D06258;D06598;D05908;D02420;D08527;D08528;D01339;D01636;D01235;D05351;D01897;D02000;D01614;D02269;D02492;D02493;D02490;D09809;D10033;D10032;D10034;D05757;D05758;D05760;D05759;D05761;D05153;D05713;D05717;D10492;D01078;D09394;D05811;D09642,J01FA,
DG01552,Hydantoin type nitrofuran,Structure,Antibacterial DG01553  5-Nitrofuran antibacterial,3,D00439;D07243;D07998,J01XE,
DG01553,5-Nitrofuran antibacterial,Structure,Antibacterial,22,D00439;D07243;D07998;D00862;D07111;D07251;D01050;D00830;D04274;D04275;D02510;D02511;D02513;D02514;D02538;D04714;D05159;D05160;D05161;D05162;D05164;D05167,,
DG01554,5-Nitrofuran antiprotozoal,Structure,Antiparasitic,8,D01050;D00830;D00833;D02507;D02515;D04714;D05165;D05166,,
DG01555,5-Nitrofuran antifungal,Structure,Antifungal,2,D01050;D05163,,
DG01556,Histamine receptor H3 antagonist,Target,Anti-allergic agent DG01557  Histamine receptor antagonist,4,D07522;D01592;D03102;D03518,,
DG01557,Histamine receptor antagonist,Target,Anti-allergic agent,143,D02363;D08099;D08587;D01801;D08183;D05660;D08184;D08645;D02091;D06246;D07195;D07679;D00494;D00480;D01242;D03290;D08432;D08768;D07853;D01343;D03535;D00666;D07197;D07492;D07493;D08355;D01174;D08091;D01143;D00300;D00669;D02419;D03285;D03360;D03854;D00520;D07198;D07684;D08117;D01717;D07483;D00659;D07458;D02950;D07459;D08293;D01192;D03166;D07862;D01172;D01627;D07617;D01336;D09808;D07878;D02327;D07543;D00663;D07803;D00668;D07398;D00665;D03475;D03704;D07125;D02245;D01324;D07547;D02089;D03621;D02090;D03622;D08163;D01317;D01773;D07662;D00664;D07402;D08118;D07765;D02234;D08353;D02148;D08648;D01782;D07482;D00662;D00234;D00521;D00364;D08161;D01786;D07404;D07790;D08105;D01332;D02760;D01478;D07406;D07900;D01713;D01117;D07958;D00671;D03693;D07407;D08497;D09570;D07890;D02249;D06552;D07854;D01902;D00270;D00789;D03274;D04034;D09819;D00454;D06623;D08456;D00458;D08054;D00672;D01096;D08297;D01477;D01295;D07734;D09705;D01654;D08041;D01460;D04494;D05196;D05742;D06021;D06063;D07860;D07522;D01592;D03102;D03518,,
DG01558,Monoamine oxidase A inhibitor,Target,Neuropsychiatric agent DG01568  MAO inhibitor,10,D02561;D02559;D05039;D05040;D08392;D08393;D02560;D02563;D02581;D03248,,
DG01559,5-HT4-receptor antagonist,Target,Gastrointestinal agent,2,D05471;D05941,,
DG01560,Sigma receptor agonist,Target,Neuropsychiatric agent,3,D08297;D01477;D04502,,
DG01562,kappa-Opioid receptor agonist,Target,Neuropsychiatric agent DG01564  Opioid receptor agonist,11,D06405;D11111;D10890;D07904;D01879;D04649;D05299;D05646;D05907;D06395;D11831,,
DG01563,mu-Opioid receptor agonist,Target,Neuropsychiatric agent DG01564  Opioid receptor agonist,66,D00320;D01399;D10811;D07122;D00835;D05938;D00845;D08473;D01177;D08233;D00842;D02271;D08234;D08047;D00839;D07831;D01481;D03825;D07832;D08323;D00844;D08343;D01383;D07809;D00482;D05632;D08597;D06147;D08623;D01355;D06007;D10199;D08195;D02102;D04716;D00840;D08121;D08122;D07286;D07810;D07861;D03860;D03809;D11583;D07929;D02205;D08045;D03725;D04461;D08046;D00195;D02101;D03579;D03580;D07740;D07557;D08123;D00841;D07620;D03405;D03156;D04764;D04973;D05048;D05217;D06268,,
DG01564,Opioid receptor agonist,Target,Neuropsychiatric agent,98,D00320;D01399;D10811;D07122;D00835;D05938;D00845;D08473;D01177;D08233;D00842;D02271;D08234;D08047;D00839;D07831;D01481;D03825;D07832;D08323;D00844;D08343;D01383;D07809;D00482;D05632;D08597;D06147;D08623;D01355;D06007;D10199;D08195;D02102;D04716;D00840;D08121;D08122;D07286;D07810;D07861;D03860;D03809;D11583;D07929;D02205;D08045;D03725;D04461;D08046;D00195;D02101;D03579;D03580;D07740;D07557;D08123;D00841;D07620;D03405;D03156;D04764;D04973;D05048;D05217;D06268;D06405;D11111;D10890;D07904;D01879;D04649;D05299;D05646;D05907;D06395;D11831;D05312;D00847;D02175;D03783;D05462;D00498;D02111;D02227;D03197;D00837;D08246;D00843;D08144;D00729;D07113;D10403;D03618;D05007;D05667;D07937;D10436,,
DG01565,GABA-B receptor agonist,Target,Neuropsychiatric agent,4,D00058;D00241;D09791;D08861,,
DG01566,Hedgehog signaling inhibitor SMO antagonist,Target,Antineoplastic,8,D09992;D10119;D10729;D10636;D11107;D10324;D10325;D10671,L01XJ,
DG01567,GABA-A receptor agonist,Target,Neuropsychiatric agent,78,D01071;D00714;D00549;D04257;D00700;D00506;D00701;D08356;D00280;D00058;D00293;D00267;D00693;D01292;D04882;D00365;D01245;D01253;D00470;D00225;D08283;D01354;D01293;D01514;D01328;D01268;D01254;D01316;D00376;D00499;D00500;D02253;D00555;D02252;D01740;D00430;D01310;D00329;D00695;D01408;D00531;D01230;D00311;D00387;D01657;D00370;D00550;D00696;D05028;D01744;D00457;D07326;D08145;D11788;D10194;D01593;D00532;D01372;D08690;D00706;D02624;D00557;D08481;D01564;D06106;D00713;D01278;D01279;D01286;D01758;D02616;D02833;D03155;D03737;D04282;D04721;D07784;D12449,,
DG01568,MAO inhibitor Monoamine oxidase inhibitors,Target,Neuropsychiatric agent,40,D03731;D00785;D08469;D02562;D10829;D10158;D10191;D04681;D01097;D03733;D05033;D02580;D07337;D08349;D00505;D08625;D00826;D02579;D08085;D07338;D08453;D02564;D00346;D01501;D02002;D09773;D01888;D03239;D03409;D04092;D02561;D02559;D05039;D05040;D08392;D08393;D02560;D02563;D02581;D03248,,
DG01569,AMPA receptor antagonist,Target,Neuropsychiatric agent DG03199  Antiepileptic agent,5,D00537;D08964;D10780;D06656;D09035,,
DG01571,Nicotinic cholinergic receptor partial agonist,Target,Neuropsychiatric agent,11,D08669;D06282;D09382;D09383;D02364;D02202;D08138;D09367;D09368;D08935;D08987,,
DG01572,Calcium channel N type blocker,Target,Cardiovascular agent DG01575  Calcium channel blocker,3,D01173;D06363;D08686,,
DG01573,Calcium channel T type blocker,Target,Cardiovascular agent DG01575  Calcium channel blocker,16,D08217;D05024;D00553;D01243;D00539;D00399;D00304;D00710;D08667;D00538;D02630;D07971;D01303;D07886;D01604;D01562,,
DG01574,Calcium channel alpha-2 delta blocker,Target,Neuropsychiatric agent,3,D00332;D09539;D02716,,
DG01575,Calcium channel blocker,Target,Cardiovascular agent,72,D07450;D00615;D02914;D11881;D00319;D00349;D08270;D00617;D00437;D00438;D00618;D00629;D04657;D01908;D08155;D01553;D07494;D01104;D01173;D07509;D02045;D08892;D02356;D00619;D08009;D01969;D07845;D00616;D03830;D07185;D07943;D07520;D00631;D08340;D05442;D02537;D03914;D00537;D01145;D01562;D07886;D01604;D03655;D09789;D06363;D08686;D08217;D05024;D00553;D01243;D00539;D00399;D00304;D00710;D08667;D00538;D02630;D07971;D01303;D08111;D01849;D04733;D02629;D07545;D01656;D01933;D02633;D03067;D03536;D04193;D04260;D06060,,
DG01576,Amphenicol type antibacterial,Structure,Antibacterial,13,D00104;D01072;D02185;D07674;D07675;D03461;D01407;D08582;D08583;D07411;D03452;D04194;D05687,J01BA,
DG01577,Pirlimycin,Chemical,Antibacterial DG01578  Lincosamide antibiotic,2,D08391;D05501,,
DG01578,Lincosamide antibiotic,Structure,Antibacterial,10,D00277;D01073;D01990;D02132;D10531;D00223;D02346;D08391;D05501;D05049,J01FF,
DG01579,Polypeptide antibiotic,Structure,Antibacterial,11,D08401;D01066;D07746;D02049;D02138;D00128;D03047;D03048;D02927;D09788;D10380,,
DG01580,Glycopeptide antibiotic,Structure,Antibacterial,9,D00212;D00926;D02142;D06057;D03640;D05271;D02782;D03016;D05696,,
DG01581,Trimethoprim antibacterial,Structure,Antibacterial,10,D00145;D06236;D08644;D11085;D07238;D08337;D08563;D05005;D05273;D06097,J01EA,
DG01583,ATP-sensitive potassium channel opener,Target,Cardiovascular agent,5,D01810;D00294;D00418;D05482;D02385,,
DG01584,Estrogen receptor agonist,Target,Hormonal agent,39,D00554;D07928;D00105;D01413;D01617;D01953;D04061;D04063;D04064;D04065;D07918;D07919;D00185;D01986;D01989;D07920;D07921;D00067;D00312;D00948;D07221;D04070;D05987;D00898;D00577;D00946;D07826;D01639;D07434;D01602;D06631;D09899;D00575;D00576;D04041;D04068;D04071;D05192;D05212,,
DG01585,Estrogen receptor antagonist,Target,Antineoplastic,21,D08559;D00966;D08620;D00967;D03911;D03912;D01853;D02758;D02993;D04496;D05106;D05192;D06084;D06245;D06551;D09380;D01161;D08910;D10876;D01265;D01602,,
DG01586,Opioid receptor antagonist,Target,Analgesic,28,D07132;D00836;D05113;D02095;D05111;D02104;D10812;D06618;D02878;D10479;D10375;D08249;D01340;D11620;D10403;D10188;D10478;D08247;D08248;D07904;D01879;D10162;D10163;D10371;D10648;D03618;D05667;D10349,,
DG01587,Opioid receptor agonist/antagonist,Target,Analgesic,10,D00838;D08182;D04924;D05111;D02104;D10812;D08639;D01500;D07863;D07864,,
DG01588,Somatostatin receptor agonist,Target,Hormonal agent,17,D07431;D00442;D02250;D05230;D06495;D11204;D04666;D06281;D09988;D10147;D10497;D10566;D06030;D12477;D12478;D01859;D03687,,
DG01589,Melatonin receptor agonist,Target,Neuropsychiatric agent,3,D08170;D02689;D09388,,
DG01590,Androgen receptor agonist,Target,Hormonal agent,52,D07456;D00444;D00389;D08193;D01301;D01375;D00490;D05674;D08409;D01616;D00462;D07127;D08250;D00955;D00956;D01476;D01737;D05116;D08251;D01414;D01149;D07536;D03145;D08196;D08197;D08627;D06211;D07731;D07732;D01533;D01461;D03144;D03146;D03147;D05204;D05925;D00327;D00408;D00075;D00957;D00958;D00959;D06085;D06086;D06087;D08573;D08574;D04947;D00289;D05025;D05174;D05837,,
DG01591,Androgen receptor antagonist,Target,Antineoplastic,22,D00586;D00965;D00961;D10218;D11040;D11045;D12303;D07766;D01368;D09701;D01329;D03079;D06191;D06357;D10125;D11451;D07670;D01299;D07783;D03675;D03515;D03551,,
DG01592,COMT substrate,Metabolism,Metabolizing enzyme substrate,14,D00095;D00996;D02149;D08090;D01390;D02066;D02150;D00076;D05206;D08284;D09794;D07870;D00633;D12494,,
DG01593,Acetylcholinesterase inhibitor,Target,Neuropsychiatric agent DG01595  Cholinesterase inhibitor,37,D02565;D08555;D02068;D07869;D00670;D03822;D02558;D04292;D02173;D09750;D08261;D00995;D00998;D00487;D01228;D01001;D08094;D02729;D08838;D00805;D00534;D02193;D00667;D00196;D02418;D03826;D00043;D00994;D09917;D09918;D12318;D12319;D03239;D03378;D03751;D03791;D06288,,
DG01594,Butyrylcholinesterase inhibitor,Target,Neuropsychiatric agent DG01595  Cholinesterase inhibitor,5,D03822;D02558;D08094;D02729;D00043,,
DG01595,Cholinesterase inhibitor,Target,Neuropsychiatric agent,37,D02565;D08555;D02068;D07869;D00670;D03822;D02558;D04292;D02173;D09750;D08261;D00995;D00998;D00487;D01228;D01001;D08094;D02729;D08838;D00805;D00534;D02193;D00667;D00196;D02418;D03826;D00043;D00994;D09917;D09918;D12318;D12319;D03239;D03378;D03751;D03791;D06288,,
DG01596,Aromatase inhibitor,Target,Antineoplastic,13,D00574;D07260;D00960;D00964;D03786;D00963;D07940;D02451;D03778;D03781;D03784;D00153;D03749,L02BG,
DG01597,mTOR inhibitor,Target,Antineoplastic,7,D06068;D02714;D08900;D00753;D06669;D10076;D11663,,
DG01598,Rifamycin antibiotic,Structure,Antibacterial DG01966  Antitubercular,11,D00211;D08479;D02549;D08480;D00424;D00879;D02554;D02550;D02551;D02552;D02553,,
DG01599,Medronic acid,Chemical,Musculo-skeletal system agent DG03232  Osteoporosis agent DG01600  Bisphosphonate,2,D04887;D04886,,
DG01600,Bisphosphonate,"Structure, Class",Musculo-skeletal system agent DG03232  Osteoporosis agent,29,D02373;D00314;D03545;D03544;D07720;D07281;D00941;D07119;D00939;D08599;D02285;D08056;D04486;D08484;D00942;D03234;D11570;D08689;D01968;D06378;D06379;D10515;D08073;D07123;D04887;D04886;D03188;D05497;D09198,M05BA,
DG01601,DPP-4 inhibitor,"Target, Class",Antidiabetic agent DG02044  Hypoglycemic agent,24,D08516;D06645;D12294;D07080;D08996;D09753;D10262;D06553;D09566;D10502;D11023;D08616;D09756;D11968;D08631;D09326;D09333;D09334;D10178;D10179;D06578;D09625;D09780;D10317,A10BH,
DG01602,Menadiol,Chemical,Blood modifier agent DG02016  Hemostatics DG02014  Blood coagulation accelerant DG01603  Vitamin K,3,D08175;D04908;D08176,,
DG01603,Vitamin K,Class,Blood modifier agent DG02016  Hemostatics DG02014  Blood coagulation accelerant,7,D00148;D02335;D08177;D00100;D08175;D04908;D08176,B02BA,
DG01604,Retinol derivative Retinoid,Structure,Vitamin and mineral,20,D06543;D00164;D01621;D08477;D01132;D00316;D02754;D00094;D01516;D01112;D00348;D04636;D05082;D11225;D02815;D03106;D03894;D05402;D04162;D06406,,
DG01605,Anabolic steroid,Class,Hormonal agent DG01590  Androgen receptor agonist,36,D07456;D00444;D00389;D08193;D01301;D01375;D00490;D05674;D08409;D01616;D00462;D07127;D08250;D00955;D00956;D01476;D01737;D05116;D08251;D01414;D01149;D07536;D03145;D08196;D08197;D08627;D06211;D07731;D07732;D01533;D01461;D03144;D03146;D03147;D05204;D05925,,
DG01606,Activated vitamin D3,Structure,Gastrointestinal agent DG01607  Vitamin D derivatives,9,D01518;D00129;D01125;D10198;D08554;D01472;D01098;D01662;D07578,,
DG01607,Vitamin D derivatives Vitamin D receptor agonist,Structure,Gastrointestinal agent,20,D01518;D00129;D01125;D10198;D08554;D01472;D01098;D01662;D07578;D00187;D00299;D00188;D00122;D00930;D01009;D00628;D03930;D08868;D09928;D09019,,
DG01608,Thyroid hormone replenisher,,Hormonal agent DG01953  Thyroid preparation,9,D07214;D08125;D01010;D11113;D08128;D01011;D08129;D06482;D01012,,
DG01609,Xanthine-type bronchodilator,"Structure, Class",Respiratory system agent DG01616  Xanthine derivative,21,D00691;D02017;D01771;D00371;D01712;D06103;D06104;D00227;D05429;D11630;D07378;D07923;D07491;D03051;D07062;D02884;D03898;D02985;D04006;D06012;D06291,,
DG01610,Xanthine-type cardiotonics,"Structure, Class",Cardiovascular agent DG01703  Cardiotonic Respiratory system agent DG01616  Xanthine derivative,3,D07151;D07155;D07933,,
DG01611,Prostaglandin E1 derivative,"Structure, Class",Hormonal agent DG01961  Prostaglandin derivative,10,D00419;D00180;D02705;D02073;D02722;D02860;D01869;D02723;D03187;D05732,,
DG01612,Xanthine-type central nervous system stimulant,Class,Respiratory system agent DG01616  Xanthine derivative,6,D07944;D04147;D00528;D01453;D07603;D01630,,
DG01613,Xantine-type antiparkinsonian agent,"Structure, Class",Neuropsychiatric agent DG01967  Antiparkinson agent,2,D04641;D02964,,
DG01614,Xanthine-type vasodilator,"Structure, Target, Class",Respiratory system agent DG01616  Xanthine derivative,6,D07174;D06334;D00501;D05125;D08989;D09684,,
DG01616,Xanthine derivative,Structure,Respiratory system agent,43,D07151;D07155;D07933;D07174;D06334;D00501;D05125;D08989;D09684;D07944;D04147;D00528;D01453;D07603;D01630;D00691;D02017;D01771;D00371;D01712;D06103;D06104;D00227;D05429;D11630;D07378;D07923;D07491;D03051;D07062;D02884;D03898;D02985;D04006;D06012;D06291;D07862;D01172;D01627;D00520;D03516;D04748;D08962,,
DG01617,Catecholamine synthesis inhibitors Catecholamine depletors,Target,Cardiovascular agent,9,D00197;D08205;D00405;D00762;D00073;D00558;D03082;D01653;D03787,,
DG01619,Estrogen receptor antagonist/modulator,Structure,Hormonal agent,31,D08465;D02217;D10606;D03062;D04672;D08958;D09834;D10008;D08559;D00966;D08620;D00967;D01281;D07726;D00962;D08301;D03911;D03912;D11671;D11672;D01853;D02758;D02993;D04496;D05106;D05192;D06084;D06245;D06551;D09380;D09037,,
DG01620,Tamoxifene-type antineoplastic,Class,Antineoplastic DG01585  Estrogen receptor antagonist,16,D08559;D00966;D08620;D00967;D03911;D03912;D01853;D02758;D02993;D04496;D05106;D05192;D06084;D06245;D06551;D09380,,
DG01621,Selective estrogen receptor modulator,Target,Hormonal agent DG01619  Estrogen receptor antagonist/modulator,8,D08465;D02217;D10606;D03062;D04672;D08958;D09834;D10008,,
DG01622,ABCB1 inhibitor,Metabolism,Transporter inhibitor,64,D10246;D08774;D10519;D10775;D10796;D10795;D02554;D09394;D09592;D09017;D09347;D09348;D02537;D03914;D01213;D00255;D03415;D02356;D00619;D00140;D00851;D01361;D02009;D02184;D02523;D02524;D02525;D03098;D04054;D07909;D07910;D09535;D00276;D07710;D07486;D02134;D06390;D00350;D04112;D09012;D10081;D10469;D10093;D10625;D10745;D10827;D11014;D10882;D10756;D10753;D09996;D09731;D10927;D06407;D00184;D09569;D04641;D10082;D00326;D00823;D10644;D10643;D10897;D12353,,
DG01623,Steroid-type antiandrogen,Structure,Antineoplastic DG01591  Androgen receptor antagonist,8,D07766;D01368;D09701;D01329;D03079;D06191;D06357;D10125,,
DG01624,Flutamide-type antiandrogen,Structure,Antineoplastic DG01591  Androgen receptor antagonist,7,D00586;D00965;D00961;D10218;D11040;D11045;D12303,,
DG01625,Alectinib,Chemical,Antineoplastic DG01918  Tyrosine kinase inhibitor DG03136  ALK inhibitor Metabolizing enzyme substrate DG01633  CYP3A/CYP3A4 substrate DG02913  CYP3A4 substrate,2,D10542;D10450,L01ED03,
DG01626,Acorafloxacin Avarofloxacin,Chemical,Antibacterial DG01550  Quinolone DG01549  Fluoroquinolone,2,D10435;D10544,,
DG01627,Batefenterol,Chemical,,2,D10545;D10546,,
DG01628,Cabotegravir,Chemical,Antiviral DG03107  Anti-HIV agent DG03135  HIV integrase inhibitor Metabolizing enzyme substrate DG02924  UGT substrate DG03183  UGT1A1 substrate DG03188  UGT1A9 substrate,2,D10548;D10549,J05AJ04,
DG01629,Adrenocorticotropic hormone (ACTH),Class,Hormonal agent,9,D00146;D03593;D06544;D00284;D02105;D07417;D05827;D09937;D09801,,
DG01630,beta-Estrogen receptor agonist,Target,Hormonal agent DG01584  Estrogen receptor agonist,2,D06631;D09899,,
DG01631,Trenbolone,Chemical,Hormonal agent DG01590  Androgen receptor agonist DG01605  Anabolic steroid,2,D08627;D06211,,
DG01632,Clostebol,Chemical,Hormonal agent DG01590  Androgen receptor agonist DG01605  Anabolic steroid,2,D07731;D07732,,
DG01633,CYP3A/CYP3A4 substrate,Metabolism,Metabolizing enzyme substrate,810,D00292;D00975;D01510;D01615;D01632;D01948;D02174;D02591;D02592;D07073;D07796;D07797;D07798;D07799;D07800;D07801;D07802;D01131;D00455;D01207;D05261;D05259;D05353;D02593;D00355;D08463;D00724;D07917;D01984;D04056;D09339;D10120;D11114;D08903;D11784;D10466;D09742;D10246;D08774;D10519;D10520;D10775;D10774;D01121;D07129;D02829;D01745;D07868;D01994;D08236;D00456;D00678;D04370;D00677;D07175;D05343;D10572;D02968;D10895;D06597;D10742;D08988;D10188;D10478;D11652;D11653;D02554;D08144;D00729;D07113;D00246;D00689;D11572;D07945;D04148;D11710;D00336;D10263;D08996;D09753;D10262;D08616;D09756;D11968;D00594;D09893;D09894;D07729;D00769;D10823;D10824;D01896;D09765;D09766;D09994;D10513;D10527;D00181;D07086;D03213;D10306;D10307;D09347;D09348;D11330;D00303;D00637;D00358;D02086;D08127;D08435;D00640;D02910;D00636;D03492;D01455;D07165;D08095;D12265;D08031;D00606;D07538;D01227;D10135;D01115;D10633;D01213;D07845;D00616;D03830;D00255;D03415;D07450;D00615;D02914;D11881;D00319;D08270;D00617;D00437;D00438;D00618;D00629;D01908;D08155;D01553;D07494;D01104;D01173;D07509;D02045;D02356;D00619;D07520;D00631;D09745;D09743;D10243;D07569;D10805;D03208;D06412;D00434;D00359;D07983;D00892;D07474;D00887;D02258;D11095;D07661;D00889;D09637;D09638;D10385;D08488;D00351;D02375;D02219;D09544;D00407;D00751;D00979;D05000;D05001;D05002;D07203;D08227;D00690;D03325;D07981;D01708;D06315;D00592;D08556;D00107;D09959;D09960;D00321;D00804;D00528;D01453;D07603;D08207;D00680;D07905;D01163;D03165;D00780;D00987;D02577;D04463;D09741;D03917;D00554;D07928;D00105;D01413;D01617;D01953;D04061;D04063;D04064;D04065;D07918;D07919;D00067;D00312;D00948;D04070;D05987;D00066;D01217;D03799;D09188;D09187;D00585;D00465;D00722;D08441;D01007;D00646;D01148;D08522;D01269;D03654;D01699;D07226;D08923;D09535;D06273;D08514;D02229;D02008;D08668;D02731;D03260;D09989;D03217;D07124;D01692;D01965;D11389;D03820;D12486;D03671;D11061;D11062;D03504;D03505;D01322;D00276;D07710;D00453;D08291;D11631;D11632;D00350;D00424;D09872;D09873;D09785;D00429;D01160;D03833;D00897;D02861;D08259;D00899;D00894;D02497;D02867;D03835;D03837;D03656;D06478;D12269;D00435;D00896;D04112;D10066;D10113;D09012;D10065;D10105;D10745;D10827;D10600;D10753;D06670;D04859;D07760;D00287;D00343;D08675;D01068;D08680;D01935;D07866;D02165;D08086;D01061;D10642;D06199;D04645;D08066;D01441;D03658;D06414;D08953;D06413;D12444;D03252;D09728;D11403;D11404;D07907;D04023;D10064;D10104;D11053;D09731;D10542;D10450;D10866;D09666;D10024;D10883;D10979;D06068;D02714;D00753;D08108;D04024;D10630;D11296;D11768;D03218;D09683;D10190;D10927;D11417;D08552;D06402;D06407;D10138;D10137;D05029;D10709;D10800;D10926;D11270;D11271;D10696;D10891;D11717;D11073;D11713;D03259;D10319;D10019;D08870;D08914;D11222;D11954;D12301;D08559;D00966;D08620;D00967;D01161;D10218;D11040;D00964;D00963;D09701;D00749;D09970;D09783;D11460;D11072;D10994;D10995;D11048;D11093;D00184;D09033;D08976;D00969;D11576;D00570;D11406;D00542;D00320;D01399;D10811;D03852;D07283;D10627;D07552;D01450;D08490;D04048;D08116;D01287;D02740;D05312;D00847;D02175;D03783;D05462;D07831;D01481;D03825;D07832;D08695;D07132;D00836;D09999;D11573;D08623;D01355;D00544;D07837;D02211;D07838;D07906;D00679;D07585;D08255;D00674;D02824;D02825;D07887;D01973;D11617;D10673;D10662;D10663;D11313;D00539;D00252;D00537;D05928;D07299;D10915;D11150;D04300;D03731;D00785;D10158;D10191;D04641;D00136;D01898;D08035;D01101;D02626;D04820;D00560;D02340;D00794;D08148;D00283;D08456;D00458;D00426;D01164;D10355;D10364;D10516;D02666;D09997;D09876;D10309;D08969;D00293;D01253;D08283;D01293;D01514;D01316;D00387;D00550;D00696;D05028;D01744;D00457;D01372;D08690;D00706;D00530;D02624;D09388;D11022;D08070;D00815;D08071;D07727;D00811;D07448;D00809;D07704;D00822;D07705;D02360;D00825;D07913;D02567;D08216;D01358;D08626;D00820;D00563;D11056;D08670;D00821;D12403;D07793;D02570;D11619;D09698;D09699;D10184;D10185;D12544;D01832;D03215;D07869;D00670;D04292;D02173;D07667;D00661;D08195;D02102;D04716;D00840;D08575;D10749;D11490;D10675;D10999;D08050;D02114;D08460;D01663;D02261;D02262;D05681;D08461;D11252;D00471;D00324;D04214;D01703;D08699;D05792;D00687;D08424;D02404;D05366;D09318;D09319;D11009;D09595;D10501;D10506;D10533;D10505;D08408;D02732;D08229;D00529;D05744;D07929;D02205;D08045;D03725;D04461;D08046;D00195;D02101;D03579;D03580;D07740;D12312;D04340;D04447;D04313;D12313;D07402;D08118;D00364;D01478;D07407;D08497;D07873;D01872;D07871;D00653;D10512;D08493;D06405;D00491;D05333;D08481;D01564;D08508;D01624;D11671;D11672;D01098;D01145;D01176;D01418;D01468;D01562;D01855;D04052;D04338;D04446;D04813;D08697;D09594;D10433;D10524;D10525;D10897;D08856;D11553;D11616;D11628;D11656;D11706;D11860;D12130;D12483;D10954;D12497;D07839;D02268;D10612;D10692;D11851;D11886;D00088;D00165;D00976;D00977;D00978;D01442;D01619;D01886;D02288;D04467;D06876;D09796;D00472;D11858;D00274;D02092;D07867;D00725;D10479;D10375;D05597;D09017;D00297;D02537;D03914;D05700;D05701;D09572;D07748;D01236;D08111;D01849;D00140;D00851;D01361;D02009;D02184;D02523;D02524;D02525;D03098;D04054;D07909;D07910;D10461;D12137;D01710;D01078;D00427;D07782;D00895;D09720;D09958;D10624;D10081;D10469;D10093;D10625;D11565;D10639;D10582;D10882;D11521;D10571;D10756;D02498;D10835;D10836;D11282;D11396;D10564;D10734;D10707;D10708;D12161;D12162;D08679;D02197;D06304;D01769;D09755;D10452;D09950;D09951;D10766;D12001;D11969;D10551;D11012;D10688;D11141;D12442;D10223;D10893;D11720;D11422;D10560;D10867;D10797;D10798;D09919;D09920;D09955;D09956;D11137;D11138;D10761;D06637;D10119;D10729;D09730;D12055;D03844;D02347;D02274;D00538;D08964;D10780;D00225;D02615;D00311;D10082;D04895;D00831;D02484;D07803;D00668;D00234;D00521;D11700;D09881;D10711;D10892;D10964;D11776;D11966;D12353;D09987;D10644;D10643;D03584;D01697;D01425;D05152,,
DG01634,CYP1A2 inhibitor,Metabolism,Metabolizing enzyme inhibitor,33,D00318;D08594;D01028;D08217;D05024;D00186;D02216;D07702;D10822;D00310;D05461;D00210;D08287;D01153;D05382;D08379;D01531;D09996;D00960;D02748;D00224;D07564;D05928;D07984;D00824;D00131;D08368;D01224;D05466;D02312;D10537;D00707;D03669,,
DG01635,CYP3A4 inducer,Metabolism,Metabolizing enzyme inducer DG02853  CYP3A/CYP3A4 inducer,45,D00292;D00975;D01510;D01615;D01632;D01948;D02174;D02591;D02592;D07073;D07796;D07797;D07798;D07799;D07800;D07801;D07802;D02968;D10895;D06597;D02554;D10003;D07538;D01227;D00211;D08479;D00879;D00896;D04112;D10093;D10882;D09996;D10064;D10104;D11040;D07993;D02096;D07595;D00252;D09215;D09612;D01832;D08195;D02102;D03669,,
DG01636,Insulin preparation,Class,Antidiabetic agent,21,D03230;D04541;D04542;D04543;D04547;D04550;D04551;D05622;D08080;D04477;D04475;D04540;D03250;D04539;D09727;D10473;D12358;D00085;D10570;D11034;D11567,,
DG01637,CYP1A2 inducer,Metabolism,Metabolizing enzyme inducer,21,D03230;D04477;D04475;D04540;D03250;D04539;D05077;D02087;D00427;D00506;D00701;D08356;D01832;D03365;D05156;D05157;D04547;D04549;D04550;D04551;D08080,,
DG01638,CYP2A6 substrate,Metabolism,Metabolizing enzyme substrate,28,D00409;D05016;D05017;D08214;D07760;D00287;D01244;D08870;D00964;D11573;D11150;D03731;D00785;D00514;D01205;D10184;D10185;D12544;D00525;D02200;D05478;D08376;D03365;D05156;D05157;D10512;D11671;D11672,,
DG01639,CYP2C19 substrate,Metabolism,Metabolizing enzyme substrate,123,D00455;D01207;D05261;D05259;D05353;D02593;D00355;D08463;D00724;D07917;D01984;D04056;D09339;D10120;D11114;D08903;D11784;D10466;D09742;D10246;D08774;D10519;D10520;D10775;D10774;D11858;D07945;D04148;D07729;D00769;D10823;D10824;D01896;D10513;D10527;D11330;D12265;D08443;D00483;D01173;D02375;D02219;D07875;D00814;D11400;D02577;D04463;D00066;D08259;D00899;D04112;D09666;D10024;D08108;D04024;D10630;D11296;D11954;D09970;D09783;D01583;D11576;D00768;D07283;D10627;D00700;D00512;D02103;D00375;D07993;D02096;D07595;D03844;D07583;D05928;D07299;D08879;D10915;D11150;D04300;D05768;D00293;D01253;D08283;D00514;D01205;D10082;D08070;D00815;D08071;D07727;D00811;D07448;D00809;D02360;D00825;D07913;D02567;D02561;D09698;D09699;D10184;D10185;D12544;D08195;D02102;D08428;D02487;D02472;D08045;D03725;D04461;D08046;D07871;D00653;D08493;D08508;D01624;D11587;D11616;D11706;D10525;D11586,,
DG01640,CYP2C8 inducer,Metabolism,Metabolizing enzyme inducer,1,D00879,,
DG01641,CYP2C8 inhibitor,Metabolism,Metabolizing enzyme inhibitor,15,D07729;D00769;D10823;D10824;D10513;D00334;D01980;D00145;D06236;D08644;D11085;D00285;D10753;D09537;D03669,,
DG01642,CYP2C9 substrate,Metabolism,Metabolizing enzyme substrate,134,D07129;D02829;D10572;D07945;D04148;D00336;D00593;D09848;D01111;D08682;D00564;D01280;D11330;D10306;D10307;D00126;D01122;D04490;D06606;D08058;D08059;D09760;D12265;D07538;D01227;D00382;D08619;D00255;D03415;D07520;D00631;D08146;D00357;D00400;D00523;D00522;D00626;D07895;D10480;D07983;D00892;D01862;D10568;D11092;D02375;D02219;D07875;D00814;D11400;D09959;D09960;D07816;D00903;D00904;D07817;D07818;D07819;D04463;D08514;D02229;D04112;D07760;D00287;D01223;D09666;D10024;D10927;D08870;D00567;D11460;D11072;D01583;D00127;D05511;D05512;D05513;D01767;D01866;D00969;D00452;D00330;D01475;D02290;D10254;D11576;D00151;D01056;D09921;D09922;D07283;D10627;D08255;D00674;D10662;D10663;D00512;D02103;D07993;D02096;D07595;D03844;D07583;D07299;D01514;D00457;D08690;D00706;D00326;D00823;D02360;D00825;D10184;D10185;D12544;D08195;D02102;D10145;D10020;D08229;D00529;D07871;D00653;D10512;D08493;D08508;D01624;D11671;D11672;D01397;D02027;D08864;D10711;D10746;D01718,,
DG01643,CYP2C9 inhibitor,Metabolism,Metabolizing enzyme inhibitor,30,D00416;D00882;D00409;D05016;D05017;D08214;D09394;D07983;D00892;D00322;D01429;D01092;D00285;D04112;D09996;D00960;D00749;D00510;D08363;D08364;D01056;D05928;D10293;D00781;D07984;D00824;D01832;D02312;D10537;D00707,,
DG01644,CYP2D6 substrate,Metabolism,Metabolizing enzyme substrate,273,D01131;D11784;D10466;D10775;D10774;D00726;D02213;D05008;D00456;D00678;D07867;D00725;D07175;D05343;D10572;D07945;D04148;D07805;D03713;D08351;D08352;D09893;D09894;D01896;D01041;D02239;D00199;D08215;D00639;D02969;D01326;D08435;D00640;D07962;D00638;D07894;D03991;D03492;D01455;D01333;D08662;D03664;D07156;D01182;D00513;D08443;D00483;D08600;D00378;D00603;D07624;D00599;D07537;D01794;D02358;D00601;D00635;D05011;D00235;D05127;D06622;D00255;D03415;D10273;D07520;D00631;D08340;D05442;D00494;D00480;D01242;D03290;D08432;D08768;D07875;D00814;D00646;D01148;D03654;D01699;D07226;D08923;D11389;D12137;D11061;D11062;D01078;D09785;D00427;D00435;D10756;D08559;D00966;D10994;D10995;D11048;D11817;D01583;D05312;D00847;D02175;D03783;D05462;D07831;D01481;D03825;D07832;D08695;D09999;D08623;D01355;D08255;D00674;D02824;D02825;D04300;D03731;D00785;D00270;D00789;D03274;D04034;D09819;D07977;D00791;D00792;D00793;D02163;D00503;D02037;D04038;D04965;D08341;D08342;D00136;D01898;D08035;D03556;D08691;D08692;D08693;D00560;D02340;D00794;D08148;D00454;D06623;D00426;D01164;D10355;D10364;D10516;D02666;D09997;D09876;D10309;D08969;D02615;D00514;D01205;D08070;D00815;D08071;D07727;D00811;D07448;D00809;D08288;D00816;D07872;D01546;D00228;D02566;D00818;D00326;D00823;D07704;D00822;D07705;D02362;D02260;D05374;D05375;D07984;D00824;D07913;D02567;D08216;D01358;D08626;D00820;D05039;D05040;D08673;D02572;D00563;D11056;D08670;D00821;D12403;D07880;D01179;D09698;D09699;D10184;D10185;D12544;D07445;D02074;D03740;D02078;D08187;D02242;D07473;D02574;D07869;D00670;D04292;D02173;D07667;D00661;D08195;D02102;D01295;D07734;D07971;D01303;D08575;D10749;D11490;D10675;D10999;D12493;D10533;D08045;D03725;D04461;D08046;D00195;D02101;D03579;D03580;D07740;D03742;D00848;D03744;D12312;D04340;D07803;D00668;D04313;D12313;D01324;D00364;D10512;D08493;D09881;D08466;D02016;D10180;D10181;D10178;D10179;D08508;D01624;D01444;D04338;D08697;D11628;D11860;D10612;D10692;D11851,,
DG01645,CYP2D6 inhibitor,Metabolism,Metabolizing enzyme inhibitor,78,D00295;D03503;D00422;D00673;D05699;D00726;D02213;D05008;D10742;D08988;D08616;D09756;D11968;D08594;D01028;D11673;D11674;D02537;D03914;D08220;D01307;D05700;D05701;D08044;D01302;D04458;D08217;D05024;D07520;D00631;D02375;D02219;D08645;D02091;D06246;D03535;D00666;D09535;D03504;D03505;D01078;D10093;D10756;D10753;D09883;D10514;D10319;D10019;D00567;D02748;D05928;D00270;D00789;D03274;D04034;D09819;D11769;D02995;D00326;D00823;D02362;D02260;D05374;D05375;D07984;D00824;D07913;D02567;D02561;D07880;D01179;D08033;D02485;D08837;D07803;D00668;D00707;D09881,,
DG01646,Proton pump inhibitor (PPI),Target,Gastrointestinal agent DG01975  Agents for peptic ulcer,25,D00455;D01207;D05261;D05259;D05353;D02593;D00355;D08463;D00724;D07917;D01984;D04056;D09339;D10120;D11114;D08903;D11784;D10466;D12246;D01920;D05722;D05900;D05901;D05906;D09837,A02BC,Benzimidazole derivative
DG01647,HIV protease inhibitor,Target,Antiviral DG03107  Anti-HIV agent,26,D00429;D01160;D03833;D00897;D02861;D00427;D08259;D00899;D00894;D02497;D02867;D03835;D03837;D07471;D01276;D08605;D03843;D03656;D06478;D02498;D01425;D03253;D03839;D03840;D03842;D05538,J05AE,
DG01648,Class III antiarrhythmic agent,Class,Cardiovascular agent DG01653  Antiarrhythmics,18,D02910;D00636;D00645;D07428;D00647;D08060;D00648;D06652;D06653;D02537;D03914;D06665;D08525;D01026;D01856;D02746;D03037;D04955,C01BD,
DG01649,Class Ia antiarrhythmic agent,Class,Cardiovascular agent DG01653  Antiarrhythmics DG01652  Class I antiarrhythmic agent,20,D08458;D00642;D00643;D02272;D08459;D08421;D00477;D00303;D00637;D01041;D02239;D00199;D04774;D08048;D08049;D03492;D01455;D08394;D01785;D06517,C01BA,
DG01650,Class Ic antiarrhythmic agent,Class,Cardiovascular agent DG01653  Antiarrhythmics DG01652  Class I antiarrhythmic agent,11,D08435;D00640;D07962;D00638;D08020;D04778;D07894;D03991;D10503;D08377;D01554,C01BC,
DG01651,Class Ib antiarrhythmic agent,Class,Cardiovascular agent DG01653  Antiarrhythmics DG01652  Class I antiarrhythmic agent,9,D00358;D02086;D08127;D08215;D00639;D06172;D02088;D02969;D01326,C01BB,
DG01652,Class I antiarrhythmic agent,Class,Cardiovascular agent DG01653  Antiarrhythmics,40,D08458;D00642;D00643;D02272;D08459;D08421;D00477;D00303;D00637;D01041;D02239;D00199;D04774;D08048;D08049;D03492;D01455;D08394;D01785;D06517;D00358;D02086;D08127;D08215;D00639;D06172;D02088;D02969;D01326;D08435;D00640;D07962;D00638;D08020;D04778;D07894;D03991;D10503;D08377;D01554,,
DG01653,Antiarrhythmics,Class,Cardiovascular agent,120,D08458;D00642;D00643;D02272;D08459;D08421;D00477;D00303;D00637;D01041;D02239;D00199;D04774;D08048;D08049;D03492;D01455;D08394;D01785;D06517;D00358;D02086;D08127;D08215;D00639;D06172;D02088;D02969;D01326;D08435;D00640;D07962;D00638;D08020;D04778;D07894;D03991;D10503;D08377;D01554;D02910;D00636;D00645;D07428;D00647;D08060;D00648;D06652;D06653;D02537;D03914;D06665;D08525;D01026;D01856;D02746;D03037;D04955;D07156;D01182;D08318;D01806;D00513;D08443;D00483;D00432;D07624;D00599;D07182;D08572;D08074;D00602;D07183;D05587;D02358;D00601;D00635;D05011;D00235;D02338;D00597;D02342;D00634;D07916;D00644;D06646;D07184;D12410;D01847;D01504;D07465;D01830;D08078;D01958;D01492;D02389;D03729;D03759;D04190;D06162;D06176;D02356;D00619;D08009;D01969;D07185;D07943;D07520;D00631;D06129;D00298;D01240;D09847;D02587;D05077;D02087;D07845;D00616;D03830;D03732,,
DG01656,HIV reverse transcriptase inhibitor,"Target, Class",Antiviral DG03107  Anti-HIV agent,33,D00413;D00296;D00412;D00445;D00353;D07057;D00891;D02734;D06074;D01982;D10834;D11391;D10428;D10605;D01199;D00435;D07782;D00895;D00896;D04112;D09720;D09958;D10624;D11246;D01055;D02890;D03981;D04786;D06580;D03001;D03371;D09634;D09906,,
DG01657,Nitrovasodilator,Structure,Cardiovascular agent,11,D00515;D01721;D05627;D00516;D00630;D01756;D04051;D01810;D00517;D03553;D05430,,
DG01658,Serotonin and norepinephrine reuptake inhibitor (SNRI),"Target, Class",Neuropsychiatric agent,10,D08670;D00821;D12403;D08222;D01107;D07880;D01179;D07793;D02570;D11619,,
DG01659,Selective serotonin reuptake inhibitor (SSRI),"Target, Class",Neuropsychiatric agent,20,D06367;D00326;D00823;D07704;D00822;D07705;D02362;D02260;D05374;D05375;D02360;D00825;D02787;D07984;D00824;D04105;D07913;D02567;D03649;D05491,,
DG01660,HMG-CoA reductase inhibitor,Target,Hypolipidemic agent DG01946  Hypolipidemic agent,20,D00434;D00359;D08410;D00893;D07983;D00892;D07474;D00887;D02258;D11095;D07661;D00889;D08492;D01915;D01862;D10568;D11092;D03601;D03643;D03816,C10AA,
DG01661,Parathyroid hormone and analog,Class,Hormonal agent,8,D06078;D03358;D06546;D05364;D10885;D11563;D05821;D12395,H05AA,
DG01662,Factor Xa inhibitor,"Target, Class",Blood modifier agent DG01950  Antithrombotic agent,16,D07086;D03213;D09710;D09546;D11568;D08873;D01844;D11029;D04029;D04183;D06142;D08858;D08913;D09817;D09923;D10471,,
DG01663,alpha-Glucosidase inhibitor,Target,Antidiabetic agent DG02044  Hypoglycemic agent,7,D00216;D00625;D01665;D03342;D09779;D09605;D09606,A10BF,
DG01664,Tissue plasminogen activator (t-PA),Structure,Blood modifier agent DG01950  Antithrombotic agent DG01707  Fibrinolytic,12,D02837;D02947;D05721;D06070;D05412;D05410;D08256;D03695;D04665;D09814;D09823;D08609,,
DG01665,ABCB1 substrate,Metabolism,Transporter substrate,117,D11716;D02554;D08144;D00729;D07113;D10264;D10588;D09592;D10459;D09893;D09894;D09017;D09707;D07144;D07082;D07086;D03213;D09710;D09546;D11568;D11673;D11674;D00297;D00298;D09847;D02587;D05700;D05701;D09572;D01213;D02356;D00619;D05246;D01204;D03208;D06412;D07474;D00887;D02258;D11095;D00804;D03671;D07486;D02134;D06390;D02555;D00429;D01160;D10428;D10605;D10081;D10469;D10093;D10065;D10105;D10366;D10625;D11565;D10639;D10578;D10582;D10745;D10827;D11014;D10882;D10835;D10836;D12161;D12162;D08618;D02168;D08953;D06413;D12444;D09724;D09733;D02714;D00753;D08108;D04024;D10927;D10138;D10137;D09919;D09920;D10481;D10396;D10709;D10800;D11444;D11485;D10888;D10308;D00570;D10915;D07704;D00822;D07705;D08195;D02102;D08460;D01663;D02261;D02262;D05681;D08461;D09318;D09319;D11009;D10505;D07662;D00664;D10433;D10897;D10734;D10707;D10708,,
DG01666,Progesterone receptor agonist,Target,Hormonal agent,37,D00182;D00953;D08285;D01580;D00950;D05679;D08167;D00952;D08166;D00951;D07220;D04104;D02367;D01159;D08052;D00949;D08053;D00066;D01217;D04885;D07222;D08281;D07223;D07670;D01299;D08431;D03799;D01374;D07939;D01294;D00289;D00954;D02840;D04316;D05003;D05209;D08429,,
DG01667,Progesterone receptor antagonist,Target,Hormonal agent,5,D00585;D07096;D09571;D09972;D10016,,
DG01669,Daclatasvir,Chemical,Antiviral DG03198  Anti-HCV agent DG01999  HCV NS5A inhibitor Metabolizing enzyme substrate DG01633  CYP3A/CYP3A4 substrate DG02913  CYP3A4 substrate Metabolizing enzyme inhibitor DG02852  CYP3A/CYP3A4 inhibitor DG02887  UGT1A1 inhibitor Transporter substrate DG01665  ABCB1 substrate,2,D10065;D10105,J05AP07,
DG01670,Cabozantinib,Chemical,Antineoplastic DG01918  Tyrosine kinase inhibitor DG01917  Receptor tyrosine kinase inhibitor,2,D10062;D10095,L01EX07,
DG01671,Trimethobenzamide,Chemical,Gastrointestinal agent DG01762  Antiemetic DG01783  Benzamide type antiemetic,2,D08643;D02733,R06AA10,
DG01673,Amide type local anesthetic,Structure,Neuropsychiatric agent DG02030  Anesthetics DG01675  Local anesthetic,28,D07552;D01450;D00358;D02086;D08127;D08181;D00738;D00553;D01243;D07284;D00733;D02220;D04095;D00737;D07468;D02991;D08490;D04048;D08116;D01287;D01152;D08311;D08640;D08641;D01878;D03719;D05665;D05743,,
DG01674,Esterified local anesthetic,Structure,Neuropsychiatric agent DG02030  Anesthetics DG01675  Local anesthetic,12,D08422;D00740;D00551;D00741;D07678;D00732;D00110;D02182;D02456;D00552;D02906;D02907,,
DG01675,Local anesthetic,Class,Neuropsychiatric agent DG02030  Anesthetics,51,D08422;D00740;D00551;D00741;D07678;D00732;D00110;D02182;D02456;D00552;D02906;D02907;D07552;D01450;D00358;D02086;D08127;D08181;D00738;D00553;D01243;D07284;D00733;D02220;D04095;D00737;D07468;D02991;D08490;D04048;D08116;D01287;D01152;D08311;D08640;D08641;D01878;D03719;D05665;D05743;D04088;D07881;D00735;D00033;D06534;D00250;D08319;D01768;D08448;D02098;D01967,,
DG01676,Aldosterone antagonist Spironolactone derivative,"Structure, Target",Cardiovascular agent DG03231  Antihypertensive,9,D00443;D01943;D03363;D01115;D03917;D03792;D05020;D05640;D05912,,
DG01677,Alkylating agent,Class,Antineoplastic,58,D07760;D00287;D00343;D07252;D09364;D10373;D03351;D05441;D00266;D00369;D08173;D07671;D04872;D05602;D07501;D07085;D11661;D06265;D04066;D02398;D06397;D01493;D05910;D00248;D07253;D07071;D01497;D05487;D00583;D03036;D03090;D05018;D06266;D07254;D01270;D02965;D03774;D00254;D00363;D05822;D05932;D07255;D08276;D01059;D01760;D05417;D07256;D02999;D04027;D06080;D06625;D10623;D02020;D00467;D06067;D00288;D07772;D08939,,
DG01678,Nitrogen mustard analog,Structure,Antineoplastic DG01677  Alkylating agent,23,D07760;D00287;D00343;D07252;D09364;D10373;D03351;D05441;D00266;D00369;D08173;D07671;D04872;D05602;D07501;D07085;D11661;D06265;D04066;D02398;D06397;D01493;D05910,,
DG01679,Platinum compound,Structure,Antineoplastic,15,D00275;D01363;D01790;D05807;D01416;D06294;D03723;D04001;D04609;D05272;D05911;D06361;D08968;D09816;D12159,L01XA,
DG01680,Aluminum compounds antacid,Structure,Gastrointestinal agent DG01975  Agents for peptic ulcer DG01954  Antacid,8,D02416;D02807;D02862;D03827;D02012;D03236;D03237;D04393,,
DG01681,Fasiglifam,Chemical,,2,D10336;D10567,,
DG01682,Anthracycline antineoplastic,"Structure, Class",Antineoplastic,24,D03899;D01275;D07776;D01264;D10787;D07901;D02214;D02756;D01911;D06386;D08062;D01747;D01885;D08386;D02697;D08854;D07100;D05522;D09654;D10383;D10384;D03414;D04067;D08871,L01DB,
DG01683,Thiazolidinedione Thiazolidinedione type PPAR agonist,"Structure, Target",Antidiabetic agent DG01685  Insulin sensitizer DG01795  PPAR gamma agonist DG02044  Hypoglycemic agent,14,D00395;D08491;D00596;D08378;D00945;D11923;D03493;D03653;D03941;D03996;D05150;D05739;D11603;D11604,A10BG,Insulin sensitizer
DG01684,Biguanide antidiabetic,"Structure, Class",Antidiabetic agent DG01685  Insulin sensitizer DG02044  Hypoglycemic agent,7,D08351;D08352;D04966;D00944;D00595;D02206;D04103,A10BA,Insulin sensitizer
DG01685,Insulin sensitizer,Class,Antidiabetic agent,32,D08351;D08352;D04966;D00944;D00595;D02206;D04103;D00395;D08491;D00596;D08378;D00945;D11923;D03493;D03653;D03941;D03996;D05150;D05739;D11603;D11604;D12484;D01274;D01971;D04132;D05091;D05397;D06647;D08845;D08949;D09350;D09579,,
DG01686,Inactivated vaccine,,Vaccine,26,D03530;D05445;D08776;D10213;D10455;D12205;D12207;D10601;D05256;D12206;D05313;D04536;D05182;D10215;D09725;D04432;D05324;D06475;D08778;D10192;D10212;D05248;D05356;D05543;D10214;D05330,,
DG01687,Live vaccine,,Vaccine,8,D04866;D08804;D05089;D06512;D08777;D06347;D03063;D06466,,
DG01690,Sulfonamide diuretic,Structure,Cardiovascular agent,43,D00650;D00654;D00340;D00519;D03471;D00657;D00658;D02061;D00656;D01256;D07172;D00651;D01241;D01246;D01247;D02453;D02838;D03189;D04033;D04976;D00461;D02460;D00272;D01877;D01822;D00431;D01605;D06341;D00345;D06401;D01436;D04161;D07955;D01895;D00331;D07999;D08001;D00382;D08619;D01323;D00247;D01634;D02478,,
DG01691,Iron chelator,Structure,Vitamin and mineral DG01692  Chelator,8,D03670;D01186;D07780;D07416;D03669;D10388;D10389;D08899,,
DG01692,Chelator,Structure,Vitamin and mineral,26,D03670;D01186;D07780;D07416;D03669;D10388;D10389;D08899;D00736;D11649;D12485;D09681;D11915;D00496;D08330;D00052;D00571;D01802;D03943;D03944;D03945;D03946;D03947;D07934;D07935;D05419,,
DG01694,Iron preparation,Structure,Blood modifier agent,20,D08016;D01194;D02394;D08015;D01725;D04172;D03275;D04616;D07145;D07424;D04945;D10833;D09993;D10705;D04946;D11808;D03295;D04615;D09858;D09859,,Anti-anemic
DG01695,Ganglion-blocking antiadrenergic,Class,Cardiovascular agent,2,D00612;D00611,,
DG01696,Peripherally-acting muscle relaxant,Class,Musculo-skeletal system agent DG02029  Muscle relaxant,21,D01215;D02207;D08655;D00492;D02292;D00767;D00758;D04435;D00764;D00760;D00765;D00763;D00759;D00783;D02735;D11405;D02204;D05703;D08553;D00766;D02275,,
DG01697,Digitalis cardiac glycoside,,Cardiovascular agent DG01703  Cardiotonic DG01698  Cardiac glycoside,12,D06881;D07555;D03819;D00297;D00298;D01972;D01240;D09847;D02587;D07147;D07556;D02763,C01AA,
DG01698,Cardiac glycoside,Class,Cardiovascular agent DG01703  Cardiotonic,14,D06881;D07555;D03819;D00297;D00298;D01972;D01240;D09847;D02587;D07147;D07556;D02763;D01379;D00112,,
DG01699,Catecholamine cardiotonic,Structure,Cardiovascular agent DG01703  Cardiotonic,29,D08090;D01390;D02066;D02150;D00076;D05206;D08284;D09794;D07870;D00633;D03879;D00632;D03880;D03881;D07149;D03891;D03892;D04488;D08057;D00178;D02976;D07155;D00095;D00996;D02149;D01903;D02614;D03195;D04708,,
DG01700,Nasaruplase,Chemical,Blood modifier agent DG01950  Antithrombotic agent DG01707  Fibrinolytic DG01701  Urokinase-type plasminogen activator,2,D03324;D05123,,
DG01701,Urokinase-type plasminogen activator,Structure,Blood modifier agent DG01950  Antithrombotic agent DG01707  Fibrinolytic,5,D03341;D06270;D09206;D03324;D05123,,
DG01702,Phenethylamine cardiotonic,Structure,Cardiovascular agent DG01703  Cardiotonic,29,D07931;D01573;D08286;D01405;D08365;D00511;D08366;D08966;D07148;D08308;D08309;D08192;D01019;D08201;D01020;D08180;D01018;D05606;D07150;D08220;D01307;D00178;D07151;D00124;D01386;D04018;D02901;D03485;D08315,,
DG01703,Cardiotonic,,Cardiovascular agent,96,D06881;D07555;D03819;D00297;D00298;D01972;D01240;D09847;D02587;D07147;D07556;D02763;D01379;D00112;D07931;D01573;D08286;D01405;D08365;D00511;D08366;D08966;D07148;D08308;D08309;D08192;D01019;D08201;D01020;D08180;D01018;D05606;D07150;D08220;D01307;D00178;D07151;D00124;D01386;D04018;D02901;D03485;D08315;D08090;D01390;D02066;D02150;D00076;D05206;D08284;D09794;D07870;D00633;D03879;D00632;D03880;D03881;D07149;D03891;D03892;D04488;D08057;D02976;D07155;D00095;D00996;D02149;D01903;D02614;D03195;D04708;D07933;D00231;D02084;D00417;D02085;D08294;D02042;D01198;D01690;D03072;D04884;D05403;D04720;D01133;D03075;D04508;D04529;D05612;D01304;D04004;D07546;D01238;D06328;D06329;D01697,,
DG01704,Phenethylamine anorexic,Structure,Gastrointestinal agent DG01705  Anoretic,32,D05458;D05459;D07945;D04148;D07444;D03801;D07805;D03713;D07114;D07627;D07628;D07115;D07891;D04893;D08513;D02571;D07192;D07508;D08347;D02080;D08348;D07947;D07948;D07514;D07515;D02702;D02926;D03476;D03566;D04205;D04704;D05454,,
DG01705,Anoretic,,Gastrointestinal agent,43,D05458;D05459;D07945;D04148;D07444;D03801;D07805;D03713;D07114;D07627;D07628;D07115;D07891;D04893;D08513;D02571;D07192;D07508;D08347;D02080;D08348;D07947;D07948;D07514;D07515;D02702;D02926;D03476;D03566;D04205;D04704;D05454;D05731;D09362;D09363;D09009;D09349;D10314;D00367;D02909;D03552;D04150;D04210,,
DG01707,Fibrinolytic,Class,Blood modifier agent DG01950  Antithrombotic agent,23,D02837;D02947;D05721;D06070;D05412;D05410;D08256;D03695;D04665;D09814;D09823;D08609;D03341;D06270;D09206;D03324;D05123;D06879;D07422;D03157;D02938;D03918;D06142,,
DG01708,Coumarin anticoagulant Vitamin K antagonist,"Structure, Class",Blood modifier agent DG01950  Antithrombotic agent,19,D03798;D05457;D07064;D07131;D07137;D09807;D08682;D00564;D01280;D09676;D09677;D08354;D07135;D07136;D07969;D03164;D07457;D07139;D07736,,
DG01709,Heparin anticoagulant,Structure,Blood modifier agent DG01950  Antithrombotic agent,15,D07510;D02112;D04427;D03674;D04977;D02980;D03337;D03353;D03673;D06398;D06571;D03644;D08547;D04799;D08536,,
DG01710,beta-Lactam antibiotic,Structure,Antibacterial,264,D00204;D01251;D02119;D07570;D08396;D02508;D05520;D05521;D07614;D02190;D03387;D07452;D00229;D02925;D07621;D01283;D07487;D00927;D04020;D02889;D01499;D02339;D03039;D05021;D02221;D05022;D02888;D08380;D00466;D02251;D08593;D02241;D06137;D06138;D07234;D08191;D08557;D02201;D08534;D01489;D06064;D08567;D01074;D02203;D07469;D02504;D02336;D01053;D02157;D02461;D05408;D07712;D05411;D00497;D02405;D02506;D05413;D08360;D08438;D01649;D07235;D07484;D08350;D01178;D05406;D07236;D07735;D02348;D02137;D07733;D02231;D03571;D02196;D08307;D00929;D04196;D01249;D07965;D08017;D08242;D00928;D08533;D02223;D03705;D03706;D00660;D03707;D05972;D01668;D02199;D08110;D01696;D01334;D08329;D01214;D02415;D04270;D04719;D05494;D05496;D05805;D05806;D05974;D06113;D08185;D02222;D07908;D04049;D03895;D01836;D01057;D09598;D11421;D04515;D00206;D01048;D01058;D09022;D09658;D09849;D01839;D08919;D05969;D09672;D07711;D02370;D00263;D00906;D03438;D01075;D07635;D00907;D02299;D00905;D02226;D00257;D02353;D07237;D02406;D02711;D07636;D00908;D07637;D00264;D07629;D01262;D01528;D05026;D07656;D01517;D02345;D00913;D00262;D00914;D00915;D03431;D02344;D00909;D02191;D00256;D02352;D00260;D02228;D07644;D00912;D03426;D07648;D01415;D01819;D00910;D00911;D07651;D00261;D00259;D07642;D01909;D03423;D01736;D07647;D00919;D07654;D00921;D07653;D02005;D07659;D00924;D07641;D01739;D07658;D00923;D09793;D00258;D07640;D07643;D01863;D03424;D01629;D03428;D01904;D07645;D00918;D07650;D00920;D00922;D02121;D00917;D11571;D07639;D01628;D07638;D01680;D07655;D01686;D02376;D01157;D07649;D01401;D01052;D02233;D08885;D08886;D08884;D11302;D11013;D01949;D03439;D07646;D02232;D03427;D01568;D10097;D10098;D03432;D01687;D07652;D03429;D07657;D01682;D03430;D01054;D01681;D01961;D03421;D03422;D03425;D07634;D07963;D01473;D08109;D02198;D08143;D00916;D00240;D06558;D07625;D01560;D05300;D05302;D04328;D05492;D06144;D12187;D05797;D05798,,
DG01711,Carbacephem,Structure,Antibacterial DG01710  beta-Lactam antibiotic DG01714  Cephalosporin skeleton group,2,D08143;D00916,,
DG01712,Antiplatelet agent Platelet aggregation inhibitor,Class,Blood modifier agent DG01950  Antithrombotic agent,59,D07729;D00769;D10823;D10824;D08594;D01028;D05597;D01220;D08327;D01683;D01684;D03661;D03663;D04276;D05502;D05727;D07138;D07139;D07736;D07140;D00109;D05181;D07579;D07580;D07581;D07582;D00302;D03385;D00106;D01337;D07141;D02721;D08065;D02778;D07421;D06888;D08607;D01029;D07142;D02720;D01551;D06213;D08628;D10430;D12005;D01896;D09017;D03359;D03361;D09765;D09766;D09994;D11160;D01810;D02722;D02860;D08508;D01624;D01892,,
DG01713,Penicillin skeleton group,Structure,Antibacterial DG01710  beta-Lactam antibiotic,126,D00204;D01251;D02119;D07570;D08396;D02508;D05520;D05521;D07614;D02190;D03387;D07452;D00229;D02925;D07621;D01283;D07487;D00927;D04020;D02889;D01499;D02339;D03039;D05021;D02221;D05022;D02888;D08380;D00466;D02251;D08593;D02241;D06137;D06138;D07234;D08191;D08557;D02201;D08534;D01489;D06064;D08567;D01074;D02203;D07469;D02504;D02336;D01053;D02157;D02461;D05408;D07712;D05411;D00497;D02405;D02506;D05413;D08360;D08438;D01649;D07235;D07484;D08350;D01178;D05406;D07236;D07735;D02348;D02137;D07733;D02231;D03571;D02196;D08307;D00929;D04196;D01249;D07965;D08017;D08242;D00928;D08533;D02223;D03705;D03706;D00660;D03707;D05972;D01668;D02199;D08110;D01696;D01334;D08329;D01214;D02415;D04270;D04719;D05494;D05496;D05805;D05806;D05974;D06113;D08185;D02222;D07908;D04049;D03895;D01836;D01057;D09598;D11421;D04515;D00206;D01048;D01058;D09022;D09658;D09849;D01839;D08919;D05969;D09672;D07711;D02370,,
DG01714,Cephalosporin skeleton group,Structure,Antibacterial DG01710  beta-Lactam antibiotic,126,D00263;D00906;D03438;D01075;D07635;D00907;D02299;D00905;D02226;D00257;D02353;D07237;D02406;D02711;D07636;D00908;D07637;D00264;D07629;D01262;D01528;D05026;D07656;D01517;D02345;D00913;D00262;D00914;D00915;D03431;D02344;D00909;D02191;D00256;D02352;D00260;D02228;D07644;D00912;D03426;D07648;D01415;D01819;D00910;D00911;D07651;D00261;D00259;D07642;D01909;D03423;D01736;D07647;D00919;D07654;D00921;D07653;D02005;D07659;D00924;D07641;D01739;D07658;D00923;D09793;D00258;D07640;D07643;D01863;D03424;D01629;D03428;D01904;D07645;D00918;D07650;D00920;D00922;D02121;D00917;D11571;D07639;D01628;D07638;D01680;D07655;D01686;D02376;D01157;D07649;D01401;D01052;D02233;D08885;D08886;D08884;D11302;D11013;D01949;D03439;D07646;D02232;D03427;D01568;D10097;D10098;D03432;D01687;D07652;D03429;D07657;D01682;D03430;D01054;D01681;D01961;D03421;D03422;D03425;D07634;D07963;D01473;D08109;D02198;D08143;D00916,,
DG01719,Parasympathomimetic agent,,Neuropsychiatric agent,15,D08261;D00995;D00998;D00487;D01228;D01001;D00524;D01000;D00525;D02200;D05478;D08376;D07349;D07667;D00661,,
DG01720,Isophosphoramide mustard analog,Structure,Antineoplastic DG01677  Alkylating agent DG01678  Nitrogen mustard analog,8,D07760;D00287;D00343;D07252;D09364;D10373;D03351;D05441,,
DG01721,Methanesulfonate derivative,Structure,Antineoplastic DG01677  Alkylating agent,5,D00248;D07253;D07071;D01497;D05487,,
DG01722,Thiotepa type ethylene imine,Structure,Antineoplastic DG01677  Alkylating agent DG01723  Ethylene imine,5,D00583;D03036;D03090;D05018;D06266,,
DG01723,Ethylene imine,Structure,Antineoplastic DG01677  Alkylating agent,9,D00583;D03036;D03090;D05018;D06266;D07254;D01270;D02965;D03774,,
DG01724,Nitrosourea,Structure,Antineoplastic DG01677  Alkylating agent,9,D00254;D00363;D05822;D05932;D07255;D08276;D01059;D01760;D05417,L01AD,
DG01725,Epoxide,Structure,Antineoplastic DG01677  Alkylating agent,6,D07256;D02999;D04027;D06080;D06625;D10623,,
DG01726,Aldoxorubicin,Chemical,Antineoplastic DG01682  Anthracycline antineoplastic,2,D10383;D10384,,
DG01727,Anthraquinone antineoplastic,"Structure, Class",Antineoplastic,10,D08224;D02166;D05522;D09654;D02894;D04685;D04783;D05510;D06059;D06190,,
DG01728,Tricyclic antidepressant,Structure,Neuropsychiatric agent,42,D07791;D00812;D08070;D00815;D08071;D07727;D00811;D08297;D01477;D00394;D02408;D08140;D01285;D07812;D01314;D07448;D00809;D08288;D00816;D08447;D00484;D07875;D00814;D04605;D08171;D01110;D07601;D03199;D07872;D01546;D00228;D02565;D07335;D07336;D07334;D08072;D02704;D03038;D04652;D03491;D04556;D05231,,
DG01729,Tetracyclic antidepressant,Structure,Neuropsychiatric agent,11,D02566;D00818;D08216;D01358;D00563;D11056;D08511;D02034;D02972;D03071;D05284,,
DG01730,Non-selective monoamine reuptake inhibitor,"Target, Class",Neuropsychiatric agent,36,D07791;D00812;D08070;D00815;D08071;D07727;D00811;D08297;D01477;D00394;D02408;D08140;D01285;D07812;D01314;D07448;D00809;D08288;D00816;D08447;D00484;D07875;D00814;D04605;D08171;D01110;D07601;D03199;D07872;D01546;D00228;D02565;D07335;D02566;D00818;D07336,N06AA,
DG01732,Non-thiazolidinedione type PPAR agonist,Target,Antidiabetic agent DG01685  Insulin sensitizer DG01795  PPAR gamma agonist,10,D12484;D01274;D01971;D04132;D05091;D05397;D06647;D08845;D08949;D09350,,
DG01733,PPAR alpha agonist,Target,Hypolipidemic agent DG01946  Hypolipidemic agent,23,D00279;D01208;D07724;D01366;D00334;D00565;D08890;D01212;D07186;D03521;D07187;D07188;D01300;D10711;D06102;D07529;D04411;D04736;D04737;D05102;D06133;D06209;D07723,,
DG01734,Sulfonylurea,"Structure, Target",Antidiabetic agent DG01508  Sulfonylurea receptor agonist DG02044  Hypoglycemic agent,23,D00336;D00271;D00380;D06177;D02427;D00379;D02425;D00335;D02430;D01599;D07117;D07118;D00593;D00219;D01799;D02426;D02428;D02429;D04322;D04354;D04355;D04356;D06186,A10BB,
DG01735,Glinide Meglitinide Short acting insulin secretagogues,"Structure, Class",Antidiabetic agent DG01508  Sulfonylurea receptor agonist DG02044  Hypoglycemic agent,3,D00594;D01111;D01854,,
DG01736,Deferitazole,Chemical,Vitamin and mineral DG01692  Chelator DG01691  Iron chelator,2,D10388;D10389,,
DG01737,Rauwolfia alkaloid,,Cardiovascular agent DG01738  Centrally-acting antiadrenergic,8,D00198;D00197;D05705;D08194;D07166;D07167;D01659;D01950,C02AA,
DG01738,Centrally-acting antiadrenergic,"Target, Class",Cardiovascular agent,19,D00198;D00197;D05705;D08194;D07166;D07167;D01659;D01950;D08205;D00405;D00281;D00604;D08031;D00606;D07168;D05087;D08482;D04375;D00605,,
DG01739,Peripherally-acting antiadrenergic,Class,Cardiovascular agent,19,D08411;D00609;D04531;D04532;D08212;D06234;D07874;D00608;D01333;D08662;D01603;D08030;D02237;D04382;D04399;D03664;D04386;D07169;D04398,,
DG01740,Curare alkaloid,,Musculo-skeletal system agent,4,D01215;D02207;D08655;D07272,M03AA,
DG01741,Scilla glycoside,Class,Cardiovascular agent DG01703  Cardiotonic DG01698  Cardiac glycoside,1,D01379,,
DG01742,Quaternary ammonium compound type muscle relaxant,Structure,Musculo-skeletal system agent,18,D01215;D00766;D02275;D00492;D02292;D00767;D00758;D04435;D00764;D00760;D07273;D00765;D00763;D00759;D02204;D04303;D05703;D08553,,
DG01743,Strophantus glycoside,Class,Cardiovascular agent DG01703  Cardiotonic DG01698  Cardiac glycoside,1,D00112,,
DG01745,Anticholinergic antiparkinson agent,Target,Neuropsychiatric agent DG01491  Muscarinic cholinergic receptor antagonist,28,D08638;D00787;D00779;D02246;D02247;D08209;D01871;D08425;D00782;D08426;D01118;D03276;D03711;D07804;D07301;D08157;D03264;D07302;D07303;D08653;D08305;D00774;D02599;D07511;D00778;D04087;D08395;D01231,,
DG01746,Piretanide type diuretic,Structure,Cardiovascular agent DG01690  Sulfonamide diuretic DG01748  Loop diuretic,2,D00247;D01634,,
DG01747,Furosemide type diuretic,Structure,Cardiovascular agent DG01690  Sulfonamide diuretic DG01748  Loop diuretic,6,D00331;D07999;D08001;D00382;D08619;D01323,,
DG01748,Loop diuretic,"Target, Class",Cardiovascular agent,16,D00331;D07999;D08001;D00382;D08619;D01323;D00247;D01634;D00313;D04079;D02386;D05093;D04111;D04520;D05323;D09772,,
DG01749,Thiazide diuretic,Structure,Cardiovascular agent DG03231  Antihypertensive DG01690  Sulfonamide diuretic,20,D00650;D00654;D00340;D00519;D03471;D00657;D00658;D02061;D00656;D01256;D07172;D00651;D01241;D01246;D01247;D02453;D02838;D03189;D04033;D04976,C03AA,
DG01750,Interferon alpha,Chemical,Immunological agent DG01752  Interferone,5,D00745;D02745;D03305;D04552;D04553,,
DG01751,Interferon beta,Chemical,Immunological agent DG01752  Interferone,3,D00746;D03304;D04554,,
DG01752,Interferone,,Immunological agent,19,D00745;D02745;D03305;D04552;D04553;D00746;D03304;D04554;D00747;D03357;D08805;D02744;D02748;D02747;D08844;D10483;D11027;D12248;D10078,L03AB,
DG01753,Colony stimulating factor Leukocyte growth factor,Target,Immunological agent,17,D03235;D03247;D06889;D10242;D10310;D11026;D11986;D11188;D03245;D05389;D10447;D05066;D05803;D05712;D02937;D04695;D05036,L03AA,
DG01754,Cannabinoid receptor inverse agonist,Target,Gastrointestinal agent DG01705  Anoretic,6,D05731;D09362;D09363;D09009;D09349;D10314,,
DG01755,Benzfetamine,Chemical,Gastrointestinal agent DG01705  Anoretic DG01704  Phenethylamine anorexic,2,D07514;D07515,,
DG01756,Ondelopran Odelepran,Chemical,,2,D10143;D10144,,
DG01757,Amrinone type cardiotonic,"Structure, Class",Cardiovascular agent DG01703  Cardiotonic DG01507  Phosphodiesterase III inhibitor,11,D00231;D02084;D00417;D02085;D08294;D02042;D01198;D01690;D03072;D04884;D05403,,
DG01758,Pimobendan type cardiotonic,"Structure, Class",Cardiovascular agent DG01703  Cardiotonic DG01507  Phosphodiesterase III inhibitor,6,D04720;D01133;D03075;D04508;D04529;D05612,,
DG01759,Dicumarol type coumarin derivative,Structure,Blood modifier agent DG01950  Antithrombotic agent DG01708  Coumarin anticoagulant,6,D03798;D05457;D07064;D07131;D07137;D09807,,
DG01760,Warfarin and analog,Structure,Blood modifier agent DG01950  Antithrombotic agent DG01708  Coumarin anticoagulant,5,D08682;D00564;D01280;D09676;D09677,,
DG01761,Phenindion type coumarin derivative,Structure,Blood modifier agent DG01950  Antithrombotic agent DG01708  Coumarin anticoagulant,6,D08354;D07135;D07136;D07969;D03164;D07457,,
DG01762,Antiemetic,Class,Gastrointestinal agent,58,D01745;D07868;D00456;D00678;D04370;D00677;D02130;D02041;D07867;D00725;D07175;D05343;D00138;D02071;D07103;D01942;D05010;D00306;D05099;D02968;D10895;D06597;D06574;D10742;D08988;D08466;D02016;D07481;D01613;D05152;D11065;D11370;D02632;D04642;D09749;D00726;D02213;D05008;D07101;D07102;D07563;D03534;D01742;D07700;D07701;D08643;D02733;D03060;D03662;D05348;D06353;D06396;D01838;D02606;D03073;D04207;D04294;D04821,,
DG01763,Propulsive,,Gastrointestinal agent,25,D00726;D02213;D05008;D00274;D02092;D01745;D07868;D07101;D07102;D07563;D03534;D01742;D08094;D02729;D07700;D07701;D01994;D08236;D09933;D09934;D03662;D05348;D06353;D06396;D12157,A03FA,
DG01770,Laxative,Class,Gastrointestinal agent,36,D08326;D05320;D00245;D03129;D07107;D05456;D06516;D06462;D03418;D02171;D04396;D01612;D04996;D03306;D01446;D01167;D01108;D00352;D01732;D05877;D01721;D00028;D06618;D02878;D10479;D10375;D10188;D10478;D04790;D09355;D06612;D09205;D10152;D07622;D01544;D03400,,
DG01771,Docusate,Chemical,,3,D00305;D03885;D03886,,
DG01772,Carmellose,Chemical,Gastrointestinal agent DG01770  Laxative,3,D07622;D01544;D03400,,
DG01773,Berberine,Chemical,,3,D01250;D03258;D03293,,
DG01774,First-generation cephalosporin,Class,Antibacterial,24,D00263;D00906;D03438;D01075;D07635;D00907;D02299;D00905;D02226;D00257;D02353;D07237;D02406;D02711;D07636;D00908;D07637;D00264;D07629;D01262;D01528;D05026;D07656;D01517,J01DB,
DG01775,Second-generation cephalosporin,Class,Antibacterial,32,D02345;D00913;D00262;D00914;D00915;D03431;D02344;D00909;D02191;D00256;D02352;D00260;D02228;D07644;D00912;D03426;D07648;D01415;D01819;D08143;D00916;D00910;D00911;D07651;D00261;D00259;D07642;D01909;D03423;D01736;D07963;D01473,J01DC,
DG01776,Third-generation cephalosporin,Class,Antibacterial,35,D07647;D00919;D07654;D00921;D07653;D02005;D07659;D00924;D07641;D01739;D08109;D02198;D07658;D00923;D09793;D00258;D07640;D07643;D01863;D03424;D01629;D03428;D01904;D07645;D00918;D07650;D00920;D00922;D02121;D00917;D11571;D07639;D01628;D07638;D01680,J01DD,
DG01777,Fourth-generation cephalosporin,Class,Antibacterial,6,D02376;D01157;D07649;D01401;D01052;D02233,J01DE,
DG01778,beta-Lactamase sensitive penicillin,Class,Antibacterial,22,D02336;D01053;D02157;D02461;D05408;D07712;D05411;D00497;D02405;D02506;D05413;D08360;D08438;D01649;D07235;D07484;D08350;D01178;D05406;D07236;D07735;D08329,J01CE,
DG01779,beta-Lactamase resistant penicillin,"Structure, Target",Antibacterial,14,D02348;D02137;D07733;D02231;D03571;D02196;D08307;D00929;D04196;D01249;D07965;D08017;D08242;D00928,J01CF,
DG01780,Extended spectrum penicillin,"Structure, Class",Antibacterial,46,D00204;D01251;D02119;D07570;D08396;D02508;D05520;D05521;D07614;D02190;D03387;D07452;D00229;D02925;D07621;D01283;D07487;D00927;D04020;D02889;D01499;D02339;D03039;D05021;D02221;D05022;D02888;D08380;D00466;D02251;D08593;D02241;D06137;D06138;D07234;D08191;D08557;D02201;D08534;D01489;D06064;D08567;D01074;D02203;D07469;D02504,J01CA,
DG01781,Granulocyte colony stimulating factor (G-CSF),"Structure, Class",Immunological agent DG01753  Colony stimulating factor,11,D03235;D03247;D06889;D10242;D10310;D11026;D11986;D11188;D03245;D05389;D10447,,
DG01782,Granulocyte macrophage colony-stimulating factors (GM-CSF),"Structure, Class",Immunological agent DG01753  Colony stimulating factor,3,D05066;D05803;D05712,,
DG01783,Benzamide type antiemetic Sulpiride type antiemetic,Structure,Gastrointestinal agent DG01762  Antiemetic,17,D00726;D02213;D05008;D07101;D07102;D07563;D03534;D01742;D07700;D07701;D08643;D02733;D03060;D03662;D05348;D06353;D06396,,
DG01784,Short-acting sulfonamide,"Structure, Class",Antibacterial DG01787  Sulfonamide antibacterial,17,D01526;D00870;D02436;D08539;D02434;D00450;D05956;D05957;D08543;D01047;D07239;D02440;D02437;D07060;D02447;D05947;D00871,J01EB,
DG01785,Intermediate-acting sulfonamide,"Structure, Class",Antibacterial DG01787  Sulfonamide antibacterial,6,D00447;D01601;D00587;D05949;D00433;D02516,J01EC,
DG01786,Long-acting sulfonamide,"Structure, Class",Antibacterial DG01787  Sulfonamide antibacterial,15,D01142;D08538;D01216;D02450;D02517;D02439;D08540;D07240;D02435;D01954;D07241;D01141;D02001;D05023;D00580,J01ED,
DG01787,Sulfonamide antibacterial,"Structure, Class",Antibacterial,45,D01526;D00870;D02436;D08539;D02434;D00450;D05956;D05957;D08543;D01047;D07239;D02440;D02437;D07060;D02447;D05947;D00871;D00447;D01601;D00587;D05949;D00433;D02516;D01142;D08538;D01216;D02450;D02517;D02439;D08540;D07240;D02435;D01954;D07241;D01141;D02001;D05023;D00580;D02351;D01166;D04815;D01127;D07412;D02438;D08542,,
DG01788,Thiocarbamide derivative,Structure,Antibacterial DG01966  Antitubercular,4,D01195;D07246;D00591;D08584,,
DG01789,Oxazolidinone antibiotic,"Structure, Class",Antibacterial,10,D00947;D09685;D09686;D04017;D09369;D09370;D11297;D11298;D10167;D11207,,
DG01791,Hydroquinidine,Chemical,Cardiovascular agent DG01653  Antiarrhythmics DG01652  Class I antiarrhythmic agent DG01649  Class Ia antiarrhythmic agent,2,D08048;D08049,C01BA13,
DG01792,Pregnenolone,Chemical,,2,D00143;D05604,,
DG01793,Dacomitinib,Chemical,Antineoplastic DG01918  Tyrosine kinase inhibitor DG01917  Receptor tyrosine kinase inhibitor DG03162  EGFR inhibitor Metabolizing enzyme inhibitor DG01645  CYP2D6 inhibitor,2,D09883;D10514,L01EB07,
DG01794,SGLT2 inhibitor,"Target, Class",Antidiabetic agent DG02044  Hypoglycemic agent,14,D08897;D09763;D09592;D10459;D10313;D11043;D10196;D10200;D10669;D10195;D09978;D06641;D10055;D10865,A10BK,
DG01795,PPAR gamma agonist,Target,Antidiabetic agent DG01685  Insulin sensitizer,25,D00395;D08491;D00596;D08378;D00945;D11923;D03493;D03653;D03941;D03996;D05150;D05739;D11603;D11604;D12484;D01274;D01971;D04132;D05091;D05397;D06647;D08845;D08949;D09350;D09579,,
DG01796,"Insulin analog, fast-acting",Class,Antidiabetic agent DG01636  Insulin preparation,3,D04477;D04475;D04540,,
DG01797,"Insulin analog, long-acting",Class,Antidiabetic agent DG01636  Insulin preparation,5,D03250;D04539;D09727;D10473;D12358,,
DG01802,Human insulin,Class,Antidiabetic agent DG01636  Insulin preparation,9,D03230;D04541;D04542;D04543;D04547;D04550;D04551;D05622;D08080,,
DG01804,Oxyimino beta-lactam,Structure,Antibacterial,62,D00262;D00914;D00915;D03431;D07647;D00919;D07654;D00921;D07659;D00924;D07641;D01739;D07658;D00923;D09793;D00258;D07640;D07643;D01863;D03424;D01629;D07650;D00920;D00917;D11571;D07639;D01628;D07655;D01686;D02376;D01157;D07649;D01401;D01052;D02233;D00240;D06558;D07625;D01560;D08885;D08886;D08884;D06144;D07646;D02232;D10097;D10098;D03432;D01687;D07652;D03429;D07657;D01682;D03430;D01054;D01681;D01961;D03425;D05300;D05302;D04328;D05492,,
DG01805,Mediator release inhibitor,Target,Anti-allergic agent,14,D07753;D00526;D02589;D09790;D05129;D00527;D05130;D01828;D07476;D01088;D01669;D01890;D02027;D03233,,
DG01806,Class II antiarrhythmic agent Propranolol type antiarrhythmic,"Structure, Class",Cardiovascular agent DG01653  Antiarrhythmics,43,D07156;D01182;D08318;D01806;D00513;D08443;D00483;D00432;D07624;D00599;D07182;D08572;D08074;D00602;D07183;D05587;D02358;D00601;D00635;D05011;D00235;D02338;D00597;D02342;D00634;D07916;D00644;D06646;D07184;D12410;D01847;D01504;D07465;D01830;D08078;D01958;D01492;D02389;D03729;D03759;D04190;D06162;D06176,,
DG01807,Phenylalkylamine derivative,Structure,Cardiovascular agent DG01653  Antiarrhythmics,9,D02356;D00619;D08009;D01969;D07185;D07943;D07520;D00631;D06129,,
DG01808,Thienopyridine,Structure,Blood modifier agent DG01950  Antithrombotic agent DG01712  Antiplatelet agent DG01809  P2Y12 receptor antagonist,7,D07729;D00769;D10823;D10824;D08594;D01028;D05597,,
DG01809,P2Y12 receptor antagonist,"Target, Class",Blood modifier agent,13,D07729;D00769;D10823;D10824;D08594;D01028;D05597;D09017;D03359;D03361;D08983;D09607;D09608,,
DG01810,Prostacycline derivative Prostaglandin I2 (PGI2) derivatives,Structure,Hormonal agent DG01961  Prostaglandin derivative,13,D00106;D01337;D02721;D08065;D02720;D01551;D06213;D08628;D10430;D12005;D01188;D02048;D03522,,
DG01811,Fibrinogen receptor antagonist,Target,Blood modifier agent,12,D02778;D06888;D08607;D01029;D04659;D04660;D03971;D04785;D05267;D05772;D05834;D06335,,
DG01812,Sanfetrinem,Chemical,Antibacterial DG01710  beta-Lactam antibiotic,2,D05797;D05798,,
DG01813,Pleuromutilin,Structure,Antibacterial,7,D05720;D11631;D11632;D06127;D06128;D08665;D08666,,
DG01814,Mazipredone,Chemical,,2,D08158;D08159,,
DG01815,Danoprevir,Chemical,Antiviral DG03198  Anti-HCV agent DG02001  HCV NS3/4A protease inhibitor,2,D09884;D09885,,
DG01816,Deldeprevir Neceprevir,Chemical,Antiviral DG03198  Anti-HCV agent DG02001  HCV NS3/4A protease inhibitor,2,D10393;D10394,,
DG01818,Ledipasvir,Chemical,Antiviral DG03198  Anti-HCV agent DG01999  HCV NS5A inhibitor,2,D10442;D10599,,
DG01819,Ombitasvir,Chemical,Antiviral DG03198  Anti-HCV agent DG01999  HCV NS5A inhibitor,2,D10576;D10598,,
DG01820,Paritaprevir,Chemical,Antiviral DG03198  Anti-HCV agent DG02001  HCV NS3/4A protease inhibitor,2,D10580;D10597,,
DG01821,Metomidate,Chemical,,2,D08210;D08211,,
DG01822,Aftobetin,Chemical,,2,D10583;D10607,,
DG01823,Buparlisib,Chemical,Antineoplastic DG03139  PI3K inhibitor,2,D10584;D10609,,
DG01824,Beclabuvir,Chemical,Antiviral DG03198  Anti-HCV agent DG02000  HCV NS5B polymerase inhibitor,2,D10610;D10611,,
DG01825,Cobimetinib,Chemical,Antineoplastic DG03137  MEK inhibitor,2,D10405;D10615,L01EE02,
DG01826,Dactolisib,Chemical,Antineoplastic DG03139  PI3K inhibitor,2,D10552;D10616,,
DG01827,Defactinib,Chemical,Antineoplastic DG01918  Tyrosine kinase inhibitor,2,D10618;D10619,,
DG01828,Deleobuvir,Chemical,Antiviral DG03198  Anti-HCV agent DG02000  HCV NS5B polymerase inhibitor,2,D10554;D10622,,
DG01829,Esketamine,Chemical,Neuropsychiatric agent DG01498  NMDA receptor antagonist Metabolizing enzyme substrate DG02919  CYP2B6 substrate DG01642  CYP2C9 substrate DG01639  CYP2C19 substrate DG01633  CYP3A/CYP3A4 substrate DG02913  CYP3A4 substrate DG02924  UGT substrate,2,D07283;D10627,N01AX14 N06AX27,
DG01830,Methylsamidorphan,Chemical,Analgesic DG01586  Opioid receptor antagonist,2,D10371;D10648,,
DG01831,Palbociclib,Chemical,Antineoplastic DG03138  CDK inhibitor,2,D10372;D10652,L01EF01,
DG01832,Pevonedistat,Chemical,,2,D10413;D10654,,
DG01833,Plazomicin,Chemical,Antibacterial DG01447  Aminoglycoside antibiotic,2,D10151;D10655,J01GB14,
DG01834,Tafenoquine,Chemical,,2,D10490;D10670,P01BA07,
DG01835,Benzodiazepine sedative-hypnotics,"Structure, Class",Neuropsychiatric agent,31,D00329;D00695;D01408;D00531;D01230;D00311;D00387;D01657;D00370;D00550;D00696;D05028;D01744;D00457;D07326;D08145;D07327;D07328;D01593;D00293;D03083;D01316;D01286;D01758;D07714;D02600;D03631;D04248;D05710;D08481;D01564,,
DG01836,Non-benzodiazepine sedative-hypnotics,"Structure, Class",Neuropsychiatric agent,11,D01372;D08690;D00706;D00530;D02624;D02616;D05378;D02833;D02640;D05975;D08840,,
DG01837,Barbiturate sedative-hypnotics,"Structure, Class",Neuropsychiatric agent,27,D00499;D00500;D02253;D00555;D02252;D02618;D01740;D00698;D00430;D01310;D06887;D07321;D07322;D07323;D07757;D04985;D00712;D01071;D00714;D02817;D07324;D00700;D06106;D00713;D03180;D00699;D03182,,
DG01838,Pitavastatin,Chemical,Hypolipidemic agent DG01946  Hypolipidemic agent DG01660  HMG-CoA reductase inhibitor Metabolizing enzyme substrate DG01642  CYP2C9 substrate,3,D01862;D10568;D11092,C10AA08,
DG01839,Esuberaprost,Chemical,,3,D10628;D10703;D11446,,
DG01840,Isavuconazonium,Chemical,Metabolizing enzyme substrate DG01633  CYP3A/CYP3A4 substrate Metabolizing enzyme inhibitor DG02852  CYP3A/CYP3A4 inhibitor Metabolizing enzyme inducer DG02891  CYP2B6 inducer Transporter inhibitor DG01622  ABCB1 inhibitor DG02863  SLC22A2 inhibitor DG02864  SLC47A1 inhibitor Unclassified DG03251  UGT inhibitor,2,D10644;D10643,,
DG01841,Lubabegron,Chemical,,2,D10445;D10645,,
DG01842,Luminespib,Chemical,,2,D10646;D10647,,
DG01843,Mupafostat,Chemical,,2,D10649;D10650,,
DG01844,Orilotimod,Chemical,,2,D10651;D10720,,
DG01845,Rimegepant,Chemical,Metabolizing enzyme substrate DG01642  CYP2C9 substrate DG01633  CYP3A/CYP3A4 substrate DG02913  CYP3A4 substrate,2,D10662;D10663,N02CD06,
DG01846,Pradigastat,Chemical,,2,D10664;D10657,,
DG01847,Ralimetinib,Chemical,,2,D10658;D10659,,
DG01848,Sarecycline,Chemical,Antibacterial DG01197  Tetracycline antibiotic,2,D10666;D10667,J01AA14,
DG01849,Bradanicline,Chemical,,2,D10613;D10693,,
DG01850,Benzhydrocodone,Chemical,Metabolizing enzyme substrate DG01644  CYP2D6 substrate DG01633  CYP3A/CYP3A4 substrate DG02913  CYP3A4 substrate,2,D10612;D10692,,
DG01851,Briciclib,Chemical,,2,D10614;D10694,,
DG01852,Encenicline,Chemical,,3,D10626;D10702;D10789,,
DG01853,Peficitinib,Chemical,Anti-inflammatory DG01985  Disease modifying anti-rheumatic drug (DMARD) DG02020  JAK inhibitor,2,D10653;D10721,L04AA49,
DG01854,Sonidegib,Chemical,Antineoplastic DG01566  Hedgehog signaling inhibitor Metabolizing enzyme substrate DG01633  CYP3A/CYP3A4 substrate,2,D10119;D10729,L01XJ02,
DG01855,Alisertib,Chemical,,2,D10085;D10086,,
DG01856,Etelcalcetide Velcalcetide,Chemical,,2,D10676;D10677,H05BX04,
DG01857,Axelopran,Chemical,,2,D10740;D10690,,
DG01858,Centanafadine,Chemical,Neuropsychiatric agent DG03059  Noradrenalin and dopamine reuptake inhibitor (NDRI),2,D10697;D10698,,
DG01859,Ferric citrate,Chemical,Blood modifier agent DG01694  Iron preparation,2,D09993;D10705,,
DG01860,Temsavir,Chemical,Metabolizing enzyme substrate DG01633  CYP3A/CYP3A4 substrate Transporter substrate DG01665  ABCB1 substrate DG01913  ABCG2 substrate Transporter inhibitor DG02862  ABCG2 inhibitor DG02865  SLCO1B1 inhibitor DG02907  SLCO1B3 inhibitor,3,D10734;D10707;D10708,,
DG01861,Lanopepden,Chemical,,2,D10712;D10713,,
DG01862,Rabacfosadine,Chemical,,2,D10723;D10724,,
DG01863,Spebrutinib,Chemical,Antineoplastic DG01918  Tyrosine kinase inhibitor DG02022  BTK inhibitor,2,D10730;D10731,,
DG01864,Rucaparib,Chemical,Antineoplastic DG02942  PARP inhibitor,3,D10079;D10157;D10982,L01XK03,
DG01865,Talazoparib,Chemical,Antineoplastic DG02942  PARP inhibitor,2,D10732;D10733,L01XK04,
DG01866,Toreforant,Chemical,,2,D10735;D10736,,
DG01867,Verosudil,Chemical,,2,D10737;D10738,,
DG01868,Rolapitant,Chemical,Gastrointestinal agent DG01762  Antiemetic Metabolizing enzyme substrate DG01633  CYP3A/CYP3A4 substrate DG02913  CYP3A4 substrate Metabolizing enzyme inhibitor DG01645  CYP2D6 inhibitor,2,D10742;D08988,A04AD14,
DG01869,Ecabet,Chemical,Gastrointestinal agent DG01975  Agents for peptic ulcer DG02008  Gastric mucosal protectant,2,D07885;D01991,,
DG01870,Cetraxate,Chemical,Gastrointestinal agent DG01975  Agents for peptic ulcer DG02008  Gastric mucosal protectant,2,D07663;D02266,,
DG01871,Irsogladine,Chemical,Gastrointestinal agent DG01975  Agents for peptic ulcer DG02008  Gastric mucosal protectant,2,D08087;D01658,,
DG01872,Aluminum silicate,Chemical,Gastrointestinal agent DG01975  Agents for peptic ulcer DG01954  Antacid DG01680  Aluminum compounds antacid,2,D03236;D03237,,
DG01873,Para-aminosalicylate,Chemical,Antibacterial DG01966  Antitubercular,2,D03368;D01643,,
DG01874,14-membered ring macrolide antibiotic,Structure,Antibacterial DG01551  Macrolide antibiotic,21,D00140;D00851;D01361;D02009;D02184;D02523;D02524;D02525;D03098;D04054;D07909;D07910;D02186;D01710;D01322;D00276;D07710;D03865;D07242;D04725;D04896,,
DG01875,15-Membered ring macrolide antibiotic,Structure,Antibacterial DG01551  Macrolide antibiotic,5,D07486;D02134;D06390;D06258;D06598,,
DG01876,16-Membered ring macrolide antibiotic,Structure,Antibacterial DG01551  Macrolide antibiotic,28,D05908;D02420;D08527;D08528;D01339;D01636;D01235;D05351;D01897;D02000;D01614;D02269;D02492;D02493;D02490;D09809;D10033;D10032;D10034;D05757;D05758;D05760;D05759;D05761;D05153;D05713;D05717;D10492,,
DG01877,Benexate,Chemical,Gastrointestinal agent DG01975  Agents for peptic ulcer DG02008  Gastric mucosal protectant,2,D07506;D02452,,
DG01878,Idalopirdine,Chemical,,2,D10710;D10747,,
DG01879,Macimorelin,Chemical,,2,D10563;D10562,V04CD06,
DG01880,Retaspimycin,Chemical,,2,D09375;D09376,,
DG01881,Ulodesine,Chemical,,2,D10431;D10432,,
DG01882,Aldose reductase inhibitor,"Target, Class",Antidiabetic agent,14,D02323;D01688;D01715;D01842;D02328;D02835;D03803;D03805;D03806;D03807;D05893;D06403;D12384;D12390,,
DG01883,Imidazole antifungal,Structure,Antifungal,40,D00416;D00882;D00351;D00282;D03936;D00881;D02557;D07676;D04624;D01480;D00372;D00890;D08535;D00886;D01775;D08313;D00885;D02582;D02583;D08296;D01664;D06883;D08510;D07193;D07882;D07884;D01980;D01620;D01092;D07598;D00880;D07752;D02169;D02584;D03526;D03883;D03997;D05268;D05367;D06373,,
DG01884,Imidazole antiprotozoal Metronidazole type antiprotozoal,Structure,Antiparasitic,21,D00409;D05016;D05017;D08214;D01426;D05274;D03028;D07430;D07352;D07353;D02489;D11252;D07855;D03052;D03408;D04213;D04608;D05052;D05086;D05752;D05966,,
DG01885,Potassium-sparing diuretic,,Cardiovascular agent,10,D00443;D01943;D03363;D01115;D10633;D07447;D00649;D00386;D05640;D05912,,
DG01886,Dasabuvir,Chemical,Antiviral DG03198  Anti-HCV agent DG02000  HCV NS5B polymerase inhibitor,2,D10553;D10581,J05AP09,
DG01887,Drisapersen,Chemical,,2,D10114;D10115,M09AX04,
DG01888,Octenidine,Chemical,,3,D08289;D05222;D05223,A01AB24 R02AA21,
DG01889,Non-nucleoside reverse transcriptase inhibitor (NNRTI),"Target, Class",Antiviral,15,D00435;D07782;D00895;D00896;D04112;D09720;D09958;D10624;D11246;D01055;D03001;D03371;D04786;D09634;D09906,J05AG,
DG01890,Nucleoside reverse transcriptase inhibitor (NRTI),"Structure, Target, Class",Antiviral,31,D00413;D00296;D00412;D00445;D00353;D07057;D00891;D02734;D06074;D01982;D10834;D11391;D10428;D10605;D02768;D01655;D01199;D07896;D04008;D06675;D03537;D06580;D02830;D02890;D03981;D04759;D10550;D07507;D08775;D02297;D10835,J05AF,
DG01891,CYP1A1 substrate,Metabolism,Metabolizing enzyme substrate,14,D04370;D00677;D09572;D09785;D10867;D10797;D10798;D07455;D02933;D10255;D02347;D02274;D11406;D04641,,
DG01892,CYP1A2 substrate,Metabolism,Metabolizing enzyme substrate,114,D07129;D02829;D00456;D00678;D07175;D05343;D07945;D04148;D07729;D00769;D10823;D10824;D10513;D00358;D02086;D08127;D08215;D00639;D08435;D00640;D08443;D00483;D00255;D03415;D02375;D02219;D07875;D00814;D00528;D01453;D07603;D00210;D08287;D04859;D07907;D04023;D09666;D10024;D07455;D02933;D10255;D11817;D01583;D08976;D11576;D08611;D00776;D02347;D02274;D08490;D04048;D08116;D01287;D02740;D08255;D00674;D00415;D05928;D08489;D00784;D05768;D08469;D02562;D10829;D02340;D00794;D08148;D00283;D00454;D06623;D11769;D02995;D08690;D00706;D08170;D02689;D09388;D00514;D01205;D08070;D00815;D08071;D07727;D00811;D07448;D00809;D08216;D01358;D00563;D11056;D07880;D01179;D08555;D02068;D00775;D08575;D10687;D02017;D00371;D01712;D06103;D06104;D00227;D05429;D11630;D05744;D08466;D02016;D08508;D01624;D04052;D04813;D11553;D11851,,
DG01893,ABCB1 inducer,Metabolism,Transporter inducer,11,D00211;D08479;D11012;D11040;D00512;D02103;D07993;D02096;D07595;D07583;D00252,,
DG01894,Evatanepag,Chemical,,2,D09613;D09614,,
DG01895,Taprenepag,Chemical,,2,D09968;D09969,,
DG01896,Nafamostat,Chemical,Blood modifier agent DG01950  Antithrombotic agent DG02016  Hemostatics DG02012  Antifibrinolytic DG01990  Serine protease inhibitor,2,D08240;D01670,,
DG01898,"Anti-inflammatory drug, phenylacetic acid derivatives",Structure,"Anti-inflammatory DG01504  Nonsteroidal anti-inflammatory drug (NSAID) DG01906  Anti-inflammatory drug, acetic acid derivatives",19,D07816;D00903;D00904;D07817;D07818;D07819;D01252;D01545;D01344;D01675;D01841;D07541;D03163;D07443;D01788;D01189;D01963;D04142;D06143,,
DG01899,"Anti-inflammatory drug, indoleacetic acid derivatives",Structure,"Anti-inflammatory DG01504  Nonsteroidal anti-inflammatory drug (NSAID) DG01906  Anti-inflammatory drug, acetic acid derivatives",9,D00141;D01565;D02110;D01582;D07266;D08427;D01765;D05995;D06364,,
DG01901,Perampanel,Chemical,Neuropsychiatric agent DG03199  Antiepileptic agent DG01569  AMPA receptor antagonist Metabolizing enzyme substrate DG01633  CYP3A/CYP3A4 substrate,2,D08964;D10780,N03AX22,
DG01902,Pentamidine,Chemical,,2,D08333;D00834,P01CX01,
DG01903,Midecamycin,Chemical,Antibacterial DG01551  Macrolide antibiotic DG01876  16-Membered ring macrolide antibiotic Metabolizing enzyme inhibitor DG02852  CYP3A/CYP3A4 inhibitor DG01522  CYP3A4 inhibitor,2,D01339;D01636,J01FA03 J01FA11,
DG01904,Barbiturate antiepileptic Barbiturate anticonvulsant,"Structure, Class",Neuropsychiatric agent DG03199  Antiepileptic agent,8,D00700;D00506;D00701;D08356;D00474;D07298;D01382;D04077,,
DG01905,Phenothiazine antipsychotics,"Structure, Class",Neuropsychiatric agent DG03200  Antipsychotic agent,61,D00270;D00789;D03274;D04034;D09819;D00403;D01520;D02248;D08430;D00797;D07065;D02604;D00390;D00800;D07307;D07756;D07308;D07685;D07865;D07977;D00791;D00792;D00793;D02163;D00503;D02037;D04038;D04965;D08341;D08342;D00493;D00479;D02022;D02609;D09216;D08636;D00799;D01448;D00788;D08585;D01447;D02642;D02643;D01412;D01860;D02608;D01485;D00373;D00798;D02671;D00795;D08385;D02680;D02354;D01130;D02610;D02605;D02607;D02644;D02653;D02679,,
DG01906,"Anti-inflammatory drug, acetic acid derivatives",Structure,Anti-inflammatory DG01504  Nonsteroidal anti-inflammatory drug (NSAID),58,D07816;D00903;D00904;D07817;D07818;D07819;D01252;D01545;D01344;D01675;D01841;D07541;D03163;D07443;D01788;D01189;D01963;D04142;D06143;D00141;D01565;D02110;D01582;D07266;D08427;D01765;D05995;D06364;D00120;D02355;D00158;D06382;D07264;D07549;D00315;D07265;D08142;D01975;D08104;D00813;D01271;D01594;D07503;D05143;D01330;D01718;D02944;D03560;D03727;D04144;D04638;D05404;D05619;D05830;D06156;D07453;D07888;D08021,,
DG01907,"Anti-inflammatory drug, coxibs","Target, Class",Anti-inflammatory DG01504  Nonsteroidal anti-inflammatory drug (NSAID) DG01922  Selective COX2 inhibitor,13,D00567;D00568;D02709;D03716;D03717;D03710;D03714;D10656;D01974;D03689;D03712;D04863;D08657,,
DG01908,"Anti-inflammatory drug, propionic acid derivatives",Structure,Anti-inflammatory DG01504  Nonsteroidal anti-inflammatory drug (NSAID),51,D00126;D01122;D04490;D06606;D08058;D08059;D09760;D00118;D00970;D10017;D00132;D08102;D08103;D02350;D00968;D01344;D03080;D00452;D05515;D00330;D01475;D02290;D10254;D04530;D01325;D00463;D07268;D03715;D03718;D07219;D01513;D07269;D09568;D08374;D08375;D08149;D01709;D07141;D01578;D01185;D01547;D01851;D01865;D01874;D03410;D03489;D03540;D04273;D04277;D05121;D08153,,
DG01909,"Anti-inflammatory drug, salicylic acid derivatives",Structure,Anti-inflammatory DG01504  Nonsteroidal anti-inflammatory drug (NSAID),40,D00109;D05181;D07579;D07580;D07581;D07582;D07421;D00810;D00566;D01811;D00428;D01466;D07290;D07291;D00130;D07292;D03385;D07293;D00448;D00377;D08295;D00727;D07488;D02715;D08501;D01087;D08586;D00971;D00827;D01557;D04145;D04206;D05788;D05998;D05791;D07824;D07991;D05789;D05793;D07612,,
DG01910,"Anti-inflammatory drug, oxicams",Structure,Anti-inflammatory DG01504  Nonsteroidal anti-inflammatory drug (NSAID),13,D00127;D05511;D05512;D05513;D01767;D07267;D01866;D00969;D01397;D04003;D04639;D05937;D06082,,
DG01911,"Anti-inflammatory drug, fenamic acid derivatives Anti-inflammatory drug, anthranilic acid derivatives",Structure,Anti-inflammatory DG01504  Nonsteroidal anti-inflammatory drug (NSAID),10,D00151;D01183;D01581;D01823;D03254;D02341;D00169;D08162;D04102;D01267,,
DG01912,Gold preparations,Structure,Anti-inflammatory DG01985  Disease modifying anti-rheumatic drug (DMARD),5,D00992;D08521;D00237;D00991;D07478,,
DG01913,ABCG2 substrate,Metabolism,Transporter substrate,39,D00448;D10588;D10459;D07086;D03213;D10593;D11673;D11674;D09572;D05246;D01204;D07474;D00887;D02258;D11095;D08492;D01915;D10428;D10605;D10366;D10578;D10582;D10745;D10827;D11014;D10882;D08618;D02168;D08224;D02166;D08108;D04024;D10138;D10137;D10308;D10734;D10707;D10708;D11520,,
DG01914,"Anxiolytics, benzodiazepine derivatives","Structure, Class",Neuropsychiatric agent,36,D00293;D00267;D00693;D01292;D04882;D00464;D00694;D03562;D00365;D02770;D02771;D01245;D01253;D04650;D00470;D00225;D00338;D07314;D07315;D08283;D01354;D01293;D01514;D01328;D01268;D01254;D03083;D01316;D01278;D01279;D01286;D03737;D04721;D05942;D06231;D07784,N05BA,
DG01915,CYP3A5 inhibitor,Metabolism,Metabolizing enzyme inhibitor,3,D09012;D04641;D08837,,
DG01916,Amuvatinib,Chemical,Antineoplastic DG01918  Tyrosine kinase inhibitor,2,D09864;D09865,,
DG01917,Receptor tyrosine kinase inhibitor,Target,Antineoplastic DG01918  Tyrosine kinase inhibitor,119,D01977;D07907;D04023;D09724;D09733;D10766;D10858;D10859;D11115;D09883;D10514;D11251;D11980;D12245;D12258;D12259;D03455;D05350;D10018;D11894;D12457;D12506;D08108;D04024;D08950;D10898;D11141;D12442;D03257;D05446;D09980;D11529;D11375;D10446;D11560;D03218;D08881;D08883;D09683;D10190;D10927;D11417;D11589;D11611;D11725;D12001;D11969;D08552;D06402;D05380;D06407;D10138;D10137;D10229;D10062;D10095;D09919;D09920;D05029;D09955;D09956;D11137;D11138;D10709;D10800;D10696;D10891;D11279;D11353;D11717;D11073;D06678;D08947;D09689;D09690;D10102;D10103;D08503;D08544;D10224;D10465;D09589;D08878;D11288;D11289;D11430;D11434;D11140;D11541;D11732;D11733;D11772;D11773;D10958;D10886;D12404;D12405;D03350;D04025;D04696;D05399;D05819;D06005;D06285;D08907;D09618;D09635;D09945;D10173;D10862;D11136;D11139;D11368;D11438;D11461;D11737;D12432;D12540;D12557,,
DG01918,Tyrosine kinase inhibitor,Target,Antineoplastic,196,D08066;D01441;D03658;D06414;D08953;D06413;D12444;D03252;D09728;D09950;D09951;D11403;D11404;D01977;D07907;D04023;D09724;D09733;D10766;D10858;D10859;D11115;D09883;D10514;D11251;D11980;D12245;D12258;D12259;D03455;D05350;D10018;D11894;D12457;D12506;D08108;D04024;D08950;D10898;D11141;D12442;D03257;D05446;D09980;D11529;D11375;D10446;D11560;D03218;D08881;D08883;D09683;D10190;D10927;D11417;D11589;D11611;D11725;D12001;D11969;D08552;D06402;D05380;D06407;D10138;D10137;D10229;D10062;D10095;D09919;D09920;D05029;D09955;D09956;D11137;D11138;D10709;D10800;D10696;D10891;D11279;D11353;D11717;D11073;D06678;D08947;D09689;D09690;D10102;D10103;D08503;D08544;D10224;D10465;D09589;D08878;D11288;D11289;D11430;D11434;D11140;D11541;D11732;D11733;D11772;D11773;D10958;D10886;D12404;D12405;D03350;D04025;D04696;D05399;D05819;D06005;D06285;D08907;D09618;D09635;D09945;D10173;D10862;D11136;D11139;D11368;D11438;D11461;D11737;D12432;D12540;D12557;D09731;D10551;D10542;D10450;D10866;D11012;D11346;D11356;D10223;D10893;D11720;D11422;D11070;D10730;D10731;D11428;D11502;D11478;D12160;D11457;D11873;D12050;D12158;D12213;D12285;D12383;D12467;D12489;D12504;D11768;D08524;D06272;D10481;D10396;D10926;D11713;D11712;D12354;D09347;D09348;D08279;D08344;D10334;D10399;D09664;D09665;D10618;D10619;D09864;D09865;D11676;D11677;D12330;D12331;D12363;D12364;D12526;D12537;D10202;D11209;D11454;D11786;D12476;D12559,,
DG01919,Propylhexedrine,Chemical,,2,D05637;D08444,,
DG01920,Thiosalicylic acid,Chemical,"Anti-inflammatory DG01504  Nonsteroidal anti-inflammatory drug (NSAID) DG01909  Anti-inflammatory drug, salicylic acid derivatives",2,D08586;D00971,,
DG01921,Diethazine,Chemical,,2,D07823;D02603,,
DG01922,Selective COX2 inhibitor,Target,Anti-inflammatory DG01504  Nonsteroidal anti-inflammatory drug (NSAID),18,D00567;D00568;D02709;D03716;D03717;D03710;D03714;D10656;D01974;D03689;D03712;D04863;D08657;D00315;D01866;D00969;D00425;D01547,,
DG01923,Renin inhibitor,Target,Cardiovascular agent DG01925  Renin-angiotensin system inhibitor DG03231  Antihypertensive,7,D09038;D03208;D06412;D03738;D03741;D03743;D03745,,
DG01924,Elobixibat,Chemical,Transporter inhibitor DG01622  ABCB1 inhibitor,2,D10796;D10795,A06AX09,
DG01925,Renin-angiotensin system inhibitor,Class,Cardiovascular agent,102,D00251;D07892;D00621;D08131;D00362;D03753;D00624;D11580;D00421;D03752;D00459;D07499;D00620;D07699;D01069;D07992;D00622;D00383;D08529;D03765;D07781;D01667;D08225;D00623;D08566;D01119;D08688;D03767;D08068;D01549;D01900;D03077;D03440;D03756;D03758;D03760;D03763;D03769;D03772;D03773;D03775;D03776;D06076;D09038;D03208;D06412;D03738;D03741;D03743;D03745;D08146;D00357;D04040;D02082;D00400;D00523;D06010;D00522;D00626;D00627;D05246;D01204;D08864;D08067;D08865;D10556;D01922;D04126;D04243;D05801;D10276;D10277;D10268;D10278;D10279;D10280;D10281;D11581;D10282;D07895;D10283;D09197;D10249;D10480;D09196;D09219;D10284;D10589;D09745;D10285;D09743;D10243;D07569;D10286;D10287;D10288;D10226;D11388;D10805;D09594;D10524;D10525,,
DG01926,Copanlisib,Chemical,Antineoplastic DG03139  PI3K inhibitor Metabolizing enzyme substrate DG01891  CYP1A1 substrate DG01633  CYP3A/CYP3A4 substrate,3,D10867;D10797;D10798,L01EM02,
DG01927,Sultosilic acid,Chemical,,2,D08550;D08551,,
DG01928,Dihydropyridine calcium channel blocker,"Structure, Target",Cardiovascular agent DG03231  Antihypertensive,35,D07450;D00615;D02914;D11881;D00319;D00349;D08270;D00617;D00437;D00438;D00618;D00629;D04657;D01908;D08155;D01553;D07494;D01104;D08111;D01849;D01173;D07509;D02045;D08892;D08941;D01145;D01562;D07886;D01604;D01151;D01933;D03655;D04193;D06060;D09789,C08CA,
DG01929,Imidocarb,Chemical,,2,D08069;D04512,,
DG01930,Dihydrofolate reductase inhibitor,Target,Antineoplastic DG02018  Antimetabolite DG01978  Folic acid analog,7,D00142;D02115;D05589;D06238;D06239;D03942;D02527,,
DG01932,"Antifolate, antiprotozoal Dihydrofolate reductase inhibitor, antiprotozoal","Target, Class",Antiparasitic,5,D08428;D02487;D02387;D00488;D03771,,
DG01933,CYP2C19 inhibitor,Metabolism,Metabolizing enzyme inhibitor,27,D00355;D08903;D11858;D09394;D08594;D01028;D00322;D01429;D01980;D02691;D04112;D00533;D09215;D09612;D05928;D07299;D00326;D00823;D07704;D00822;D07705;D07984;D00824;D02561;D01832;D02312;D10537,,
DG01934,Antithyroid agent,Class,Hormonal agent,7,D07231;D00562;D07519;D07616;D00401;D07232;D08659,,
DG01935,Fluoropyrimidine antineoplastic,Structure,"Antineoplastic DG02018  Antimetabolite DG01958  Nucleic acid derivative, antineoplastic",8,D00584;D07974;D01244;D01784;D01223;D04197;D01309;D12388,,
DG01936,TNF inhibitor,Target,Anti-inflammatory DG01985  Disease modifying anti-rheumatic drug (DMARD),15,D00742;D02598;D07436;D02597;D03441;D04358;D04687;D09813;D04690;D05146;D05263;D05393;D09944;D10187;D10320,L04AB,
DG01937,Anti-cytomegalovirus agent,Class,Antiviral,11,D00333;D04301;D00273;D02495;D03256;D00579;D02267;D04859;D10801;D07989;D02736,,
DG01938,CYP2D6 inducer,Metabolism,Metabolizing enzyme inducer,1,D10003,,
DG01940,Butyrophenone derivative,"Structure, Class",Neuropsychiatric agent DG03200  Antipsychotic agent,26,D00136;D01898;D08035;D02625;D08637;D07309;D08172;D02623;D01105;D02622;D01482;D01101;D02626;D02627;D00308;D02621;D01051;D02035;D02620;D02628;D02651;D02668;D02686;D03921;D05495;D03666,N05AD,
DG01941,Benzamide antipsychotic,"Structure, Class",Neuropsychiatric agent DG03200  Antipsychotic agent,11,D01226;D08549;D02208;D08590;D01522;D02682;D02683;D07310;D07311;D07312;D01468,N05AL,
DG01942,Iminobenzyl antipsychotic,"Structure, Class",Neuropsychiatric agent DG03200  Antipsychotic agent,7,D08235;D01548;D07623;D01449;D02713;D07718;D02371,,
DG01943,"Triptan 5-HT1B/1D-receptor agonist, antimigraine drug","Structure, Target, Class",Analgesic,16,D00451;D00676;D08255;D00674;D00415;D08485;D00675;D05740;D02824;D02825;D07887;D01973;D11617;D07997;D04264;D03014,N02CC,
DG01944,Todralazine,Chemical,Cardiovascular agent DG02046  Hydrazinophthalazine derivative,3,D08613;D01951;D05034,,
DG01945,Bile acid sequestrant,Target,Hypolipidemic agent DG01946  Hypolipidemic agent,8,D02690;D07771;D02113;D07744;D07745;D07743;D03582;D01934,,
DG01946,Hypolipidemic agent,Class,Hypolipidemic agent,77,D00434;D00359;D08410;D00893;D07983;D00892;D07474;D00887;D02258;D11095;D07661;D00889;D08492;D01915;D01862;D10568;D11092;D03601;D03643;D03816;D02690;D07771;D02113;D07744;D07745;D07743;D03582;D01934;D10557;D10335;D11931;D12293;D10621;D11398;D00279;D01208;D07724;D01366;D00334;D00565;D08890;D01212;D07186;D03521;D07187;D07188;D01300;D10711;D06102;D07529;D04411;D04736;D04737;D05102;D06133;D06209;D07723;D01754;D00476;D05255;D01966;D09637;D09638;D10691;D10385;D08488;D04267;D01234;D01530;D01913;D03343;D01291;D01892;D04268;D01221;D11520;D12438,,
DG01947,"Anti-inflammatory drug, pyrazolone",Structure,Anti-inflammatory DG01504  Nonsteroidal anti-inflammatory drug (NSAID),19,D00510;D08363;D08364;D07262;D08324;D05319;D07263;D01567;D01305;D01289;D05451;D08630;D01776;D08190;D01762;D00556;D01380;D01437;D01706,,
DG01948,Gilteritinib,Chemical,Antineoplastic DG01918  Tyrosine kinase inhibitor DG01917  Receptor tyrosine kinase inhibitor Metabolizing enzyme substrate DG01633  CYP3A/CYP3A4 substrate DG02913  CYP3A4 substrate Transporter substrate DG01665  ABCB1 substrate,2,D10709;D10800,L01EX13,
DG01949,"Anti-inflammatory drug, phenylbutazones",Structure,"Anti-inflammatory DG01504  Nonsteroidal anti-inflammatory drug (NSAID) DG01947  Anti-inflammatory drug, pyrazolone",12,D00510;D08363;D08364;D07262;D08324;D05319;D07263;D01567;D01305;D01289;D05451;D08630,,
DG01950,Antithrombotic agent Anticoagulant,Class,Blood modifier agent,149,D03798;D05457;D07064;D07131;D07137;D09807;D08682;D00564;D01280;D09676;D09677;D08354;D07135;D07136;D07969;D03164;D07457;D07139;D07736;D07510;D02112;D04427;D03674;D04977;D02980;D03337;D03353;D03673;D06398;D06571;D03644;D08547;D04799;D08536;D07729;D00769;D10823;D10824;D08594;D01028;D05597;D01220;D08327;D01683;D01684;D03661;D03663;D04276;D05502;D05727;D07138;D07140;D00109;D05181;D07579;D07580;D07581;D07582;D00302;D03385;D00106;D01337;D07141;D02721;D08065;D02778;D07421;D06888;D08607;D01029;D07142;D02720;D01551;D06213;D08628;D10430;D12005;D01896;D09017;D03359;D03361;D09765;D09766;D09994;D11160;D01810;D02722;D02860;D08508;D01624;D01892;D02837;D02947;D05721;D06070;D05412;D05410;D08256;D03695;D04665;D09814;D09823;D08609;D03341;D06270;D09206;D03324;D05123;D06879;D07422;D03157;D02938;D03918;D06142;D03692;D06880;D00181;D07143;D01981;D03136;D11280;D09707;D07144;D07082;D03722;D03728;D07086;D03213;D09710;D09546;D11568;D08873;D01844;D11029;D04029;D04183;D08858;D08913;D09817;D09923;D10471;D03352;D08004;D01672;D08240;D01670;D06410;D08795;D12446,,
DG01951,Catecholamine adrenergic receptor agonist,"Structure, Target, Class",Cardiovascular agent,38,D08090;D01390;D02066;D02150;D00076;D05206;D08284;D09794;D03879;D00632;D03880;D03881;D03891;D03892;D02976;D00095;D00996;D02149;D08205;D00405;D05730;D08039;D02396;D04625;D02093;D04626;D07534;D00684;D02774;D07560;D02349;D01017;D02614;D05688;D05689;D02388;D03587;D04708,,
DG01952,Vasopressin analog,Structure,Cardiovascular agent,10,D00101;D09820;D02983;D00291;D02235;D00366;D06672;D08571;D07227;D04137,H01BA,
DG01953,Thyroid preparation,Class,Hormonal agent,11,D07214;D08125;D01010;D11113;D08128;D01011;D08129;D06482;D01012;D00361;D09381,,
DG01954,Antacid Antacids containing metal ion,Class,Gastrointestinal agent DG01975  Agents for peptic ulcer,32,D02416;D02807;D02862;D03827;D02012;D03236;D03237;D04393;D01446;D01167;D00731;D03271;D04839;D00932;D03309;D04832;D02821;D03238;D07419;D07587;D07584;D01203;D04836;D00728;D02844;D05579;D07610;D02819;D03131;D06436;D08875;D09812,,
DG01955,Corticosteroid,Class,Anti-inflammatory,136,D00407;D00751;D00979;D05000;D05001;D05002;D07203;D00088;D00165;D00976;D00977;D00978;D01442;D01619;D01886;D02288;D04467;D06876;D09796;D00472;D00980;D00981;D00982;D01239;D01998;D02156;D03301;D08412;D08413;D08414;D08415;D07717;D01273;D04208;D01464;D07972;D04217;D04225;D01367;D04221;D07201;D07980;D03696;D00385;D00983;D00984;D00985;D06216;D07116;D01820;D00292;D00975;D01510;D01615;D01632;D01948;D02174;D02591;D02592;D07073;D07796;D07797;D07798;D07799;D07800;D07801;D07802;D07719;D02287;D03541;D00244;D00972;D01357;D01402;D01637;D02032;D02286;D04201;D03697;D01825;D04218;D04219;D07973;D03812;D01764;D03813;D00328;D00325;D00246;D07827;D01327;D01387;D07202;D08227;D00690;D03325;D07495;D00689;D11572;D07981;D01708;D06315;D05601;D01266;D08660;D04409;D07715;D01272;D01308;D07464;D01229;D00473;D08416;D07749;D00973;D07230;D05729;D03671;D03561;D06673;D03594;D08610;D06171;D00324;D04214;D01703;D02289;D04244;D08147;D01689;D08476;D05719;D01434;D10528;D07967;D00986,,
DG01956,Bile acid preparation,Class,Gastrointestinal agent,5,D00163;D00734;D10699;D09360;D01693,A05AA,
DG01958,"Nucleic acid derivative, antineoplastic",Structure,Antineoplastic DG02018  Antimetabolite,38,D07966;D01907;D03546;D05134;D00168;D03046;D03637;D02368;D01155;D10222;D03665;D01633;D12451;D12452;D01651;D04134;D04233;D06100;D06221;D06255;D09712;D09722;D12387;D00584;D07974;D01244;D01784;D01223;D04197;D01309;D12388;D04931;D00161;D08603;D06109;D01370;D00155;D01678,,
DG01959,Prostaglandin E2 derivative,"Structure, Class",Hormonal agent DG01961  Prostaglandin derivative,4,D01891;D00079;D03269;D02725,,
DG01960,Prostaglandin F derivative,"Structure, Target",Hormonal agent DG01961  Prostaglandin derivative,14,D00081;D01352;D02343;D00682;D03399;D00356;D08661;D01452;D02724;D01964;D06274;D10441;D02719;D08591,,
DG01961,Prostaglandin derivative,,Hormonal agent,41,D00419;D00180;D02705;D02073;D02722;D02860;D01869;D02723;D03187;D05732;D01891;D00079;D03269;D02725;D00106;D01337;D02721;D08065;D02720;D01551;D06213;D08628;D10430;D12005;D01188;D02048;D03522;D00081;D01352;D02343;D00682;D03399;D00356;D08661;D01452;D02724;D01964;D06274;D10441;D02719;D08591,,
DG01962,"alpha-Glucosidase inhibitor, antiviral","Target, Class",Antiviral DG03198  Anti-HCV agent,1,D03433,,
DG01963,"Vasodilator, ergot alkaloid","Structure, Class",Neuropsychiatric agent DG01964  Ergot alkaloid,7,D07839;D02268;D01290;D08271;D07834;D07833;D07218,,
DG01964,Ergot alkaloid,Structure,Neuropsychiatric agent,35,D07839;D02268;D01290;D08271;D07834;D07833;D07218;D07837;D02211;D07838;D07906;D00679;D02357;D00681;D08132;D01462;D07585;D05829;D08207;D00680;D07905;D01163;D03165;D00780;D00987;D07217;D08457;D01348;D08339;D00502;D07835;D07836;D04693;D04694;D02893,,
DG01965,Vinca alkaloid antineoplastic,"Structure, Class",Antineoplastic,15,D08675;D01068;D08679;D02197;D06304;D01769;D08680;D01935;D09032;D10434;D06305;D06306;D06307;D06308;D06309,L01CA,
DG01966,Antitubercular,Class,Antibacterial,44,D00211;D08479;D02549;D08480;D00424;D00879;D02554;D02550;D02551;D02552;D02553;D01195;D07246;D00591;D08584;D00144;D07248;D00162;D00875;D05460;D03368;D01643;D00877;D07897;D03278;D07607;D00135;D00346;D01501;D02002;D09773;D07925;D00878;D07247;D09872;D09873;D09785;D10722;D08531;D01350;D00866;D03262;D08120;D00588,,
DG01967,Antiparkinson agent,Class,Neuropsychiatric agent,41,D00059;D03165;D00780;D08339;D00502;D08489;D00784;D05575;D00559;D00987;D07460;D02004;D05768;D00558;D01277;D10293;D00786;D00781;D10825;D00253;D02135;D07441;D00777;D03731;D00785;D08469;D02562;D10829;D10158;D10191;D08638;D00787;D00779;D02246;D02247;D08157;D03264;D08395;D01231;D04641;D02964,,
DG01968,Antidementia agent,Class,Neuropsychiatric agent,11,D07869;D00670;D03822;D02558;D04292;D02173;D08174;D04905;D10541;D11387;D11678,,
DG01969,"Racetam derivative, nootropic","Structure, Class",Neuropsychiatric agent,7,D01914;D07346;D01883;D08405;D05592;D05593;D09830,,
DG01971,Agents for narcolepsy,Class,Neuropsychiatric agent,6,D08187;D02242;D01296;D00744;D01832;D03215,,
DG01973,Carbamate muscle relaxant,Structure,Musculo-skeletal system agent DG02029  Muscle relaxant DG01974  Centrally acting muscle relaxant,7,D01824;D00768;D00402;D07274;D07275;D00770;D04777,,
DG01974,Centrally acting muscle relaxant,Class,Musculo-skeletal system agent DG02029  Muscle relaxant,30,D01824;D00768;D00402;D07274;D07275;D00770;D04777;D00268;D00771;D08305;D00774;D02599;D00241;D08611;D00776;D08418;D02064;D08419;D08617;D01507;D07276;D02595;D07277;D07758;D00772;D07898;D01671;D07953;D00755;D01638,,
DG01975,Agents for peptic ulcer,Class,Gastrointestinal agent,129,D02416;D02807;D02862;D03827;D02012;D03236;D03237;D04393;D01446;D01167;D00731;D03271;D04839;D00932;D03309;D04832;D02821;D03238;D07419;D07587;D07584;D01203;D04836;D00728;D02844;D05579;D07610;D02819;D03131;D06436;D08875;D09812;D00295;D03503;D00422;D00673;D05699;D00318;D00440;D07072;D08494;D01467;D08495;D01131;D05306;D05307;D01193;D01698;D01861;D03889;D04098;D04494;D04680;D04794;D05004;D05939;D06157;D06355;D00455;D01207;D05261;D05259;D05353;D02593;D00355;D08463;D00724;D07917;D01984;D04056;D09339;D10120;D11114;D08903;D11784;D10466;D12246;D01920;D05722;D05900;D05901;D05906;D09837;D00446;D00177;D01529;D01306;D02324;D03336;D08977;D01121;D01827;D00015;D02706;D07885;D01991;D07663;D02266;D08087;D01658;D07506;D02452;D01611;D01956;D02033;D03366;D04363;D04372;D00419;D01891;D08389;D01297;D05276;D01818;D08382;D01165;D00481;D01377;D02535;D01451;D01152;D08311;D01037;D02075;D01491;D01875;D01803;D01815;D01869,,
DG01976,Avatrombopag,Chemical,Metabolizing enzyme substrate DG01642  CYP2C9 substrate DG01633  CYP3A/CYP3A4 substrate DG02913  CYP3A4 substrate,2,D10306;D10307,B02BX08,
DG01977,Dihydroergotoxine,Chemical,"Neuropsychiatric agent DG01964  Ergot alkaloid DG01963  Vasodilator, ergot alkaloid Metabolizing enzyme substrate DG01633  CYP3A/CYP3A4 substrate DG02913  CYP3A4 substrate",2,D07839;D02268,,
DG01978,Folic acid analog,Structure,Antineoplastic DG02018  Antimetabolite,17,D00142;D02115;D05589;D06238;D06239;D03942;D02527;D01064;D07472;D03828;D06503;D10596;D11352;D04766;D05400;D05999;D10803,,
DG01979,Magnesium containing preparation,Structure,Gastrointestinal agent,11,D01446;D01167;D00731;D03271;D04839;D01108;D03265;D04834;D04835;D02026;D08263,,
DG01980,Calcium,Structure,Gastrointestinal agent,20,D00937;D00938;D03302;D03303;D06437;D03294;D00935;D05463;D00932;D00936;D02254;D02256;D00934;D04330;D00933;D03309;D03306;D00931;D02257;D01598,,
DG01981,"Anilide derivative, anti-inflammatory",Structure,Anti-inflammatory,6,D00217;D00569;D01116;D07294;D08434;D03181,,
DG01982,"Antimigraine, ergot alkaloid","Structure, Class",Neuropsychiatric agent DG01964  Ergot alkaloid,11,D07837;D02211;D07838;D07906;D00679;D02357;D00681;D08132;D01462;D07585;D05829,,
DG01983,Glecaprevir,Chemical,Antiviral DG03198  Anti-HCV agent DG02001  HCV NS3/4A protease inhibitor,2,D10814;D10815,,
DG01984,Opioid analgesics,Target,Analgesic,101,D00320;D01399;D10811;D07122;D00835;D05938;D00845;D02611;D02941;D02942;D08473;D01177;D08233;D00842;D02271;D08234;D03444;D06499;D08047;D00839;D07285;D08273;D05312;D00847;D02175;D03783;D05462;D07831;D01481;D03825;D07832;D07435;D08323;D00844;D08100;D08101;D08343;D01383;D03855;D07287;D07808;D07288;D07809;D00482;D05632;D07289;D00498;D02111;D02227;D07132;D00836;D03197;D00837;D08246;D00843;D09999;D08597;D06147;D08623;D01355;D00838;D08182;D04924;D06007;D10199;D11214;D08195;D02102;D04716;D00840;D08121;D08122;D07286;D07810;D00195;D02101;D03579;D03580;D07740;D08123;D00841;D03445;D07904;D01879;D07620;D03405;D03618;D03156;D03863;D03866;D04649;D04764;D04973;D05048;D05154;D05217;D05369;D06208;D06268;D06342;D07937,,
DG01985,Disease modifying anti-rheumatic drug (DMARD),Class,Anti-inflammatory,81,D00992;D08521;D00237;D00991;D07478;D00496;D08330;D01809;D01146;D00448;D01395;D00749;D08556;D00107;D00238;D03033;D00142;D02115;D01392;D09959;D09960;D10630;D11296;D11768;D09970;D09783;D10308;D10994;D10995;D11048;D10871;D10872;D11106;D10944;D10945;D10653;D10721;D11400;D11046;D10315;D10358;D10889;D10141;D10142;D11537;D11538;D11599;D11600;D11676;D11677;D11866;D11867;D12211;D12212;D12575;D12576;D10365;D10585;D10728;D11970;D12118;D12502;D03203;D00742;D02598;D07436;D02597;D03441;D04358;D04687;D09813;D04690;D05146;D05263;D05393;D09944;D10187;D10320;D02596;D10161;D03684,,
DG01986,Estrogen,Class,Hormonal agent,33,D00554;D07928;D00105;D01413;D01617;D01953;D04061;D04063;D04064;D04065;D07918;D07919;D00185;D01986;D01989;D07920;D07921;D00269;D00067;D00312;D00948;D07221;D04070;D05987;D01639;D07434;D00575;D00576;D04041;D04071;D05212;D04068;D04069,,
DG01987,Eglumegad Eglumetad,Chemical,,2,D08908;D03966,,
DG01988,Ciraparantag,Chemical,,2,D10868;D10869,,
DG01989,Dasotraline,Chemical,Neuropsychiatric agent DG03059  Noradrenalin and dopamine reuptake inhibitor (NDRI),2,D10700;D10870,,
DG01990,Serine protease inhibitor,"Target, Class",Blood modifier agent DG02016  Hemostatics DG02012  Antifibrinolytic,5,D07606;D01766;D08240;D01670;D11100,,
DG01991,Filgotinib,Chemical,Anti-inflammatory DG01985  Disease modifying anti-rheumatic drug (DMARD) DG02020  JAK inhibitor Metabolizing enzyme substrate DG02970  CES substrate DG03241  CES1 substrate DG03192  CES2 substrate,3,D10871;D10872;D11106,L04AA45,
DG01992,Enclomiphene,Chemical,Antineoplastic DG01585  Estrogen receptor antagonist,2,D08910;D10876,,
DG01993,Thyroid,Chemical,Hormonal agent DG01953  Thyroid preparation DG01608  Thyroid hormone replenisher,2,D06482;D01012,,
DG01994,Halogenated hydrocarbons,Structure,Neuropsychiatric agent DG02030  Anesthetics DG02027  General anesthetics DG02028  Inhalational anaesthetics,11,D00542;D00543;D00545;D00546;D00547;D00544;D02812;D05208;D05745;D06055;D04237,,
DG01995,Ciramadol,Chemical,,2,D03523;D03524,,
DG01996,Magnesium silicate,Chemical,Gastrointestinal agent DG01975  Agents for peptic ulcer DG01954  Antacid DG01979  Magnesium containing preparation,2,D03271;D04839,A02AA05,
DG01997,Guadecitabine,Chemical,,2,D10877;D10809,,
DG01998,Gepotidacin,Chemical,,2,D10878;D10879,,
DG01999,HCV NS5A inhibitor,"Target, Class",Antiviral DG03198  Anti-HCV agent,12,D10065;D10105;D10625;D12247;D10442;D10599;D10576;D10598;D10665;D10806;D10816;D11217,,
DG02000,HCV NS5B polymerase inhibitor,"Target, Class",Antiviral DG03198  Anti-HCV agent,17,D00423;D10366;D10553;D10581;D10610;D10611;D10554;D10622;D12255;D12260;D08951;D09616;D09971;D10165;D10425;D10996;D10477,,
DG02001,HCV NS3/4A protease inhibitor,"Target, Class",Antiviral DG03198  Anti-HCV agent,22,D09012;D08876;D10462;D10081;D10469;D10093;D11565;D10639;D09884;D09885;D10393;D10394;D10580;D10597;D10814;D10815;D03501;D09644;D09987;D10166;D10408;D10899,,
DG02002,Nusinersen,Chemical,,2,D10881;D10791,M09AX07,
DG02003,Amifampridine,Chemical,,2,D10228;D10689,,
DG02004,Progesterone,"Structure, Class",Hormonal agent,36,D00182;D00953;D08285;D01580;D00950;D05679;D08167;D00952;D08166;D00951;D07220;D04104;D02367;D01159;D08052;D00949;D08053;D00066;D01217;D04885;D07222;D08281;D07223;D07670;D01299;D08431;D03799;D01374;D07939;D01294;D00954;D02840;D04316;D05003;D05209;D08429,,
DG02005,Oclacitinib,Chemical,Anti-inflammatory DG01985  Disease modifying anti-rheumatic drug (DMARD) DG02020  JAK inhibitor,2,D10141;D10142,,
DG02006,Testosterone,"Structure, Class",Hormonal agent,11,D00327;D00408;D00075;D00957;D00958;D00959;D06085;D06086;D06087;D08573;D08574,,
DG02007,"Antianxiety, carbamate derivatives",Structure,Neuropsychiatric agent,3,D00376;D07317;D01807,,
DG02008,Gastric mucosal protectant,Class,Gastrointestinal agent DG01975  Agents for peptic ulcer,25,D00446;D00177;D01529;D01306;D02324;D03336;D08977;D01121;D01827;D00015;D02706;D07885;D01991;D07663;D02266;D08087;D01658;D07506;D02452;D01611;D01956;D02033;D03366;D04363;D04372,,
DG02009,Pyrazinamide derivative,Structure,Antibacterial DG01966  Antitubercular,2,D00144;D07248,,
DG02010,Fominoben,Chemical,,2,D07988;D01483,,
DG02011,Glaucine,Chemical,,2,D08014;D08019,,
DG02012,Antifibrinolytic,,Blood modifier agent DG02016  Hemostatics,9,D00160;D01136;D07568;D07606;D01766;D08240;D01670;D11100;D02971,,
DG02013,Blood coagulation factor,Class,Blood modifier agent DG02016  Hemostatics DG02014  Blood coagulation accelerant,29,D08792;D08798;D05401;D05409;D08232;D10227;D10539;D10758;D10759;D10760;D10771;D10818;D10830;D10831;D10842;D08797;D08794;D05201;D10401;D10538;D10757;D10770;D10522;D00172;D10139;D08802;D08681;D10532;D12441,,
DG02014,Blood coagulation accelerant,,Blood modifier agent DG02016  Hemostatics,39,D08792;D08798;D05401;D05409;D08232;D10227;D10539;D10758;D10759;D10760;D10771;D10818;D10830;D10831;D10842;D08797;D08794;D05201;D10401;D10538;D10757;D10770;D10522;D00172;D10139;D08802;D08681;D10532;D12441;D00148;D02335;D08177;D00100;D08175;D04908;D08176;D00090;D09016;D03331,,
DG02016,Hemostatics,Class,Blood modifier agent,54,D00160;D01136;D07568;D07606;D01766;D08240;D01670;D11100;D02971;D08792;D08798;D05401;D05409;D08232;D10227;D10539;D10758;D10759;D10760;D10771;D10818;D10830;D10831;D10842;D08797;D08794;D05201;D10401;D10538;D10757;D10770;D10522;D00172;D10139;D08802;D08681;D10532;D12441;D00148;D02335;D08177;D00100;D08175;D04908;D08176;D00090;D09016;D03331;D01282;D01864;D01525;D02276;D01993;D03272,,
DG02017,Potassium,Structure,Gastrointestinal agent,5,D02060;D02077;D01298;D01154;D04948,,
DG02018,Antimetabolite,Class,Antineoplastic,55,D00142;D02115;D05589;D06238;D06239;D03942;D02527;D01064;D07472;D03828;D06503;D10596;D11352;D04766;D05400;D05999;D10803;D07966;D01907;D03546;D05134;D00168;D03046;D03637;D02368;D01155;D10222;D03665;D01633;D12451;D12452;D01651;D04134;D04233;D06100;D06221;D06255;D09712;D09722;D12387;D00584;D07974;D01244;D01784;D01223;D04197;D01309;D12388;D04931;D00161;D08603;D06109;D01370;D00155;D01678,,
DG02019,Interleukin inhibitor,Target,Immunological agent,49,D03639;D03058;D02934;D06635;D09214;D02596;D09315;D09588;D09967;D09669;D10061;D10071;D10161;D10080;D10438;D10400;D11052;D11079;D11550;D12066;D09190;D01583;D08985;D04923;D09874;D10354;D09979;D04748;D06556;D08857;D09615;D09633;D09897;D09911;D10902;D10912;D11080;D11123;D11127;D11449;D11759;D11999;D12169;D12278;D12306;D12370;D12375;D12479;D12487,L04AC,
DG02020,JAK inhibitor,Target,Anti-inflammatory DG01985  Disease modifying anti-rheumatic drug (DMARD),43,D09959;D09960;D10630;D11296;D11768;D09970;D09783;D10308;D10994;D10995;D11048;D10871;D10872;D11106;D10944;D10945;D10653;D10721;D11400;D11046;D10315;D10358;D10889;D10141;D10142;D11537;D11538;D11599;D11600;D11676;D11677;D11866;D11867;D12211;D12212;D12575;D12576;D10365;D10585;D10728;D11970;D12118;D12502,,
DG02022,BTK inhibitor,Target,Antineoplastic DG01918  Tyrosine kinase inhibitor,21,D10223;D10893;D11720;D11422;D11070;D10730;D10731;D11428;D11502;D11478;D12160;D11457;D11873;D12050;D12158;D12213;D12285;D12383;D12467;D12489;D12504,L01EL,
DG02023,Aganepag,Chemical,,3,D09861;D09862;D09863,,
DG02024,Simenepag,Chemical,,2,D09962;D09963,,
DG02025,Barbiturate anesthetics,"Structure, Class",Neuropsychiatric agent DG02030  Anesthetics DG02027  General anesthetics,6,D04985;D00712;D01071;D00714;D06106;D00713,,
DG02026,Opioid anesthetics,Class,Neuropsychiatric agent DG02030  Anesthetics DG02027  General anesthetics,13,D00320;D01399;D10811;D07122;D00835;D05938;D00845;D02611;D02941;D02942;D08473;D01177;D03852,,
DG02027,General anesthetics,Class,Neuropsychiatric agent DG02030  Anesthetics,41,D01772;D00542;D00543;D00545;D00546;D00547;D00544;D02812;D05208;D05745;D06055;D04237;D00102;D03841;D04985;D00712;D01071;D00714;D06106;D00713;D00320;D01399;D10811;D07122;D00835;D05938;D00845;D02611;D02941;D02942;D08473;D01177;D03852;D08098;D00711;D05626;D07282;D00548;D00549;D04257;D05866,,
DG02028,Inhalational anaesthetics,Class,Neuropsychiatric agent DG02030  Anesthetics DG02027  General anesthetics,14,D01772;D00542;D00543;D00545;D00546;D00547;D00544;D02812;D05208;D05745;D06055;D04237;D00102;D03841,,
DG02029,Muscle relaxant,Class,Musculo-skeletal system agent,53,D01215;D02207;D08655;D00492;D02292;D00767;D00758;D04435;D00764;D00760;D00765;D00763;D00759;D00783;D02735;D11405;D02204;D05703;D08553;D00766;D02275;D01824;D00768;D00402;D07274;D07275;D00770;D04777;D00268;D00771;D08305;D00774;D02599;D00241;D08611;D00776;D08418;D02064;D08419;D08617;D01507;D07276;D02595;D07277;D07758;D00772;D07898;D01671;D07953;D00755;D01638;D02347;D02274,,
DG02030,Anesthetics,Class,Neuropsychiatric agent,92,D01772;D00542;D00543;D00545;D00546;D00547;D00544;D02812;D05208;D05745;D06055;D04237;D00102;D03841;D04985;D00712;D01071;D00714;D06106;D00713;D00320;D01399;D10811;D07122;D00835;D05938;D00845;D02611;D02941;D02942;D08473;D01177;D03852;D08098;D00711;D05626;D07282;D00548;D00549;D04257;D05866;D08422;D00740;D00551;D00741;D07678;D00732;D00110;D02182;D02456;D00552;D02906;D02907;D07552;D01450;D00358;D02086;D08127;D08181;D00738;D00553;D01243;D07284;D00733;D02220;D04095;D00737;D07468;D02991;D08490;D04048;D08116;D01287;D01152;D08311;D08640;D08641;D01878;D03719;D05665;D05743;D04088;D07881;D00735;D00033;D06534;D00250;D08319;D01768;D08448;D02098;D01967,,
DG02031,Hydantoin antiepileptic Hydantoin anticonvulsant,"Structure, Class",Neuropsychiatric agent DG03199  Antiepileptic agent,9,D00708;D00512;D02103;D00375;D07993;D02096;D07595;D02797;D04982,,
DG02032,Oxazolidine antiepileptic Oxazolidine anticonvulsant,"Structure, Class",Neuropsychiatric agent DG03199  Antiepileptic agent,3,D00495;D00392;D03838,,
DG02033,Succinimide antiepileptic Succinimide anticonvulsant,"Structure, Class",Neuropsychiatric agent DG03199  Antiepileptic agent,3,D00539;D00508;D00404,,
DG02034,Carboxamide antiepileptic Carboxamide anticonvulsant,"Structure, Class",Neuropsychiatric agent DG03199  Antiepileptic agent,5,D00252;D00533;D05775;D09215;D09612,,
DG02035,Fatty acid antiepileptic Fatty acid anticonvulsant,"Structure, Class",Neuropsychiatric agent DG03199  Antiepileptic agent,8,D00399;D00304;D00710;D08667;D02766;D02718;D04637;D05033,,
DG02036,"Benzodiazepine derivative, antiepileptic Benzodiazepine derivative, anticonvulsant","Structure, Class",Neuropsychiatric agent DG03199  Antiepileptic agent,3,D00280;D01253;D00531,,
DG02037,GABA mimetic antiepileptic GABA mimetic anticonvulsant,"Structure, Class",Neuropsychiatric agent DG03199  Antiepileptic agent,10,D00058;D00535;D05621;D08588;D02097;D00332;D09539;D02716;D09569;D06181,,
DG02038,Piracetam antiepileptic Piracetam anticonvulsant,"Structure, Class",Neuropsychiatric agent DG03199  Antiepileptic agent,3,D00709;D08879;D05817,,
DG02039,Fiboflapon,Chemical,,2,D10069;D10122,,
DG02040,Aladorian,Chemical,,2,D10304;D10305,,
DG02041,Alvocidib,Chemical,Antineoplastic DG03138  CDK inhibitor,2,D09868;D02880,,
DG02042,Uricosurics,Class,Musculo-skeletal system agent,6,D00475;D00449;D01056;D07279;D09921;D09922,,
DG02043,Bavisant,Chemical,,2,D09870;D09871,,
DG02044,Hypoglycemic agent,Class,Antidiabetic agent,140,D08351;D08352;D04966;D00944;D00595;D02206;D04103;D00395;D08491;D00596;D08378;D00945;D11923;D03493;D03653;D03941;D03996;D05150;D05739;D11603;D11604;D00336;D00271;D00380;D06177;D02427;D00379;D02425;D00335;D02430;D01599;D07117;D07118;D00593;D00219;D01799;D02426;D02428;D02429;D04322;D04354;D04355;D04356;D06186;D00594;D01111;D01854;D11807;D08516;D06645;D12294;D07080;D08996;D09753;D10262;D06553;D09566;D10502;D11023;D08616;D09756;D11968;D08631;D09326;D09333;D09334;D10178;D10179;D06578;D09625;D09780;D10317;D04121;D06404;D09729;D08843;D09889;D10025;D11924;D11360;D09723;D10970;D12225;D12341;D11910;D11911;D12536;D12529;D12555;D00216;D00625;D01665;D03342;D09779;D09605;D09606;D08897;D09763;D09592;D10459;D10313;D11043;D10196;D10200;D10669;D10195;D09978;D06641;D10055;D10865;D05594;D05595;D09744;D10265;D10266;D10261;D10743;D10263;D10264;D10253;D11109;D10586;D10587;D10752;D11067;D09848;D10159;D10160;D10588;D10826;D11066;D10897;D11064;D11711;D11856;D10244;D10500;D04403;D07192;D07508,,
DG02045,Acexamic acid,Chemical,,3,D07074;D07558;D07559,,
DG02046,Hydrazinophthalazine derivative,Structure,Cardiovascular agent,12,D07170;D07830;D08044;D01302;D04458;D08254;D03994;D01804;D08613;D01951;D05034;D01997,C02DB,
DG02068,Glucocorticoid,"Structure, Class",Anti-inflammatory DG01955  Corticosteroid,133,D00407;D00751;D00979;D05000;D05001;D05002;D07203;D00088;D00165;D00976;D00977;D00978;D01442;D01619;D01886;D02288;D04467;D06876;D09796;D00472;D00980;D00981;D00982;D01239;D01998;D02156;D03301;D08412;D08413;D08414;D08415;D07717;D01273;D04208;D01464;D07972;D04217;D04225;D01367;D04221;D07201;D07980;D03696;D00385;D00983;D00984;D00985;D06216;D07116;D01820;D00292;D00975;D01510;D01615;D01632;D01948;D02174;D02591;D02592;D07073;D07796;D07797;D07798;D07799;D07800;D07801;D07802;D07719;D02287;D03541;D00244;D00972;D01357;D01402;D01637;D02032;D02286;D04201;D03697;D01825;D04218;D04219;D07973;D03812;D01764;D03813;D00328;D00325;D00246;D07827;D01327;D01387;D07202;D08227;D00690;D03325;D07495;D00689;D11572;D07981;D01708;D06315;D05601;D01266;D08660;D04409;D07715;D01272;D01308;D07464;D01229;D00473;D08416;D07749;D00973;D07230;D05729;D03671;D03561;D06673;D03594;D08610;D06171;D00324;D04214;D01703;D02289;D04244;D08147;D01689;D08476;D05719;D01434,,
DG02069,Atiprimod,Chemical,,2,D03003;D03004,,
DG02073,Leucovorin Folinic acid,Chemical,,3,D07986;D01211;D07987,,
DG02077,Difeterol,Chemical,,3,D09748;D01701;D09747,,
DG02078,Anivamersen,Chemical,,2,D10059;D10092,,
DG02081,Capmatinib,Chemical,Antineoplastic DG01918  Tyrosine kinase inhibitor DG01917  Receptor tyrosine kinase inhibitor Metabolizing enzyme substrate DG01633  CYP3A/CYP3A4 substrate DG02913  CYP3A4 substrate DG02953  AOX1 substrate,2,D10696;D10891,L01EX17,
DG02084,Ribociclib,Chemical,Antineoplastic DG03138  CDK inhibitor Metabolizing enzyme substrate DG01633  CYP3A/CYP3A4 substrate DG02913  CYP3A4 substrate,2,D10883;D10979,L01EF02,
DG02094,Delcasertib,Chemical,,2,D10456;D10457,,
DG02115,Valbenazine,Chemical,Metabolizing enzyme substrate DG01644  CYP2D6 substrate DG01633  CYP3A/CYP3A4 substrate DG02913  CYP3A4 substrate DG02925  CYP3A5 substrate,2,D10675;D10999,N07XX13,
DG02199,Valtorcitabine,Chemical,,2,D10894;D06278,,
DG02201,Pomaglumetad methionil,Chemical,,2,D10896;D09949,,
DG02225,Larazotide,Chemical,,2,D09351;D09352,,
DG02303,Neratinib,Chemical,Antineoplastic DG01918  Tyrosine kinase inhibitor DG01917  Receptor tyrosine kinase inhibitor DG03158  HER2 inhibitor,2,D08950;D10898,L01EH02,
DG02399,Amiselimod,Chemical,,2,D10905;D10904,,
DG02404,Bictegravir,Chemical,Antiviral DG03107  Anti-HIV agent DG03135  HIV integrase inhibitor,2,D10909;D10910,,
DG02442,Tylvalosin,Chemical,Antibacterial DG01551  Macrolide antibiotic DG01876  16-Membered ring macrolide antibiotic,2,D10032;D10034,,
DG02443,Dexisometheptene,Chemical,,2,D10922;D10923,,
DG02444,Etrasimod,Chemical,,2,D10930;D10931,,
DG02467,Glycopyrronium,Chemical,Neuropsychiatric agent DG01491  Muscarinic cholinergic receptor antagonist,3,D10938;D00540;D10939,D11AA01,
DG02500,Methicillin,Chemical,Antibacterial DG01779  beta-Lactamase resistant penicillin,1,D02196,J01CF03,
DG02580,Aceneuramic acid,Chemical,,2,D11016;D09855,M09AX05,
DG02658,Cysteamine Mercaptamine,Chemical,,3,D03634;D03635;D10468,A16AA04,
DG02691,Migalastat,Chemical,,2,D10359;D05031,A16AX14,
DG02692,Netarsudil,Chemical,Ophthalmic agent DG03201  Intraocular pressure lowering agent,2,D11030;D11031,S01EX05,
DG02693,Inotersen,Chemical,,2,D10940;D10941,N07XX15,
DG02694,Mongersen,Chemical,,2,D10956;D10955,,
DG02805,Patiromer,Chemical,,3,D10148;D10149;D11037,V03AE09,
DG02809,Telotristat,Chemical,,3,D09973;D09974;D09975,A16AX15,
DG02827,Ozanimod,Chemical,,2,D10968;D10967,L04AA38,
DG02828,Segesterone,Chemical,,2,D10987;D10986,,
DG02829,Upadacitinib,Chemical,Anti-inflammatory DG01985  Disease modifying anti-rheumatic drug (DMARD) DG02020  JAK inhibitor Metabolizing enzyme substrate DG01644  CYP2D6 substrate DG01633  CYP3A/CYP3A4 substrate DG02913  CYP3A4 substrate,3,D10994;D10995;D11048,L04AA44,
DG02830,Volixibat,Chemical,,2,D11007;D11006,,
DG02831,Omidenepag,Chemical,Ophthalmic agent DG03201  Intraocular pressure lowering agent Metabolizing enzyme substrate DG02970  CES substrate DG03241  CES1 substrate,2,D10965;D10966,S01EX06,
DG02832,Maralixibat,Chemical,,2,D10951;D10952,,
DG02833,Itacitinib,Chemical,Anti-inflammatory DG01985  Disease modifying anti-rheumatic drug (DMARD) DG02020  JAK inhibitor,2,D10944;D10945,L04AA46,
DG02834,Lanabecestat,Chemical,,2,D10946;D10947,,
DG02835,Atosiban,Chemical,,2,D03008;D07475,G02CX01,
DG02836,Ertugliflozin,Chemical,Antidiabetic agent DG02044  Hypoglycemic agent DG01794  SGLT2 inhibitor Metabolizing enzyme substrate DG02924  UGT substrate DG03188  UGT1A9 substrate DG03190  UGT2B7 substrate,2,D10313;D11043,A10BK04,
DG02837,Enasidenib,Chemical,,2,D10901;D11044,L01XX59,
DG02838,Mirtazapine,Chemical,Cardiovascular agent DG01466  Adrenergic receptor antagonist DG01465  alpha-Adrenergic receptor antagonist DG01460  alpha2-Adrenergic receptor antagonist Neuropsychiatric agent DG01729  Tetracyclic antidepressant DG03077  Noradrenergic and specific serotonergic antidepressant (NaSSA) Gastrointestinal agent DG01489  5-HT3-receptor antagonist Metabolizing enzyme substrate DG01892  CYP1A2 substrate DG01644  CYP2D6 substrate DG01633  CYP3A/CYP3A4 substrate DG02913  CYP3A4 substrate,2,D00563;D11056,N06AX11,
DG02839,Osilodrostat,Chemical,Metabolizing enzyme substrate DG02919  CYP2B6 substrate DG01644  CYP2D6 substrate DG01633  CYP3A/CYP3A4 substrate DG02913  CYP3A4 substrate DG02924  UGT substrate,2,D11061;D11062,H02CA02,
DG02840,Anti-herpesvirus agent,"Target, Class",Antiviral,18,D00222;D02764;D00342;D06298;D00406;D06299;D06300;D00333;D04301;D00317;D08664;D00398;D10518;D05407;D02124;D07249;D04254;D03956,J05AB,
DG02841,Viral uncoating inhibitor,Class,Antiviral DG03029  Anti-influenza virus agent,4,D08483;D00901;D07441;D00777,,
DG02842,Neuraminidase inhibitor,Target,Antiviral DG03029  Anti-influenza virus agent,7,D00902;D01937;D08306;D00900;D03829;D09410;D09547,J05AH,
DG02843,Netupitant,Chemical,Gastrointestinal agent DG01762  Antiemetic,3,D05152;D11065;D11370,,
DG02844,Ravuconazole,Chemical,Antifungal DG01523  Triazole antifungal Metabolizing enzyme inhibitor DG02852  CYP3A/CYP3A4 inhibitor,2,D02556;D10762,,
DG02845,Olanexidine,Chemical,,2,D01857;D10451,,
DG02846,Clemizole,Chemical,,2,D01705;D02013,,
DG02847,Hexestrol,Chemical,,2,D01641;D02018,,
DG02848,Sulfamethoxazole,Chemical,Antibacterial DG01787  Sulfonamide antibacterial DG01785  Intermediate-acting sulfonamide,2,D00447;D01601,J01EC01,
DG02851,Ipatasertib,Chemical,,2,D10641;D11074,,
DG02852,CYP3A/CYP3A4 inhibitor,Metabolism,Metabolizing enzyme inhibitor,120,D00282;D00295;D03503;D10246;D08774;D10519;D10775;D02968;D10895;D06597;D09394;D08616;D09756;D11968;D11673;D11674;D00322;D01429;D01980;D03165;D00780;D00554;D07928;D01339;D01636;D01235;D05351;D01322;D00276;D07710;D00854;D00350;D02555;D03833;D00897;D02861;D08259;D00899;D02497;D02867;D03835;D03837;D07471;D01276;D03656;D06478;D09012;D10582;D10745;D00753;D00961;D00960;D00184;D05928;D04641;D07984;D00824;D08837;D00707;D09799;D00416;D00882;D00422;D00673;D05699;D09017;D09347;D09348;D02537;D03914;D07748;D01236;D08217;D05024;D02556;D10762;D00140;D00851;D01361;D02009;D02184;D02523;D02524;D02525;D03098;D04054;D07909;D07910;D00585;D01078;D00210;D08287;D00578;D00427;D00894;D12269;D07782;D00895;D08876;D10081;D10469;D10065;D10105;D11565;D10639;D10756;D02498;D10753;D10801;D09731;D10926;D00326;D00823;D09881;D11920;D10644;D10643;D12353;D01425;D05152,,
DG02853,CYP3A/CYP3A4 inducer,Metabolism,Metabolizing enzyme inducer,64,D00292;D00975;D01510;D01615;D01632;D01948;D02174;D02591;D02592;D07073;D07796;D07797;D07798;D07799;D07800;D07801;D07802;D02968;D10895;D06597;D02554;D10003;D07538;D01227;D00211;D08479;D00879;D00896;D04112;D10093;D10882;D09996;D10064;D10104;D11040;D07993;D02096;D07595;D00252;D09215;D09612;D01832;D08195;D02102;D03669;D00395;D11858;D00424;D00894;D11521;D10564;D11012;D03106;D00506;D00701;D08356;D00512;D02103;D07583;D00533;D00555;D02252;D04307;D04059,,
DG02854,SLC22A2 substrate,Metabolism,Transporter substrate,18,D00422;D00673;D05699;D00318;D08421;D00477;D07870;D00633;D00513;D11521;D00275;D01790;D07441;D00777;D08174;D04905;D07662;D00664,,
DG02855,CYP2E1 substrate,Metabolism,Metabolizing enzyme substrate,20,D00255;D03415;D00592;D00528;D01453;D07603;D09785;D09666;D10024;D01583;D00542;D00543;D00544;D08255;D00674;D11150;D02624;D00514;D01205;D02311,,
DG02856,SLCO1B1 substrate,Metabolism,Transporter substrate,33,D02554;D10593;D00400;D00434;D08410;D00893;D07983;D00892;D07474;D00887;D02258;D11095;D08492;D01915;D01966;D10257;D11472;D10081;D10469;D10093;D11565;D10639;D10582;D10745;D11014;D10882;D10801;D08548;D02210;D09799;D09987;D10711;D11520,,
DG02857,SLCO1A2 substrate,Metabolism,Transporter substrate,5,D02554;D08120;D00588;D08548;D02210,,
DG02858,SLC22A1 substrate,Metabolism,Transporter substrate,5,D08421;D00477;D00222;D02764;D01790,,
DG02859,SLC22A6 substrate,Metabolism,Transporter substrate,11,D10593;D00331;D07999;D08001;D00222;D02764;D00413;D00412;D00353;D06890;D01421,,
DG02860,SLC22A8 substrate,Metabolism,Transporter substrate,16,D00318;D10593;D00331;D07999;D08001;D00247;D00222;D02764;D02336;D01053;D05408;D07658;D00923;D00413;D01199;D10308,,
DG02861,ABCC2 substrate,Metabolism,Transporter substrate,7,D00400;D05246;D01204;D08410;D00893;D08224;D02166,,
DG02862,ABCG2 inhibitor,Metabolism,Transporter inhibitor,20,D09347;D09348;D10593;D10081;D10469;D10625;D11565;D10639;D10582;D10745;D10827;D11014;D10882;D10753;D10801;D10766;D12353;D10734;D10707;D10708,,
DG02863,SLC22A2 inhibitor,Metabolism,Transporter inhibitor,16,D00422;D00673;D05699;D00318;D00285;D10066;D10113;D10600;D11282;D09731;D10927;D06407;D07662;D00664;D10644;D10643,,
DG02864,SLC47A1 inhibitor,Metabolism,Transporter inhibitor,9,D10066;D10113;D10600;D11282;D11444;D11485;D10644;D10643;D11920,,
DG02865,SLCO1B1 inhibitor,Metabolism,Transporter inhibitor,20,D02554;D10593;D00334;D00211;D08479;D09012;D10081;D10469;D10093;D10582;D10745;D10827;D11014;D10882;D10753;D10801;D12353;D10734;D10707;D10708,,
DG02866,SLC22A8 inhibitor,Metabolism,Transporter inhibitor,9,D07816;D00903;D00904;D07817;D07818;D07819;D09569;D01209;D01331,,
DG02867,ABCC2 inhibitor,Metabolism,Transporter inhibitor,2,D00355;D00197,,
DG02868,Zinostatin,Chemical,,2,D02046;D03240,,
DG02869,Indeloxazine,Chemical,,2,D08077;D02170,,
DG02870,Lidamidine,Chemical,,2,D08126;D02407,,
DG02871,Cyclamic acid,Chemical,,3,D02442;D02443;D02444,,
DG02872,Methylparaben,Chemical,,2,D01400;D02458,,
DG02873,Propylparaben,Chemical,,2,D01422;D02459,,
DG02874,Cloprostenol,Chemical,,2,D07730;D02727,,
DG02875,Butamben,Chemical,,2,D00730;D03183,,
DG02876,Capobenate,Chemical,,2,D03369;D03367,,
DG02877,Colforsin,Chemical,Cardiovascular agent DG01499  Adenylate cyclase activator Metabolizing enzyme substrate DG01633  CYP3A/CYP3A4 substrate,2,D03584;D01697,,
DG02878,Febuxostat,Chemical,Cardiovascular agent DG01503  Xanthine dehydrogenase inhibitor Musculo-skeletal system agent DG03130  Xanthin oxidase inhibitor,2,D01206;D11081,M04AA03,
DG02879,Dezaguanine,Chemical,,2,D03754;D03755,,
DG02880,Diphenidol,Chemical,,3,D03858;D01318;D03859,,
DG02881,SLC22A3 inhibitor,Metabolism,Transporter inhibitor,3,D00318;D08411;D00609,,
DG02882,ABCB11 inhibitor,Metabolism,Transporter inhibitor,4,D07983;D00892;D04070;D05987,,
DG02883,SLC22A7 inhibitor,Metabolism,Transporter inhibitor,4,D00097;D00132;D08102;D08103,,
DG02884,CYP2E1 inhibitor,Metabolism,Metabolizing enzyme inhibitor,2,D00131;D00707,,
DG02885,CYP2C19 inducer,Metabolism,Metabolizing enzyme inducer,3,D00427;D10801;D11040,,
DG02886,CYP2C9 inducer,Metabolism,Metabolizing enzyme inducer,14,D02968;D10895;D06597;D07538;D01227;D00879;D00427;D10801;D10064;D10104;D11040;D00506;D00701;D08356,,
DG02887,UGT1A1 inhibitor,Metabolism,Metabolizing enzyme inhibitor,6,D07471;D01276;D10065;D10105;D10582;D10753,,
DG02888,Fluprednisolone,Chemical,,2,D04227;D04228,,
DG02889,Gluceptate,Chemical,Gastrointestinal agent DG01980  Calcium,2,D00934;D04330,,
DG02890,Halofuginone,Chemical,,2,D08034;D04413,,
DG02891,CYP2B6 inducer,Metabolism,Metabolizing enzyme inducer,17,D00896;D11521;D10564;D00506;D00701;D08356;D00512;D02103;D07993;D02096;D07595;D07583;D01832;D08195;D02102;D10644;D10643,,
DG02892,CYP2B6 inhibitor,Metabolism,Metabolizing enzyme inhibitor,7,D08594;D01028;D05597;D01980;D09731;D02312;D10537,,
DG02893,Linogliride,Chemical,,2,D04739;D04740,,
DG02894,Mefenidil,Chemical,,2,D04891;D04892,,
DG02895,Palmoxirate,Chemical,,2,D04992;D05342,,
DG02896,Motexafin,Chemical,,2,D05080;D05081,,
DG02897,Oxychlorosene,Chemical,,2,D05310;D05311,,
DG02898,Pipoxolan,Chemical,,2,D07369;D05488,,
DG02899,Piriprost,Chemical,,2,D05498;D05499,,
DG02900,Piroctone,Chemical,,2,D05504;D05505,,
DG02901,SLC22A6 inhibitor,Metabolism,Transporter inhibitor,2,D01209;D01331,,
DG02902,Robenidine,Chemical,,2,D08486;D05741,,
DG02903,Talabostat,Chemical,,2,D05989;D05990,,
DG02904,Tetramisole,Chemical,,2,D06091;D08576,,
DG02905,Tiacrilast,Chemical,,2,D06123;D06124,,
DG02906,Trecetilide,Chemical,,2,D09759;D06206,,
DG02907,SLCO1B3 inhibitor,Metabolism,Transporter inhibitor,15,D02554;D00211;D08479;D10093;D10582;D10745;D10827;D11014;D10882;D10753;D10801;D12353;D10734;D10707;D10708,,
DG02908,SLC22A1 inhibitor,Metabolism,Transporter inhibitor,1,D09731,,
DG02909,COMT inhibitor,Metabolism,Neuropsychiatric agent DG01967  Antiparkinson agent,4,D10293;D00786;D00781;D10825,,
DG02910,ABCG2 inducer,Metabolism,Transporter inducer,1,D11040,,
DG02911,SLCO1B1 inducer,Metabolism,Transporter inducer,1,D11040,,
DG02912,Glasdegib,Chemical,Antineoplastic DG01566  Hedgehog signaling inhibitor,2,D10636;D11107,L01XJ03,
DG02913,CYP3A4 substrate,Metabolism,Metabolizing enzyme substrate DG01633  CYP3A/CYP3A4 substrate,666,D00292;D00975;D01510;D01615;D01632;D01948;D02174;D02591;D02592;D07073;D07796;D07797;D07798;D07799;D07800;D07801;D07802;D01131;D00455;D01207;D05261;D05259;D05353;D02593;D00355;D08463;D00724;D07917;D01984;D04056;D09339;D10120;D11114;D08903;D11784;D10466;D09742;D10246;D08774;D10519;D10520;D10775;D10774;D01121;D07129;D02829;D01745;D07868;D01994;D08236;D00456;D00678;D04370;D00677;D07175;D05343;D10572;D02968;D10895;D06597;D10742;D08988;D10188;D10478;D11652;D11653;D02554;D08144;D00729;D07113;D00246;D00689;D11572;D07945;D04148;D11710;D00336;D10263;D08996;D09753;D10262;D08616;D09756;D11968;D00594;D09893;D09894;D07729;D00769;D10823;D10824;D01896;D09765;D09766;D09994;D10513;D10527;D00181;D07086;D03213;D10306;D10307;D09347;D09348;D11330;D00303;D00637;D00358;D02086;D08127;D08435;D00640;D02910;D00636;D03492;D01455;D07165;D08095;D12265;D08031;D00606;D07538;D01227;D10135;D01115;D10633;D01213;D07845;D00616;D03830;D00255;D03415;D07450;D00615;D02914;D11881;D00319;D08270;D00617;D00437;D00438;D00618;D00629;D01908;D08155;D01553;D07494;D01104;D01173;D07509;D02045;D02356;D00619;D07520;D00631;D09745;D09743;D10243;D07569;D10805;D03208;D06412;D00434;D00359;D07983;D00892;D07474;D00887;D02258;D11095;D07661;D00889;D09637;D09638;D10385;D08488;D00351;D02375;D02219;D09544;D00407;D00751;D00979;D05000;D05001;D05002;D07203;D08227;D00690;D03325;D07981;D01708;D06315;D00592;D08556;D00107;D09959;D09960;D00321;D00804;D00528;D01453;D07603;D08207;D00680;D07905;D01163;D03165;D00780;D00987;D02577;D04463;D09741;D03917;D00554;D07928;D00105;D01413;D01617;D01953;D04061;D04063;D04064;D04065;D07918;D07919;D00067;D00312;D00948;D04070;D05987;D00066;D01217;D03799;D09188;D09187;D00585;D00465;D00722;D08441;D01007;D00646;D01148;D08522;D01269;D03654;D01699;D07226;D08923;D09535;D06273;D08514;D02229;D02008;D08668;D02731;D03260;D09989;D03217;D07124;D01692;D01965;D11389;D03820;D12486;D03671;D11061;D11062;D03504;D03505;D01322;D00276;D07710;D00453;D08291;D11631;D11632;D00350;D00424;D09872;D09873;D09785;D00429;D01160;D03833;D00897;D02861;D08259;D00899;D00894;D02497;D02867;D03835;D03837;D03656;D06478;D12269;D00435;D00896;D04112;D10066;D10113;D09012;D10065;D10105;D10745;D10827;D10600;D10753;D06670;D04859;D07760;D00287;D00343;D08675;D01068;D08680;D01935;D07866;D02165;D08086;D01061;D10642;D06199;D04645;D08066;D01441;D03658;D06414;D08953;D06413;D12444;D03252;D09728;D11403;D11404;D07907;D04023;D10064;D10104;D11053;D09731;D10542;D10450;D10866;D09666;D10024;D10883;D10979;D06068;D02714;D00753;D08108;D04024;D10630;D11296;D11768;D03218;D09683;D10190;D10927;D11417;D08552;D06402;D06407;D10138;D10137;D05029;D10709;D10800;D10926;D11270;D11271;D10696;D10891;D11717;D11073;D11713;D03259;D10319;D10019;D08870;D08914;D11222;D11954;D12301;D08559;D00966;D08620;D00967;D01161;D10218;D11040;D00964;D00963;D09701;D00749;D09970;D09783;D11460;D11072;D10994;D10995;D11048;D11093;D00184;D09033;D08976;D00969;D11576;D00570;D11406;D00542;D00320;D01399;D10811;D03852;D07283;D10627;D07552;D01450;D08490;D04048;D08116;D01287;D02740;D05312;D00847;D02175;D03783;D05462;D07831;D01481;D03825;D07832;D08695;D07132;D00836;D09999;D11573;D08623;D01355;D00544;D07837;D02211;D07838;D07906;D00679;D07585;D08255;D00674;D02824;D02825;D07887;D01973;D11617;D10673;D10662;D10663;D11313;D00539;D00252;D00537;D05928;D07299;D10915;D11150;D04300;D03731;D00785;D10158;D10191;D04641;D00136;D01898;D08035;D01101;D02626;D04820;D00560;D02340;D00794;D08148;D00283;D08456;D00458;D00426;D01164;D10355;D10364;D10516;D02666;D09997;D09876;D10309;D08969;D00293;D01253;D08283;D01293;D01514;D01316;D00387;D00550;D00696;D05028;D01744;D00457;D01372;D08690;D00706;D00530;D02624;D09388;D11022;D08070;D00815;D08071;D07727;D00811;D07448;D00809;D07704;D00822;D07705;D02360;D00825;D07913;D02567;D08216;D01358;D08626;D00820;D00563;D11056;D08670;D00821;D12403;D07793;D02570;D11619;D09698;D09699;D10184;D10185;D12544;D01832;D03215;D07869;D00670;D04292;D02173;D07667;D00661;D08195;D02102;D04716;D00840;D08575;D10749;D11490;D10675;D10999;D08050;D02114;D08460;D01663;D02261;D02262;D05681;D08461;D11252;D00471;D00324;D04214;D01703;D08699;D05792;D00687;D08424;D02404;D05366;D09318;D09319;D11009;D09595;D10501;D10506;D10533;D10505;D08408;D02732;D08229;D00529;D05744;D07929;D02205;D08045;D03725;D04461;D08046;D00195;D02101;D03579;D03580;D07740;D12312;D04340;D04447;D04313;D12313;D07402;D08118;D00364;D01478;D07407;D08497;D07873;D01872;D07871;D00653;D10512;D08493;D06405;D00491;D05333;D08481;D01564;D08508;D01624;D11671;D11672;D01098;D01145;D01176;D01418;D01468;D01562;D01855;D04052;D04338;D04446;D04813;D08697;D09594;D10433;D10524;D10525;D10897;D08856;D11553;D11616;D11628;D11656;D11706;D11860;D12130;D12483;D10954;D12497;D07839;D02268;D10612;D10692;D11851;D11886,,
DG02914,Difelikefalin,Chemical,Neuropsychiatric agent DG01564  Opioid receptor agonist DG01562  kappa-Opioid receptor agonist,2,D11111;D10890,V03AX04,
DG02915,Ingenol,Chemical,,2,D09393;D11112,D06BX02,
DG02916,Olmutinib,Chemical,Antineoplastic DG01918  Tyrosine kinase inhibitor DG01917  Receptor tyrosine kinase inhibitor DG03162  EGFR inhibitor,2,D10859;D11115,L01EB06,
DG02917,MAO substrate Monoamine oxidase substrate,Metabolism,Metabolizing enzyme substrate,18,D00451;D00676;D00415;D02824;D02825;D10158;D10191;D07870;D00633;D00095;D00996;D02149;D00076;D05206;D08284;D09794;D07913;D02567,,
DG02918,CYP2C8 substrate,Metabolism,Metabolizing enzyme substrate,64,D08144;D00729;D07113;D09848;D08378;D00945;D00594;D06543;D00164;D01621;D08477;D06213;D08628;D10430;D12005;D09994;D10593;D09572;D00382;D08619;D10633;D07661;D00889;D02375;D02219;D12137;D10582;D10827;D07760;D00287;D00491;D05333;D08953;D06413;D12444;D10064;D10104;D08108;D04024;D11141;D12442;D11717;D11073;D10218;D11040;D01372;D10184;D10185;D12544;D08195;D02102;D08050;D02114;D02922;D02466;D10145;D10020;D08229;D00529;D10512;D00069;D01855;D10711;D10964,,
DG02919,CYP2B6 substrate,Metabolism,Metabolizing enzyme substrate,43,D11784;D10466;D10775;D10774;D07945;D04148;D07729;D00769;D10823;D10824;D05597;D10513;D11330;D11061;D11062;D00435;D00896;D10827;D11521;D07760;D00287;D11817;D07283;D10627;D03844;D11150;D04300;D03731;D00785;D02360;D00825;D10184;D10185;D12544;D08195;D02102;D08045;D03725;D04461;D08046;D10512;D08508;D01624,,
DG02920,ABCC4 substrate,Metabolism,Transporter substrate,5,D00331;D07999;D08001;D08618;D02168,,
DG02921,Avadomide,Chemical,,2,D11132;D11133,,
DG02922,Iberdomide,Chemical,,2,D11134;D11135,,
DG02923,Larotrectinib,Chemical,Antineoplastic DG01918  Tyrosine kinase inhibitor DG01917  Receptor tyrosine kinase inhibitor Metabolizing enzyme substrate DG01633  CYP3A/CYP3A4 substrate,2,D11137;D11138,L01EX12,
DG02924,UGT substrate,Metabolism,Metabolizing enzyme substrate,117,D11051;D06676;D07133;D10066;D10113;D10548;D10549;D10600;D11282;D09390;D11557;D12161;D12162;D08086;D01061;D10642;D09666;D10024;D08870;D10145;D10020;D03669;D11966;D10459;D09994;D06273;D10560;D11270;D11271;D00354;D10915;D11066;D08897;D09763;D09592;D10313;D11043;D10593;D10138;D10137;D11817;D05768;D08673;D02572;D10897;D07831;D01481;D03825;D07832;D08695;D11150;D00195;D02101;D03579;D03580;D07740;D12312;D12313;D04313;D04338;D08697;D11851;D11860;D10196;D10200;D11403;D11404;D00365;D11064;D11954;D06056;D02730;D01854;D00417;D02085;D07499;D00620;D00627;D10480;D09219;D10805;D09743;D00565;D08890;D01966;D01965;D12137;D11061;D11062;D11521;D03658;D06414;D10481;D10396;D06320;D11222;D07283;D10627;D08233;D00842;D02271;D08234;D08047;D00839;D06007;D10199;D07793;D02570;D11619;D07990;D01373;D05277;D09595;D10506;D11857;D10744;D11520,,
DG02925,CYP3A5 substrate,Metabolism,Metabolizing enzyme substrate,37,D11652;D11653;D07945;D04148;D10263;D08996;D09753;D10262;D03213;D08031;D00606;D00465;D00722;D11389;D03820;D10745;D09731;D09666;D10024;D08108;D04024;D03218;D08255;D00674;D11150;D04300;D04641;D08969;D11022;D10184;D10185;D12544;D03215;D10675;D10999;D07873;D01872,,
DG02926,Deudextromethorphan,Chemical,,2,D11152;D11153,,
DG02927,Leniolisib,Chemical,Antineoplastic DG03139  PI3K inhibitor,2,D11158;D11159,,
DG02928,NAT substrate,Metabolism,Metabolizing enzyme substrate,6,D08421;D00477;D08044;D01302;D04458;D01146,,
DG02929,Pemirolast,Chemical,Anti-allergic agent DG01805  Mediator release inhibitor,2,D07476;D01088,,
DG02930,Butetamate,Chemical,,2,D07597;D07502,,
DG02931,Brovincamine,Chemical,"Cardiovascular agent DG01575  Calcium channel blocker DG03055  Vinca alkaloid, vasodilator",2,D07545;D01656,,
DG02932,SLCO1B3 substrate,Metabolism,Transporter substrate,16,D02554;D00400;D07474;D00887;D02258;D11095;D11472;D10582;D10745;D11014;D10801;D08548;D02210;D09799;D09987;D10711,,
DG02933,SLCO2B1 substrate,Metabolism,Transporter substrate,4,D08410;D00893;D08548;D02210,,
DG02934,Cocarboxylase,Chemical,,2,D01225;D07739,,
DG02935,Delmadinone,Chemical,Antineoplastic DG01591  Androgen receptor antagonist,2,D07783;D03675,,
DG02936,Dichlorisone,Chemical,,2,D07814;D07815,,
DG02937,Lumateperone,Chemical,,2,D11169;D11170,N05AD10,
DG02938,Immune checkpoint inhibitor,Class,Antineoplastic,48,D10316;D10574;D10808;D10817;D10773;D11108;D11366;D11487;D11827;D04603;D06657;D12334;D10390;D11350;D11482;D11488;D11532;D11593;D11605;D11643;D11747;D11795;D11820;D11823;D11893;D11946;D11948;D12063;D12119;D12143;D12156;D12186;D12190;D12195;D12198;D12202;D12233;D12283;D12317;D12332;D12347;D12348;D12349;D12367;D12448;D12469;D12480;D12561,,
DG02939,Diisopropylamine,Chemical,,2,D01816;D07842,,
DG02940,Dimecrotic acid,Chemical,,2,D07846;D07849,,
DG02941,Flavin adenine dinucleotide,Chemical,,2,D00005;D02011,,
DG02942,PARP inhibitor Poly (ADP-ribose) polymerase inhibitor,Target,Antineoplastic,11,D09730;D10140;D11895;D10079;D10157;D10982;D10732;D10733;D09692;D11426;D09913,L01XK,
DG02944,Vixotrigine,Chemical,,2,D11179;D11180,,
DG02945,Ralaniten,Chemical,,2,D11184;D11185,,
DG02946,Rezafungin,Chemical,,2,D11197;D11198,,
DG02947,Mirogabalin,Chemical,,2,D11203;D10790,N02BF03,
DG02948,Relenopride,Chemical,,2,D11220;D11221,,
DG02949,Tavilermide,Chemical,,2,D11226;D11227,,
DG02950,FMO3 substrate,Metabolism,Metabolizing enzyme substrate,13,D08094;D02729;D08616;D09756;D11968;D03658;D06414;D10630;D11296;D11406;D02824;D02825;D10897,,
DG02951,FMO inhibitor,Metabolism,Metabolizing enzyme inhibitor,3,D08616;D09756;D11968,,
DG02952,AOX1 inhibitor,Metabolism,Metabolizing enzyme inhibitor,1,D09537,,
DG02953,AOX1 substrate,Metabolism,Metabolizing enzyme substrate,6,D09537;D10696;D10891;D00530;D07913;D02567,,
DG02954,CYP2J2 substrate,Metabolism,Metabolizing enzyme substrate,8,D09765;D09766;D07086;D09572;D11406;D08969;D01478;D10964,,
DG02955,Patisiran,Chemical,,2,D11116;D10794,N07XX12,
DG02956,Fexapotide,Chemical,,2,D11247;D11248,G04CX04,
DG02957,Seladelpar,Chemical,,2,D11256;D11257,,
DG02958,Roluperidone,Chemical,,2,D11258;D11259,,
DG02959,Diclofenac etalhyaluronate,Chemical,,2,D11266;D11020,,
DG02960,Pexidartinib,Chemical,Metabolizing enzyme substrate DG01633  CYP3A/CYP3A4 substrate DG02913  CYP3A4 substrate DG02924  UGT substrate DG03182  UGT1A4 substrate,2,D11270;D11271,L01EX15,
DG02961,Rosiptor,Chemical,,2,D11275;D11276,,
DG02962,Baloxavir,Chemical,Antiviral DG03029  Anti-influenza virus agent,2,D11278;D11021,,
DG02963,Bivalirudin,Chemical,Blood modifier agent DG01950  Antithrombotic agent DG01511  Thrombin inhibitor,2,D03136;D11280,,
DG02964,SLC47A1 substrate,Metabolism,Transporter substrate,3,D08421;D00477;D11521,,
DG02965,MRP2 substrate,Metabolism,Transporter substrate,1,D01966,,
DG02966,Rivoceranib,Chemical,Antineoplastic DG01918  Tyrosine kinase inhibitor DG01917  Receptor tyrosine kinase inhibitor,2,D11288;D11289,,
DG02967,Asalhydromorphone,Chemical,,2,D11291;D11292,,
DG02968,Fedratinib,Chemical,Anti-inflammatory DG01985  Disease modifying anti-rheumatic drug (DMARD) DG02020  JAK inhibitor Metabolizing enzyme substrate DG01639  CYP2C19 substrate DG01633  CYP3A/CYP3A4 substrate DG02913  CYP3A4 substrate DG02950  FMO3 substrate,2,D10630;D11296,L01EJ02,
DG02969,Contezolid,Chemical,Antibacterial DG01789  Oxazolidinone antibiotic,2,D11297;D11298,,
DG02970,CES substrate,Metabolism,Metabolizing enzyme substrate,13,D10871;D10872;D11106;D10965;D10966;D11817;D00626;D08086;D01061;D10642;D05775;D08481;D01564,,
DG02971,SULT substrate,Metabolism,Metabolizing enzyme substrate,1,D05768,,
DG02972,CBR substrate,Metabolism,Metabolizing enzyme substrate,1,D08575,,
DG02973,BCHE substrate,Metabolism,Metabolizing enzyme substrate,1,D08837,,
DG02974,ACHE substrate,Metabolism,Metabolizing enzyme substrate,1,D00999,,
DG02975,XDH substrate,Metabolism,Metabolizing enzyme substrate,1,D09537,,
DG02976,Cefiderocol,Chemical,Antibacterial DG01710  beta-Lactam antibiotic DG01714  Cephalosporin skeleton group DG01488  Cephem,2,D11302;D11013,J01DI04,
DG02977,CYP2C18 substrate,Metabolism,Metabolizing enzyme substrate,1,D09978,,
DG02978,CYP4A11 substrate,Metabolism,Metabolizing enzyme substrate,2,D10476;D09978,,
DG02979,CYP4F3 substrate,Metabolism,Metabolizing enzyme substrate,1,D09978,,
DG02980,CYP4F2 substrate,Metabolism,Metabolizing enzyme substrate,4,D10547;D10001;D04187;D12549,,
DG02981,CYP27B1 substrate,Metabolism,Metabolizing enzyme substrate,1,D00122,,
DG02982,CYP24A1 substrate,Metabolism,Metabolizing enzyme substrate,1,D00122,,
DG02983,ADA substrate,Metabolism,Metabolizing enzyme substrate,1,D05134,,
DG02984,DPYD substrate,Metabolism,Metabolizing enzyme substrate,2,D00584;D07974,,
DG02985,Nevanimibe,Chemical,,2,D11300;D11311,,
DG02986,Rodatristat,Chemical,,2,D11317;D11318,,
DG02987,Vatinoxan,Chemical,,2,D11320;D11321,,
DG02988,Umbralisib,Chemical,,2,D11322;D11323,L01EX25,
DG02989,Sorliamfetol,Chemical,Neuropsychiatric agent DG03059  Noradrenalin and dopamine reuptake inhibitor (NDRI),2,D11315;D11328,N06BA14,
DG02990,Uproleselan,Chemical,,2,D11332;D11310,,
DG02991,Afamelanotide,Chemical,,2,D10511;D11334,D02BB02,
DG02992,Thiazide related diuretic,Structure,Cardiovascular agent DG03231  Antihypertensive DG01690  Sulfonamide diuretic,14,D00461;D02460;D00272;D01877;D01822;D00431;D01605;D06341;D00345;D06401;D01436;D04161;D07955;D01895,,
DG02993,Molibresib,Chemical,,2,D11326;D11347,,
DG02994,Reltecimod,Chemical,,2,D11281;D11348,,
DG02995,Nemiralisib,Chemical,Antineoplastic DG03139  PI3K inhibitor,2,D11267;D11354,,
DG02996,Ensartinib,Chemical,Antineoplastic DG01918  Tyrosine kinase inhibitor DG03136  ALK inhibitor,2,D11346;D11356,,
DG02997,Abivertinib,Chemical,,2,D11308;D11362,,
DG02998,Pimodivir,Chemical,,2,D11287;D11367,,
DG03000,Edicotinib,Chemical,,2,D11378;D11379,,
DG03001,CTSA substrate,Metabolism,Transporter substrate,2,D10835;D10836,,
DG03002,SLC47A2 substrate,Metabolism,Transporter substrate,4,D08421;D00477;D11521;D10308,,
DG03003,Levoleucovorin Levofolinate,Chemical,,3,D04715;D11394;D11555,,
DG03004,Asciminib,Chemical,Antineoplastic DG01918  Tyrosine kinase inhibitor DG03161  BCR-ABL inhibitor Metabolizing enzyme substrate DG01633  CYP3A/CYP3A4 substrate DG02913  CYP3A4 substrate DG02924  UGT substrate DG03190  UGT2B7 substrate DG03181  UGT2B17 substrate,2,D11403;D11404,L01EA06,
DG03005,Serotonin-dopamine antagonist (SDA),Target,Neuropsychiatric agent,5,D00426;D01321;D05339;D05340;D02666,,Antipsychotic
DG03006,Guanylate cyclase activator,Target,Cardiovascular agent,6,D11051;D09572;D07577;D11274;D11475;D12516,,
DG03008,SLCO1A2 inhibitor,Metabolism,Transporter inhibitor,1,D02554,,
DG03009,Lifirafenib,Chemical,,2,D11410;D11411,,
DG03010,Linrodostat,Chemical,,2,D11412;D11413,,
DG03011,Troriluzole,Chemical,,2,D11414;D11415,,
DG03012,Tebipenem pivoxil,Chemical,Antibacterial DG01710  beta-Lactam antibiotic DG01713  Penicillin skeleton group DG01458  Carbapenem,2,D09598;D11421,J01DH06,
DG03013,Oxycodegol,Chemical,,2,D11424;D11425,,
DG03014,Hydromethylthionine,Chemical,,2,D11427;D11384,,
DG03015,Nazartinib,Chemical,Antineoplastic DG01918  Tyrosine kinase inhibitor DG01917  Receptor tyrosine kinase inhibitor,2,D11430;D11434,,
DG03016,Nirogacestat,Chemical,,2,D10960;D11453,,
DG03017,Onvansertib,Chemical,,2,D11458;D11459,,
DG03018,Siponimod,Chemical,Metabolizing enzyme substrate DG01642  CYP2C9 substrate DG01633  CYP3A/CYP3A4 substrate DG02913  CYP3A4 substrate,2,D11460;D11072,L04AA42,
DG03019,Tomivosertib,Chemical,,2,D11452;D11481,,
DG03020,Tazemetostat,Chemical,Transporter substrate DG01665  ABCB1 substrate Transporter inhibitor DG02864  SLC47A1 inhibitor DG03110  SLC47A2 inhibitor,2,D11444;D11485,L01XX72,
DG03021,Pitolisant,Chemical,Metabolizing enzyme substrate DG01644  CYP2D6 substrate DG01633  CYP3A/CYP3A4 substrate DG02913  CYP3A4 substrate,2,D10749;D11490,N07XX11,
DG03022,Arimoclomol,Chemical,,2,D11374;D11493,N07XX17,
DG03023,Vecabrutinib,Chemical,Antineoplastic DG01918  Tyrosine kinase inhibitor DG02022  BTK inhibitor,2,D11428;D11502,,
DG03024,Tilsotolimod,Chemical,,2,D11504;D11505,,
DG03025,Parsaclisib,Chemical,Antineoplastic DG03139  PI3K inhibitor,2,D11437;D11506,L01EM05,
DG03026,Miransertib,Chemical,,2,D11409;D11508,,
DG03027,Estetrol,Chemical,,2,D11513;D11514,,
DG03028,Flavodic acid,Chemical,,2,D07959;D07960,,
DG03029,Anti-influenza virus agent,Class,Antiviral,14,D00902;D01937;D08306;D00900;D03829;D09410;D09547;D11278;D11021;D09537;D08483;D00901;D07441;D00777,,
DG03030,Combination of carbonic anhydrase inhibitor and beta blocker,Class,Ophthalmic agent DG03201  Intraocular pressure lowering agent,3,D08493;D10298;D10512,,Antiglaucoma
DG03031,Combination of prostaglandin derivative and beta blocker,Class,Ophthalmic agent DG03201  Intraocular pressure lowering agent,5,D07505;D09815;D10569;D10840;D10804,,Antiglaucoma
DG03032,Combination of metformin and DPP-4 inhibitor,Class,Antidiabetic agent DG02044  Hypoglycemic agent,6,D10261;D10743;D10263;D10264;D10253;D11109,,
DG03033,Combination of metformin and sulfonylurea,Class,Antidiabetic agent DG02044  Hypoglycemic agent,2,D10265;D10266,,
DG03034,Combination of metformin and SGLT2 inhibitor,Class,Antidiabetic agent DG02044  Hypoglycemic agent,4,D10586;D10587;D10752;D11067,,
DG03035,Combination of DPP-4 inhibitor and SGLT2 inhibitor,Class,Antidiabetic agent DG02044  Hypoglycemic agent,5,D10588;D10826;D11066;D10897;D11064,,
DG03043,Bamocaftor,Chemical,,2,D11535;D11536,,
DG03044,Brepocitinib,Chemical,Anti-inflammatory DG01985  Disease modifying anti-rheumatic drug (DMARD) DG02020  JAK inhibitor,2,D11537;D11538,,
DG03045,Sitravatinib,Chemical,Antineoplastic DG01918  Tyrosine kinase inhibitor DG01917  Receptor tyrosine kinase inhibitor,2,D11140;D11541,,
DG03046,Elamipretide,Chemical,,2,D10925;D11542,,
DG03047,Ibrexafungerp,Chemical,,2,D11544;D11545,J02AX07,
DG03048,Blarcamesine,Chemical,,2,D11383;D11549,,
DG03049,Tecovirimat,Chemical,Metabolizing enzyme substrate DG02924  UGT substrate DG03183  UGT1A1 substrate DG03182  UGT1A4 substrate,2,D09390;D11557,J05AX24,
DG03050,Abaloparatide,Chemical,Hormonal agent DG01661  Parathyroid hormone and analog Musculo-skeletal system agent DG03232  Osteoporosis agent,2,D10885;D11563,H05AA04,
DG03051,Grazoprevir,Chemical,Antiviral DG03198  Anti-HCV agent DG02001  HCV NS3/4A protease inhibitor Metabolizing enzyme substrate DG01633  CYP3A/CYP3A4 substrate Metabolizing enzyme inhibitor DG02852  CYP3A/CYP3A4 inhibitor Transporter substrate DG01665  ABCB1 substrate DG02856  SLCO1B1 substrate Transporter inhibitor DG02862  ABCG2 inhibitor,2,D11565;D10639,J05AP11,
DG03052,Lorcaserin,Chemical,,2,D06613;D11566,A08AA11,
DG03053,Cefdinir,Chemical,Antibacterial DG01710  beta-Lactam antibiotic DG01714  Cephalosporin skeleton group DG01488  Cephem DG01776  Third-generation cephalosporin DG01804  Oxyimino beta-lactam,2,D00917;D11571,J01DD15,
DG03054,Difenoxin,Chemical,Neuropsychiatric agent DG01564  Opioid receptor agonist DG01563  mu-Opioid receptor agonist,2,D03809;D11583,A07DA04,
DG03055,"Vinca alkaloid, vasodilator","Structure, Class",Cardiovascular agent,5,D08677;D08678;D08676;D07545;D01656,,
DG03056,Serotonin antagonist and reuptake inhibitor (SARI),Target,Neuropsychiatric agent,2,D08626;D00820,,
DG03057,Durlobactam,Chemical,Antibacterial DG01479  beta-Lactamase inhibitor,2,D11591;D11592,,
DG03058,Zotiraciclib,Chemical,Antineoplastic DG03138  CDK inhibitor Anti-inflammatory DG01985  Disease modifying anti-rheumatic drug (DMARD) DG02020  JAK inhibitor,2,D11599;D11600,,
DG03059,Noradrenalin and dopamine reuptake inhibitor (NDRI),Target,Neuropsychiatric agent,11,D07591;D00817;D07938;D11315;D11328;D10697;D10698;D10700;D10870;D05663;D05692,,
DG03060,Leriglitazone,Chemical,Antidiabetic agent DG01685  Insulin sensitizer DG01795  PPAR gamma agonist DG01683  Thiazolidinedione DG02044  Hypoglycemic agent DG01683  Thiazolidinedione,2,D11603;D11604,,
DG03061,Linzagolix,Chemical,,2,D11608;D11609,H01CC04,
DG03062,Infigratinib,Chemical,Antineoplastic DG01918  Tyrosine kinase inhibitor DG01917  Receptor tyrosine kinase inhibitor DG03208  FGFR inhibitor,2,D11589;D11611,L01EN03,
DG03063,Bremelanotide,Chemical,,2,D06569;D11629,G02CX05,
DG03064,Atypical antipsychotic,Class,Neuropsychiatric agent DG03200  Antipsychotic agent,15,D00283;D00454;D06623;D08456;D00458;D00426;D01164;D10355;D10364;D10516;D05339;D05340;D02666;D01176;D02372,,
DG03065,GST substrate,Metabolism,Transporter substrate,1,D11222,,
DG03066,Lefamulin,Chemical,Antibacterial DG01813  Pleuromutilin Metabolizing enzyme substrate DG01633  CYP3A/CYP3A4 substrate DG02913  CYP3A4 substrate,2,D11631;D11632,J01XX12,
DG03067,Venglustat,Chemical,,2,D11633;D11634,,
DG03068,Tasipimidine,Chemical,,2,D11635;D11636,,
DG03069,Lanraplenib,Chemical,,2,D11596;D11638,,
DG03070,Volanesorsen,Chemical,,2,D11648;D11650,C10AX18,
DG03071,Trientine,Chemical,Vitamin and mineral DG01692  Chelator,2,D00736;D11649,A16AX12,
DG03072,Tenapanor,Chemical,Metabolizing enzyme substrate DG01633  CYP3A/CYP3A4 substrate DG02913  CYP3A4 substrate DG02925  CYP3A5 substrate,2,D11652;D11653,A06AX08,
DG03073,Duvelisib,Chemical,Antineoplastic DG03139  PI3K inhibitor,2,D10555;D11658,L01EM04,
DG03074,Tolvaptan,Chemical,Cardiovascular agent DG01506  Arginine vasopressin receptor 2 (AVPR2) antagonist,2,D01213;D11659,C03XA01,
DG03075,Valemetostat,Chemical,,2,D11551;D11662,,
DG03076,Clazosentan,Chemical,Cardiovascular agent DG01502  Endothelin receptor antagonist,2,D11664;D07682,,
DG03077,Noradrenergic and specific serotonergic antidepressant (NaSSA),"Target, Class",Neuropsychiatric agent,7,D08216;D00563;D11056;D08511;D02034;D02972;D04055,,
DG03078,Elacestrant,Chemical,Hormonal agent DG01619  Estrogen receptor antagonist/modulator Metabolizing enzyme substrate DG01638  CYP2A6 substrate DG01642  CYP2C9 substrate DG01633  CYP3A/CYP3A4 substrate DG02913  CYP3A4 substrate,2,D11671;D11672,,
DG03079,Berotralstat,Chemical,Metabolizing enzyme inhibitor DG01645  CYP2D6 inhibitor DG02852  CYP3A/CYP3A4 inhibitor DG01522  CYP3A4 inhibitor Transporter substrate DG01665  ABCB1 substrate DG01913  ABCG2 substrate,2,D11673;D11674,B06AC06,
DG03080,Gusacitinib,Chemical,Antineoplastic DG01918  Tyrosine kinase inhibitor Anti-inflammatory DG01985  Disease modifying anti-rheumatic drug (DMARD) DG02020  JAK inhibitor,2,D11676;D11677,,
DG03081,Ampreloxetine,Chemical,,2,D11688;D11689,,
DG03082,Tirbanibulin,Chemical,,2,D11691;D11692,D06BX03,
DG03083,Gefapixant,Chemical,,2,D11349;D11693,R05DB29,
DG03084,Givosiran,Chemical,,2,D11702;D11708,A16AX16,
DG03085,Selective norepinephrine reuptake inhibitor (NRI),Target,Neuropsychiatric agent,27,D05200;D08673;D02572;D08472;D02573;D03740;D02078;D07473;D02574;D08030;D02237;D04382;D08347;D02080;D08348;D09340;D09341;D09890;D09891;D02704;D04473;D04781;D05120;D05173;D05284;D05997;D06004,,
DG03086,Vocacapsaicin,Chemical,,2,D11714;D11715,,
DG03087,Tepotinib,Chemical,Antineoplastic DG01918  Tyrosine kinase inhibitor DG01917  Receptor tyrosine kinase inhibitor Metabolizing enzyme substrate DG02918  CYP2C8 substrate DG01633  CYP3A/CYP3A4 substrate DG02913  CYP3A4 substrate,2,D11717;D11073,L01EX21,
DG03088,Taniborbactam,Chemical,Antibacterial DG01479  beta-Lactamase inhibitor,2,D11718;D11719,,
DG03089,Acalabrutinib,Chemical,Antineoplastic DG01918  Tyrosine kinase inhibitor DG02022  BTK inhibitor Metabolizing enzyme substrate DG01633  CYP3A/CYP3A4 substrate,2,D10893;D11720,L01EL02,
DG03090,Rovafovir,Chemical,,2,D11721;D11722,,
DG03091,Levamlodipine,Chemical,,2,D08941;D11723,C08CA17,
DG03092,Nerinetide,Chemical,,3,D11729;D11730;D11731,,
DG03093,Dubermatinib,Chemical,Antineoplastic DG01918  Tyrosine kinase inhibitor DG01917  Receptor tyrosine kinase inhibitor,2,D11732;D11733,,
DG03094,Telaglenastat,Chemical,,2,D11738;D11739,,
DG03095,Lazucernon,Chemical,,2,D11741;D11742,,
DG03097,Filanesib,Chemical,,2,D11754;D11755,,
DG03098,Necuparanib,Chemical,,2,D11764;D11765,,
DG03099,Onalespib,Chemical,,2,D10719;D11766,,
DG03100,Asenapine,Chemical,Neuropsychiatric agent DG01478  Dopamine antagonist DG01474  Dopamine D2-receptor antagonist Metabolizing enzyme substrate DG01892  CYP1A2 substrate Metabolizing enzyme inhibitor DG01645  CYP2D6 inhibitor,2,D11769;D02995,N05AH05,
DG03101,Tesevatinib,Chemical,Antineoplastic DG01918  Tyrosine kinase inhibitor DG01917  Receptor tyrosine kinase inhibitor,2,D11772;D11773,,
DG03102,Fosdenopterin,Chemical,,2,D11779;D11780,A16AX19,
DG03103,Encequidar,Chemical,,2,D11782;D11783,,
DG03104,Vonoprazan,Chemical,Gastrointestinal agent DG01975  Agents for peptic ulcer DG01646  Proton pump inhibitor (PPI) Metabolizing enzyme substrate DG02919  CYP2B6 substrate DG01639  CYP2C19 substrate DG01644  CYP2D6 substrate DG01633  CYP3A/CYP3A4 substrate DG02913  CYP3A4 substrate,2,D11784;D10466,A02BC08,
DG03105,Remimazolam,Chemical,Neuropsychiatric agent DG01567  GABA-A receptor agonist,2,D11788;D10194,N05CD14,
DG03106,Mivavotinib,Chemical,,2,D11789;D11790,,
DG03107,Anti-HIV agent,Class,Antiviral,92,D00413;D00296;D00412;D00445;D00353;D07057;D00891;D02734;D06074;D01982;D10834;D11391;D10428;D10605;D01199;D00435;D07782;D00895;D00896;D04112;D09720;D09958;D10624;D11246;D01055;D02890;D03981;D04786;D06580;D03001;D03371;D09634;D09906;D00429;D01160;D03833;D00897;D02861;D00427;D08259;D00899;D00894;D02497;D02867;D03835;D03837;D07471;D01276;D08605;D03843;D03656;D06478;D02498;D01425;D03253;D03839;D03840;D03842;D05538;D06676;D07133;D06677;D10066;D10113;D10548;D10549;D10909;D10910;D02499;D06670;D07507;D08775;D02297;D10838;D11521;D10851;D10571;D10756;D11392;D11395;D10600;D10832;D10753;D10754;D10835;D10755;D10836;D11039;D11282;D11382;D11396;D11522,,
DG03108,Omecamtiv mecarbil,Chemical,,2,D09648;D11809,,
DG03109,Belumosudil,Chemical,,2,D11815;D11816,L04AA48,
DG03110,SLC47A2 inhibitor,Metabolism,Transporter inhibitor,3,D11444;D11485;D11920,,
DG03111,Mevidalen,Chemical,,2,D11826;D11822,,
DG03112,Naquotinib,Chemical,Antineoplastic DG01918  Tyrosine kinase inhibitor DG01917  Receptor tyrosine kinase inhibitor,2,D10958;D10886,,
DG03113,Vorasidenib,Chemical,,2,D11834;D11835,,
DG03114,Deuruxolitinib,Chemical,Anti-inflammatory DG01985  Disease modifying anti-rheumatic drug (DMARD) DG02020  JAK inhibitor,2,D11866;D11867,,
DG03115,Melphalan flufenamide,Chemical,,2,D11865;D11870,L01AA10,
DG03116,Bulevirtide,Chemical,,2,D11877;D11878,J05AX28,
DG03117,Nondepolarizing neuromuscular blocking agent,Class,Musculo-skeletal system agent DG02029  Muscle relaxant DG01696  Peripherally-acting muscle relaxant,19,D01215;D02207;D08655;D00492;D02292;D00767;D00758;D04435;D00764;D00760;D00765;D00763;D00759;D00783;D02735;D11405;D02204;D05703;D08553,,
DG03118,Lenrispodun,Chemical,,2,D11883;D11884,,
DG03119,Daridorexant,Chemical,Neuropsychiatric agent DG03225  Orexin receptor antagonist,2,D11886;D11887,,
DG03120,Niraparib,Chemical,Antineoplastic DG02942  PARP inhibitor,2,D10140;D11895,L01XK02,
DG03121,CYP3A7 substrate,Metabolism,Metabolizing enzyme substrate,1,D11406,,
DG03122,Zavegepant,Chemical,,2,D11898;D11899,,
DG03123,Navafenterol,Chemical,,2,D11900;D11901,,
DG03124,Clesacostat,Chemical,,2,D11902;D11903,,
DG03125,Danuglipron,Chemical,Antidiabetic agent DG02044  Hypoglycemic agent DG01493  GLP-1 receptor agonist,2,D11910;D11911,,
DG03126,Islatravir,Chemical,,2,D11432;D11914,,
DG03127,Vutrisiran,Chemical,,2,D11917;D11916,N07XX18,
DG03128,Anti-PCSK9 antibody and siRNA,Target,Hypolipidemic agent DG01946  Hypolipidemic agent,6,D10557;D10335;D11931;D12293;D10621;D11398,,
DG03129,Calcineurin inhibitor,Target,Immunological agent,6,D00184;D08556;D00107;D09033;D05480;D10983,L04AD,Immunosuppressant
DG03130,Xanthin oxidase inhibitor,Target,Musculo-skeletal system agent,8,D00224;D07564;D07278;D01206;D11081;D09786;D02365;D02896,,Gout suppressant
DG03131,Lumasiran,Chemical,,2,D11925;D11926,,
DG03132,Setmelanotide,Chemical,,3,D11927;D11928;D11929,A08AA12,
DG03133,Histone deacetylase inhibitor HDAC inhibitor,Target,Antineoplastic,12,D06320;D06637;D10319;D10019;D08870;D09338;D10060;D10084;D10321;D10322;D10977;D10993,L01XH,
DG03134,Proteasome inhibitor,Target,Antineoplastic,8,D03150;D12311;D08880;D10130;D10131;D09640;D10110;D10318,L01XG,
DG03135,HIV integrase inhibitor,Target,Antiviral DG03107  Anti-HIV agent,9,D06676;D07133;D06677;D10066;D10113;D10548;D10549;D10909;D10910,J05AJ,
DG03136,ALK inhibitor,Target,Antineoplastic DG01918  Tyrosine kinase inhibitor,8,D09731;D10551;D10542;D10450;D10866;D11012;D11346;D11356,L01ED,
DG03137,MEK inhibitor,Target,Antineoplastic,12,D10175;D10176;D10405;D10615;D10604;D09666;D10024;D10426;D10486;D12515;D12534;D11675,L01EE,
DG03138,CDK inhibitor,Target,Antineoplastic,13,D10372;D10652;D10883;D10979;D10688;D11130;D09868;D02880;D11599;D11600;D09604;D11455;D12525,L01EF,
DG03139,PI3K inhibitor,Target,Antineoplastic,28,D10560;D10867;D10797;D10798;D11011;D10555;D11658;D11437;D11506;D10584;D10609;D10552;D10616;D11158;D11159;D11267;D11354;D10189;D10543;D10635;D10718;D10924;D11440;D11501;D11774;D11896;D11942;D12514,L01EM,
DG03140,Enzastaurin,Chemical,,2,D11935;D04014,,
DG03141,Toludesvenlafaxine,Chemical,,2,D11940;D11941,,
DG03142,Irsenontrine,Chemical,,2,D11955;D11956,,
DG03143,Acoramidis,Chemical,,2,D11972;D11973,,
DG03144,Centhaquine,Chemical,,2,D11974;D11975,,
DG03145,Inupadenant,Chemical,,2,D11978;D11979,,
DG03146,Trilaciclib,Chemical,,2,D11130;D11987,V03AF12,
DG03147,Ilacirnon,Chemical,,2,D11997;D11998,,
DG03148,Mobocertinib,Chemical,Antineoplastic DG01918  Tyrosine kinase inhibitor DG01917  Receptor tyrosine kinase inhibitor Metabolizing enzyme substrate DG01633  CYP3A/CYP3A4 substrate,2,D12001;D11969,L01EB10,
DG03149,Simufilam,Chemical,,2,D12003;D12004,,
DG03150,Balapiravir,Chemical,,2,D09582;D09583,,
DG03151,Tominersen,Chemical,,2,D12013;D12012,,
DG03152,Aspacytarabine,Chemical,,2,D12188;D12189,,
DG03153,Foscarbidopa,Chemical,,2,D12057;D11879,,
DG03154,Temuterkib,Chemical,,2,D12059;D12060,,
DG03155,Suvecaltamide,Chemical,,2,D12061;D12062,,
DG03156,Rusfertide,Chemical,,2,D12064;D12065,,
DG03157,Molidustat,Chemical,,2,D12122;D11273,,
DG03158,HER2 inhibitor,Target,Antineoplastic DG01918  Tyrosine kinase inhibitor DG01917  Receptor tyrosine kinase inhibitor,13,D08108;D04024;D08950;D10898;D11141;D12442;D03257;D05446;D09980;D11529;D11375;D10446;D11560,L01EH,
DG03159,BRAF inhibitor,Target,Antineoplastic,4,D09996;D10064;D10104;D11053,L01EC,
DG03161,BCR-ABL inhibitor,Target,Antineoplastic DG01918  Tyrosine kinase inhibitor,13,D08066;D01441;D03658;D06414;D08953;D06413;D12444;D03252;D09728;D09950;D09951;D11403;D11404,L01EA,
DG03162,EGFR inhibitor,Target,Antineoplastic DG01918  Tyrosine kinase inhibitor DG01917  Receptor tyrosine kinase inhibitor,22,D01977;D07907;D04023;D09724;D09733;D10766;D10858;D10859;D11115;D09883;D10514;D11251;D11980;D12245;D12258;D12259;D03455;D05350;D10018;D11894;D12457;D12506,L01EB,
DG03164,Dersimelagon,Chemical,,2,D12147;D12148,,
DG03165,Lenacapavir,Chemical,Metabolizing enzyme substrate DG01633  CYP3A/CYP3A4 substrate DG02924  UGT substrate DG03183  UGT1A1 substrate Transporter substrate DG01665  ABCB1 substrate,2,D12161;D12162,J05AX31,
DG03167,Zalunfiban,Chemical,,2,D12051;D12163,,
DG03168,Larsucosterol,Chemical,,2,D12170;D12171,,
DG03170,Growth hormone receptor agonist,Target,Hormonal agent,4,D02691;D05884;D11194;D11486,,
DG03171,Sisunatovir,Chemical,,2,D12200;D12201,,
DG03172,COVID-19 vaccine,,Antiviral,5,D11971;D12114;D12115;D12129;D12336,,
DG03173,Dasiglucagon,Chemical,,2,D11359;D12314,H04AA02,
DG03174,Anti-SARS-CoV-2 agent,Class,Antiviral,29,D11472;D11943;D12269;D12262;D12014;D12241;D12142;D11936;D11944;D12353;D12174;D12255;D12260;D11938;D11939;D11993;D11994;D12172;D12199;D12244;D12254;D12267;D12302;D12322;D12325;D12389;D12406;D12470;D12522,,
DG03175,Ivarmacitinib,Chemical,Anti-inflammatory DG01985  Disease modifying anti-rheumatic drug (DMARD) DG02020  JAK inhibitor,2,D12211;D12212,,
DG03176,Esmethadone Dextromethadone,Chemical,Neuropsychiatric agent DG01498  NMDA receptor antagonist,2,D12214;D12215,,
DG03177,Imlunestrant,Chemical,,2,D12216;D12217,,
DG03178,MAOA substrate,Metabolism,Metabolizing enzyme substrate DG02917  MAO substrate,7,D00451;D00676;D00415;D02824;D02825;D10158;D10191,,
DG03179,MAOB substrate,Metabolism,Metabolizing enzyme substrate DG02917  MAO substrate,2,D07870;D00633,,
DG03180,alpha1 and beta-Adrenergic receptor antagonist,Target,Cardiovascular agent DG01466  Adrenergic receptor antagonist DG03231  Antihypertensive,11,D08106;D00600;D00255;D03415;D01369;D07451;D01469;D07465;D01830;D01691;D01444,,
DG03181,UGT2B17 substrate,Metabolism,Metabolizing enzyme substrate DG02924  UGT substrate,3,D11403;D11404;D11954,,
DG03182,UGT1A4 substrate,Metabolism,Metabolizing enzyme substrate DG02924  UGT substrate,7,D06273;D09390;D11557;D10560;D11270;D11271;D00354,,
DG03183,UGT1A1 substrate,Metabolism,Metabolizing enzyme substrate DG02924  UGT substrate,23,D11051;D06676;D07133;D10066;D10113;D10548;D10549;D10600;D11282;D09390;D11557;D12161;D12162;D08086;D01061;D10642;D09666;D10024;D08870;D10145;D10020;D03669;D11966,,
DG03184,UGT1A3 substrate,Metabolism,Metabolizing enzyme substrate DG02924  UGT substrate,5,D10459;D09994;D09666;D10024;D03669,,
DG03185,UGT1A7 substrate,Metabolism,Metabolizing enzyme substrate DG02924  UGT substrate,3,D10915;D10145;D10020,,
DG03186,UGT1A8 substrate,Metabolism,Metabolizing enzyme substrate DG02924  UGT substrate,1,D10459,,
DG03187,UGT2B15 substrate,Metabolism,Metabolizing enzyme substrate DG02924  UGT substrate,4,D05768;D00365;D08673;D02572,,
DG03188,UGT1A9 substrate,Metabolism,Metabolizing enzyme substrate DG02924  UGT substrate,22,D11066;D08897;D09763;D09592;D10459;D10313;D11043;D10593;D11051;D10548;D10549;D10138;D10137;D11817;D10915;D05768;D08673;D02572;D10145;D10020;D10897;D11966,,
DG03189,UGT2B4 substrate,Metabolism,Metabolizing enzyme substrate DG02924  UGT substrate,20,D09592;D07831;D01481;D03825;D07832;D08695;D11150;D00195;D02101;D03579;D03580;D07740;D12312;D12313;D04313;D04338;D08697;D10897;D11851;D11860,,
DG03190,UGT2B7 substrate,Metabolism,Metabolizing enzyme substrate DG02924  UGT substrate,32,D11066;D10459;D10313;D11043;D10196;D10200;D09994;D11403;D11404;D07831;D01481;D03825;D07832;D08695;D10915;D11150;D00365;D10145;D10020;D00195;D02101;D03579;D03580;D07740;D12312;D12313;D04313;D04338;D08697;D11064;D11851;D11860,,
DG03191,FMO1 substrate,Metabolism,Metabolizing enzyme substrate,7,D08094;D02729;D08616;D09756;D11968;D11406;D10897,,
DG03192,CES2 substrate,Metabolism,Metabolizing enzyme substrate DG02970  CES substrate,4,D10871;D10872;D11106;D11817,,
DG03195,UGT inducer,Metabolism,Metabolizing enzyme inducer,2,D00211;D08479,,
DG03196,Poziotinib,Chemical,,2,D12229;D12230,,
DG03197,Bocidelpar,Chemical,,2,D12242;D12243,,
DG03198,Anti-HCV agent,Class,Antiviral,60,D09012;D08876;D10462;D10081;D10469;D10093;D11565;D10639;D09884;D09885;D10393;D10394;D10580;D10597;D10814;D10815;D03501;D09644;D09987;D10166;D10408;D10899;D10065;D10105;D10625;D12247;D10442;D10599;D10576;D10598;D10665;D10806;D10816;D11217;D00423;D10366;D10553;D10581;D10610;D10611;D10554;D10622;D12255;D12260;D08951;D09616;D09971;D10165;D10425;D10996;D10477;D03433;D10578;D10582;D10745;D10778;D10827;D10900;D11014;D10882,,
DG03199,Antiepileptic agent,Class,Neuropsychiatric agent,71,D00252;D00533;D05775;D09215;D09612;D00354;D00538;D07299;D00709;D08879;D05817;D00537;D08964;D10780;D06656;D09035;D00708;D00512;D02103;D00375;D07993;D02096;D07595;D02797;D04982;D00058;D00535;D05621;D08588;D02097;D00332;D09539;D02716;D09569;D06181;D00399;D00304;D00710;D08667;D02766;D02718;D04637;D05033;D00700;D00506;D00701;D08356;D00474;D07298;D01382;D04077;D00280;D01253;D00531;D00550;D00696;D05028;D00293;D00365;D00495;D00392;D03838;D00539;D00508;D00404;D01787;D05928;D01409;D01731;D02055;D07583,,
DG03200,Antipsychotic agent,Class,Neuropsychiatric agent,120,D00270;D00789;D03274;D04034;D09819;D00403;D01520;D02248;D08430;D00797;D07065;D02604;D00390;D00800;D07307;D07756;D07308;D07685;D07865;D07977;D00791;D00792;D00793;D02163;D00503;D02037;D04038;D04965;D08341;D08342;D00493;D00479;D02022;D02609;D09216;D08636;D00799;D01448;D00788;D08585;D01447;D02642;D02643;D01412;D01860;D02608;D01485;D00373;D00798;D02671;D00795;D08385;D02680;D02354;D01130;D02610;D02605;D02607;D02644;D02653;D02679;D00136;D01898;D08035;D02625;D08637;D07309;D08172;D02623;D01105;D02622;D01482;D01101;D02626;D02627;D00308;D02621;D01051;D02035;D02620;D02628;D02651;D02668;D02686;D03921;D05495;D03666;D00283;D00454;D06623;D08456;D00458;D00426;D01164;D10355;D10364;D10516;D05339;D05340;D02666;D01176;D02372;D01226;D08549;D02208;D08590;D01522;D02682;D02683;D07310;D07311;D07312;D01468;D08235;D01548;D07623;D01449;D02713;D07718;D02371,,
DG03201,Intraocular pressure lowering agent,Class,Ophthalmic agent,72,D02349;D01017;D07461;D01008;D07540;D02076;D00525;D02200;D05478;D08376;D00524;D01228;D02193;D00667;D00196;D02418;D03826;D00043;D02750;D00999;D10529;D00218;D01196;D00518;D07871;D00653;D00652;D00655;D08600;D00378;D00603;D07526;D00598;D08115;D01025;D02374;D02081;D07624;D00599;D07496;D01512;D01691;D07550;D01887;D00356;D08661;D01452;D02724;D01964;D06274;D10441;D10965;D10966;D08030;D02237;D04382;D07775;D03648;D11030;D11031;D10463;D11558;D08493;D10298;D10512;D10854;D07505;D09815;D10569;D10840;D10804;D12437,,
DG03202,Hypnotic,Class,Neuropsychiatric agent,23,D01372;D08690;D00706;D00530;D02624;D00329;D00695;D01408;D00531;D01230;D00311;D00387;D01657;D00370;D01744;D00457;D01514;D01758;D08481;D01564;D02689;D10082;D11022,,
DG03203,VEGFR inhibitor,Target,Antineoplastic DG01918  Tyrosine kinase inhibitor DG01917  Receptor tyrosine kinase inhibitor,5,D03218;D08881;D08883;D09683;D10190,,
DG03204,Navitoclax,Chemical,,2,D09935;D09936,,
DG03205,Lazertinib,Chemical,Antineoplastic DG01918  Tyrosine kinase inhibitor DG01917  Receptor tyrosine kinase inhibitor DG03162  EGFR inhibitor,2,D11980;D12245,L01EB09,
DG03206,Pafolacianine,Chemical,,2,D12249;D12250,V04CX10,
DG03207,Iptacopan,Chemical,,2,D12251;D12252,,
DG03208,FGFR inhibitor,Target,Antineoplastic DG01918  Tyrosine kinase inhibitor DG01917  Receptor tyrosine kinase inhibitor,5,D10927;D11417;D11589;D11611;D11725,,
DG03209,Aumolertinib,Chemical,Antineoplastic DG01918  Tyrosine kinase inhibitor DG01917  Receptor tyrosine kinase inhibitor DG03162  EGFR inhibitor,2,D12258;D12259,L01EB11,
DG03210,Bemnifosbuvir,Chemical,Antiviral DG03198  Anti-HCV agent DG02000  HCV NS5B polymerase inhibitor DG03174  Anti-SARS-CoV-2 agent,2,D12255;D12260,,
DG03211,Bomedemstat,Chemical,,2,D12263;D12264,,
DG03212,Branaplam,Chemical,,2,D12272;D12273,,
DG03213,Cobitolimod,Chemical,,2,D12275;D12276,,
DG03214,Motixafortide,Chemical,,2,D12281;D12282,,
DG03215,Vamifeport,Chemical,,2,D12289;D12290,,
DG03216,Inclisiran,Chemical,Hypolipidemic agent DG01946  Hypolipidemic agent DG03128  Anti-PCSK9 antibody and siRNA,2,D11931;D12293,C10AX16,
DG03217,Glycyrrhizic acid,Chemical,,4,D00157;D02028;D02264;D04987,,
DG03218,Abequolixron,Chemical,,2,D12298;D12299,,
DG03219,Bortezomib,Chemical,Antineoplastic DG03134  Proteasome inhibitor,2,D03150;D12311,L01XG01,
DG03220,Buntanetap,Chemical,Neuropsychiatric agent DG01595  Cholinesterase inhibitor DG01593  Acetylcholinesterase inhibitor,2,D12318;D12319,,
DG03221,Zeteletinib,Chemical,Antineoplastic DG01918  Tyrosine kinase inhibitor,2,D12330;D12331,,
DG03222,Zolunicant,Chemical,,2,D12339;D12340,,
DG03223,Pralsetinib,Chemical,Antineoplastic DG01918  Tyrosine kinase inhibitor,2,D11712;D12354,L01EX23,
DG03224,Zilucoplan,Chemical,,2,D12357;D12356,,
DG03225,Orexin receptor antagonist,Target,Neuropsychiatric agent,7,D10082;D11022;D11886;D11887;D09964;D10345;D11269,,
DG03226,Taletrectinib,Chemical,Antineoplastic DG01918  Tyrosine kinase inhibitor,2,D12363;D12364,,
DG03227,Udifitimod,Chemical,,2,D12376;D12377,,
DG03228,"Combination of metformin, DPP-4 inhibitor and SGLT2 inhibitor",Class,Antidiabetic agent DG02044  Hypoglycemic agent,2,D11711;D11856,,
DG03229,Combination of insulin analog and GLP-1 receptor agonist,Class,Antidiabetic agent DG01636  Insulin preparation,2,D11034;D11567,,
DG03230,Ebaresdax,Chemical,,2,D12380;D12381,,
DG03231,Antihypertensive,Class,Cardiovascular agent,238,D00251;D07892;D00621;D08131;D00362;D03753;D00624;D11580;D00421;D03752;D00459;D07499;D00620;D07699;D01069;D07992;D00622;D00383;D08529;D03765;D07781;D01667;D08225;D00623;D08566;D01119;D08688;D03767;D08068;D01549;D01900;D03077;D03440;D03756;D03758;D03760;D03763;D03769;D03772;D03773;D03775;D03776;D06076;D08146;D00357;D04040;D02082;D00400;D00523;D06010;D00522;D00626;D00627;D05246;D01204;D08864;D08067;D08865;D10556;D01922;D04126;D04243;D05801;D09038;D03208;D06412;D03738;D03741;D03743;D03745;D00650;D00654;D00340;D00519;D03471;D00657;D00658;D02061;D00656;D01256;D07172;D00651;D01241;D01246;D01247;D02453;D02838;D03189;D04033;D04976;D00461;D02460;D00272;D01877;D01822;D00431;D01605;D06341;D00345;D06401;D01436;D04161;D07955;D01895;D00443;D01943;D03363;D01115;D03917;D03792;D05020;D05640;D05912;D00386;D07450;D00615;D02914;D11881;D00319;D00349;D08270;D00617;D00437;D00438;D00618;D00629;D04657;D01908;D08155;D01553;D07494;D01104;D08111;D01849;D01173;D07509;D02045;D08892;D08941;D01145;D01562;D07886;D01604;D01151;D01933;D03655;D04193;D06060;D09789;D07845;D00616;D03830;D08205;D00405;D00281;D00604;D04375;D00605;D08044;D01302;D04458;D00515;D00614;D02358;D00601;D00635;D05011;D00235;D07526;D00598;D02342;D00634;D07660;D01741;D05127;D06622;D00513;D08443;D00483;D00432;D07624;D00599;D08106;D00600;D00255;D03415;D01369;D07451;D01469;D07465;D01830;D01691;D01444;D08411;D00609;D07874;D00608;D01333;D08662;D08569;D00610;D11585;D07550;D01887;D08362;D00509;D10276;D10277;D10268;D10278;D10279;D10280;D10281;D11581;D10282;D07895;D10283;D09197;D10249;D10480;D09196;D09219;D10284;D10589;D09745;D10285;D09743;D10243;D07569;D09594;D10524;D10525;D10286;D10287;D10288;D10226;D11388;D10805,,
DG03232,Osteoporosis agent,Class,Musculo-skeletal system agent,55,D02373;D00314;D03545;D03544;D07720;D07281;D00941;D07119;D00939;D08599;D02285;D08056;D04486;D08484;D00942;D03234;D11570;D08689;D01968;D06378;D06379;D10515;D08073;D07123;D04887;D04886;D03188;D05497;D09198;D03684;D01338;D00105;D00185;D08465;D02217;D10606;D03062;D06078;D03358;D06546;D10885;D11563;D03287;D00249;D00937;D01518;D00129;D01375;D10156;D00100;D10841;D04454;D09187;D01598;D07578,,
DG03233,Fosgonimeton,Chemical,,2,D12392;D12393,,
DG03234,Tasurgratinib,Chemical,Antineoplastic DG01918  Tyrosine kinase inhibitor DG01917  Receptor tyrosine kinase inhibitor,2,D12404;D12405,,
DG03235,Landiolol,Chemical,Cardiovascular agent DG01466  Adrenergic receptor antagonist DG01464  beta-Adrenergic receptor antagonist (Beta blocker) DG01461  beta1-Adrenergic receptor antagonist DG01653  Antiarrhythmics DG01806  Class II antiarrhythmic agent,2,D12410;D01847,C07AB14,
DG03236,Emavusertib,Chemical,,6,D12411;D12412;D12532;D12533;D12538;D12539,,
DG03237,Ivospemin,Chemical,,2,D12414;D12415,,
DG03238,Siremadlin,Chemical,,2,D12417;D12418,,
DG03239,Selnoflast,Chemical,,2,D12422;D12423,,
DG03240,Tucatinib,Chemical,Antineoplastic DG01918  Tyrosine kinase inhibitor DG01917  Receptor tyrosine kinase inhibitor DG03158  HER2 inhibitor Metabolizing enzyme substrate DG02918  CYP2C8 substrate DG01633  CYP3A/CYP3A4 substrate,2,D11141;D12442,L01EH03,
DG03241,CES1 substrate,Metabolism,Metabolizing enzyme substrate DG02970  CES substrate,5,D10871;D10872;D11106;D10965;D10966,,
DG03242,Avibactam,Chemical,Antibacterial DG01479  beta-Lactamase inhibitor,2,D10340;D12447,,
DG03243,Atopic dermatitis agent,Class,Dermatological agent,65,D01272;D01327;D02032;D01637;D01764;D00325;D01387;D00690;D01266;D01886;D01357;D01825;D01632;D01948;D01434;D01273;D01619;D00983;D01820;D00292;D03301;D08733;D00244;D00407;D00385;D00088;D00973;D00975;D00979;D01239;D00978;D01122;D00452;D01823;D01594;D00107;D00184;D11046;D10308;D11048;D11400;D11314;D10354;D11080;D01192;D01324;D01773;D00664;D08118;D00364;D00659;D01478;D01713;D00671;D03693;D08497;D09570;D02249;D01096;D01654;D02027;D01423;D08806;D00006;D00023,,
DG03244,Fostroxacitabine,Chemical,"Antineoplastic DG02018  Antimetabolite DG01958  Nucleic acid derivative, antineoplastic DG01439  Arabinofuranosyl type antineoplastic",2,D12451;D12452,,
DG03245,Lirafugratinib,Chemical,,2,D12455;D12456,,
DG03246,Ledaborbactam,Chemical,Antibacterial DG01479  beta-Lactamase inhibitor,2,D12471;D12472,,
DG03247,Ulotaront,Chemical,,2,D12474;D12475,,
DG03248,Paltusotine,Chemical,Hormonal agent DG01588  Somatostatin receptor agonist,2,D12477;D12478,,
DG03249,Thiomolibdic acid,Chemical,Vitamin and mineral DG01692  Chelator,3,D12485;D09681;D11915,A16AX22,
DG03250,DDC substrate,Metabolism,Unclassified,1,D12494,,
DG03251,UGT inhibitor,Metabolism,Unclassified,2,D10644;D10643,,
DG03252,Zetomipzomib,Chemical,,2,D12512;D12513,,
DG03253,Sabizabulin,Chemical,,2,D12519;D12520,,
DG03254,Arfolitixorin,Chemical,,2,D11447;D12528,,
DG03255,Avutometinib,Chemical,Antineoplastic DG03137  MEK inhibitor,2,D12515;D12534,,
DG03256,Fipravirimat,Chemical,,2,D12523;D12535,,
DG03257,Orforglipron,Chemical,Antidiabetic agent DG02044  Hypoglycemic agent DG01493  GLP-1 receptor agonist,2,D12536;D12529,,
DG03258,Catequentinib,Chemical,Antineoplastic DG01918  Tyrosine kinase inhibitor,2,D12526;D12537,,
DG03259,Zilurgisertib,Chemical,,2,D12547;D12548,,
DG03260,Bocodepsin,Chemical,,2,D12551;D12552,,
DG03261,Frunexian,Chemical,,2,D12563;D12564,,
DG03262,Regadenoson,Chemical,,2,D12568;D05711,C01EB21,
DG03263,Feniralstat,Chemical,,2,D12573;D12574,,
DG03264,Povorcitinib,Chemical,Anti-inflammatory DG01985  Disease modifying anti-rheumatic drug (DMARD) DG02020  JAK inhibitor,2,D12575;D12576,,
DG03265,Seclidemstat,Chemical,,2,D12577;D12578,,
