entry_id,name,type,definition,class,gene_count,gene_symbols,disease_ids,variant_ids
N00001,EGF-EGFR-RAS-ERK signaling pathway,Reference,EGF -> EGFR -> GRB2 -> SOS -> RAS -> RAF -> MEK -> ERK -> CCND1,nt06260 Colorectal cancer; nt06263 Hepatocellular carcinoma; nt06265 Bladder cancer; nt06266 Non-small cell lung cancer; nt06268 Melanoma; nt06270 Breast cancer; nt06271 Endometrial cancer; nt06273 Glioma; nt06274 Thyroid cancer; nt06276 Chronic myeloid leukemia; nt06210 ERK signaling; nt06162 Hepatitis B virus (HBV); nt06163 Hepatitis C virus (HCV); nt06170 Influenza A virus (IAV); nt06167 Human cytomegalovirus (HCMV); nt06166 Human papillomavirus (HPV),16,EGF;EGFR;GRB2;SOS1;SOS2;HRAS;KRAS;NRAS;ARAF;BRAF;RAF1;MAP2K1;MAP2K2;MAPK1;MAPK3;CCND1,,
N00002,BCR-ABL fusion kinase to RAS-ERK signaling pathway,Variant,BCR-ABL -> GRB2 -> SOS -> RAS -> RAF -> MEK -> ERK,nt06276 Chronic myeloid leukemia; nt06210 ERK signaling,14,ABL1;GRB2;SOS1;SOS2;HRAS;KRAS;NRAS;ARAF;BRAF;RAF1;MAP2K1;MAP2K2;MAPK1;MAPK3,H00004,25v1;25v2
N00003,Mutation-activated KIT to RAS-ERK signaling pathway,Variant,KIT* -> GRB2 -> SOS -> RAS -> RAF -> MEK -> ERK,nt06275 Acute myeloid leukemia; nt06210 ERK signaling,14,KIT;GRB2;SOS1;SOS2;HRAS;KRAS;NRAS;ARAF;BRAF;RAF1;MAP2K1;MAP2K2;MAPK1;MAPK3,H00003,3815v1
N00004,Duplication or mutation-activated FLT3 to RAS-ERK signaling pathway,Variant,FLT3* -> GRB2 -> SOS -> RAS -> RAF -> MEK -> ERK,nt06275 Acute myeloid leukemia; nt06210 ERK signaling,14,FLT3;GRB2;SOS1;SOS2;HRAS;KRAS;NRAS;ARAF;BRAF;RAF1;MAP2K1;MAP2K2;MAPK1;MAPK3,H00003,2322v2;2322v1
N00005,Mutation-activated MET to RAS-ERK signaling pathway,Variant,MET* -> GRB2 -> SOS -> RAS -> RAF -> MEK -> ERK -> CCND1,nt06263 Hepatocellular carcinoma; nt06264 Renal cell carcinoma; nt06210 ERK signaling,15,MET;GRB2;SOS1;SOS2;HRAS;KRAS;NRAS;ARAF;BRAF;RAF1;MAP2K1;MAP2K2;MAPK1;MAPK3;CCND1,H00048;H00021,4233v1
N00006,Amplified EGFR to RAS-ERK signaling pathway,Variant,EGFR* -> GRB2 -> SOS -> RAS -> RAF -> MEK -> ERK,nt06265 Bladder cancer; nt06273 Glioma; nt06210 ERK signaling,14,EGFR;GRB2;SOS1;SOS2;HRAS;KRAS;NRAS;ARAF;BRAF;RAF1;MAP2K1;MAP2K2;MAPK1;MAPK3,H00042;H00022,1956v1
N00007,EML4-ALK fusion kinase to RAS-ERK signaling pathway,Variant,EML4-ALK -> RAS -> RAF -> MEK -> ERK -> CCND1,nt06266 Non-small cell lung cancer; nt06210 ERK signaling,12,ALK;HRAS;KRAS;NRAS;ARAF;BRAF;RAF1;MAP2K1;MAP2K2;MAPK1;MAPK3;CCND1,H00014,238v1;238v2
N00008,RET fusion kinase to RAS-ERK signaling pathway,Variant,RET* -> RAS -> RAF -> MEK -> ERK,nt06266 Non-small cell lung cancer; nt06274 Thyroid cancer; nt06210 ERK signaling,11,RET;HRAS;KRAS;NRAS;ARAF;BRAF;RAF1;MAP2K1;MAP2K2;MAPK1;MAPK3,H00032;H00014,5979v1
N00009,TRK fusion kinase to RAS-ERK signaling pathway,Variant,TRK* -> RAS -> RAF -> MEK -> ERK,nt06274 Thyroid cancer; nt06210 ERK signaling,11,NTRK1;HRAS;KRAS;NRAS;ARAF;BRAF;RAF1;MAP2K1;MAP2K2;MAPK1;MAPK3,H00032,4914v1
N00010,Mutation-inactivated PTCH1 to Hedgehog signaling pathway,Variant,"PTCH1* // SMO -> (SUFU+KIF7) // GLI => (BMP2/4,HHIP,GLI1,PTCH,WNT)",nt06269 Basal cell carcinoma; nt06217 HH signaling,29,PTCH1;SMO;SUFU;KIF7;GLI1;GLI2;GLI3;BMP2;BMP4;HHIP;PTCH2;WNT1;WNT2;WNT2B;WNT3;WNT3A;WNT4;WNT5A;WNT5B;WNT6;WNT7A;WNT7B;WNT8A;WNT8B;WNT9A;WNT9B;WNT10A;WNT10B;WNT16,H00039,5727v1
N00011,Mutation-activated FGFR3 to RAS-ERK signaling pathway,Variant,FGFR3* -> GRB2 -> SOS -> RAS -> RAF -> MEK -> ERK -> MSK1 -> MYC,nt06265 Bladder cancer; nt06210 ERK signaling,16,FGFR3;GRB2;SOS1;SOS2;HRAS;KRAS;NRAS;ARAF;BRAF;RAF1;MAP2K1;MAP2K2;MAPK1;MAPK3;RPS6KA5;MYC,H00022,2261v1;2261v2
N00012,Mutation-activated KRAS/NRAS to ERK signaling pathway,Variant,"(KRAS*,NRAS*) -> RAF -> MEK -> ERK -> CCND1",nt06260 Colorectal cancer; nt06261 Gastric cancer; nt06262 Pancreatic cancer; nt06266 Non-small cell lung cancer; nt06268 Melanoma; nt06271 Endometrial cancer; nt06274 Thyroid cancer; nt06275 Acute myeloid leukemia; nt06210 ERK signaling,10,KRAS;NRAS;ARAF;BRAF;RAF1;MAP2K1;MAP2K2;MAPK1;MAPK3;CCND1,H00020;H00019;H00018;H00032;H00003;H00026;H00014;H00038,3845v1;4893v1
N00013,Mutation-activated BRAF to ERK signaling pathway,Variant,BRAF* -> MEK -> ERK,nt06268 Melanoma; nt06274 Thyroid cancer; nt06210 ERK signaling,5,BRAF;MAP2K1;MAP2K2;MAPK1;MAPK3,H00032;H00038,673v1
N00014,Mutation-activated EGFR to RAS-ERK signaling pathway,Variant,EGFR* -> GRB2 -> SOS -> RAS -> RAF -> MEK -> ERK -> CCND1,nt06266 Non-small cell lung cancer; nt06210 ERK signaling,15,EGFR;GRB2;SOS1;SOS2;HRAS;KRAS;NRAS;ARAF;BRAF;RAF1;MAP2K1;MAP2K2;MAPK1;MAPK3;CCND1,H00014,1956v2;1956v3
N00015,PDGF-PDGFR-RAS-ERK signaling pathway,Reference,PDGF -> PDGFR -> GRB2 -> SOS -> RAS -> RAF -> MEK -> ERK,nt06273 Glioma; nt06210 ERK signaling; nt06166 Human papillomavirus (HPV),17,PDGFA;PDGFB;PDGFRA;PDGFRB;GRB2;SOS1;SOS2;HRAS;KRAS;NRAS;ARAF;BRAF;RAF1;MAP2K1;MAP2K2;MAPK1;MAPK3,,
N00016,PDGF-overexpression to RAS-ERK signaling pathway,Variant,PDGF* -> PDGFR -> GRB2 -> SOS -> RAS -> RAF -> MEK -> ERK,nt06273 Glioma; nt06210 ERK signaling,17,PDGFA;PDGFB;PDGFRA;PDGFRB;GRB2;SOS1;SOS2;HRAS;KRAS;NRAS;ARAF;BRAF;RAF1;MAP2K1;MAP2K2;MAPK1;MAPK3,H00042,5154v1;5155v1
N00017,Mutation-activated SMO to Hedgehog signaling pathway,Variant,"SMO* -> (SUFU+KIF7) // GLI => (BMP2/4,HHIP,GLI1,PTCH,WNT)",nt06269 Basal cell carcinoma; nt06217 HH signaling,29,SMO;SUFU;KIF7;GLI1;GLI2;GLI3;BMP2;BMP4;HHIP;PTCH1;PTCH2;WNT1;WNT2;WNT2B;WNT3;WNT3A;WNT4;WNT5A;WNT5B;WNT6;WNT7A;WNT7B;WNT8A;WNT8B;WNT9A;WNT9B;WNT10A;WNT10B;WNT16,H00039,6608v1
N00018,Amplified PDGFR to RAS-ERK signaling pathway,Variant,PDGFR* -> GRB2 -> SOS -> RAS -> RAF -> MEK -> ERK,nt06273 Glioma; nt06210 ERK signaling,14,PDGFRA;GRB2;SOS1;SOS2;HRAS;KRAS;NRAS;ARAF;BRAF;RAF1;MAP2K1;MAP2K2;MAPK1;MAPK3,H00042,5156v1
N00019,FGF-FGFR-RAS-ERK signaling pathway,Reference,FGF -> FGFR -> GRB2 -> SOS -> RAS -> RAF -> MEK -> ERK,nt06261 Gastric cancer; nt06265 Bladder cancer; nt06270 Breast cancer; nt06210 ERK signaling; nt06361 Hypogonadotropic hypogonadism,35,FGF1;FGF2;FGF3;FGF4;FGF5;FGF6;FGF7;FGF8;FGF9;FGF10;FGF16;FGF17;FGF18;FGF19;FGF20;FGF21;FGF22;FGF23;FGFR1;FGFR2;FGFR3;FGFR4;GRB2;SOS1;SOS2;HRAS;KRAS;NRAS;ARAF;BRAF;RAF1;MAP2K1;MAP2K2;MAPK1;MAPK3,,
N00020,Amplified FGFR to RAS-ERK signaling pathway,Variant,FGFR* -> GRB2 -> SOS -> RAS -> RAF -> MEK -> ERK,nt06261 Gastric cancer; nt06270 Breast cancer; nt06210 ERK signaling,15,FGFR1;FGFR2;GRB2;SOS1;SOS2;HRAS;KRAS;NRAS;ARAF;BRAF;RAF1;MAP2K1;MAP2K2;MAPK1;MAPK3,H00031;H00018,2260v1;2263v1
N00021,EGF-ERBB2-RAS-ERK signaling pathway,Reference,EGF -> (ERBB2+EGFR) -> GRB2 -> SOS -> RAS -> RAF -> MEK -> ERK,nt06261 Gastric cancer; nt06265 Bladder cancer; nt06270 Breast cancer; nt06210 ERK signaling,16,EGF;ERBB2;EGFR;GRB2;SOS1;SOS2;HRAS;KRAS;NRAS;ARAF;BRAF;RAF1;MAP2K1;MAP2K2;MAPK1;MAPK3,,
N00022,ERBB2-overexpression to RAS-ERK signaling pathway,Variant,EGF -> (ERBB2*+EGFR) -> GRB2 -> SOS -> RAS -> RAF -> MEK -> ERK,nt06265 Bladder cancer; nt06266 Non-small cell lung cancer; nt06270 Breast cancer; nt06210 ERK signaling,16,EGF;ERBB2;EGFR;GRB2;SOS1;SOS2;HRAS;KRAS;NRAS;ARAF;BRAF;RAF1;MAP2K1;MAP2K2;MAPK1;MAPK3,H00022;H00031;H00014,2064v1
N00023,EGF-EGFR-PLCG-ERK signaling pathway,Reference,"EGF -> EGFR -> PLCG -> IP3 -> (Ca2+,DAG) -> PKC -> RAF -> MEK -> ERK -> CCND1",nt06266 Non-small cell lung cancer; nt06220 Calcium signaling,15,EGF;EGFR;PLCG1;PLCG2;PRKCA;PRKCB;PRKCG;ARAF;BRAF;RAF1;MAP2K1;MAP2K2;MAPK1;MAPK3;CCND1,,
N00024,Mutation-activated EGFR to PLCG-ERK signaling pathway,Variant,"EGFR* -> PLCG -> IP3 -> (Ca2+,DAG) -> PKC -> RAF -> MEK -> ERK -> CCND1",nt06266 Non-small cell lung cancer; nt06220 Calcium signaling,14,EGFR;PLCG1;PLCG2;PRKCA;PRKCB;PRKCG;ARAF;BRAF;RAF1;MAP2K1;MAP2K2;MAPK1;MAPK3;CCND1,H00014,1956v2;1956v3
N00025,EML4-ALK fusion kinase to PLCG-ERK signaling pathway,Variant,"EML4-ALK -> PLCG -> IP3 -> (Ca2+,DAG) -> PKC -> RAF -> MEK -> ERK -> CCND1",nt06266 Non-small cell lung cancer; nt06220 Calcium signaling,14,ALK;PLCG1;PLCG2;PRKCA;PRKCB;PRKCG;ARAF;BRAF;RAF1;MAP2K1;MAP2K2;MAPK1;MAPK3;CCND1,H00014,238v1;238v2
N00026,EGF-EGFR-PLCG-CAMK signaling pathway,Reference,EGF -> EGFR -> PLCG -> IP3 -> Ca2+ -> CALM == CAMK,nt06273 Glioma; nt06220 Calcium signaling,15,EGF;EGFR;PLCG1;PLCG2;CALM1;CALM2;CALM3;CAMK1;CAMK1D;CAMK1G;CAMK2A;CAMK2B;CAMK2D;CAMK2G;CAMK4,,
N00027,Amplified EGFR to PLCG-CAMK signaling pathway,Variant,EGFR* -> PLCG -> IP3 -> Ca2+ -> CALM == CAMK,nt06273 Glioma; nt06220 Calcium signaling,14,EGFR;PLCG1;PLCG2;CALM1;CALM2;CALM3;CAMK1;CAMK1D;CAMK1G;CAMK2A;CAMK2B;CAMK2D;CAMK2G;CAMK4,H00042,1956v1
N00028,PDGF-PDGFR-PLCG-CAMK signaling pathway,Reference,PDGF -> PDGFR -> PLCG -> IP3 -> Ca2+ -> CALM == CAMK,nt06273 Glioma; nt06220 Calcium signaling,17,PDGFA;PDGFB;PDGFRA;PDGFRB;PLCG1;PLCG2;CALM1;CALM2;CALM3;CAMK1;CAMK1D;CAMK1G;CAMK2A;CAMK2B;CAMK2D;CAMK2G;CAMK4,,
N00029,Amplified PDGFR to PLCG-CAMK signaling pathway,Variant,PDGFR* -> PLCG -> IP3 -> Ca2+ -> CALM == CAMK,nt06273 Glioma; nt06220 Calcium signaling,14,PDGFRA;PLCG1;PLCG2;CALM1;CALM2;CALM3;CAMK1;CAMK1D;CAMK1G;CAMK2A;CAMK2B;CAMK2D;CAMK2G;CAMK4,H00042,5156v1
N00030,EGF-EGFR-RAS-PI3K signaling pathway,Reference,EGF -> EGFR -> GRB2 -> SOS -> RAS -> PI3K -> PIP3 -> AKT -| BAD,nt06114 PI3K signaling (viruses); nt06260 Colorectal cancer; nt06268 Melanoma; nt06214 PI3K signaling; nt06164 Kaposi sarcoma-associated herpesvirus (KSHV),15,EGF;EGFR;GRB2;SOS1;SOS2;HRAS;KRAS;NRAS;PIK3CA;PIK3CB;PIK3CD;AKT1;AKT2;AKT3;BAD,,
N00031,Duplication or mutation-activated FLT3 to RAS-PI3K signaling pathway,Variant,FLT3* -> GRB2 -> SOS -> RAS -> PI3K -> PIP3 -> AKT -| BAD,nt06275 Acute myeloid leukemia; nt06214 PI3K signaling,14,FLT3;GRB2;SOS1;SOS2;HRAS;KRAS;NRAS;PIK3CA;PIK3CB;PIK3CD;AKT1;AKT2;AKT3;BAD,H00003,2322v2;2322v1
N00032,Mutation-activated KRAS/NRAS to PI3K signaling pathway,Variant,"(KRAS*,NRAS*) -> PI3K -> PIP3 -> AKT -| BAD",nt06260 Colorectal cancer; nt06262 Pancreatic cancer; nt06266 Non-small cell lung cancer; nt06268 Melanoma; nt06275 Acute myeloid leukemia; nt06214 PI3K signaling,9,KRAS;NRAS;PIK3CA;PIK3CB;PIK3CD;AKT1;AKT2;AKT3;BAD,H00020;H00019;H00003;H00014;H00038,3845v1;4893v1
N00033,EGF-EGFR-PI3K signaling pathway,Reference,EGF -> EGFR -> PI3K -> PIP3 -> AKT -| BAD,nt06114 PI3K signaling (viruses); nt06260 Colorectal cancer; nt06263 Hepatocellular carcinoma; nt06266 Non-small cell lung cancer; nt06270 Breast cancer; nt06273 Glioma; nt06276 Chronic myeloid leukemia; nt06214 PI3K signaling; nt06162 Hepatitis B virus (HBV); nt06163 Hepatitis C virus (HCV); nt06170 Influenza A virus (IAV); nt06165 Epstein-Barr virus (EBV); nt06166 Human papillomavirus (HPV),9,EGF;EGFR;PIK3CA;PIK3CB;PIK3CD;AKT1;AKT2;AKT3;BAD,,
N00034,ERBB2-overexpression to PI3K signaling pathway,Variant,EGF -> (ERBB2*+EGFR) -> PI3K -> PIP3 -> AKT -> MTOR -> S6K,nt06262 Pancreatic cancer; nt06270 Breast cancer; nt06214 PI3K signaling,12,EGF;ERBB2;EGFR;PIK3CA;PIK3CB;PIK3CD;AKT1;AKT2;AKT3;MTOR;RPS6KB1;RPS6KB2,H00031;H00019,2064v1
N00035,Amplified EGFR to PI3K signaling pathway,Variant,EGFR* -> PI3K -> PIP3 -> AKT -> MTOR,nt06273 Glioma; nt06214 PI3K signaling,8,EGFR;PIK3CA;PIK3CB;PIK3CD;AKT1;AKT2;AKT3;MTOR,H00042,1956v1
N00036,Mutation-activated EGFR to PI3K signaling pathway,Variant,EGFR* -> PI3K -> PIP3 -> AKT -| BAD,nt06266 Non-small cell lung cancer; nt06214 PI3K signaling,8,EGFR;PIK3CA;PIK3CB;PIK3CD;AKT1;AKT2;AKT3;BAD,H00014,1956v2;1956v3
N00037,FGF-FGFR-PI3K signaling pathway,Reference,FGF -> FGFR -> PI3K -> PIP3 -> AKT -> MTOR -> S6K,nt06261 Gastric cancer; nt06270 Breast cancer; nt06214 PI3K signaling,31,FGF1;FGF2;FGF3;FGF4;FGF5;FGF6;FGF7;FGF8;FGF9;FGF10;FGF16;FGF17;FGF18;FGF19;FGF20;FGF21;FGF22;FGF23;FGFR1;FGFR2;FGFR3;FGFR4;PIK3CA;PIK3CB;PIK3CD;AKT1;AKT2;AKT3;MTOR;RPS6KB1;RPS6KB2,,
N00038,Amplified FGFR to PI3K signaling pathway,Variant,FGFR* -> PI3K -> PIP3 -> AKT -> MTOR,nt06261 Gastric cancer; nt06270 Breast cancer; nt06214 PI3K signaling,9,FGFR1;FGFR2;PIK3CA;PIK3CB;PIK3CD;AKT1;AKT2;AKT3;MTOR,H00031;H00018,2260v1;2263v1
N00039,PDGF-PDGFR-PI3K signaling pathway,Reference,PDGF -> PDGFR -> PI3K -> PIP3 -> AKT -> MTOR -> S6K,nt06114 PI3K signaling (viruses); nt06273 Glioma; nt06214 PI3K signaling; nt06167 Human cytomegalovirus (HCMV); nt06166 Human papillomavirus (HPV),13,PDGFA;PDGFB;PDGFRA;PDGFRB;PIK3CA;PIK3CB;PIK3CD;AKT1;AKT2;AKT3;MTOR;RPS6KB1;RPS6KB2,,
N00040,Amplified PDGFR to PI3K signaling pathway,Variant,PDGFR* -> PI3K -> PIP3 -> AKT -> MTOR,nt06273 Glioma; nt06214 PI3K signaling,8,PDGFRA;PIK3CA;PIK3CB;PIK3CD;AKT1;AKT2;AKT3;MTOR,H00042,5156v1
N00041,EGFR-overexpression to RAS-ERK signaling pathway,Variant,EGFR* -> GRB2 -> SOS -> RAS -> RAF -> MEK -> ERK,nt06260 Colorectal cancer; nt06265 Bladder cancer; nt06266 Non-small cell lung cancer; nt06270 Breast cancer; nt06273 Glioma; nt06210 ERK signaling,14,EGFR;GRB2;SOS1;SOS2;HRAS;KRAS;NRAS;ARAF;BRAF;RAF1;MAP2K1;MAP2K2;MAPK1;MAPK3,H00020;H00042;H00022;H00031;H00014,1956v4
N00042,EGFR-overexpression to PI3K signaling pathway,Variant,EGFR* -> PI3K -> PIP3 -> AKT -> MTOR -> S6K,nt06260 Colorectal cancer; nt06270 Breast cancer; nt06273 Glioma; nt06214 PI3K signaling,10,EGFR;PIK3CA;PIK3CB;PIK3CD;AKT1;AKT2;AKT3;MTOR;RPS6KB1;RPS6KB2,H00020;H00042;H00031,1956v4
N00043,HGF-MET-PI3K signaling pathway,Reference,HGF -> MET -> GAB1 -> PI3K -> PIP3 -> AKT -| BAD,nt06261 Gastric cancer; nt06263 Hepatocellular carcinoma; nt06264 Renal cell carcinoma; nt06266 Non-small cell lung cancer; nt06214 PI3K signaling,10,HGF;MET;GAB1;PIK3CA;PIK3CB;PIK3CD;AKT1;AKT2;AKT3;BAD,,
N00044,Mutation-activated MET to PI3K signaling pathway,Variant,MET* -> GAB1 -> PI3K -> PIP3 -> AKT -| BAD,nt06263 Hepatocellular carcinoma; nt06264 Renal cell carcinoma; nt06214 PI3K signaling,9,MET;GAB1;PIK3CA;PIK3CB;PIK3CD;AKT1;AKT2;AKT3;BAD,H00048;H00021,4233v1
N00045,KITLG-KIT-PI3K signaling pathway,Reference,KITLG -> KIT -> PI3K -> PIP3 -> AKT -> MTOR -> S6K,nt06275 Acute myeloid leukemia; nt06214 PI3K signaling,11,KITLG;KIT;PIK3CA;PIK3CB;PIK3CD;AKT1;AKT2;AKT3;MTOR;RPS6KB1;RPS6KB2,,
N00046,Mutation-activated KIT to PI3K signaling pathway,Variant,KIT* -> PI3K -> PIP3 -> AKT -| BAD,nt06275 Acute myeloid leukemia; nt06214 PI3K signaling,8,KIT;PIK3CA;PIK3CB;PIK3CD;AKT1;AKT2;AKT3;BAD,H00003,3815v1
N00047,EML4-ALK fusion kinase to PI3K signaling pathway,Variant,EML4-ALK -> PI3K -> PIP3 -> AKT -| BAD,nt06266 Non-small cell lung cancer; nt06214 PI3K signaling,8,ALK;PIK3CA;PIK3CB;PIK3CD;AKT1;AKT2;AKT3;BAD,H00014,238v1;238v2
N00048,BCR-ABL fusion kinase to PI3K signaling pathway,Variant,BCR-ABL -> (CRKL+CBL+CRK) -> PI3K -> PIP3 -> AKT -| BAD,nt06276 Chronic myeloid leukemia; nt06214 PI3K signaling,11,ABL1;CRKL;CBL;CRK;PIK3CA;PIK3CB;PIK3CD;AKT1;AKT2;AKT3;BAD,H00004,25v1;25v2
N00049,Mutation-activated PI3K to PI3K signaling pathway,Variant,PI3K* -> PIP3 -> AKT -> MTOR -> S6K,nt06263 Hepatocellular carcinoma; nt06270 Breast cancer; nt06214 PI3K signaling,7,PIK3CA;AKT1;AKT2;AKT3;MTOR;RPS6KB1;RPS6KB2,H00048;H00031,5290v1
N00050,Amplified PI3K to PI3K signaling pathway,Variant,PI3K* -> PIP3 -> AKT -> MTOR -> S6K,nt06270 Breast cancer; nt06214 PI3K signaling,7,PIK3CA;AKT1;AKT2;AKT3;MTOR;RPS6KB1;RPS6KB2,H00031,5290v2
N00051,Deleted PTEN to PI3K signaling pathway,Variant,PTEN* // PIP3 -> AKT,nt06267 Small cell lung cancer; nt06268 Melanoma; nt06273 Glioma; nt06214 PI3K signaling,4,PTEN;AKT1;AKT2;AKT3,H00042;H00038;H00013,5728v1
N00052,Mutation-inactivated PTEN to PI3K signaling pathway,Variant,PTEN* // PIP3 -> AKT,nt06263 Hepatocellular carcinoma; nt06267 Small cell lung cancer; nt06268 Melanoma; nt06270 Breast cancer; nt06271 Endometrial cancer; nt06272 Prostate cancer; nt06273 Glioma; nt06214 PI3K signaling,4,PTEN;AKT1;AKT2;AKT3,H00048;H00042;H00038;H00024;H00026;H00031;H00013,5728v2
N00053,Cytokine-Jak-STAT signaling pathway,Reference,Cytokine -> Receptor -> JAK -> STAT => PIM1,nt06263 Hepatocellular carcinoma; nt06266 Non-small cell lung cancer; nt06276 Chronic myeloid leukemia; nt06219 JAK-STAT signaling; nt06160 Human T-cell leukemia virus 1 (HTLV-1); nt06162 Hepatitis B virus (HBV); nt06164 Kaposi sarcoma-associated herpesvirus (KSHV); nt06165 Epstein-Barr virus (EBV),45,IL2;IL3;IL4;IL5;IL6;IL7;IL12A;IL12B;IL13;IL15;IL23A;EPO;IFNA1;IFNG;IL2RA;IL2RB;IL2RG;IL3RA;IL4R;CSF2RB;IL5RA;IL6R;IL6ST;IL7R;IL12RB1;IL12RB2;IL13RA1;IL15RA;IL23R;EPOR;IFNAR1;IFNAR2;IFNGR1;IFNGR2;JAK1;JAK2;JAK3;STAT1;STAT2;STAT3;STAT4;STAT5A;STAT5B;STAT6;PIM1,,
N00054,Duplication or mutation-activated FLT3 to Jak-STAT signaling pathway,Variant,FLT3* -> STAT5 => PIM1/2,nt06275 Acute myeloid leukemia; nt06219 JAK-STAT signaling,5,FLT3;STAT5A;STAT5B;PIM1;PIM2,H00003,2322v2;2322v1
N00055,BCR-ABL fusion kinase to Jak-STAT signaling pathway,Variant,BCR-ABL -> STAT5 => BCL2L1,nt06276 Chronic myeloid leukemia; nt06219 JAK-STAT signaling,4,ABL1;STAT5A;STAT5B;BCL2L1,H00004,25v1;25v2
N00056,Wnt signaling pathway,Reference,"WNT -> (FZD+LRP5/6) -> (DVL+FRAT) -| (GSK3B+AXIN+APC) -| CTNNB1 -> TCF/LEF => (MYC,CCND1)",nt06505 WNT signaling; nt06260 Colorectal cancer; nt06261 Gastric cancer; nt06263 Hepatocellular carcinoma; nt06270 Breast cancer; nt06271 Endometrial cancer; nt06274 Thyroid cancer; nt06215 WNT signaling; nt06164 Kaposi sarcoma-associated herpesvirus (KSHV),46,WNT1;WNT2;WNT2B;WNT3;WNT3A;WNT4;WNT5A;WNT5B;WNT6;WNT7A;WNT7B;WNT8A;WNT8B;WNT9A;WNT9B;WNT10A;WNT10B;WNT16;FZD1;FZD2;FZD3;FZD4;FZD5;FZD6;FZD7;FZD8;FZD9;FZD10;LRP5;LRP6;DVL1;DVL2;DVL3;FRAT1;FRAT2;GSK3B;AXIN1;AXIN2;APC;CTNNB1;TCF7;TCF7L1;TCF7L2;LEF1;MYC;CCND1,,
N00057,Mutation-inactivated APC to Wnt signaling pathway,Variant,"(GSK3B+AXIN) // APC* // CTNNB1 -> TCF/LEF => (BIRC5,MYC,CCND1)",nt06260 Colorectal cancer; nt06261 Gastric cancer; nt06215 WNT signaling,12,GSK3B;AXIN1;AXIN2;APC;CTNNB1;TCF7;TCF7L1;TCF7L2;LEF1;BIRC5;MYC;CCND1,H00020;H00018,324v1
N00058,Mutation-activated CTNNB1 to Wnt signaling pathway,Variant,"(GSK3B+AXIN+APC) // CTNNB1* -> TCF/LEF => (BIRC5,MYC,CCND1)",nt06260 Colorectal cancer; nt06263 Hepatocellular carcinoma; nt06271 Endometrial cancer; nt06215 WNT signaling,12,GSK3B;AXIN1;AXIN2;APC;CTNNB1;TCF7;TCF7L1;TCF7L2;LEF1;BIRC5;MYC;CCND1,H00020;H00048;H00026,1499v1
N00059,FZD7-overexpression to Wnt signaling pathway,Variant,"WNT -> (FZD7*+LRP5/6) -> (DVL+FRAT) -| (GSK3B+AXIN+APC) -| CTNNB1 -> TCF/LEF => (MYC,CCND1)",nt06263 Hepatocellular carcinoma; nt06270 Breast cancer; nt06215 WNT signaling,37,WNT1;WNT2;WNT2B;WNT3;WNT3A;WNT4;WNT5A;WNT5B;WNT6;WNT7A;WNT7B;WNT8A;WNT8B;WNT9A;WNT9B;WNT10A;WNT10B;WNT16;FZD7;LRP5;LRP6;DVL1;DVL2;DVL3;FRAT1;FRAT2;GSK3B;AXIN1;AXIN2;APC;CTNNB1;TCF7;TCF7L1;TCF7L2;LEF1;MYC;CCND1,H00048;H00031,8324v1
N00060,LRP6-overexpression to Wnt signaling pathway,Variant,"WNT -> (FZD+LRP6*) -> (DVL+FRAT) -| (GSK3B+AXIN+APC) -| CTNNB1 -> TCF/LEF => (MYC,CCND1)",nt06270 Breast cancer; nt06215 WNT signaling,45,WNT1;WNT2;WNT2B;WNT3;WNT3A;WNT4;WNT5A;WNT5B;WNT6;WNT7A;WNT7B;WNT8A;WNT8B;WNT9A;WNT9B;WNT10A;WNT10B;WNT16;FZD1;FZD2;FZD3;FZD4;FZD5;FZD6;FZD7;FZD8;FZD9;FZD10;LRP6;DVL1;DVL2;DVL3;FRAT1;FRAT2;GSK3B;AXIN1;AXIN2;APC;CTNNB1;TCF7;TCF7L1;TCF7L2;LEF1;MYC;CCND1,H00031,4040v1
N00061,CDH1-reduced expression to beta-catenin signaling pathway,Variant,"CDH1* // CTNNB1 -> TCF/LEF => (MYC,CCND1)",nt06274 Thyroid cancer; nt06215 WNT signaling,8,CDH1;CTNNB1;TCF7;TCF7L1;TCF7L2;LEF1;MYC;CCND1,H00032,999v1
N00062,Hedgehog signaling pathway,Reference,"HH -> PTCH // SMO -> (SMO+EVC) -> (SUFU+KIF7) // GLI => (GLI1,PTCH,HHIP)",nt06501 HH signaling; nt06269 Basal cell carcinoma; nt06217 HH signaling,14,SHH;IHH;DHH;PTCH1;PTCH2;SMO;EVC;EVC2;SUFU;KIF7;GLI1;GLI2;GLI3;HHIP,,
N00063,TGF-beta signaling pathway,Reference,"TGFB -> (TGFBR2+TGFBR1) -> (SMAD2,SMAD3) == SMAD4",nt06507 TGFB signaling; nt06260 Colorectal cancer; nt06261 Gastric cancer; nt06263 Hepatocellular carcinoma; nt06276 Chronic myeloid leukemia; nt06218 TGFB signaling; nt06160 Human T-cell leukemia virus 1 (HTLV-1); nt06162 Hepatitis B virus (HBV),8,TGFB1;TGFB2;TGFB3;TGFBR2;TGFBR1;SMAD2;SMAD3;SMAD4,,
N00064,Mutation-inactivated TGFBR2 to TGF-beta signaling pathway,Variant,"(TGFBR2*+TGFBR1) // (SMAD2,SMAD3)",nt06260 Colorectal cancer; nt06218 TGFB signaling,4,TGFBR2;TGFBR1;SMAD2;SMAD3,H00020,7048v1
N00065,Mutation-inactivated SMAD2 to TGF-beta signaling pathway,Variant,"(TGFBR2+TGFBR1) // (SMAD2*,SMAD3)",nt06260 Colorectal cancer; nt06218 TGFB signaling,4,TGFBR2;TGFBR1;SMAD2;SMAD3,H00020,4087v1
N00066,MDM2-p21-Cell cycle G1/S,Reference,CDKN2A -| MDM2 -| TP53 => CDKN1A -| (CCND+CDK4/6) -> RB1 // E2F,nt06130 Cell cycle (viruses); nt06263 Hepatocellular carcinoma; nt06265 Bladder cancer; nt06266 Non-small cell lung cancer; nt06268 Melanoma; nt06270 Breast cancer; nt06273 Glioma; nt06276 Chronic myeloid leukemia; nt06230 Cell cycle; nt06163 Hepatitis C virus (HCV); nt06170 Influenza A virus (IAV); nt06167 Human cytomegalovirus (HCMV); nt06164 Kaposi sarcoma-associated herpesvirus (KSHV); nt06165 Epstein-Barr virus (EBV),13,CDKN2A;MDM2;TP53;CDKN1A;CCND1;CCND2;CCND3;CDK4;CDK6;RB1;E2F1;E2F2;E2F3,,
N00067,Deleted p14(ARF) to p21-cell cycle G1/S,Variant,CDKN2A* // MDM2 -| TP53 => CDKN1A -| (CCND+CDK4/6) -> RB1 // E2F,nt06265 Bladder cancer; nt06268 Melanoma; nt06273 Glioma; nt06276 Chronic myeloid leukemia; nt06230 Cell cycle,13,CDKN2A;MDM2;TP53;CDKN1A;CCND1;CCND2;CCND3;CDK4;CDK6;RB1;E2F1;E2F2;E2F3,H00004;H00022;H00042;H00038,1029v1
N00068,Amplified MDM2 to p21-cell cycle G1/S,Variant,MDM2* -| TP53 => CDKN1A -| (CCND+CDK4/6) -> RB1 // E2F,nt06273 Glioma; nt06230 Cell cycle,12,MDM2;TP53;CDKN1A;CCND1;CCND2;CCND3;CDK4;CDK6;RB1;E2F1;E2F2;E2F3,H00042,4193v1
N00069,p16-Cell cycle G1/S,Reference,CDKN2A -| (CCND+CDK4/6) -> RB1 // E2F,nt06130 Cell cycle (viruses); nt06262 Pancreatic cancer; nt06265 Bladder cancer; nt06268 Melanoma; nt06273 Glioma; nt06230 Cell cycle; nt06160 Human T-cell leukemia virus 1 (HTLV-1),10,CDKN2A;CCND1;CCND2;CCND3;CDK4;CDK6;RB1;E2F1;E2F2;E2F3,,
N00070,Mutation-inactivated p16(INK4a) to p16-cell cycle G1/S,Variant,CDKN2A* // (CCND+CDK4/6) -> RB1 // E2F,nt06262 Pancreatic cancer; nt06266 Non-small cell lung cancer; nt06268 Melanoma; nt06276 Chronic myeloid leukemia; nt06230 Cell cycle,10,CDKN2A;CCND1;CCND2;CCND3;CDK4;CDK6;RB1;E2F1;E2F2;E2F3,H00019;H00004;H00038;H00014,1029v2
N00071,Deleted p16(INK4a) to p16-cell cycle G1/S,Variant,CDKN2A* // (CCND+CDK4/6) -> RB1 // E2F,nt06262 Pancreatic cancer; nt06263 Hepatocellular carcinoma; nt06265 Bladder cancer; nt06268 Melanoma; nt06273 Glioma; nt06230 Cell cycle,10,CDKN2A;CCND1;CCND2;CCND3;CDK4;CDK6;RB1;E2F1;E2F2;E2F3,H00019;H00048;H00042;H00038;H00022,1029v1
N00072,Amplified CDK4 to cell cycle G1/S,Variant,(CCND+CDK4*) -> RB1 // E2F,nt06273 Glioma; nt06230 Cell cycle,8,CCND1;CCND2;CCND3;CDK4;RB1;E2F1;E2F2;E2F3,H00042,1019v1
N00073,Mutation-activated CDK4 to cell cycle G1/S,Variant,(CCND+CDK4*) -> RB1 // E2F,nt06268 Melanoma; nt06230 Cell cycle,8,CCND1;CCND2;CCND3;CDK4;RB1;E2F1;E2F2;E2F3,H00038,1019v2
N00074,Loss of RB1 to cell cycle G1/S,Variant,RB1* // E2F,nt06263 Hepatocellular carcinoma; nt06265 Bladder cancer; nt06267 Small cell lung cancer; nt06273 Glioma; nt06276 Chronic myeloid leukemia; nt06230 Cell cycle,4,RB1;E2F1;E2F2;E2F3,H00042;H00004;H00048;H00022;H00013,5925v1
N00075,Mutation-inactivated RB1 to cell cycle G1/S,Variant,RB1* // E2F,nt06265 Bladder cancer; nt06267 Small cell lung cancer; nt06230 Cell cycle,4,RB1;E2F1;E2F2;E2F3,H00022;H00013,5925v2
N00076,Mutation-inactivated p14(ARF) to p21-cell cycle G1/S,Variant,CDKN2A* // MDM2 -| TP53 => CDKN1A -| (CCND+CDK4/6) -> RB1 // E2F,nt06268 Melanoma; nt06230 Cell cycle,13,CDKN2A;MDM2;TP53;CDKN1A;CCND1;CCND2;CCND3;CDK4;CDK6;RB1;E2F1;E2F2;E2F3,H00038,1029v2
N00077,HRAS-overexpression to ERK signaling pathway,Variant,HRAS* -> RAF -> MEK -> ERK -> MSK1 -> MYC,nt06265 Bladder cancer; nt06210 ERK signaling,10,HRAS;ARAF;BRAF;RAF1;MAP2K1;MAP2K2;MAPK1;MAPK3;RPS6KA5;MYC,H00022,3265v1
N00078,Mutation-activated HRAS to ERK signaling pathway,Variant,HRAS* -> RAF -> MEK -> ERK -> MSK1 -> MYC,nt06265 Bladder cancer; nt06210 ERK signaling,10,HRAS;ARAF;BRAF;RAF1;MAP2K1;MAP2K2;MAPK1;MAPK3;RPS6KA5;MYC,H00022,3265v2
N00079,HIF-1 signaling pathway,Reference,"HIF1A == ARNT => (SLC2A1,VEGFA,TGFB,PDGFB,TGFA)",nt06264 Renal cell carcinoma; nt06225 HIF-1 signaling,9,HIF1A;ARNT;SLC2A1;VEGFA;TGFB1;TGFB2;TGFB3;PDGFB;TGFA,,
N00080,Loss of VHL to HIF-1 signaling pathway,Variant,"(VHL*+RBX1+ELOC+ELOB+CUL2) // HIF1A == ARNT => (SLC2A1,VEGFA,TGFB,PDGFB,TGFA)",nt06264 Renal cell carcinoma; nt06225 HIF-1 signaling,14,VHL;RBX1;ELOC;ELOB;CUL2;HIF1A;ARNT;SLC2A1;VEGFA;TGFB1;TGFB2;TGFB3;PDGFB;TGFA,H00021,7428v1
N00081,Mutation-inactivated VHL to HIF-1 signaling pathway,Variant,"(VHL*+RBX1+ELOC+ELOB+CUL2) // HIF1A == ARNT => (SLC2A1,VEGFA,TGFB,PDGFB,TGFA)",nt06264 Renal cell carcinoma; nt06225 HIF-1 signaling,14,VHL;RBX1;ELOC;ELOB;CUL2;HIF1A;ARNT;SLC2A1;VEGFA;TGFB1;TGFB2;TGFB3;PDGFB;TGFA,H00021,7428v2
N00082,Loss of NKX3-1 to PI3K signaling pathway,Variant,NKX3-1* // AKT -| BAD,nt06272 Prostate cancer; nt06214 PI3K signaling,5,NKX3-1;AKT1;AKT2;AKT3;BAD,H00024,4824v1
N00083,Androgen receptor signaling pathway,Reference,"(T,DHT) -> AR => KLK3",nt06272 Prostate cancer; nt06227 Nuclear receptor signaling,2,AR;KLK3,,
N00084,Amplified AR to androgen receptor signaling pathway,Variant,"(T,DHT) -> AR* => KLK3",nt06272 Prostate cancer; nt06227 Nuclear receptor signaling,2,AR;KLK3,H00024,367v1
N00085,Mutation-activated AR to androgen receptor signaling pathway,Variant,"(T,DHT,E2,P4,FLUT,DHA,A4,F,E) -> AR* => KLK3",nt06272 Prostate cancer; nt06227 Nuclear receptor signaling,2,AR;KLK3,H00024,367v2
N00086,Notch signaling pathway,Reference,"(DLL,JAG) -> NOTCH -> (NICD+RBPJ) => (HES1,HEY1)",nt06511 NOTCH signaling; nt06270 Breast cancer; nt06216 NOTCH signaling; nt06465 Prion disease; nt06166 Human papillomavirus (HPV),13,DLL1;DLL3;DLL4;JAG1;JAG2;NOTCH1;NOTCH2;NOTCH3;NOTCH4;RBPJ;RBPJL;HES1;HEY1,,
N00087,NOTCH-overexpression to Notch signaling pathway,Variant,"(DLL,JAG) -> (NOTCH1*,NOTCH4*) -> (NICD+RBPJ) => (ERBB2,HES1,HES5,HEY,FLT4)",nt06270 Breast cancer; nt06216 NOTCH signaling,16,DLL1;DLL3;DLL4;JAG1;JAG2;NOTCH1;NOTCH4;RBPJ;RBPJL;ERBB2;HES1;HES5;HEY1;HEY2;HEYL;FLT4,H00031,4851v1;4855v1
N00088,Amplified MYC to p15-cell cycle G1/S,Variant,(MYC*+MAX) -| ZBTB17 => CDKN2B -| (CCND+CDK4/6) -> RB1 // E2F,nt06267 Small cell lung cancer; nt06230 Cell cycle,13,MYC;MAX;ZBTB17;CDKN2B;CCND1;CCND2;CCND3;CDK4;CDK6;RB1;E2F1;E2F2;E2F3,H00013,4609v1
N00089,Amplified MYC to cell cycle G1/S,Variant,(MYC*+MAX) => (CCND+CDK4/6) -> RB1 // E2F,nt06267 Small cell lung cancer; nt06230 Cell cycle,11,MYC;MAX;CCND1;CCND2;CCND3;CDK4;CDK6;RB1;E2F1;E2F2;E2F3,H00013,4609v1
N00090,p15-Cell cycle G1/S,Reference,(MYC+MAX) -| ZBTB17 => CDKN2B -| (CCND+CDK4/6) -> RB1 // E2F,nt06130 Cell cycle (viruses); nt06267 Small cell lung cancer; nt06230 Cell cycle; nt06160 Human T-cell leukemia virus 1 (HTLV-1),13,MYC;MAX;ZBTB17;CDKN2B;CCND1;CCND2;CCND3;CDK4;CDK6;RB1;E2F1;E2F2;E2F3,,
N00091,p27-Cell cycle G1/S,Reference,"(SCF+SKP2) -| CDKN1B -| ((CCNA,CCNE)+CDK2) -> RB1 // E2F",nt06130 Cell cycle (viruses); nt06261 Gastric cancer; nt06267 Small cell lung cancer; nt06272 Prostate cancer; nt06230 Cell cycle; nt06165 Epstein-Barr virus (EBV); nt06166 Human papillomavirus (HPV),14,SKP1;CUL1;RBX1;SKP2;CDKN1B;CCNA2;CCNA1;CCNE1;CCNE2;CDK2;RB1;E2F1;E2F2;E2F3,,
N00092,Amplified MYC to p27-cell cycle G1/S,Variant,(MYC*+MAX) => CKS1B -> (SCF+SKP2) -| CDKN1B -| (CCNE+CDK2) -> RB1 // E2F,nt06267 Small cell lung cancer; nt06230 Cell cycle,15,MYC;MAX;CKS1B;SKP1;CUL1;RBX1;SKP2;CDKN1B;CCNE1;CCNE2;CDK2;RB1;E2F1;E2F2;E2F3,H00013,4609v1
N00093,Loss of CDKN1B to p27-cell cycle G1/S,Variant,CDKN1B* // (CCNE+CDK2) -> RB1 // E2F,nt06272 Prostate cancer; nt06230 Cell cycle,8,CDKN1B;CCNE1;CCNE2;CDK2;RB1;E2F1;E2F2;E2F3,H00024,1027v1
N00094,EGF-Jak-STAT signaling pathway,Reference,EGF -> EGFR -> JAK1 -> STAT1/3/5,nt06262 Pancreatic cancer; nt06219 JAK-STAT signaling,7,EGF;EGFR;JAK1;STAT1;STAT3;STAT5A;STAT5B,,
N00095,ERBB2-overexpression to EGF-Jak-STAT signaling pathway,Variant,EGF -> (ERBB2*+EGFR) -> JAK1 -> STAT1/3 => VEGFA,nt06262 Pancreatic cancer; nt06219 JAK-STAT signaling,7,EGF;ERBB2;EGFR;JAK1;STAT1;STAT3;VEGFA,H00019,2064v1
N00096,EGF-EGFR-RAS-RASSF1 signaling pathway,Reference,EGF -> EGFR -> GRB2 -> SOS -> RAS -> (RASSF1+RASSF5) -> STK4,nt06266 Non-small cell lung cancer; nt06213 Other RAS signaling,11,EGF;EGFR;GRB2;SOS1;SOS2;HRAS;KRAS;NRAS;RASSF1;RASSF5;STK4,,
N00097,Loss of RASSF1 to RAS-RASSF1 signaling pathway,Variant,RAS // (RASSF1*+RASSF5) // STK4,nt06266 Non-small cell lung cancer; nt06213 Other RAS signaling,6,HRAS;KRAS;NRAS;RASSF1;RASSF5;STK4,H00014,11186v1
N00098,Intrinsic apoptotic pathway,Reference,"(PMAIP1,BBC3,BAD,BCL2L11) -| (BCL2,BCL2L1) -| (BAX,BAK1) -> CYCS == APAF1 -> CASP9 -> (CASP3,CASP7)",nt06524 Apoptosis; nt06131 Apoptosis (viruses and bacteria); nt06260 Colorectal cancer; nt06267 Small cell lung cancer; nt06231 Apoptosis; nt06463 Parkinson disease; nt06464 Amyotrophic lateral sclerosis; nt06414 Apoptosis; nt06161 Human immunodeficiency virus type 1 (HIV-1); nt06170 Influenza A virus (IAV); nt06168 Herpes simplex virus 1 (HSV-1); nt06165 Epstein-Barr virus (EBV); nt06166 Human papillomavirus (HPV),13,PMAIP1;BBC3;BAD;BCL2L11;BCL2;BCL2L1;BAX;BAK1;CYCS;APAF1;CASP9;CASP3;CASP7,,
N00099,Mutation-inactivated BAX to apoptotic pathway,Variant,BAX* // CYCS,nt06260 Colorectal cancer; nt06231 Apoptosis,2,BAX;CYCS,H00020,581v1
N00100,BCL2-overexpression to intrinsic apoptotic pathway,Variant,"BCL2* -| BAX -> CYCS == APAF1 -> CASP9 -> (CASP3,CASP7)",nt06267 Small cell lung cancer; nt06231 Apoptosis,7,BCL2;BAX;CYCS;APAF1;CASP9;CASP3;CASP7,H00013,596v1
N00101,DCC-apoptotic pathway,Reference,CASP3 -> DCC -> (CASP9+APPL1) -> CASP3,nt06260 Colorectal cancer; nt06231 Apoptosis,4,CASP3;DCC;CASP9;APPL1,,
N00102,Loss of DCC to DCC-apoptotic pathway,Variant,CASP3 // DCC* // (CASP9+APPL1),nt06260 Colorectal cancer; nt06231 Apoptosis,4,CASP3;DCC;CASP9;APPL1,H00020,1630v1
N00103,EGF-EGFR-RAS-RalGDS signaling pathway,Reference,EGF -> EGFR -> GRB2 -> SOS -> RAS -> RALGDS -> RAL,nt06260 Colorectal cancer; nt06262 Pancreatic cancer; nt06213 Other RAS signaling,11,EGF;EGFR;GRB2;SOS1;SOS2;HRAS;KRAS;NRAS;RALGDS;RALA;RALB,,
N00104,Mutation-activated KRAS to RalGDS signaling pathway,Variant,KRAS* -> RALGDS -> RAL,nt06260 Colorectal cancer; nt06262 Pancreatic cancer; nt06213 Other RAS signaling,4,KRAS;RALGDS;RALA;RALB,H00020;H00019,3845v1
N00105,EML4-ALK fusion kinase to Jak-STAT signaling pathway,Variant,"EML4-ALK -> JAK3 -> STAT3,STAT5",nt06266 Non-small cell lung cancer; nt06219 JAK-STAT signaling,5,ALK;JAK3;STAT3;STAT5A;STAT5B,H00014,238v1;238v2
N00106,AML1-EVI1 fusion to TGF-beta signaling pathway,Variant,AML1-EVI1 -| SMAD3 == SMAD4,nt06276 Chronic myeloid leukemia; nt06218 TGFB signaling,3,RUNX1;SMAD3;SMAD4,H00004,861v1
N00107,EVI-1 overexpression to TGF-beta signaling pathway,Variant,EVI1* -| SMAD3 == SMAD4,nt06276 Chronic myeloid leukemia; nt06218 TGFB signaling,3,MECOM;SMAD3;SMAD4,H00004,2122v1
N00108,AML1-ETO fusion to transcriptional activtion,Variant,AML1-ETO => JUP,nt06275 Acute myeloid leukemia; nt06240 Transcription,2,RUNX1;JUP,H00003,861v2
N00109,PML-RARA fusion to transcriptional activtion,Variant,"PML-RARA => (JUP,CCNA1)",nt06275 Acute myeloid leukemia; nt06240 Transcription,3,PML;JUP;CCNA1,H00003,5371v1
N00110,PLZF-RARA fusion to transcriptional activtion,Variant,"PLZF-RARA => (JUP,CCNA1,MYC)",nt06275 Acute myeloid leukemia; nt06240 Transcription,4,ZBTB16;JUP;CCNA1;MYC,H00003,7704v1
N00111,AML1-ETO fusion to CEBPA-mediated transcription,Variant,AML1-ETO -| CEBPA => PER2,nt06275 Acute myeloid leukemia; nt06240 Transcription,3,RUNX1;CEBPA;PER2,H00003,861v2
N00112,AML1-ETO fusion to PU.1-mediated transcription,Variant,"AML1-ETO -| SPI1 => (CD14,ITGAM,FCGR1A)",nt06275 Acute myeloid leukemia; nt06240 Transcription,5,RUNX1;SPI1;CD14;ITGAM;FCGR1A,H00003,861v2
N00113,PML-RARA fusion to transcriptional repression,Variant,"PML-RARA =| (CEBPE,BCL2A1)",nt06275 Acute myeloid leukemia; nt06240 Transcription,3,PML;CEBPE;BCL2A1,H00003,5371v1
N00114,PLZF-RARA fusion to transcriptional repression,Variant,PLZF-RARA =| DUSP6,nt06275 Acute myeloid leukemia; nt06240 Transcription,2,ZBTB16;DUSP6,H00003,7704v1
N00115,Mutation-inactivated TP53 to transcription,Variant,"TP53* // (CDKN1A,GADD45,BAX,BAK1,DDB2,POLK)",nt06260 Colorectal cancer; nt06261 Gastric cancer; nt06262 Pancreatic cancer; nt06263 Hepatocellular carcinoma; nt06265 Bladder cancer; nt06266 Non-small cell lung cancer; nt06267 Small cell lung cancer; nt06268 Melanoma; nt06269 Basal cell carcinoma; nt06270 Breast cancer; nt06271 Endometrial cancer; nt06273 Glioma; nt06274 Thyroid cancer; nt06276 Chronic myeloid leukemia; nt06240 Transcription,9,TP53;CDKN1A;GADD45A;GADD45B;GADD45G;BAX;BAK1;DDB2;POLK,H00020;H00019;H00048;H00018;H00042;H00004;H00039;H00038;H00032;H00022;H00026;H00031;H00013;H00014,7157v1
N00116,Mutation-inactivated RUNX1 to transcription,Variant,"RUNX1* // (CSF1R,MPO,CSF2,IL3)",nt06275 Acute myeloid leukemia; nt06240 Transcription,5,RUNX1;CSF1R;MPO;CSF2;IL3,H00003,861v3
N00117,E2A-PBX1 fusion to transcriptional activation,Variant,E2A-PBX1 => WNT16,nt06240 Transcription,3,TCF3;PBX1;WNT16,H00001,6929v1;5087v1
N00118,TEL-AML1 fusion to transcriptional repression,Variant,"TEL-AML1 == (HDAC+SIN3A+NCOR1) =| (IL3,CSF2,MPO,DEFA3,ELANE,GZMB)",nt06240 Transcription,11,RUNX1;HDAC1;HDAC2;SIN3A;NCOR1;IL3;CSF2;MPO;DEFA3;ELANE;GZMB,H00001,861v4
N00119,MLL-AF4 fusion to transcriptional activation,Variant,"MLL-AF4 == ((CDK9,CCNT)+(MLLT1,MLLT3)+DOT1L) => (LMO2,PBX3,RUNX2,SMAD1,KLF3,MEF2C,HOXA9,HOXA10,JMJD1C,HMGA2,KDM6A,SUPT3H,PROM1,FLT3,BMP2K,IGF1R,CDKN1B,CDK14)",nt06240 Transcription,26,KMT2A;AFF1;CDK9;CCNT1;CCNT2;MLLT1;MLLT3;DOT1L;LMO2;PBX3;RUNX2;SMAD1;KLF3;MEF2C;HOXA9;HOXA10;JMJD1C;HMGA2;KDM6A;SUPT3H;PROM1;FLT3;BMP2K;IGF1R;CDKN1B;CDK14,H00001,4297v1;4299v1
N00120,MLL-ENL fusion to transcriptional activation,Variant,"MLL-ENL => (MEIS1,HOXA9,HOXA10,HOXA11,SIX1,SIX4,EYA1,CDKN2C,HPGD,GRIA3,FUT8)",nt06240 Transcription,13,KMT2A;MLLT1;MEIS1;HOXA9;HOXA10;HOXA11;SIX1;SIX4;EYA1;CDKN2C;HPGD;GRIA3;FUT8,H00002,4297v2;4298v1
N00121,LMO2-rearrangement to transcriptional activation,Variant,(LMO2*+LDB1) == (LYL1+TCF3) => HHEX,nt06240 Transcription,5,LMO2;LDB1;LYL1;TCF3;HHEX,H00002,4005v1
N00122,LMO2-rearrangement to transcriptional repression,Variant,(LMO2*+LDB1) == (LYL1+TCF3) =| PTCRA,nt06240 Transcription,5,LMO2;LDB1;LYL1;TCF3;PTCRA,H00002,4005v1
N00123,Amplified REL to transcription,Variant,"REL* => (CCND2,BCL2A1,BIRC3,TRAF1,BCL2L1,CD86,CD40)",nt06240 Transcription,8,REL;CCND2;BCL2A1;BIRC3;TRAF1;BCL2L1;CD86;CD40,H00007,5966v1
N00124,IGH-MAF fusion to transcriptional activation,Variant,"IGH-MAF => (CCND2,ITGB7)",nt06240 Transcription,3,MAF;CCND2;ITGB7,H00010,4094v1
N00125,IGH-MMSET fusion to transcriptional activation,Variant,IGH-MMSET -> H3 => CCND2,nt06240 Transcription,19,NSD2;HIST2H3C;H3F3A;H3F3B;HIST2H3A;H3F3C;HIST2H3D;HIST3H3;HIST1H3A;HIST1H3D;HIST1H3C;HIST1H3E;HIST1H3I;HIST1H3G;HIST1H3J;HIST1H3H;HIST1H3B;HIST1H3F;CCND2,H00010,7468v1
N00126,PAX8-PPARG fusion to PPARG-mediated transcription,Variant,PAX8-PPARG -| (RXR+PPARG),nt06274 Thyroid cancer; nt06240 Transcription,5,PAX8;RXRA;RXRB;RXRG;PPARG,H00032,7849v1
N00127,PRCC-TFE3 fusion to transcriptional activation,Variant,PRCC-TFE3 => CDKN1A,nt06264 Renal cell carcinoma; nt06240 Transcription,2,TFE3;CDKN1A,H00021,7030v1
N00128,TMPRSS2-ERG fusion to transcriptional activation,Variant,"TMPRSS2-ERG => (PLAU,PLAT,MMP3,MMP9,ZEB1,IL1R2)",nt06272 Prostate cancer; nt06240 Transcription,7,ERG;PLAU;PLAT;MMP3;MMP9;ZEB1;IL1R2,H00024,2078v1
N00129,TMPRSS2-ERG fusion to transcriptional repression,Variant,TMPRSS2-ERG =| SPINT1,nt06272 Prostate cancer; nt06240 Transcription,2,ERG;SPINT1,H00024,2078v1
N00130,TMPRSS2-ETV5 fusion to transcriptional activation,Variant,"TMPRSS2-ETV5 => (PLAU,MMP9)",nt06272 Prostate cancer; nt06240 Transcription,3,ETV5;PLAU;MMP9,H00024,2119v1
N00131,Amplified MYCN to transcriptional activation,Variant,"MYCN* == MAX => (MDM2,PTK2,TP53,BMI1)",nt06240 Transcription,6,MYCN;MAX;MDM2;PTK2;TP53;BMI1,H00043,4613v1
N00132,Amplified MYCN to transcriptional repression,Variant,"MYCN* == MAX == (SP1+ZBTB17) => (NTRK1,NGFR)",nt06240 Transcription,6,MYCN;MAX;SP1;ZBTB17;NTRK1;NGFR,H00043,4613v1
N00133,EWSR1-FLI1 fusion to transcriptional activation,Variant,"EWSR1-FLI1 => (IGF1,MYC,ID2)",nt06240 Transcription,4,FLI1;IGF1;MYC;ID2,H00035,2313v1
N00134,EWSR1-FLI1 fusion to transcriptional repression,Variant,"EWSR1-FLI1 =| (CDKN1A,TGFBR2,IGFBP3)",nt06240 Transcription,4,FLI1;CDKN1A;TGFBR2;IGFBP3,H00035,2313v1
N00135,EWSR1-ERG fusion to transcriptional activation,Variant,EWSR1-ERG => IGF1,nt06240 Transcription,2,ERG;IGF1,H00035,2078v2
N00136,EWSR1-ATF1 fusion to transcriptional activation,Variant,"EWSR1-ATF1 => (ARNT2,ATM,MITF)",nt06240 Transcription,4,ATF1;ARNT2;ATM;MITF,H00052,466v1
N00137,EWSR1-WT1 fusion to transcriptional activation,Variant,"EWSR1-WT1 => (PDGFA,IL2RB,BAIAP3,TSPAN7,MLF1)",nt06240 Transcription,6,WT1;PDGFA;IL2RB;BAIAP3;TSPAN7;MLF1,H01985,7490v1
N00138,EWSR1-NR4A3,Variant,EWSR-NR4A3 => PPARG,nt06240 Transcription,2,NR4A3;PPARG,H00053,8013v1
N00139,FUS-DDIT3 fusion to CEBPB-mediated transcription,Variant,FUS-DDIT3 == CEBPB => IL6,nt06240 Transcription,3,DDIT3;CEBPB;IL6,H00049,1649v1
N00140,FUS-DDIT3 fusion to NFKB-mediated transcription,Variant,FUS-DDIT3 == (NFKBIZ+NFKB) => CXCL8,nt06240 Transcription,5,DDIT3;NFKBIZ;NFKB1;RELA;CXCL8,H00049,1649v1
N00141,PAX3-FOXO1 fusion to transcriptional activation,Variant,PAX3-FOXO1 => FLT1,nt06240 Transcription,2,FOXO1;FLT1,H00037,2308v1
N00142,SYT-SSX fusion to transcriptional repression,Variant,SYT-SSX =| NUPR1,nt06240 Transcription,4,SS18;SSX1;SSX2;NUPR1,H00050,6760v1;6756v1;6757v1
N00143,ASPL-TFE3 fusion to transcriptional activation,Variant,ASPL-TFE3 => MET,nt06240 Transcription,2,TFE3;MET,H00051,7030v2
N00144,TLX1 rearrangement to transcriptional repression,Variant,TLX1* =| BCL11B,nt06240 Transcription,2,TLX1;BCL11B,H00002,3195v1
N00145,Extrinsic apoptotic pathway,Reference,"TNF -> TNFRSF1A -> (RIPK1+TRADD+TRAF2/5) -> FADD -> CASP8 -> (CASP3,CASP7)",nt06516 TNF signaling; nt06524 Apoptosis; nt06131 Apoptosis (viruses and bacteria); nt06263 Hepatocellular carcinoma; nt06231 Apoptosis; nt06461 Huntington disease; nt06414 Apoptosis; nt06163 Hepatitis C virus (HCV); nt06168 Herpes simplex virus 1 (HSV-1); nt06166 Human papillomavirus (HPV),10,TNF;TNFRSF1A;RIPK1;TRADD;TRAF2;TRAF5;FADD;CASP8;CASP3;CASP7,,
N00146,Crosstalk between extrinsic and intrinsic apoptotic pathways,Reference,"(FASLG,TNFSF10) -> (FAS,TNFRSF10B) -> FADD -> (CASP8,CASP10) -> BID -> (BAX,BAK1) -> CYCS == APAF1 -> CASP9 -> (CASP3,CASP7)",nt06524 Apoptosis; nt06131 Apoptosis (viruses and bacteria); nt06263 Hepatocellular carcinoma; nt06231 Apoptosis; nt06460 Alzheimer disease; nt06414 Apoptosis; nt06161 Human immunodeficiency virus type 1 (HIV-1); nt06162 Hepatitis B virus (HBV); nt06163 Hepatitis C virus (HCV); nt06168 Herpes simplex virus 1 (HSV-1); nt06167 Human cytomegalovirus (HCMV); nt06164 Kaposi sarcoma-associated herpesvirus (KSHV); nt06165 Epstein-Barr virus (EBV),15,FASLG;TNFSF10;FAS;TNFRSF10B;FADD;CASP8;CASP10;BID;BAX;BAK1;CYCS;APAF1;CASP9;CASP3;CASP7,,
N00147,EGF-EGFR-PLCG-calcineurin signaling pathway,Reference,EGF -> EGFR -> PLCG -> IP3 -> Ca2+ -> CALM == CN -> NFAT,nt06120 Calcium signaling (viruses and bacteria); nt06220 Calcium signaling; nt06164 Kaposi sarcoma-associated herpesvirus (KSHV),16,EGF;EGFR;PLCG1;PLCG2;CALM1;CALM2;CALM3;PPP3CA;PPP3CB;PPP3CC;PPP3R1;PPP3R2;NFATC1;NFATC2;NFATC3;NFATC4,,
N00148,TLR3-IRF7 signaling pathway,Reference,TLR3 -> TICAM1 -> TRAF3 -> (IKBKE+TBK1) -> IRF7 => IFNA,nt06517 TLR signaling; nt06221 TLR signaling; nt06164 Kaposi sarcoma-associated herpesvirus (KSHV),19,TLR3;TICAM1;TRAF3;IKBKE;TBK1;IRF7;IFNA1;IFNA2;IFNA4;IFNA5;IFNA6;IFNA7;IFNA8;IFNA10;IFNA13;IFNA14;IFNA16;IFNA17;IFNA21,,
N00149,TLR3-IRF3 signaling pathway,Reference,"TLR3 -> TICAM1 -> TRAF3 -> (IKBKE+TBK1) -> IRF3 -> (CREBBP,EP300) => IFNB1",nt06517 TLR signaling; nt06263 Hepatocellular carcinoma; nt06221 TLR signaling; nt06162 Hepatitis B virus (HBV); nt06163 Hepatitis C virus (HCV); nt06164 Kaposi sarcoma-associated herpesvirus (KSHV); nt06166 Human papillomavirus (HPV),9,TLR3;TICAM1;TRAF3;IKBKE;TBK1;IRF3;CREBBP;EP300;IFNB1,,
N00150,Type I IFN signaling pathway,Reference,"(IFNA,IFNB1) -> (IFNAR1+IFNAR2) -> (JAK1,TYK2) -> (STAT1+STAT2+IRF9) => (IRF7,EIF2AK2)",nt06122 IFN signaling (viruses); nt06263 Hepatocellular carcinoma; nt06222 IFN signaling; nt06162 Hepatitis B virus (HBV); nt06163 Hepatitis C virus (HCV); nt06171 Severe acute respiratory syndrome coronavirus 2 (SARS-CoV-2); nt06170 Influenza A virus (IAV); nt06169 Measles virus (MV); nt06168 Herpes simplex virus 1 (HSV-1); nt06164 Kaposi sarcoma-associated herpesvirus (KSHV); nt06165 Epstein-Barr virus (EBV); nt06166 Human papillomavirus (HPV),23,IFNA1;IFNA2;IFNA4;IFNA5;IFNA6;IFNA7;IFNA8;IFNA10;IFNA13;IFNA14;IFNA16;IFNA17;IFNA21;IFNB1;IFNAR1;IFNAR2;JAK1;TYK2;STAT1;STAT2;IRF9;IRF7;EIF2AK2,,
N00151,TNF-NFKB signaling pathway,Reference,TNF -> TNFRSF1A -> (RIPK1+TRADD+TRAF2/5) -> (TAB1/2/3+TAK1) -> IKK -> NFKBIA -> NFKB,nt06516 TNF signaling; nt06263 Hepatocellular carcinoma; nt06223 TNF signaling; nt06160 Human T-cell leukemia virus 1 (HTLV-1); nt06161 Human immunodeficiency virus type 1 (HIV-1); nt06163 Hepatitis C virus (HCV); nt06167 Human cytomegalovirus (HCMV); nt06164 Kaposi sarcoma-associated herpesvirus (KSHV); nt06165 Epstein-Barr virus (EBV),16,TNF;TNFRSF1A;RIPK1;TRADD;TRAF2;TRAF5;TAB1;TAB2;TAB3;MAP3K7;CHUK;IKBKB;IKBKG;NFKBIA;NFKB1;RELA,,
N00152,CXCR-GNB/G-ERK signaling pathway,Reference,CXCL8 -> CXCR2 -> GNB/G -> RAS -> RAF1 -> MEK -> ERK,nt06124 Chemokine signaling (viruses); nt06224 CXCR signaling; nt06164 Kaposi sarcoma-associated herpesvirus (KSHV),27,CXCL8;CXCR2;GNB1;GNB2;GNB3;GNB4;GNB5;GNG2;GNG3;GNG4;GNG5;GNG7;GNG8;GNG10;GNG11;GNG12;GNG13;GNGT1;GNGT2;HRAS;KRAS;NRAS;RAF1;MAP2K1;MAP2K2;MAPK1;MAPK3,,
N00153,CCR/CXCR-GNB/G-PI3K-RAC signaling pathway,Reference,"(CC,CXC) -> (CCR,CXCR) -> GNB/G -> PI3Kgamma -> PREX1 -> RAC1",nt06124 Chemokine signaling (viruses); nt06224 CXCR signaling; nt06164 Kaposi sarcoma-associated herpesvirus (KSHV),31,CCL1;CCL2;CCL3;CCL4;CXCL8;CCR3;CCR4;CCR8;CXCR2;GNB1;GNB2;GNB3;GNB4;GNB5;GNG2;GNG3;GNG4;GNG5;GNG7;GNG8;GNG10;GNG11;GNG12;GNG13;GNGT1;GNGT2;PIK3CG;PIK3R5;PIK3R6;PREX1;RAC1,,
N00154,CXCR-GNB/G-PI3K-AKT signaling pathway,Reference,CXCL8 -> CXCR2 -> GNB/G -> PI3Kgamma -> PIP3 -> AKT -> MTOR,nt06124 Chemokine signaling (viruses); nt06224 CXCR signaling; nt06167 Human cytomegalovirus (HCMV); nt06164 Kaposi sarcoma-associated herpesvirus (KSHV),26,CXCL8;CXCR2;GNB1;GNB2;GNB3;GNB4;GNB5;GNG2;GNG3;GNG4;GNG5;GNG7;GNG8;GNG10;GNG11;GNG12;GNG13;GNGT1;GNGT2;PIK3CG;PIK3R5;PIK3R6;AKT1;AKT2;AKT3;MTOR,,
N00155,Autophagy-vesicle nucleation,Reference,"(ULK1+RB1CC1+ATG101+ATG13) -> (BECN1+PIK3C3+ATG14+PIK3R4+AMBRA1) -> PI3P -> (WIPI1,WIPI2,ZFYVE1)",nt06128 Autophagy (viruses and bacteria); nt06228 Autophagy; nt06461 Huntington disease; nt06462 Spinocerebellar ataxia; nt06413 Autophagy; nt06164 Kaposi sarcoma-associated herpesvirus (KSHV),12,ULK1;RB1CC1;ATG101;ATG13;BECN1;PIK3C3;ATG14;PIK3R4;AMBRA1;WIPI1;WIPI2;ZFYVE1,,
N00156,Autophagy-vesicle elongation,Reference,"(ATG7,ATG3,(ATG12+ATG5+ATG16L1)) -> LC3 == PE",nt06128 Autophagy (viruses and bacteria); nt06228 Autophagy; nt06164 Kaposi sarcoma-associated herpesvirus (KSHV),10,ATG7;ATG3;ATG12;ATG5;ATG16L1;ATG16L2;MAP1LC3A;MAP1LC3B;MAP1LC3B2;MAP1LC3C,,
N00157,KSHV vGPCR to GNB/G-ERK signaling pathway,Pathogen,"vGPCR -> GNB/G -> RAS -> RAF1 -> MEK -> ERK -> (HIF1A,FOS,JUN) => (VEGFA,PDGFB,ANGPT2)",nt06124 Chemokine signaling (viruses); nt06224 CXCR signaling; nt06164 Kaposi sarcoma-associated herpesvirus (KSHV),31,GNB1;GNB2;GNB3;GNB4;GNB5;GNG2;GNG3;GNG4;GNG5;GNG7;GNG8;GNG10;GNG11;GNG12;GNG13;GNGT1;GNGT2;HRAS;KRAS;NRAS;RAF1;MAP2K1;MAP2K2;MAPK1;MAPK3;HIF1A;FOS;JUN;VEGFA;PDGFB;ANGPT2,H00041,
N00158,KSHV vGPCR to GNB/G-PI3K-AKT signaling pathway,Pathogen,vGPCR -> GNB/G -> PI3Kgamma -> PIP3 -> AKT -> MTOR,nt06124 Chemokine signaling (viruses); nt06224 CXCR signaling; nt06164 Kaposi sarcoma-associated herpesvirus (KSHV),24,GNB1;GNB2;GNB3;GNB4;GNB5;GNG2;GNG3;GNG4;GNG5;GNG7;GNG8;GNG10;GNG11;GNG12;GNG13;GNGT1;GNGT2;PIK3CG;PIK3R5;PIK3R6;AKT1;AKT2;AKT3;MTOR,H00041,
N00159,KSHV K1 to PI3K signaling pathway,Pathogen,K1 -> PI3K -> PIP3 -> AKT -> MTOR,nt06114 PI3K signaling (viruses); nt06214 PI3K signaling; nt06164 Kaposi sarcoma-associated herpesvirus (KSHV),7,PIK3CA;PIK3CB;PIK3CD;AKT1;AKT2;AKT3;MTOR,H00041,
N00160,KSHV K1 to RAS-ERK signaling pathway,Pathogen,K1 -> RAS,nt06526 MAPK signaling; nt06210 ERK signaling; nt06164 Kaposi sarcoma-associated herpesvirus (KSHV),3,HRAS;KRAS;NRAS,H00041,
N00161,KSHV vIRF1/2 to TLR3-IRF3 signaling pathway,Pathogen,"(IRF1,IRF2,K8) -| IRF3",nt06517 TLR signaling; nt06221 TLR signaling; nt06164 Kaposi sarcoma-associated herpesvirus (KSHV),1,IRF3,H00041,
N00162,KSHV vIRF3 to TLR3-IRF7 signaling pathway,Pathogen,vIRF3 -| IRF7,nt06517 TLR signaling; nt06221 TLR signaling; nt06164 Kaposi sarcoma-associated herpesvirus (KSHV),1,IRF7,H00041,
N00163,KSHV KIE1/2 to TLR3-IRF7 signaling pathway,Pathogen,"(KIE1,KIE2) -| IRF7",nt06517 TLR signaling; nt06221 TLR signaling; nt06164 Kaposi sarcoma-associated herpesvirus (KSHV),1,IRF7,H00041,
N00164,KSHV vBCL2 to crosstalk between extrinsic and intrinsic apoptotic pathways,Pathogen,"vBCL2 -| (BAX,BAK1)",nt06524 Apoptosis; nt06131 Apoptosis (viruses and bacteria); nt06231 Apoptosis; nt06164 Kaposi sarcoma-associated herpesvirus (KSHV),2,BAX;BAK1,H00041,
N00165,KSHV vIAP to crosstalk between extrinsic and intrinsic apoptotic pathways,Pathogen,vIAP -| CASP3,nt06524 Apoptosis; nt06131 Apoptosis (viruses and bacteria); nt06231 Apoptosis; nt06164 Kaposi sarcoma-associated herpesvirus (KSHV),1,CASP3,H00041,
N00166,KSHV vFLIP to crosstalk between extrinsic and intrinsic apoptotic pathways,Pathogen,vFLIP -| CASP8P3,nt06524 Apoptosis; nt06131 Apoptosis (viruses and bacteria); nt06231 Apoptosis; nt06164 Kaposi sarcoma-associated herpesvirus (KSHV),1,CASP8,H00041,
N00167,KSHV vIRF1/3 to p21-cell cycle G1/S,Pathogen,"(vIRF1,vIRF3) -| TP53",nt06130 Cell cycle (viruses); nt06230 Cell cycle; nt06164 Kaposi sarcoma-associated herpesvirus (KSHV),1,TP53,H00041,
N00168,KSHV vCyclin to cell cycle G1/S,Pathogen,vCyclin -> CDK4/6 -> RB1 // E2F,nt06130 Cell cycle (viruses); nt06230 Cell cycle; nt06164 Kaposi sarcoma-associated herpesvirus (KSHV),6,CDK4;CDK6;RB1;E2F1;E2F2;E2F3,H00041,
N00169,KSHV LANA to p21-cell cycle G1/S,Pathogen,LANA -| TP53,nt06130 Cell cycle (viruses); nt06230 Cell cycle; nt06164 Kaposi sarcoma-associated herpesvirus (KSHV),1,TP53,H00041,
N00170,KSHV LANA to cell cycle G1/S,Pathogen,LANA -> RB1 // E2F,nt06130 Cell cycle (viruses); nt06230 Cell cycle; nt06164 Kaposi sarcoma-associated herpesvirus (KSHV),4,RB1;E2F1;E2F2;E2F3,H00041,
N00171,KSHV vFLIP to NFKB signaling pathway,Pathogen,vFLIP -> IKK -> NFKBIA -> NFKB,nt06516 TNF signaling; nt06223 TNF signaling; nt06164 Kaposi sarcoma-associated herpesvirus (KSHV),6,CHUK;IKBKB;IKBKG;NFKBIA;NFKB1;RELA,H00041,
N00172,KSHV K15 to PLCG-calcineurin signaling pathway,Pathogen,K15 -> PLCG1 -> IP3 -> Ca2+ -> CALM == CN -> NFAT,nt06120 Calcium signaling (viruses and bacteria); nt06220 Calcium signaling; nt06164 Kaposi sarcoma-associated herpesvirus (KSHV),13,PLCG1;CALM1;CALM2;CALM3;PPP3CA;PPP3CB;PPP3CC;PPP3R1;PPP3R2;NFATC1;NFATC2;NFATC3;NFATC4,H00041,
N00173,KSHV K15 to TNF-NFKB signaling pathway,Pathogen,K15 -> TRAF2 -> TAK1 -> IKK -> NFKBIA -> NFKB,nt06516 TNF signaling; nt06223 TNF signaling; nt06164 Kaposi sarcoma-associated herpesvirus (KSHV),8,TRAF2;MAP3K7;CHUK;IKBKB;IKBKG;NFKBIA;NFKB1;RELA,H00041,
N00174,KSHV vFLIP to TNF-NFKB signaling pathway,Pathogen,vFLIP -> TRAF2 -> IKK -> NFKBIA -> NFKB,nt06223 TNF signaling; nt06164 Kaposi sarcoma-associated herpesvirus (KSHV),7,TRAF2;CHUK;IKBKB;IKBKG;NFKBIA;NFKB1;RELA,H00041,
N00175,KSHV LANA to Wnt signaling pathway,Pathogen,LANA -| GSK3B -| CTNNB1 -> TCF/LEF => CCND1,nt06505 WNT signaling; nt06215 WNT signaling; nt06164 Kaposi sarcoma-associated herpesvirus (KSHV),7,GSK3B;CTNNB1;TCF7;TCF7L1;TCF7L2;LEF1;CCND1,H00041,
N00176,KSHV vFLIP to autophagy-vesicle elongation,Pathogen,vFLIP -| ATG3,nt06128 Autophagy (viruses and bacteria); nt06228 Autophagy; nt06164 Kaposi sarcoma-associated herpesvirus (KSHV),1,ATG3,H00041,
N00177,KSHV vBCL2 to autophagy-vesicle nucleation,Pathogen,vBCL2 -| (BECN1+PIK3C3+ATG14),nt06128 Autophagy (viruses and bacteria); nt06228 Autophagy; nt06164 Kaposi sarcoma-associated herpesvirus (KSHV),3,BECN1;PIK3C3;ATG14,H00041,
N00178,KSHV vGPCR to GNB/G-PI3K-JNK signaling pathway,Pathogen,"vGPCR -> GNB/G -> PI3Kgamma -> PREX1 -> RAC1 -> JNK -> NFKB => (IL6,CXCL8)",nt06124 Chemokine signaling (viruses); nt06224 CXCR signaling; nt06164 Kaposi sarcoma-associated herpesvirus (KSHV),29,GNB1;GNB2;GNB3;GNB4;GNB5;GNG2;GNG3;GNG4;GNG5;GNG7;GNG8;GNG10;GNG11;GNG12;GNG13;GNGT1;GNGT2;PIK3CG;PIK3R5;PIK3R6;PREX1;RAC1;MAPK8;MAPK9;MAPK10;NFKB1;RELA;IL6;CXCL8,H00041,
N00179,KSHV K1 to PI3K-NFKB signaling pathway,Pathogen,K1 -> PI3K -> PIP3 -> AKT -> IKK -> NFKBIA -> NFKB -> VEGFA,nt06114 PI3K signaling (viruses); nt06214 PI3K signaling; nt06164 Kaposi sarcoma-associated herpesvirus (KSHV),13,PIK3CA;PIK3CB;PIK3CD;AKT1;AKT2;AKT3;CHUK;IKBKB;IKBKG;NFKBIA;NFKB1;RELA;VEGFA,H00041,
N00180,KSHV K1 to PLCG-calcineurin signaling pathway,Pathogen,K1 -> PLCG2 -> IP3 -> Ca2+ -> CALM == CN -> NFAT,nt06120 Calcium signaling (viruses and bacteria); nt06220 Calcium signaling; nt06164 Kaposi sarcoma-associated herpesvirus (KSHV),13,PLCG2;CALM1;CALM2;CALM3;PPP3CA;PPP3CB;PPP3CC;PPP3R1;PPP3R2;NFATC1;NFATC2;NFATC3;NFATC4,H00041,
N00181,KSHV vIL-6 to Jak-STAT signaling pathway,Pathogen,vIL6 -> IL6ST -> JAK2 -> STAT3,nt06518 JAK-STAT signaling; nt06219 JAK-STAT signaling; nt06164 Kaposi sarcoma-associated herpesvirus (KSHV),3,IL6ST;JAK2;STAT3,H00041,
N00182,IGF-IGFR-PI3K-NFKB signaling pathway,Reference,IGF1 -> IGF1R -> PI3K -> PIP3 -> AKT -> IKK -> NFKBIA -> NFKB,nt06114 PI3K signaling (viruses); nt06214 PI3K signaling; nt06164 Kaposi sarcoma-associated herpesvirus (KSHV),14,IGF1;IGF1R;PIK3CA;PIK3CB;PIK3CD;AKT1;AKT2;AKT3;CHUK;IKBKB;IKBKG;NFKBIA;NFKB1;RELA,,
N00184,KSHV MIR1/2 to antigen processing and presentation by MHC class I molecules,Pathogen,"(MIR1,MIR2) -| MHCI",nt06129 MHC presentation (viruses); nt06229 MHC presentation; nt06164 Kaposi sarcoma-associated herpesvirus (KSHV),6,HLA-A;HLA-B;HLA-C;HLA-E;HLA-F;HLA-G,H00041,
N00185,KSHV MIR2 to cell surface molecule-endocytosis,Pathogen,"MIR2 -| (ICAM1,CD86,MICA,MICB,CLEC2B,IFNGR1)",nt06129 MHC presentation (viruses); nt06229 MHC presentation; nt06164 Kaposi sarcoma-associated herpesvirus (KSHV),6,ICAM1;CD86;MICA;MICB;CLEC2B;IFNGR1,H00041,
N00186,IL1-IL1R-p38 signaling pathway,Reference,IL1 -> IL1R -> MYD88 -> IRAK1/4 -> TRAF6 -> TAB1/2/3 -> TAK1 -> MKK3/6 -> MAPK14 -> MK2 -| TTP,nt06526 MAPK signaling; nt06211 Other MAPK signaling; nt06164 Kaposi sarcoma-associated herpesvirus (KSHV),17,IL1A;IL1B;IL1R1;IL1RAP;MYD88;IRAK1;IRAK4;TRAF6;TAB1;TAB2;TAB3;MAP3K7;MAP2K3;MAP2K6;MAPK14;MAPKAPK2;ZFP36,,
N00187,KSHV Kaposin B to p38 signaling pathway,Pathogen,MAPK14 -> (MK2+K12) -| TTP,nt06526 MAPK signaling; nt06211 Other MAPK signaling; nt06164 Kaposi sarcoma-associated herpesvirus (KSHV),3,MAPK14;MAPKAPK2;ZFP36,H00041,
N00188,IL1-IL1R-JNK signaling pathway,Reference,IL1 -> IL1R -> MYD88 -> IRAK1/4 -> TRAF6 -> TAB1/2/3 -> TAK1 -> MKK4/7 -> JNK -> AP1,nt06526 MAPK signaling; nt06211 Other MAPK signaling; nt06164 Kaposi sarcoma-associated herpesvirus (KSHV),19,IL1A;IL1B;IL1R1;IL1RAP;MYD88;IRAK1;IRAK4;TRAF6;TAB1;TAB2;TAB3;MAP3K7;MAP2K4;MAP2K7;MAPK8;MAPK9;MAPK10;FOS;JUN,,
N00189,KSHV K15 to JNK signaling pathway,Pathogen,K15 -> MKK4/7,nt06526 MAPK signaling; nt06211 Other MAPK signaling; nt06164 Kaposi sarcoma-associated herpesvirus (KSHV),2,MAP2K4;MAP2K7,H00041,
N00212,KSHV vCCL2 to CCR signaling pathway,Pathogen,"vCCL2 -| (CCR1,CCR5)",nt06124 Chemokine signaling (viruses); nt06164 Kaposi sarcoma-associated herpesvirus (KSHV),2,CCR1;CCR5,H00041,
N00213,KSHV Kaposin to alternative pathway of complement cascade,Pathogen,KCP -| C4b,nt06513 Complement cascade; nt06164 Kaposi sarcoma-associated herpesvirus (KSHV),0,,H00041,
N00215,KITLG-KIT-RAS-ERK signaling pathway,Reference,KITLG -> KIT -> GRB2 -> SOS -> RAS -> RAF -> MEK -> ERK,nt06275 Acute myeloid leukemia; nt06210 ERK signaling,15,KITLG;KIT;GRB2;SOS1;SOS2;HRAS;KRAS;NRAS;ARAF;BRAF;RAF1;MAP2K1;MAP2K2;MAPK1;MAPK3,,
N00216,HGF-MET-RAS-ERK signaling pathway,Reference,HGF -> MET -> GRB2 -> SOS -> RAS -> RAF -> MEK -> ERK,nt06261 Gastric cancer; nt06262 Pancreatic cancer; nt06263 Hepatocellular carcinoma; nt06264 Renal cell carcinoma; nt06266 Non-small cell lung cancer; nt06210 ERK signaling; nt06162 Hepatitis B virus (HBV); nt06163 Hepatitis C virus (HCV); nt06164 Kaposi sarcoma-associated herpesvirus (KSHV),15,HGF;MET;GRB2;SOS1;SOS2;HRAS;KRAS;NRAS;ARAF;BRAF;RAF1;MAP2K1;MAP2K2;MAPK1;MAPK3,,
N00217,FLT3LG-FLT3-RAS-ERK signaling pathway,Reference,FLT3LG -> FLT3 -> GRB2 -> SOS -> RAS -> RAF -> MEK -> ERK,nt06275 Acute myeloid leukemia; nt06210 ERK signaling,15,FLT3LG;FLT3;GRB2;SOS1;SOS2;HRAS;KRAS;NRAS;ARAF;BRAF;RAF1;MAP2K1;MAP2K2;MAPK1;MAPK3,,
N00218,FLT3LG-FLT3-RAS-PI3K signaling pathway,Reference,FLT3LG -> FLT3 -> GRB2 -> SOS -> RAS -> PI3K -> PIP3 -> AKT -> MTOR,nt06262 Pancreatic cancer; nt06275 Acute myeloid leukemia; nt06214 PI3K signaling,15,FLT3LG;FLT3;GRB2;SOS1;SOS2;HRAS;KRAS;NRAS;PIK3CA;PIK3CB;PIK3CD;AKT1;AKT2;AKT3;MTOR,,
N00219,FLT3LG-FLT3-STAT5 signaling pathway,Reference,FLT3LG -> FLT3 -> STAT5,nt06275 Acute myeloid leukemia; nt06219 JAK-STAT signaling,4,FLT3LG;FLT3;STAT5A;STAT5B,,
N00220,PTEN-PIP3-AKT signaling pathway,Reference,PTEN -| PIP3 -> AKT,nt06114 PI3K signaling (viruses); nt06263 Hepatocellular carcinoma; nt06267 Small cell lung cancer; nt06268 Melanoma; nt06270 Breast cancer; nt06271 Endometrial cancer; nt06272 Prostate cancer; nt06273 Glioma; nt06214 PI3K signaling; nt06160 Human T-cell leukemia virus 1 (HTLV-1); nt06166 Human papillomavirus (HPV),4,PTEN;AKT1;AKT2;AKT3,,
N00221,HTLV-1 Tax to spindle assembly checkpoint signaling,Pathogen,TAX -> (ANAPC+CDC20) -| PTTG -| ESPL1,nt06130 Cell cycle (viruses); nt06230 Cell cycle; nt06160 Human T-cell leukemia virus 1 (HTLV-1),16,ANAPC1;ANAPC2;CDC27;ANAPC4;ANAPC5;CDC16;ANAPC7;ANAPC10;ANAPC11;CDC26;ANAPC13;CDC23;CDC20;PTTG1;PTTG2;ESPL1,H00009,
N00222,HTLV-1 Tax to spindle assembly checkpoint signaling,Pathogen,TAX -| MAD1L1,nt06130 Cell cycle (viruses); nt06230 Cell cycle; nt06160 Human T-cell leukemia virus 1 (HTLV-1),1,MAD1L1,H00009,
N00223,EBV EBNA1 to p53-mediated transcription,Pathogen,"EBNA1 -| USP7 -> TP53 => (CDKN1A,GADD45,BAX,BAK1,DDB2,POLK)",nt06140 Transcription (viruses); nt06165 Epstein-Barr virus (EBV),10,USP7;TP53;CDKN1A;GADD45A;GADD45B;GADD45G;BAX;BAK1;DDB2;POLK,H00008;H00007;H00054,
N00224,EBV EBNALP RBP-Jk-mediated transcription,Pathogen,EBNALP -> EBNA2 == SNW1 -> RBPJ => LMP1,nt06140 Transcription (viruses); nt06165 Epstein-Barr virus (EBV),2,SNW1;RBPJ,H00008;H00007;H00054,
N00225,EBV EBNA2 to RBP-Jk-mediated transcription,Pathogen,"EBNA2 == SNW1 -> RBPJ => (LMP1,CR2,HES1,FCER2,RUNX3,MYC)",nt06140 Transcription (viruses); nt06165 Epstein-Barr virus (EBV),7,SNW1;RBPJ;CR2;HES1;FCER2;RUNX3;MYC,H00008;H00007;H00054,
N00226,EBV EBNA3A/3B/3C to RBP-Jk-mediated transcription,Pathogen,"(EBNA3A,EBNA3B,EBNA3C) -| RBPJ => LMP1",nt06140 Transcription (viruses); nt06165 Epstein-Barr virus (EBV),1,RBPJ,H00008;H00007;H00054,
N00227,TGFA-EGFR-PLCG-PKC signaling pathway,Reference,"TGFA -> EGFR -> PLCG -> IP3 -> (Ca2+,DAG) -> PKC -> ELK1",nt06263 Hepatocellular carcinoma; nt06220 Calcium signaling,8,TGFA;EGFR;PLCG1;PLCG2;PRKCA;PRKCB;PRKCG;ELK1,,
N00228,TGFA-overexpression to PLCG-PKC signaling pathway,Variant,"TGFA* -> EGFR -> PLCG -> IP3 -> (Ca2+,DAG) -> PKC -> ELK1",nt06263 Hepatocellular carcinoma; nt06220 Calcium signaling,8,TGFA;EGFR;PLCG1;PLCG2;PRKCA;PRKCB;PRKCG;ELK1,H00048,7039v1
N00229,TGFA-EGFR-RAS-ERK signaling pathway,Reference,TGFA -> EGFR -> GRB2 -> SOS -> RAS -> RAF -> MEK -> ERK,nt06260 Colorectal cancer; nt06263 Hepatocellular carcinoma; nt06210 ERK signaling,15,TGFA;EGFR;GRB2;SOS1;SOS2;HRAS;KRAS;NRAS;ARAF;BRAF;RAF1;MAP2K1;MAP2K2;MAPK1;MAPK3,,
N00230,TGFA-overexpression to RAS-ERK signaling pathway,Variant,TGFA* -> EGFR -> GRB2 -> SOS -> RAS -> RAF -> MEK -> ERK,nt06260 Colorectal cancer; nt06263 Hepatocellular carcinoma; nt06210 ERK signaling,15,TGFA;EGFR;GRB2;SOS1;SOS2;HRAS;KRAS;NRAS;ARAF;BRAF;RAF1;MAP2K1;MAP2K2;MAPK1;MAPK3,H00020;H00048,7039v1
N00231,TGFA-EGFR-PI3K signaling pathway,Reference,TGFA -> EGFR -> PI3K -> PIP3 -> AKT -> MTOR,nt06260 Colorectal cancer; nt06263 Hepatocellular carcinoma; nt06214 PI3K signaling,9,TGFA;EGFR;PIK3CA;PIK3CB;PIK3CD;AKT1;AKT2;AKT3;MTOR,,
N00232,TGFA-overexpression to PI3K signaling pathway,Variant,TGFA* -> EGFR -> PI3K -> PIP3 -> AKT,nt06260 Colorectal cancer; nt06263 Hepatocellular carcinoma; nt06214 PI3K signaling,8,TGFA;EGFR;PIK3CA;PIK3CB;PIK3CD;AKT1;AKT2;AKT3,H00020;H00048,7039v1
N00233,IGF-IGF1R-RAS-ERK signaling pathway,Reference,IGF -> IGF1R -> GRB2 -> SOS -> RAS -> RAF -> MEK -> ERK,nt06324 GHRH-GH-IGF signaling; nt06263 Hepatocellular carcinoma; nt06210 ERK signaling,16,IGF1;IGF2;IGF1R;GRB2;SOS1;SOS2;HRAS;KRAS;NRAS;ARAF;BRAF;RAF1;MAP2K1;MAP2K2;MAPK1;MAPK3,,
N00234,IGF2-IGF1R-PI3K signaling pathway,Reference,IGF2 -> IGF1R -> PI3K -> PIP3 -> AKT -> MTOR -> S6K,nt06263 Hepatocellular carcinoma; nt06214 PI3K signaling,11,IGF2;IGF1R;PIK3CA;PIK3CB;PIK3CD;AKT1;AKT2;AKT3;MTOR;RPS6KB1;RPS6KB2,,
N00235,IGF2-overexpression to RAS-ERK signaling pathway,Variant,IGF2* -> IGF1R -> GRB2 -> SOS -> RAS -> RAF -> MEK -> ERK,nt06263 Hepatocellular carcinoma; nt06210 ERK signaling,15,IGF2;IGF1R;GRB2;SOS1;SOS2;HRAS;KRAS;NRAS;ARAF;BRAF;RAF1;MAP2K1;MAP2K2;MAPK1;MAPK3,H00048,3481v1
N00236,IGF2-overexpression to PI3K signaling pathway,Variant,IGF2* -> IGF1R -> PI3K -> PIP3 -> AKT -> MTOR -> S6K,nt06263 Hepatocellular carcinoma; nt06214 PI3K signaling,11,IGF2;IGF1R;PIK3CA;PIK3CB;PIK3CD;AKT1;AKT2;AKT3;MTOR;RPS6KB1;RPS6KB2,H00048,3481v1
N00237,IGF1R-overexpression to RAS-ERK signaling pathway,Variant,IGF2 -> IGF1R* -> GRB2 -> SOS -> RAS -> RAF -> MEK -> ERK,nt06263 Hepatocellular carcinoma; nt06210 ERK signaling,15,IGF2;IGF1R;GRB2;SOS1;SOS2;HRAS;KRAS;NRAS;ARAF;BRAF;RAF1;MAP2K1;MAP2K2;MAPK1;MAPK3,H00048,3480v1
N00238,IGF1R-overexpression to PI3K signaling pathway,Variant,IGF2 -> IGF1R* -> PI3K -> PIP3 -> AKT -> MTOR -> S6K,nt06263 Hepatocellular carcinoma; nt06214 PI3K signaling,11,IGF2;IGF1R;PIK3CA;PIK3CB;PIK3CD;AKT1;AKT2;AKT3;MTOR;RPS6KB1;RPS6KB2,H00048,3480v1
N00239,Telomerase activity,Reference,TERC // DNA,nt06261 Gastric cancer; nt06263 Hepatocellular carcinoma; nt06232 Telomerase activity,1,TERC,,
N00240,TERT-overexpression to telomerase activity,Variant,(TERT*+TERC) -> DNA,nt06261 Gastric cancer; nt06263 Hepatocellular carcinoma; nt06232 Telomerase activity,2,TERT;TERC,H00048;H00018,7015v1
N00241,TGFBR2-reduced expression to TGF-beta signaling pathway,Variant,"(TGFBR2*+TGFBR1) // (SMAD2,SMAD3)",nt06263 Hepatocellular carcinoma; nt06218 TGFB signaling,4,TGFBR2;TGFBR1;SMAD2;SMAD3,H00048,7048v2
N00242,Mutation-inactivated AXIN to Wnt signaling pathway,Variant,"(GSK3B+APC) // AXIN* // CTNNB1 -> TCF/LEF => (MYC,CCND1)",nt06263 Hepatocellular carcinoma; nt06215 WNT signaling,10,GSK3B;APC;AXIN1;CTNNB1;TCF7;TCF7L1;TCF7L2;LEF1;MYC;CCND1,H00048,8312v1
N00243,KEAP1-NRF2 signaling pathway,Reference,"(O2-,HO2,H2O2,OH,ACRL,4HNE,NO) -| KEAP1 -| NRF2 => (HMOX1,NQO1,GST,TXNRD1)",nt06263 Hepatocellular carcinoma; nt06226 KEAP1-NRF2 signaling; nt06463 Parkinson disease,24,KEAP1;NFE2L2;HMOX1;NQO1;GSTO2;GSTA5;GSTA1;GSTA2;GSTA3;GSTA4;GSTM1;GSTM2;GSTM3;GSTM4;GSTM5;GSTP1;GSTT1;GSTT2;MGST1;MGST2;MGST3;GSTT2B;GSTO1;TXNRD1,,
N00244,Mutation-inactivated KEAP1 to KEAP1-NRF2 signaling pathway,Variant,"KEAP1* // NRF2 => (HMOX1,NQO1,GST,TXNRD1)",nt06263 Hepatocellular carcinoma; nt06226 KEAP1-NRF2 signaling,24,KEAP1;NFE2L2;HMOX1;NQO1;GSTO2;GSTA5;GSTA1;GSTA2;GSTA3;GSTA4;GSTM1;GSTM2;GSTM3;GSTM4;GSTM5;GSTP1;GSTT1;GSTT2;MGST1;MGST2;MGST3;GSTT2B;GSTO1;TXNRD1,H00048,9817v1
N00245,Mutation-activated NRF2 to KEAP1-NRF2 signaling pathway,Variant,"KEAP1 // NRF2* => (HMOX1,NQO1,GST,TXNRD1)",nt06263 Hepatocellular carcinoma; nt06226 KEAP1-NRF2 signaling,24,KEAP1;NFE2L2;HMOX1;NQO1;GSTO2;GSTA5;GSTA1;GSTA2;GSTA3;GSTA4;GSTM1;GSTM2;GSTM3;GSTM4;GSTM5;GSTP1;GSTT1;GSTT2;MGST1;MGST2;MGST3;GSTT2B;GSTO1;TXNRD1,H00048,4780v1
N00246,HGF-overexpression to RAS-ERK signaling pathway,Variant,HGF* -> MET -> GRB2 -> SOS -> RAS -> RAF -> MEK -> ERK,nt06263 Hepatocellular carcinoma; nt06210 ERK signaling,15,HGF;MET;GRB2;SOS1;SOS2;HRAS;KRAS;NRAS;ARAF;BRAF;RAF1;MAP2K1;MAP2K2;MAPK1;MAPK3,H00048,3082v1
N00247,HGF-overexpression to PI3K signaling pathway,Variant,HGF* -> MET -> GAB1 -> PI3K -> PIP3 -> AKT -| BAD,nt06263 Hepatocellular carcinoma; nt06214 PI3K signaling,10,HGF;MET;GAB1;PIK3CA;PIK3CB;PIK3CD;AKT1;AKT2;AKT3;BAD,H00048,3082v1
N00248,MET-overexpression to RAS-ERK signaling pathway,Variant,MET* -> GRB2 -> SOS -> RAS -> RAF -> MEK -> ERK,nt06263 Hepatocellular carcinoma; nt06210 ERK signaling,14,MET;GRB2;SOS1;SOS2;HRAS;KRAS;NRAS;ARAF;BRAF;RAF1;MAP2K1;MAP2K2;MAPK1;MAPK3,H00048,4233v2
N00249,MET-overexpression to PI3K signaling pathway,Variant,MET* -> GAB1 -> PI3K -> PIP3 -> AKT -| BAD,nt06263 Hepatocellular carcinoma; nt06214 PI3K signaling,9,MET;GAB1;PIK3CA;PIK3CB;PIK3CD;AKT1;AKT2;AKT3;BAD,H00048,4233v2
N00250,CDX2-overexpression to transcriptional activation,Variant,"CDX2* => (MUC2,CDH17,REG4,ABCB1)",nt06261 Gastric cancer; nt06240 Transcription,5,CDX2;MUC2;CDH17;REG4;ABCB1,H00018,1045v1
N00251,CDX2-overexpression to transcriptional repression,Variant,CDX2* =| SHH,nt06261 Gastric cancer; nt06240 Transcription,2,CDX2;SHH,H00018,1045v1
N00252,Amplified ERBB2 to RAS-ERK signaling pathway,Variant,EGF -> (ERBB2*+EGFR) -> GRB2 -> SOS -> RAS -> RAF -> MEK -> ERK,nt06261 Gastric cancer; nt06210 ERK signaling,16,EGF;ERBB2;EGFR;GRB2;SOS1;SOS2;HRAS;KRAS;NRAS;ARAF;BRAF;RAF1;MAP2K1;MAP2K2;MAPK1;MAPK3,H00018,2064v3
N00253,Amplified ERBB2 to PI3K signaling pathway,Variant,EGF -> (ERBB2*+EGFR) -> PI3K -> PIP3 -> AKT -> MTOR -> S6K,nt06261 Gastric cancer; nt06214 PI3K signaling,12,EGF;ERBB2;EGFR;PIK3CA;PIK3CB;PIK3CD;AKT1;AKT2;AKT3;MTOR;RPS6KB1;RPS6KB2,H00018,2064v3
N00254,CDKN1B-reduced expression to p27-cell cycle G1/S,Variant,CDKN1B* // (CCNE+CDK2) -> RB1 // E2F,nt06261 Gastric cancer; nt06230 Cell cycle,8,CDKN1B;CCNE1;CCNE2;CDK2;RB1;E2F1;E2F2;E2F3,H00018,1027v2
N00255,Amplified CCNE to cell cycle G1/S,Variant,(CCNE*+CDK2) -> RB1 // E2F,nt06261 Gastric cancer; nt06230 Cell cycle,6,CCNE1;CDK2;RB1;E2F1;E2F2;E2F3,H00018,898v1
N00256,TGFBR1-reduced expression to TGF-beta signaling pathway,Variant,"(TGFBR2+TGFBR1*) // (SMAD2,SMAD3)",nt06261 Gastric cancer; nt06218 TGFB signaling,4,TGFBR2;TGFBR1;SMAD2;SMAD3,H00018,7046v1
N00257,Loss of CDH1 to beta-catenin signaling pathway,Variant,"CDH1* // CTNNB1 -> TCF/LEF => (MYC,CCND1)",nt06261 Gastric cancer; nt06215 WNT signaling,8,CDH1;CTNNB1;TCF7;TCF7L1;TCF7L2;LEF1;MYC;CCND1,H00018,999v3
N00258,Mutation-inactivated CDH1 to beta-catenin signaling pathway,Variant,"CDH1* // CTNNB1 -> TCF/LEF => (MYC,CCND1)",nt06261 Gastric cancer; nt06215 WNT signaling,8,CDH1;CTNNB1;TCF7;TCF7L1;TCF7L2;LEF1;MYC;CCND1,H00018,999v2
N00259,Amplified MET to RAS-ERK signaling pathway,Variant,MET* -> GRB2 -> SOS -> RAS -> RAF -> MEK -> ERK,nt06261 Gastric cancer; nt06210 ERK signaling,14,MET;GRB2;SOS1;SOS2;HRAS;KRAS;NRAS;ARAF;BRAF;RAF1;MAP2K1;MAP2K2;MAPK1;MAPK3,H00018,4233v3
N00260,Amplified MET to PI3K signaling pathway,Variant,MET* -> GAB1 -> PI3K -> PIP3 -> AKT -> MTOR,nt06261 Gastric cancer; nt06214 PI3K signaling,9,MET;GAB1;PIK3CA;PIK3CB;PIK3CD;AKT1;AKT2;AKT3;MTOR,H00018,4233v3
N00261,KSHV vIRF2 to IFN signaling pathway,Pathogen,vIRF2 -| (STAT1+STAT2+IRF9),nt06122 IFN signaling (viruses); nt06222 IFN signaling; nt06164 Kaposi sarcoma-associated herpesvirus (KSHV),3,STAT1;STAT2;IRF9,H00041,
N00262,EBV EBNA3C to intrinsic apoptotic pathway,Pathogen,EBNA3C -| BCL2L11,nt06524 Apoptosis; nt06131 Apoptosis (viruses and bacteria); nt06165 Epstein-Barr virus (EBV),1,BCL2L11,H00008;H00007;H00054,
N00263,EBV EBNA3C to p53-mediated transcription,Pathogen,"EBNA3C -> MDM2 -| TP53 => (CDKN1A,GADD45,BAX,BAK1,DDB2,POLK)",nt06140 Transcription (viruses); nt06165 Epstein-Barr virus (EBV),10,MDM2;TP53;CDKN1A;GADD45A;GADD45B;GADD45G;BAX;BAK1;DDB2;POLK,H00008;H00007;H00054,
N00264,EBV EBNA3C to p27-Cell cycle G1/S,Pathogen,"EBNA3C -> SKP2 -| CDKN1B -| ((CCNA,CCNE)+CDK2) -> RB1 // E2F",nt06130 Cell cycle (viruses); nt06165 Epstein-Barr virus (EBV),11,SKP2;CDKN1B;CCNA2;CCNA1;CCNE1;CCNE2;CDK2;RB1;E2F1;E2F2;E2F3,H00008;H00007;H00054,
N00265,EBV LMP1 to NFKB signaling pathway,Pathogen,LMP1 -> (TRADD+TRAF6) -> (TAB1/2+TAK1) -> IKK -> NFKBIA -> NFKB,nt06516 TNF signaling; nt06165 Epstein-Barr virus (EBV),11,TRADD;TRAF6;TAB1;TAB2;MAP3K7;CHUK;IKBKB;IKBKG;NFKBIA;NFKB1;RELA,H00008;H00007;H00054,
N00266,EBV LMP2A to PI3K signaling pathway,Pathogen,"LMP2A -> (LYN,SYK) -> PI3K -> PIP3 -> AKT",nt06114 PI3K signaling (viruses); nt06165 Epstein-Barr virus (EBV),8,LYN;SYK;PIK3CA;PIK3CB;PIK3CD;AKT1;AKT2;AKT3,H00008;H00007;H00054,
N00267,HBV HBx to PI3K signaling pathway,Pathogen,X -> PI3K -> PIP3 -> AKT -| BAD,nt06114 PI3K signaling (viruses); nt06263 Hepatocellular carcinoma; nt06214 PI3K signaling; nt06162 Hepatitis B virus (HBV),7,PIK3CA;PIK3CB;PIK3CD;AKT1;AKT2;AKT3;BAD,H00048,
N00268,HBV HBx to RIG-I-like receptor signaling pathway,Pathogen,X -| MAVS,nt06519 RLR signaling; nt06263 Hepatocellular carcinoma; nt06162 Hepatitis B virus (HBV),1,MAVS,H00048,
N00269,HCV core to TNF-NFKB signaling pathway,Pathogen,Core -> NFKB,nt06516 TNF signaling; nt06263 Hepatocellular carcinoma; nt06163 Hepatitis C virus (HCV),2,NFKB1;RELA,H00048,
N00270,HCV Core to IFN signaling pathway,Pathogen,Core -| (STAT1+STAT2+IRF9),nt06122 IFN signaling (viruses); nt06263 Hepatocellular carcinoma; nt06222 IFN signaling; nt06163 Hepatitis C virus (HCV),3,STAT1;STAT2;IRF9,H00048,
N00271,HCV NS3/4A to RIG-I-like receptor signaling pathway,Pathogen,"(NS3,NS4A) -| MAVS",nt06519 RLR signaling; nt06263 Hepatocellular carcinoma; nt06163 Hepatitis C virus (HCV),1,MAVS,H00048,
N00272,HCV NS5A to PI3K signaling pathway,Pathogen,NS5A -> PI3K -> PIP3 -> AKT -| BAD,nt06114 PI3K signaling (viruses); nt06263 Hepatocellular carcinoma; nt06214 PI3K signaling; nt06163 Hepatitis C virus (HCV),7,PIK3CA;PIK3CB;PIK3CD;AKT1;AKT2;AKT3;BAD,H00048,
N00273,HCV NS5A to oligoadenylate synthetase (OAS)/RNase L pathway,Pathogen,NS5A -| OAS,nt06137 OAS/RNase L pathway (viruses); nt06263 Hepatocellular carcinoma; nt06163 Hepatitis C virus (HCV),3,OAS1;OAS2;OAS3,H00048,
N00274,HCV NS5A to RAS-ERK signaling pathway,Pathogen,NS5A -| GRB2,nt06526 MAPK signaling; nt06263 Hepatocellular carcinoma; nt06210 ERK signaling; nt06163 Hepatitis C virus (HCV),1,GRB2,H00048,
N00275,Amplified CCND1 to cell cycle G1/S,Variant,(CCND1*+CDK4) -> RB1 // E2F,nt06270 Breast cancer; nt06230 Cell cycle,6,CCND1;CDK4;RB1;E2F1;E2F2;E2F3,H00031,595v1
N00276,EGF-overexpression to RAS-ERK signaling pathway,Variant,EGF* -> EGFR -> GRB2 -> SOS -> RAS -> RAF -> MEK -> ERK,nt06260 Colorectal cancer; nt06210 ERK signaling,15,EGF;EGFR;GRB2;SOS1;SOS2;HRAS;KRAS;NRAS;ARAF;BRAF;RAF1;MAP2K1;MAP2K2;MAPK1;MAPK3,H00020,1950v1
N00277,EREG-EGFR-RAS-ERK signaling pathway,Reference,EREG -> EGFR -> GRB2 -> SOS -> RAS -> RAF -> MEK -> ERK,nt06260 Colorectal cancer; nt06210 ERK signaling,15,EREG;EGFR;GRB2;SOS1;SOS2;HRAS;KRAS;NRAS;ARAF;BRAF;RAF1;MAP2K1;MAP2K2;MAPK1;MAPK3,,
N00278,EREG-overexpression to RAS-ERK signaling pathway,Variant,EREG* -> EGFR -> GRB2 -> SOS -> RAS -> RAF -> MEK -> ERK,nt06260 Colorectal cancer; nt06210 ERK signaling,15,EREG;EGFR;GRB2;SOS1;SOS2;HRAS;KRAS;NRAS;ARAF;BRAF;RAF1;MAP2K1;MAP2K2;MAPK1;MAPK3,H00020,2069v1
N00279,AREG-EGFR-RAS-ERK signaling pathway,Reference,AREG -> EGFR -> GRB2 -> SOS -> RAS -> RAF -> MEK -> ERK,nt06260 Colorectal cancer; nt06210 ERK signaling,15,AREG;EGFR;GRB2;SOS1;SOS2;HRAS;KRAS;NRAS;ARAF;BRAF;RAF1;MAP2K1;MAP2K2;MAPK1;MAPK3,,
N00280,AREG-overexpression to RAS-ERK signaling pathway,Variant,AREG* -> EGFR -> GRB2 -> SOS -> RAS -> RAF -> MEK -> ERK,nt06260 Colorectal cancer; nt06210 ERK signaling,15,AREG;EGFR;GRB2;SOS1;SOS2;HRAS;KRAS;NRAS;ARAF;BRAF;RAF1;MAP2K1;MAP2K2;MAPK1;MAPK3,H00020,374v1
N00281,EGF-overexpression to PI3K signaling pathway,Variant,EGF* -> EGFR -> PI3K -> PIP3 -> AKT,nt06260 Colorectal cancer; nt06214 PI3K signaling,8,EGF;EGFR;PIK3CA;PIK3CB;PIK3CD;AKT1;AKT2;AKT3,H00020,1950v1
N00282,EREG-EGFR-PI3K signaling pathway,Reference,EREG -> EGFR -> PI3K -> PIP3 -> AKT -> MTOR -> S6K,nt06260 Colorectal cancer; nt06214 PI3K signaling,11,EREG;EGFR;PIK3CA;PIK3CB;PIK3CD;AKT1;AKT2;AKT3;MTOR;RPS6KB1;RPS6KB2,,
N00283,EREG-overexpression to PI3K signaling pathway,Variant,EREG* -> EGFR -> PI3K -> PIP3 -> AKT -> S6K,nt06260 Colorectal cancer; nt06214 PI3K signaling,10,EREG;EGFR;PIK3CA;PIK3CB;PIK3CD;AKT1;AKT2;AKT3;RPS6KB1;RPS6KB2,H00020,2069v1
N00284,AREG-EGFR-PI3K signaling pathway,Reference,AREG -> EGFR -> PI3K -> PIP3 -> AKT -> MTOR -> S6K,nt06260 Colorectal cancer; nt06261 Gastric cancer; nt06262 Pancreatic cancer; nt06214 PI3K signaling,11,AREG;EGFR;PIK3CA;PIK3CB;PIK3CD;AKT1;AKT2;AKT3;MTOR;RPS6KB1;RPS6KB2,,
N00285,AREG-overexpression to PI3K signaling pathway,Variant,AREG* -> EGFR -> PI3K -> PIP3 -> AKT -> S6K,nt06260 Colorectal cancer; nt06214 PI3K signaling,10,AREG;EGFR;PIK3CA;PIK3CB;PIK3CD;AKT1;AKT2;AKT3;RPS6KB1;RPS6KB2,H00020,374v1
N00286,Nuclear-initiated estrogen signaling pathway,Reference,"E2 -> ((ESR1/2)+(NCOA1/2/3)) => (BCL2,EBAG9,KRT19,CTSD,TFF1,PGR)",nt06323 KISS1-GnRH-LH/FSH-E2 signaling; nt06270 Breast cancer; nt06227 Nuclear receptor signaling,11,ESR1;ESR2;NCOA1;NCOA2;NCOA3;BCL2;EBAG9;KRT19;CTSD;TFF1;PGR,,
N00287,ESR1-positive to nuclear-initiated estrogen signaling pathway,Variant,"E2 -> (ESR*+(NCOA3,NCOA1)) => (CCND1,MYC)",nt06270 Breast cancer; nt06227 Nuclear receptor signaling,5,ESR1;NCOA3;NCOA1;CCND1;MYC,H00031,2099v1
N00288,PTH-PTH1R-PKA signaling pathway,Reference,PTH -> PTH1R -> GNAS -> ADCY -> cAMP -> PKA,nt06318 CaSR-PTH signaling,15,PTH;PTH1R;GNAS;ADCY1;ADCY2;ADCY3;ADCY4;ADCY5;ADCY6;ADCY7;ADCY8;ADCY9;PRKACA;PRKACB;PRKACG,,
N00290,Mutation-inactivated MEN1 to transcription,Variant,"(MEN1*+KMT2A) // (CDKN1B,CDKN2C)",nt06360 Cushing syndrome,4,MEN1;KMT2A;CDKN1B;CDKN2C,H00247;H00246;H01102;H01431;H01522;H00034;H00033,4221v1
N00291,CaSR-PTH signaling pathway,Reference,Ca2+ -> CASR -> GNAQ -> PLCB -> IP3 -> Ca2+ -| PTH,nt06318 CaSR-PTH signaling,7,CASR;GNAQ;PLCB1;PLCB2;PLCB3;PLCB4;PTH,,
N00293,GCM2-mediated transcription,Reference,GCM2 => PTH,nt06318 CaSR-PTH signaling,2,GCM2;PTH,,
N00297,ACTH-cortisol signaling pathway,Reference,"ACTH -> (MC2R+MRAP) -> GNAS -> ADCY -> cAMP -> PKA -> (NR5A1,NR4A1,SP1,PBX1,CREB) => (STAR,CYP11B1) -> Cortisol",nt06310 CRH-ACTH-cortisol signaling; nt06360 Cushing syndrome,32,POMC;MC2R;MRAP;GNAS;ADCY1;ADCY2;ADCY3;ADCY4;ADCY5;ADCY6;ADCY7;ADCY8;ADCY9;PRKACA;PRKACB;PRKACG;NR5A1;NR4A1;SP1;PBX1;CREB3;CREB1;ATF2;ATF6B;CREB3L4;ATF4;CREB3L2;CREB3L3;CREB3L1;CREB5;STAR;CYP11B1,,
N00298,CYP11B1-CYP11B2 fusion to ACTH-cortisol signaling pathway,Variant,"ACTH -> (MC2R+MRAP) -> GNAS -> ADCY -> cAMP -> PKA -> (NR5A1,NR4A1,SP1,PBX1,CREB) => CYP11B2* -> Aldosterone",nt06310 CRH-ACTH-cortisol signaling,31,POMC;MC2R;MRAP;GNAS;ADCY1;ADCY2;ADCY3;ADCY4;ADCY5;ADCY6;ADCY7;ADCY8;ADCY9;PRKACA;PRKACB;PRKACG;NR5A1;NR4A1;SP1;PBX1;CREB3;CREB1;ATF2;ATF6B;CREB3L4;ATF4;CREB3L2;CREB3L3;CREB3L1;CREB5;CYP11B2,H00602,1585v1
N00301,Angiotensin-aldosterone signaling pathway,Reference,Angiotensin -> AGTR1 -> GNAQ -> PLCB -> IP3 -> Ca2+ -> CALM -> CAMK -> CREB => CYP11B2 -> Aldosterone,nt06316 Angiotensin-aldosterone signaling,28,AGTR1;GNAQ;PLCB1;PLCB2;PLCB3;PLCB4;CALM1;CALM2;CALM3;CAMK1;CAMK1D;CAMK1G;CAMK2A;CAMK2B;CAMK2D;CAMK2G;CAMK4;CREB3;CREB1;ATF2;ATF6B;CREB3L4;ATF4;CREB3L2;CREB3L3;CREB3L1;CREB5;CYP11B2,,
N00302,Mutation-activated CACNA1D/H to angiotensin-aldosterone signaling pathway,Variant,"(CACNA1D*,CACNA1H*) -> Ca2+ -> CALM -> CAMK -> CREB => CYP11B2 -> Aldosterone",nt06316 Angiotensin-aldosterone signaling,24,CACNA1D;CACNA1H;CALM1;CALM2;CALM3;CAMK1;CAMK1D;CAMK1G;CAMK2A;CAMK2B;CAMK2D;CAMK2G;CAMK4;CREB3;CREB1;ATF2;ATF6B;CREB3L4;ATF4;CREB3L2;CREB3L3;CREB3L1;CREB5;CYP11B2,H01603,776v1;8912v1
N00303,Mutation-activated KCNJ5 to angiotensin-aldosterone signaling pathway,Variant,"KCNJ5* -> Na+ -> (CACNA1D,CACNA1H) -> Ca2+ -> CALM -> CAMK -> CREB => CYP11B2 -> Aldosterone",nt06316 Angiotensin-aldosterone signaling,25,KCNJ5;CACNA1D;CACNA1H;CALM1;CALM2;CALM3;CAMK1;CAMK1D;CAMK1G;CAMK2A;CAMK2B;CAMK2D;CAMK2G;CAMK4;CREB3;CREB1;ATF2;ATF6B;CREB3L4;ATF4;CREB3L2;CREB3L3;CREB3L1;CREB5;CYP11B2,H01603,3762v1
N00304,Mutation-inactivated ATP1A1 to angiotensin-aldosterone signaling pathway,Variant,"ATP1A1* -> Na+ -> (CACNA1D,CACNA1H) -> Ca2+ -> CALM -> CAMK -> CREB => CYP11B2 -> Aldosterone",nt06316 Angiotensin-aldosterone signaling,25,ATP1A1;CACNA1D;CACNA1H;CALM1;CALM2;CALM3;CAMK1;CAMK1D;CAMK1G;CAMK2A;CAMK2B;CAMK2D;CAMK2G;CAMK4;CREB3;CREB1;ATF2;ATF6B;CREB3L4;ATF4;CREB3L2;CREB3L3;CREB3L1;CREB5;CYP11B2,H01603,476v1
N00305,Mutation-inactivated ATP2B3 to angiotensin-aldosterone signaling pathway,Variant,ATP2B3* -> Ca2+ -> CALM -> CAMK -> CREB => CYP11B2 -> Aldosterone,nt06316 Angiotensin-aldosterone signaling,23,ATP2B3;CALM1;CALM2;CALM3;CAMK1;CAMK1D;CAMK1G;CAMK2A;CAMK2B;CAMK2D;CAMK2G;CAMK4;CREB3;CREB1;ATF2;ATF6B;CREB3L4;ATF4;CREB3L2;CREB3L3;CREB3L1;CREB5;CYP11B2,H01603,492v1
N00306,SF-1-mediated transcription,Reference,"NR0B1 -| NR5A1 => (CYP11B1,CYP17A1)",nt06310 CRH-ACTH-cortisol signaling,4,NR0B1;NR5A1;CYP11B1;CYP17A1,,
N00309,Cortisone reduction,Reference,Cortisone+NADPH -- HSD11B1 -> Cortisol+NADP+,nt06019 Steroid hormone biosynthesis,1,HSD11B1,,
N00311,NADPH generation,Reference,NADP -- H6PD -> NADPH,nt06019 Steroid hormone biosynthesis,1,H6PD,,
N00313,Transport of cortisol,Reference,SERPINA6 -- Cortisol,nt06019 Steroid hormone biosynthesis,1,SERPINA6,,
N00315,Mutation-inactivated AIP to AhR-mediated transcription,Variant,AIP* // AHR,nt06360 Cushing syndrome,2,AIP;AHR,H01431;H01102,9049v1
N00316,Mutation-inactivated CDKN1B to p27-cell cycle G1/S,Variant,CDKN1B* // (CCNE+CDK2) -> RB1 // E2F,nt06360 Cushing syndrome,8,CDKN1B;CCNE1;CCNE2;CDK2;RB1;E2F1;E2F2;E2F3,H01431;H01102,1027v3
N00317,AhR signaling pathway,Reference,"KA -> (AHR+ARNT) => (IL6,IL22,PTGS2,VEGFA,CYP1A1,CYP1B1)",nt06227 Nuclear receptor signaling; nt06360 Cushing syndrome,8,AHR;ARNT;IL6;IL22;PTGS2;VEGFA;CYP1A1;CYP1B1,,
N00318,EGFR-ERK-ACTH signaling pathway,Reference,EGFR -> ERK1/2 -> ACTH,nt06310 CRH-ACTH-cortisol signaling; nt06360 Cushing syndrome,4,EGFR;MAPK1;MAPK3;POMC,,
N00319,Mutation-activated USP8 to EGFR-ERK-ACTH signaling pathway,Variant,USP8* -> EGFR -> ERK1/2 -> ACTH,nt06310 CRH-ACTH-cortisol signaling; nt06360 Cushing syndrome,5,USP8;EGFR;MAPK1;MAPK3;POMC,H01431;H01102,9101v1
N00320,Mutation-activated PRKACA to ACTH-cortisol signaling pathway,Variant,"PRKACA* -> (NR5A1,NR4A1,SP1,PBX1,CREB) => (STAR,CYP11B1) -> Cortisol",nt06360 Cushing syndrome,17,PRKACA;NR5A1;NR4A1;SP1;PBX1;CREB3;CREB1;ATF2;ATF6B;CREB3L4;ATF4;CREB3L2;CREB3L3;CREB3L1;CREB5;STAR;CYP11B1,H01431;H02049,5566v1
N00321,Mutation-activated GNAS to ACTH-cortisol signaling pathway,Variant,"GNAS* -> ADCY -> cAMP -> PKA -> (NR5A1,NR4A1,SP1,PBX1,CREB) => (STAR,CYP11B1) -> Cortisol",nt06360 Cushing syndrome,29,GNAS;ADCY1;ADCY2;ADCY3;ADCY4;ADCY5;ADCY6;ADCY7;ADCY8;ADCY9;PRKACA;PRKACB;PRKACG;NR5A1;NR4A1;SP1;PBX1;CREB3;CREB1;ATF2;ATF6B;CREB3L4;ATF4;CREB3L2;CREB3L3;CREB3L1;CREB5;STAR;CYP11B1,H01431;H02049,2778v1
N00322,Mutation-inactivated PRKAR1A to ACTH-cortisol signaling pathway,Variant,"(PRKAR1A*+PRKACA) -> (NR5A1,NR4A1,SP1,PBX1,CREB) => (STAR,CYP11B1) -> Cortisol",nt06360 Cushing syndrome,18,PRKAR1A;PRKACA;NR5A1;NR4A1;SP1;PBX1;CREB3;CREB1;ATF2;ATF6B;CREB3L4;ATF4;CREB3L2;CREB3L3;CREB3L1;CREB5;STAR;CYP11B1,H01431;H00260,5573v1
N00323,Mutation-inactivated PDE11A/PDE8B to ACTH-cortisol signaling pathway,Variant,"(PDE11A*,PDE8B*) // cAMP -> (PRKAR1A+PRKACA) -> (NR5A1,NR4A1,SP1,PBX1,CREB) => (STAR,CYP11B1) -> Cortisol",nt06310 CRH-ACTH-cortisol signaling; nt06360 Cushing syndrome,20,PDE11A;PDE8B;PRKAR1A;PRKACA;NR5A1;NR4A1;SP1;PBX1;CREB3;CREB1;ATF2;ATF6B;CREB3L4;ATF4;CREB3L2;CREB3L3;CREB3L1;CREB5;STAR;CYP11B1,H01431;H00260;H02049,50940v1;8622v1
N00324,CRHR-PKA-ACTH signaling pathway,Reference,CRH -> CRHR -> GNAS -> ADCY -> cAMP -> PKA -> CREB -> ACTH,nt06310 CRH-ACTH-cortisol signaling; nt06360 Cushing syndrome,27,CRH;CRHR1;CRHR2;GNAS;ADCY1;ADCY2;ADCY3;ADCY4;ADCY5;ADCY6;ADCY7;ADCY8;ADCY9;PRKACA;PRKACB;PRKACG;CREB3;CREB1;ATF2;ATF6B;CREB3L4;ATF4;CREB3L2;CREB3L3;CREB3L1;CREB5;POMC,,
N00325,Mutation-inactivated RASD1 to CRHR-PKA-ACTH signaling pathway,Variant,RASD1* // GNAI // ADCY -> cAMP -> PKA -> CREB -> ACTH,nt06310 CRH-ACTH-cortisol signaling; nt06360 Cushing syndrome,27,RASD1;GNAI1;GNAI2;GNAI3;ADCY1;ADCY2;ADCY3;ADCY4;ADCY5;ADCY6;ADCY7;ADCY8;ADCY9;PRKACA;PRKACB;PRKACG;CREB3;CREB1;ATF2;ATF6B;CREB3L4;ATF4;CREB3L2;CREB3L3;CREB3L1;CREB5;POMC,H01431;H01102,51655v1
N00326,Mutation-activated GNAS to CRHR-PKA-ACTH signaling pathway,Variant,GNAS* -> ADCY -> cAMP -> PKA -> CREB -> ACTH,nt06360 Cushing syndrome,24,GNAS;ADCY1;ADCY2;ADCY3;ADCY4;ADCY5;ADCY6;ADCY7;ADCY8;ADCY9;PRKACA;PRKACB;PRKACG;CREB3;CREB1;ATF2;ATF6B;CREB3L4;ATF4;CREB3L2;CREB3L3;CREB3L1;CREB5;POMC,H01431;H01102,2778v1
N00327,Mutation-inactivated PRKAR1A to CRHR-PKA-ACTH signaling pathway,Variant,CRH -> CRHR -> GNAS -> ADCY -> cAMP -> (PRKAR1A*+PRKACA) -> CREB -> ACTH,nt06360 Cushing syndrome,26,CRH;CRHR1;CRHR2;GNAS;ADCY1;ADCY2;ADCY3;ADCY4;ADCY5;ADCY6;ADCY7;ADCY8;ADCY9;PRKAR1A;PRKACA;CREB3;CREB1;ATF2;ATF6B;CREB3L4;ATF4;CREB3L2;CREB3L3;CREB3L1;CREB5;POMC,H01431;H01102,5573v1
N00332,Vesicular uptake of lipoproteins,Reference,APOB -> LDLR == LDLRAP1,nt06320 APOB-LDLR signaling,3,APOB;LDLR;LDLRAP1,,
N00336,PCSK9-mediated LDLR degradation,Reference,PCSK9 -| LDLR,nt06320 APOB-LDLR signaling,2,PCSK9;LDLR,,
N00338,"Steroid hormone biosynthesis, progesterone to cortisol/cortisone",Reference,Progesterone -- CYP17A1 >> CYP21A2 >> CYP11B1/2 -> Cortisol -- HSD11B2 -> Cortisone,nt06019 Steroid hormone biosynthesis,5,CYP17A1;CYP21A2;CYP11B1;CYP11B2;HSD11B2,,
N00339,"Steroid hormone biosynthesis, progesterone to aldosterone",Reference,Progesterone -- CYP21A2 >> CYP11B1 >> CYP11B2 -> Aldosterone,nt06019 Steroid hormone biosynthesis,3,CYP21A2;CYP11B1;CYP11B2,,
N00340,The Scribble/Dlg/Lgl polarity module,Reference,LLGL == SCRIB == DLG1,nt06135 Cytoskeletal regulation (viruses and bacteria); nt06166 Human papillomavirus (HPV),4,LLGL1;LLGL2;SCRIB;DLG1,,
N00341,HPV E6 to the Scribble/Dlg/Lgl polarity module,Pathogen,(E6+UBE3A) -| (DLG1+SCRIB),nt06135 Cytoskeletal regulation (viruses and bacteria); nt06166 Human papillomavirus (HPV),3,UBE3A;DLG1;SCRIB,H00030,
N00342,MAGI-PTEN signaling pathway,Reference,MAGI -> PTEN -| PIP3 -> AKT,nt06135 Cytoskeletal regulation (viruses and bacteria); nt06166 Human papillomavirus (HPV),6,MAGI1;MAGI2;PTEN;AKT1;AKT2;AKT3,,
N00343,HPV E6 to MAGI-PTEN signaling pathway,Pathogen,(E6+UBE3A) -| MAGI1,nt06135 Cytoskeletal regulation (viruses and bacteria); nt06166 Human papillomavirus (HPV),2,UBE3A;MAGI1,H00030,
N00344,CRB3-Pals1-PATJ complex,Reference,CRB3 == MPP5 == PATJ,nt06135 Cytoskeletal regulation (viruses and bacteria); nt06166 Human papillomavirus (HPV),3,CRB3;MPP5;PATJ,,
N00345,HPV E6 to CRB3-Pals1-PATJ complex,Pathogen,(E6+UBE3A) -| PATJ,nt06135 Cytoskeletal regulation (viruses and bacteria); nt06166 Human papillomavirus (HPV),2,UBE3A;PATJ,H00030,
N00346,HPV E6 to TLR-IRF3 signaling pathway,Pathogen,E6 -| IRF3,nt06517 TLR signaling; nt06166 Human papillomavirus (HPV),1,IRF3,H00030,
N00347,p300-p21-Cell cycle G1/S,Reference,"(ATM,ATR) -> TADA3 -> EP300 -> TP53 => CDKN1A -| (CCND+CDK4/6) -> RB1 // E2F",nt06130 Cell cycle (viruses); nt06166 Human papillomavirus (HPV),15,ATM;ATR;TADA3;EP300;TP53;CDKN1A;CCND1;CCND2;CCND3;CDK4;CDK6;RB1;E2F1;E2F2;E2F3,,
N00348,HPV E6 to p300-p21-Cell cycle G1/S,Pathogen,E6 -| EP300,nt06130 Cell cycle (viruses); nt06166 Human papillomavirus (HPV),1,EP300,H00030,
N00349,HPV E6 to p300-p21-Cell cycle G1/S,Pathogen,E6 -| TADA3,nt06130 Cell cycle (viruses); nt06166 Human papillomavirus (HPV),1,TADA3,H00030,
N00350,HPV E6 to extrinsic apoptotic pathway,Pathogen,E6 -| TNFRSF1A,nt06131 Apoptosis (viruses and bacteria); nt06166 Human papillomavirus (HPV),1,TNFRSF1A,H00030,
N00351,HPV E6 to extrinsic apoptotic pathway,Pathogen,E6 -| FADD,nt06131 Apoptosis (viruses and bacteria); nt06166 Human papillomavirus (HPV),1,FADD,H00030,
N00352,HPV E6 to extrinsic apoptotic pathway,Pathogen,E6 -| CASP8,nt06524 Apoptosis; nt06131 Apoptosis (viruses and bacteria); nt06166 Human papillomavirus (HPV),1,CASP8,H00030,
N00353,HPV E6 to PTEN-PIP3-AKT signaling pathway,Pathogen,E6 -| SLC9A3R1 -> PTEN,nt06114 PI3K signaling (viruses); nt06166 Human papillomavirus (HPV),2,SLC9A3R1;PTEN,H00030,
N00354,HPV E6 to PTEN-PIP3-AKT signaling pathway,Pathogen,E6 -| PTEN,nt06114 PI3K signaling (viruses); nt06166 Human papillomavirus (HPV),1,PTEN,H00030,
N00355,PP2A-AKT signaling pathway,Reference,PP2A -| AKT,nt06114 PI3K signaling (viruses); nt06166 Human papillomavirus (HPV),19,PPP2CA;PPP2CB;PPP2R1A;PPP2R1B;PPP2R2A;PPP2R2B;PPP2R2C;PPP2R2D;PPP2R3A;PPP2R3B;PPP2R3C;PPP2R5A;PPP2R5B;PPP2R5C;PPP2R5D;PPP2R5E;AKT1;AKT2;AKT3,,
N00356,HPV E7 to PP2A-AKT signaling patyway,Pathogen,E7 -| PP2A,nt06114 PI3K signaling (viruses); nt06166 Human papillomavirus (HPV),16,PPP2CA;PPP2CB;PPP2R1A;PPP2R1B;PPP2R2A;PPP2R2B;PPP2R2C;PPP2R2D;PPP2R3A;PPP2R3B;PPP2R3C;PPP2R5A;PPP2R5B;PPP2R5C;PPP2R5D;PPP2R5E,H00030,
N00357,HPV E6 to MTOR signaling pathway,Pathogen,(E6+UBE3A) -| (TSC1+TSC2) -| RHEB -> MTOR -> S6K,nt06114 PI3K signaling (viruses); nt06166 Human papillomavirus (HPV),7,UBE3A;TSC1;TSC2;RHEB;MTOR;RPS6KB1;RPS6KB2,H00030,
N00358,HPV E6 to p21-cell cycle G1/S,Pathogen,(E6+UBE3A) -| TP53,nt06130 Cell cycle (viruses); nt06166 Human papillomavirus (HPV),2,UBE3A;TP53,H00030,
N00359,HPV E7 to p27-cell cycle G1/S,Pathogen,"E7 -| (CDKN1A,CDKN1B)",nt06130 Cell cycle (viruses); nt06166 Human papillomavirus (HPV),2,CDKN1A;CDKN1B,H00030,
N00360,HPV E7 to p27-cell cycle G1/S,Pathogen,E7 -> (CCNE+CDK2) -> RB1 // E2F,nt06130 Cell cycle (viruses); nt06166 Human papillomavirus (HPV),7,CCNE1;CCNE2;CDK2;RB1;E2F1;E2F2;E2F3,H00030,
N00361,HPV E7 to cell cycle G1/S,Pathogen,"E7 -> (RB1,RBL1,RBL2) // E2F",nt06130 Cell cycle (viruses); nt06166 Human papillomavirus (HPV),6,RB1;RBL1;RBL2;E2F1;E2F2;E2F3,H00030,
N00362,HPV E5 to p21-cell cycle G1/S,Pathogen,"E5 -| (CDKN1A,CDKN1B)",nt06130 Cell cycle (viruses); nt06166 Human papillomavirus (HPV),2,CDKN1A;CDKN1B,H00030,
N00363,Antigen processing and presentation by MHC class I molecules,Reference,TAP1/2 == TAPBP == (PDIA3+CALR) -> (MHCI+B2M),nt06129 MHC presentation (viruses); nt06229 MHC presentation; nt06160 Human T-cell leukemia virus 1 (HTLV-1); nt06161 Human immunodeficiency virus type 1 (HIV-1); nt06168 Herpes simplex virus 1 (HSV-1); nt06167 Human cytomegalovirus (HCMV); nt06164 Kaposi sarcoma-associated herpesvirus (KSHV); nt06165 Epstein-Barr virus (EBV); nt06166 Human papillomavirus (HPV),12,TAP1;TAP2;TAPBP;PDIA3;CALR;HLA-A;HLA-B;HLA-C;HLA-E;HLA-F;HLA-G;B2M,,
N00364,HPV E5 to antigen processing and presentation by MHC class I molecules,Pathogen,E5 -| (MHCI+BCAP31),nt06129 MHC presentation (viruses); nt06166 Human papillomavirus (HPV),7,HLA-A;HLA-B;HLA-C;HLA-E;HLA-F;HLA-G;BCAP31,H00030,
N00365,HPV E7 to cell cycle G1/S,Pathogen,E7 -> PSMC1 -> RB1,nt06130 Cell cycle (viruses); nt06166 Human papillomavirus (HPV),2,PSMC1;RB1,H00030,
N00366,HPV E5 to EGFR-PI3K signaling pathway,Pathogen,E5 -| V-ATPase -| EGFR -> PI3K -> PIP3 -> AKT,nt06114 PI3K signaling (viruses); nt06166 Human papillomavirus (HPV),8,ATP6V0C;EGFR;PIK3CA;PIK3CB;PIK3CD;AKT1;AKT2;AKT3,H00030,
N00367,HPV E5 to EGFR-RAS-ERK signaling pathway,Pathogen,E5 -| V-ATPase -| EGFR -> GRB2 -> SOS -> RAS -> RAF -> MEK -> ERK,nt06166 Human papillomavirus (HPV),15,ATP6V0C;EGFR;GRB2;SOS1;SOS2;HRAS;KRAS;NRAS;ARAF;BRAF;RAF1;MAP2K1;MAP2K2;MAPK1;MAPK3,H00030,
N00368,HPV E5 to PDGFR-PI3K signaling pathway,Pathogen,E5 -> PDGFRB -> PI3K -> PIP3 -> AKT,nt06114 PI3K signaling (viruses); nt06166 Human papillomavirus (HPV),7,PDGFRB;PIK3CA;PIK3CB;PIK3CD;AKT1;AKT2;AKT3,H00030,
N00369,HPV E5 to PDGFR-RAS-ERK signaling pathway,Pathogen,E5 -> PDGFRB,nt06526 MAPK signaling; nt06166 Human papillomavirus (HPV),1,PDGFRB,H00030,
N00370,Pyruvate generation,Reference,PEP -- PKM -> Pyruvate,nt06166 Human papillomavirus (HPV),1,PKM,,
N00371,HPV E7 to pyruvate generation,Pathogen,E7 -| PKM,nt06166 Human papillomavirus (HPV),1,PKM,H00030,
N00372,HPV E7 to p300-p21-Cell cycle G1/S,Pathogen,E7 -> ATM,nt06130 Cell cycle (viruses); nt06166 Human papillomavirus (HPV),1,ATM,H00030,
N00373,HPV E6 to NFX1-mediated transcription,Pathogen,(E6+UBE3A) -| NFX1 =| TERT,nt06140 Transcription (viruses); nt06166 Human papillomavirus (HPV),3,UBE3A;NFX1;TERT,H00030,
N00374,TNF-IRF1 signaling pathway,Reference,TNF -> TNFRSF1B -> IRF1 => IFNB1,nt06516 TNF signaling; nt06166 Human papillomavirus (HPV),4,TNF;TNFRSF1B;IRF1;IFNB1,,
N00375,HPV E7 to TNF-IRF1 signaling pathway,Pathogen,(E7+HDAC+CHD4) -| IRF1,nt06516 TNF signaling; nt06166 Human papillomavirus (HPV),4,HDAC1;HDAC2;CHD4;IRF1,H00030,
N00376,HPV E7 to TBP1-mediated transcription,Pathogen,E7 -| TBP,nt06140 Transcription (viruses); nt06166 Human papillomavirus (HPV),1,TBP,H00030,
N00377,HPV E6 to IFN signaling pathway,Pathogen,E6 -| TYK2,nt06122 IFN signaling (viruses); nt06166 Human papillomavirus (HPV),1,TYK2,H00030,
N00378,HPV E6 to IFN signaling pathway,Pathogen,E6 -| (STAT1+STAT2+IRF9),nt06122 IFN signaling (viruses); nt06166 Human papillomavirus (HPV),3,STAT1;STAT2;IRF9,H00030,
N00379,HPV E7 to IFN signaling pathway,Pathogen,E7 -| (STAT1+STAT2+IRF9),nt06122 IFN signaling (viruses); nt06166 Human papillomavirus (HPV),3,STAT1;STAT2;IRF9,H00030,
N00380,HPV E6 to Notch signaling pathway,Pathogen,"E6 -> JAG1 -> NOTCH -> (NICD+RBPJ+MAML) => (HES1,HEY1)",nt06511 NOTCH signaling; nt06166 Human papillomavirus (HPV),12,JAG1;NOTCH1;NOTCH2;NOTCH3;NOTCH4;RBPJ;RBPJL;MAML1;MAML2;MAML3;HES1;HEY1,H00030,
N00381,HPV E6 to Notch signaling pathway,Pathogen,"E6 -| MFNG -| NOTCH -> (NICD+RBPJ+MAML) => (HES1,HEY1)",nt06511 NOTCH signaling; nt06166 Human papillomavirus (HPV),12,MFNG;NOTCH1;NOTCH2;NOTCH3;NOTCH4;RBPJ;RBPJL;MAML1;MAML2;MAML3;HES1;HEY1,H00030,
N00382,HPV E6 to Notch signaling pathway,Pathogen,"E6 -> (NFX1+PSEN1) -> NOTCH -> (NICD+RBPJ+MAML) => (HES1,HEY1)",nt06511 NOTCH signaling; nt06166 Human papillomavirus (HPV),13,NFX1;PSEN1;NOTCH1;NOTCH2;NOTCH3;NOTCH4;RBPJ;RBPJL;MAML1;MAML2;MAML3;HES1;HEY1,H00030,
N00383,HPV E6 to intrinsic apoptotic pathway,Pathogen,(E6+UBE3A) -| BAK1,nt06524 Apoptosis; nt06131 Apoptosis (viruses and bacteria); nt06166 Human papillomavirus (HPV),2,UBE3A;BAK1,H00030,
N00384,HPV E6 to intrinsic apoptotic pathway,Pathogen,E6 -| BAD,nt06131 Apoptosis (viruses and bacteria); nt06166 Human papillomavirus (HPV),1,BAD,H00030,
N00385,HCMV gB to PDGFR-PI3K signaling pathway,Pathogen,UL55 -> PDGFRA -> PI3K -> PIP3 -> AKT -> MTOR -> S6K,nt06114 PI3K signaling (viruses); nt06167 Human cytomegalovirus (HCMV),10,PDGFRA;PIK3CA;PIK3CB;PIK3CD;AKT1;AKT2;AKT3;MTOR;RPS6KB1;RPS6KB2,H00368,
N00386,HCMV gB to PDGFR-RAS-ERK signaling pathway,Pathogen,UL55 -> PDGFR -> GRB2 -> SOS -> RAS -> RAF -> MEK -> ERK,nt06167 Human cytomegalovirus (HCMV),15,PDGFRA;PDGFRB;GRB2;SOS1;SOS2;HRAS;KRAS;NRAS;ARAF;BRAF;RAF1;MAP2K1;MAP2K2;MAPK1;MAPK3,H00368,
N00387,HCMV IE1-72/IE2-86 to PI3K signaling pathway,Pathogen,"(IE1-72,IE2-86) -> PI3K -> PIP3 -> AKT -> MTOR -> S6K",nt06114 PI3K signaling (viruses); nt06167 Human cytomegalovirus (HCMV),9,PIK3CA;PIK3CB;PIK3CD;AKT1;AKT2;AKT3;MTOR;RPS6KB1;RPS6KB2,H00368,
N00388,HCMV UL38 to MTOR signaling pathway,Pathogen,UL38 -| (TSC1+TSC2) -| RHEB -> MTOR -> S6K,nt06114 PI3K signaling (viruses); nt06167 Human cytomegalovirus (HCMV),6,TSC1;TSC2;RHEB;MTOR;RPS6KB1;RPS6KB2,H00368,
N00389,HCMV IE1-72 to transcription,Pathogen,IE1-72 => NFKB,nt06516 TNF signaling; nt06167 Human cytomegalovirus (HCMV),2,NFKB1;RELA,H00368,
N00390,EGF-EGFR-PI3K-NFKB signaling pathway,Reference,EGF -> EGFR -> PI3K -> PIP3 -> AKT -> IKK -> NFKBIA -> NFKB,nt06114 PI3K signaling (viruses); nt06214 PI3K signaling; nt06160 Human T-cell leukemia virus 1 (HTLV-1); nt06167 Human cytomegalovirus (HCMV),14,EGF;EGFR;PIK3CA;PIK3CB;PIK3CD;AKT1;AKT2;AKT3;CHUK;IKBKB;IKBKG;NFKBIA;NFKB1;RELA,,
N00391,HCMV gB to EGFR-PI3K-NFKB signaling pathway,Pathogen,UL55 -> EGFR -> PI3K -> PIP3 -> AKT -> IKK -> NFKBIA -> NFKB,nt06114 PI3K signaling (viruses); nt06167 Human cytomegalovirus (HCMV),13,EGFR;PIK3CA;PIK3CB;PIK3CD;AKT1;AKT2;AKT3;CHUK;IKBKB;IKBKG;NFKBIA;NFKB1;RELA,H00368,
N00392,HCMV gB to EGFR-RAS-ERK signaling pathway,Pathogen,UL55 -> EGFR,nt06526 MAPK signaling; nt06167 Human cytomegalovirus (HCMV),1,EGFR,H00368,
N00393,ITGA/B-RhoGAP-RhoA signaling pathway,Reference,FN1 -> (ITGA+ITGB) -> SRC -> ARHGAP35 -| RHOA,nt06135 Cytoskeletal regulation (viruses and bacteria); nt06167 Human cytomegalovirus (HCMV),23,FN1;ITGA1;ITGA2;ITGA2B;ITGA3;ITGA4;ITGA5;ITGA7;ITGA8;ITGA9;ITGA10;ITGA11;ITGAV;ITGB1;ITGB3;ITGB4;ITGB5;ITGB6;ITGB7;ITGB8;SRC;ARHGAP35;RHOA,,
N00394,HCMV gH to ITGA/B-RhoA signaling pathway,Pathogen,UL75 -> (ITGAV+ITGB3) -> SRC -> RAC -| RHOA,nt06135 Cytoskeletal regulation (viruses and bacteria); nt06167 Human cytomegalovirus (HCMV),7,ITGAV;ITGB3;SRC;RAC1;RAC2;RAC3;RHOA,H00368,
N00395,cGAS-STING signaling pathway,Reference,"DNA -> CGAS -> cGAMP -> STING1 -> TBK1 -> IRF3 => (IFNA,IFNB)",nt06520 CGAS-STING signaling; nt06161 Human immunodeficiency virus type 1 (HIV-1); nt06168 Herpes simplex virus 1 (HSV-1); nt06167 Human cytomegalovirus (HCMV),18,CGAS;STING1;TBK1;IRF3;IFNA1;IFNA2;IFNA4;IFNA5;IFNA6;IFNA7;IFNA8;IFNA10;IFNA13;IFNA14;IFNA16;IFNA17;IFNA21;IFNB1,,
N00396,HCMV UL82 to cGAS-STING signaling pathway,Pathogen,UL82 -| STING1,nt06520 CGAS-STING signaling; nt06167 Human cytomegalovirus (HCMV),1,STING1,H00368,
N00397,HCMV UL26 to NFKB signaling pathway,Pathogen,UL26 -| IKK,nt06516 TNF signaling; nt06167 Human cytomegalovirus (HCMV),3,CHUK;IKBKB;IKBKG,H00368,
N00398,HCMV IE2-86 to TNF-NFKB signaling pathway,Pathogen,IE2-86 -| NFKB,nt06516 TNF signaling; nt06167 Human cytomegalovirus (HCMV),2,NFKB1;RELA,H00368,
N00399,CCR2-GNB/G-PI3K-NFKB signaling pathway,Reference,CCL2 -> CCR2 -> GNB/G -> PI3K -> PIP3 -> AKT -> IKK -> NFKBIA -> NFKB,nt06124 Chemokine signaling (viruses); nt06167 Human cytomegalovirus (HCMV),31,CCL2;CCR2;GNB1;GNB2;GNB3;GNB4;GNB5;GNG2;GNG3;GNG4;GNG5;GNG7;GNG8;GNG10;GNG11;GNG12;GNG13;GNGT1;GNGT2;PIK3CA;PIK3CB;PIK3CD;AKT1;AKT2;AKT3;CHUK;IKBKB;IKBKG;NFKBIA;NFKB1;RELA,,
N00400,HCMV US28 to GNB/G-PI3K-NFKB signaling pathway,Pathogen,"US28 -> GNB/G -> PI3K -> PIP3 -> AKT -> IKK -> NFKBIA -> NFKB => (IL6,CXCL8)",nt06124 Chemokine signaling (viruses); nt06167 Human cytomegalovirus (HCMV),31,GNB1;GNB2;GNB3;GNB4;GNB5;GNG2;GNG3;GNG4;GNG5;GNG7;GNG8;GNG10;GNG11;GNG12;GNG13;GNGT1;GNGT2;PIK3CA;PIK3CB;PIK3CD;AKT1;AKT2;AKT3;CHUK;IKBKB;IKBKG;NFKBIA;NFKB1;RELA;IL6;CXCL8,H00368,
N00401,CXCR4-GNAQ-PLCB/G-calcineurin signaling pathway,Reference,"CXCL12 -> CXCR4 -> GNAQ -> (PLCB,PLCG) -> IP3 -> Ca2+ -> CALM == CN -> NFAT",nt06124 Chemokine signaling (viruses); nt06161 Human immunodeficiency virus type 1 (HIV-1); nt06167 Human cytomegalovirus (HCMV),21,CXCL12;CXCR4;GNAQ;PLCB1;PLCB2;PLCB3;PLCB4;PLCG1;PLCG2;CALM1;CALM2;CALM3;PPP3CA;PPP3CB;PPP3CC;PPP3R1;PPP3R2;NFATC1;NFATC2;NFATC3;NFATC4,,
N00402,HCMV US28 to GNAQ-PLCB/G-calcineurin signaling pathway,Pathogen,"US28 -> GNAQ -> PLCB -> IP3 -> Ca2+ -> CALM == CN -> NFAT => (CXCL8,PTGS2)",nt06124 Chemokine signaling (viruses); nt06167 Human cytomegalovirus (HCMV),19,GNAQ;PLCB1;PLCB2;PLCB3;PLCB4;CALM1;CALM2;CALM3;PPP3CA;PPP3CB;PPP3CC;PPP3R1;PPP3R2;NFATC1;NFATC2;NFATC3;NFATC4;CXCL8;PTGS2,H00368,
N00403,CX3CR1-GNAI-AC-PKA signaling pathway,Reference,CX3CL1 -> CX3CR1 -> GNAI -| ADCY -> cAMP -> PKA,nt06124 Chemokine signaling (viruses); nt06167 Human cytomegalovirus (HCMV),17,CX3CL1;CX3CR1;GNAI1;GNAI2;GNAI3;ADCY1;ADCY2;ADCY3;ADCY4;ADCY5;ADCY6;ADCY7;ADCY8;ADCY9;PRKACA;PRKACB;PRKACG,,
N00404,HCMV US28 to GNAI-AC-PKA signaling pathway,Pathogen,"US28 -> (GNAI,GNAO) -| ADCY -> cAMP -> PKA",nt06124 Chemokine signaling (viruses); nt06167 Human cytomegalovirus (HCMV),16,GNAI1;GNAI2;GNAI3;GNAO1;ADCY1;ADCY2;ADCY3;ADCY4;ADCY5;ADCY6;ADCY7;ADCY8;ADCY9;PRKACA;PRKACB;PRKACG,H00368,
N00405,CXCR4-GNA12/13-Rho signaling pathway,Reference,"CXCL12 -> CXCR4 -> GNA12/13 -> (ARHGEF12,ARHGEF1) -> RHOA -> ROCK1/2",nt06124 Chemokine signaling (viruses); nt06167 Human cytomegalovirus (HCMV),9,CXCL12;CXCR4;GNA12;GNA13;ARHGEF12;ARHGEF1;RHOA;ROCK1;ROCK2,,
N00406,HCMV US28 to GNA12/13-Rho signaling pathway,Pathogen,"(CCL2,CCL3,CCL4,CCL5,CX3CL1) -> US28 -> GNA12/13 -> (ARHGEF12,ARHGEF1) -> RHOA -> ROCK1/2 -> CTNNB1",nt06124 Chemokine signaling (viruses); nt06167 Human cytomegalovirus (HCMV),13,CCL2;CCL3;CCL4;CCL5;CX3CL1;GNA12;GNA13;ARHGEF12;ARHGEF1;RHOA;ROCK1;ROCK2;CTNNB1,H00368,
N00407,HCMV UL33 to GNAQ-PLCB/G-calcineurin signaling pathway,Pathogen,"UL33 -> (GNAQ,GNA11) -> PLCB",nt06124 Chemokine signaling (viruses); nt06167 Human cytomegalovirus (HCMV),6,GNAQ;GNA11;PLCB1;PLCB2;PLCB3;PLCB4,H00368,
N00408,LPAR-GNB/G-Rho signaling pathway,Reference,LPA -> LPAR -> GNB/G -> RHOA,nt06124 Chemokine signaling (viruses); nt06167 Human cytomegalovirus (HCMV),23,LPAR1;LPAR2;LPAR3;LPAR4;LPAR5;GNB1;GNB2;GNB3;GNB4;GNB5;GNG2;GNG3;GNG4;GNG5;GNG7;GNG8;GNG10;GNG11;GNG12;GNG13;GNGT1;GNGT2;RHOA,,
N00409,HCMV UL33 to GNB/G-Rho signaling pathway,Pathogen,UL33 -> GNB/G -> RHOA -> MAP2K6 -> p38 -> CREB,nt06124 Chemokine signaling (viruses); nt06167 Human cytomegalovirus (HCMV),33,GNB1;GNB2;GNB3;GNB4;GNB5;GNG2;GNG3;GNG4;GNG5;GNG7;GNG8;GNG10;GNG11;GNG12;GNG13;GNGT1;GNGT2;RHOA;MAP2K6;MAPK11;MAPK12;MAPK13;MAPK14;CREB3;CREB1;ATF2;ATF6B;CREB3L4;ATF4;CREB3L2;CREB3L3;CREB3L1;CREB5,H00368,
N00410,DRD1-GNAS-AC-PKA signaling pathway,Reference,DA -> DRD1 -> GNAS -> ADCY5 -> cAMP -> PKA -> CREB,nt06124 Chemokine signaling (viruses); nt06167 Human cytomegalovirus (HCMV),16,DRD1;GNAS;ADCY5;PRKACA;PRKACB;PRKACG;CREB3;CREB1;ATF2;ATF6B;CREB3L4;ATF4;CREB3L2;CREB3L3;CREB3L1;CREB5,,
N00411,HCMV UL33 to GNAS-AC-PKA signaling pathway,Pathogen,UL33 -> GNAS -> ADCY -> cAMP -> PKA -> CREB,nt06124 Chemokine signaling (viruses); nt06167 Human cytomegalovirus (HCMV),23,GNAS;ADCY1;ADCY2;ADCY3;ADCY4;ADCY5;ADCY6;ADCY7;ADCY8;ADCY9;PRKACA;PRKACB;PRKACG;CREB3;CREB1;ATF2;ATF6B;CREB3L4;ATF4;CREB3L2;CREB3L3;CREB3L1;CREB5,H00368,
N00412,HCMV UL33 to GNAI-AC-PKA signaling pathway,Pathogen,"UL33 -> (GNAI,GNAO) -| ADCY -> cAMP -> PKA -> CREB",nt06124 Chemokine signaling (viruses); nt06167 Human cytomegalovirus (HCMV),26,GNAI1;GNAI2;GNAI3;GNAO1;ADCY1;ADCY2;ADCY3;ADCY4;ADCY5;ADCY6;ADCY7;ADCY8;ADCY9;PRKACA;PRKACB;PRKACG;CREB3;CREB1;ATF2;ATF6B;CREB3L4;ATF4;CREB3L2;CREB3L3;CREB3L1;CREB5,H00368,
N00413,CXCR4-GNB/G-PLCB-PKC signaling pathway,Reference,"CXCL12 -> CXCR4 -> GNB/G -> PLCB -> (Ca2+,DAG) -> PKC -> PTK2B -> (PTK2+BCAR1+CRK+PXN)",nt06124 Chemokine signaling (viruses); nt06167 Human cytomegalovirus (HCMV),31,CXCL12;CXCR4;GNB1;GNB2;GNB3;GNB4;GNB5;GNG2;GNG3;GNG4;GNG5;GNG7;GNG8;GNG10;GNG11;GNG12;GNG13;GNGT1;GNGT2;PLCB1;PLCB2;PLCB3;PLCB4;PRKCA;PRKCB;PRKCG;PTK2B;PTK2;BCAR1;CRK;PXN,,
N00414,HCMV US27 to CXCR4-GNB/G-PLCB-PKC signaling pathway,Pathogen,US27 -> Ca2+ -> PKC -> PTK2B -> (PTK2+BCAR1+CRK+PXN),nt06124 Chemokine signaling (viruses); nt06167 Human cytomegalovirus (HCMV),8,PRKCA;PRKCB;PRKCG;PTK2B;PTK2;BCAR1;CRK;PXN,H00368,
N00415,IL10 family to Jak-STAT signaling pathway,Reference,"(IL10,IL19,IL20,IL22,IL24,IL26) -> ((IL10RB+(IL10RA,IL20RA,IL22RA1)) -> (JAK1+TYK2) -> STAT3",nt06518 JAK-STAT signaling; nt06167 Human cytomegalovirus (HCMV),13,IL10;IL19;IL20;IL22;IL24;IL26;IL10RB;IL10RA;IL20RA;IL22RA1;JAK1;TYK2;STAT3,,
N00416,HCMV vIL10 to IL10-JAK-STAT signaling pathway,Pathogen,vIL10 -> IL10R -> JAK1 -> STAT3,nt06518 JAK-STAT signaling; nt06167 Human cytomegalovirus (HCMV),4,IL10RA;IL10RB;JAK1;STAT3,H00368,
N00417,HCMV US6 to antigen processing and presentation by MHC class I molecules,Pathogen,US6 -| TAP1/2,nt06129 MHC presentation (viruses); nt06167 Human cytomegalovirus (HCMV),2,TAP1;TAP2,H00368,
N00418,HCMV US2/11 to antigen processing and presentation by MHC class I molecules,Pathogen,"(US2,US11) -| MHCI",nt06129 MHC presentation (viruses); nt06167 Human cytomegalovirus (HCMV),6,HLA-A;HLA-B;HLA-C;HLA-E;HLA-F;HLA-G,H00368,
N00419,HCMV US3/10 to antigen processing and presentation by MHC class I molecules,Pathogen,"(US3,US10) -| MHCI",nt06129 MHC presentation (viruses); nt06167 Human cytomegalovirus (HCMV),6,HLA-A;HLA-B;HLA-C;HLA-E;HLA-F;HLA-G,H00368,
N00420,HCMV IE2-86 to p21-cell cycle G1/S,Pathogen,IE2-86 -| TP53,nt06130 Cell cycle (viruses); nt06167 Human cytomegalovirus (HCMV),1,TP53,H00368,
N00421,HCMV IE2-86 to p21-cell cycle G1/S,Pathogen,IE2-86 -| CDKN1A,nt06130 Cell cycle (viruses); nt06167 Human cytomegalovirus (HCMV),1,CDKN1A,H00368,
N00422,HCMV IE2-86 to cell cycle G1/S,Pathogen,IE2-86 -> RB1 // E2F,nt06130 Cell cycle (viruses); nt06167 Human cytomegalovirus (HCMV),4,RB1;E2F1;E2F2;E2F3,H00368,
N00423,HCMV IE1-72 to cell cycle G1/S,Pathogen,IE1-72 -> RB1 // E2F,nt06130 Cell cycle (viruses); nt06167 Human cytomegalovirus (HCMV),4,RB1;E2F1;E2F2;E2F3,H00368,
N00424,HCMV pp71 to cell cycle G1/S,Pathogen,UL82 -> RB1 // E2F,nt06130 Cell cycle (viruses); nt06167 Human cytomegalovirus (HCMV),4,RB1;E2F1;E2F2;E2F3,H00368,
N00425,HCMV UL36 to crosstalk between extrinsic and intrinsic apoptotic pathways,Pathogen,UL36 -| CASP8,nt06524 Apoptosis; nt06131 Apoptosis (viruses and bacteria); nt06167 Human cytomegalovirus (HCMV),1,CASP8,H00368,
N00426,HCMV UL37x1 to crosstalk between extrinsic and intrinsic apoptotic pathways,Pathogen,UL37x1 -| BAX,nt06524 Apoptosis; nt06131 Apoptosis (viruses and bacteria); nt06167 Human cytomegalovirus (HCMV),1,BAX,H00368,
N00427,HCMV vCXCL to CXCR-GNB/G-PI3K-AKT signaling pathway,Pathogen,vCXCL1 -> CXCR2,nt06124 Chemokine signaling (viruses); nt06167 Human cytomegalovirus (HCMV),1,CXCR2,H00368,
N00428,CCR5-GNB/G-PLCB/G-PKC signaling pathway,Reference,"CCL5 -> CCR5 -> GNB/G -> PLCB -> (Ca2+,DAG) -> PKC",nt06124 Chemokine signaling (viruses); nt06167 Human cytomegalovirus (HCMV),26,CCL5;CCR5;GNB1;GNB2;GNB3;GNB4;GNB5;GNG2;GNG3;GNG4;GNG5;GNG7;GNG8;GNG10;GNG11;GNG12;GNG13;GNGT1;GNGT2;PLCB1;PLCB2;PLCB3;PLCB4;PRKCA;PRKCB;PRKCG,,
N00429,HCMV UL22A to CCR5-GNB/G-PLCB/G-PKC signaling pathway,Pathogen,UL22A -| CCL5,nt06124 Chemokine signaling (viruses); nt06167 Human cytomegalovirus (HCMV),1,CCL5,H00368,
N00430,CXCR4-GNAI-PI3K-BAD signaling pathway,Reference,CXCL12 -> CXCR4 -> GNAI -> PI3K -> PIP3 -> AKT -| BAD,nt06124 Chemokine signaling (viruses); nt06161 Human immunodeficiency virus type 1 (HIV-1),12,CXCL12;CXCR4;GNAI1;GNAI2;GNAI3;PIK3CA;PIK3CB;PIK3CD;AKT1;AKT2;AKT3;BAD,,
N00431,HIV gp120 to CXCR4-GNAI-PI3K-BAD signaling pathway,Pathogen,"Env -> (CXCR4,CCR5) -> GNAI -> PI3K -> PIP3 -> AKT -| BAD",nt06124 Chemokine signaling (viruses); nt06161 Human immunodeficiency virus type 1 (HIV-1),12,CXCR4;CCR5;GNAI1;GNAI2;GNAI3;PIK3CA;PIK3CB;PIK3CD;AKT1;AKT2;AKT3;BAD,H01563,
N00432,HIV gp120 to CXCR4-GNAQ-PLCB/G-calcineurin,Pathogen,"Env -> (CXCR4,CCR5) -> GNAQ -> PLCG -> IP3 -> Ca2+ -> CALM == CN -> NFAT",nt06124 Chemokine signaling (viruses); nt06161 Human immunodeficiency virus type 1 (HIV-1),17,CXCR4;CCR5;GNAQ;PLCG1;PLCG2;CALM1;CALM2;CALM3;PPP3CA;PPP3CB;PPP3CC;PPP3R1;PPP3R2;NFATC1;NFATC2;NFATC3;NFATC4,H01563,
N00433,CXCR4-GNB/G-RAC signaling pathway,Reference,CXCL12 -> CXCR4 -> GNB/G -> RAC -> PAK1 -> LIMK1 -> CFL,nt06124 Chemokine signaling (viruses); nt06161 Human immunodeficiency virus type 1 (HIV-1),26,CXCL12;CXCR4;GNB1;GNB2;GNB3;GNB4;GNB5;GNG2;GNG3;GNG4;GNG5;GNG7;GNG8;GNG10;GNG11;GNG12;GNG13;GNGT1;GNGT2;RAC1;RAC2;RAC3;PAK1;LIMK1;CFL1;CFL2,,
N00434,HIV gp120 to CXCR4-GNB/G-RAC signaling pathway,Pathogen,"Env -> (CXCR4,CCR5) -> GNB/G -> RAC -> PAK1 -> LIMK1 -> CFL",nt06124 Chemokine signaling (viruses); nt06161 Human immunodeficiency virus type 1 (HIV-1),26,CXCR4;CCR5;GNB1;GNB2;GNB3;GNB4;GNB5;GNG2;GNG3;GNG4;GNG5;GNG7;GNG8;GNG10;GNG11;GNG12;GNG13;GNGT1;GNGT2;RAC1;RAC2;RAC3;PAK1;LIMK1;CFL1;CFL2,H01563,
N00435,TLR1/2/4-NFKB signaling pathway,Reference,"(TLR1,TLR2,TLR4) -> (TIRAP+MYD88) -> (IRAK4+IRAK1) -> (TRAF6+TAK1+TAB2) -> IKK -> NFKBIA -> NFKB => (TNF,IL6,IL12A,IL12B)",nt06517 TLR signaling; nt06263 Hepatocellular carcinoma; nt06161 Human immunodeficiency virus type 1 (HIV-1); nt06162 Hepatitis B virus (HBV); nt06169 Measles virus (MV); nt06168 Herpes simplex virus 1 (HSV-1); nt06165 Epstein-Barr virus (EBV),20,TLR1;TLR2;TLR4;TIRAP;MYD88;IRAK4;IRAK1;TRAF6;MAP3K7;TAB2;CHUK;IKBKB;IKBKG;NFKBIA;NFKB1;RELA;TNF;IL6;IL12A;IL12B,,
N00436,HIV Tat to TLR2/4-NFKB signaling pathway,Pathogen,"Tat -> NFKB => (TNF,IFNA,IFNB1)",nt06517 TLR signaling; nt06161 Human immunodeficiency virus type 1 (HIV-1),17,NFKB1;RELA;TNF;IFNA1;IFNA2;IFNA4;IFNA5;IFNA6;IFNA7;IFNA8;IFNA10;IFNA13;IFNA14;IFNA16;IFNA17;IFNA21;IFNB1,H01563,
N00437,HIV Vpu to TLR2/4-NFKB signaling pathway,Pathogen,Vpu -| NFKB,nt06161 Human immunodeficiency virus type 1 (HIV-1),2,NFKB1;RELA,H01563,
N00438,TLR2/4-MAPK signaling pathway,Reference,"(TLR2,TLR4) -> (TIRAP+MYD88) -> (IRAK4+IRAK1) -> (TRAF6+TAK1+TAB2) -> (MEK,MKK3/6,MKK4/7) -> (ERK,p38,JNK) -> AP1",nt06517 TLR signaling; nt06263 Hepatocellular carcinoma; nt06161 Human immunodeficiency virus type 1 (HIV-1); nt06162 Hepatitis B virus (HBV),26,TLR2;TLR4;TIRAP;MYD88;IRAK4;IRAK1;TRAF6;MAP3K7;TAB2;MAP2K1;MAP2K2;MAP2K3;MAP2K6;MAP2K4;MAP2K7;MAPK1;MAPK3;MAPK14;MAPK11;MAPK13;MAPK12;MAPK8;MAPK9;MAPK10;FOS;JUN,,
N00439,HIV Nef to TLR2/4-MAPK signaling pathway,Pathogen,Nef -| ERK,nt06517 TLR signaling; nt06161 Human immunodeficiency virus type 1 (HIV-1),2,MAPK1;MAPK3,H01563,
N00440,HIV Vpu/Vif/Vpr to cGAS-STING signaling pathway,Pathogen,"(Vpu,Vif,Vpr) -| IRF3",nt06520 CGAS-STING signaling; nt06161 Human immunodeficiency virus type 1 (HIV-1),1,IRF3,H01563,
N00441,HIV gp120 to TNF-NFKB signaling pathway,Pathogen,Env -> TNFRSF1A -> (RIPK1+TRADD+TRAF2/5) -> (TAB1/2/3+TAK1) -> IKK -> NFKBIA -> NFKB,nt06516 TNF signaling; nt06161 Human immunodeficiency virus type 1 (HIV-1),15,TNFRSF1A;RIPK1;TRADD;TRAF2;TRAF5;TAB1;TAB2;TAB3;MAP3K7;CHUK;IKBKB;IKBKG;NFKBIA;NFKB1;RELA,H01563,
N00442,HIV Nef to TNF-NFKB signaling pathway,Pathogen,Nef -> (RIPK1+TRADD+TRAF2/5) -> (TAB1/2/3+TAK1) -> IKK -> NFKBIA -> NFKB,nt06516 TNF signaling; nt06161 Human immunodeficiency virus type 1 (HIV-1),14,RIPK1;TRADD;TRAF2;TRAF5;TAB1;TAB2;TAB3;MAP3K7;CHUK;IKBKB;IKBKG;NFKBIA;NFKB1;RELA,H01563,
N00443,HIV Vpr/Nef/Tat to TNF-NFKB signaling pathway,Pathogen,"(Vpr,Nef,Tat) -> NFKB",nt06516 TNF signaling; nt06161 Human immunodeficiency virus type 1 (HIV-1),2,NFKB1;RELA,H01563,
N00444,TNF-p38 signaling pathway,Reference,TNF -> TNFRSF1A -> (RIPK1+TRADD+TRAF2/5) -> (TAK1+TAB1/2) -> MKK3/6 -> MAPK14 -> MSK1/2 -> CREB,nt06516 TNF signaling; nt06161 Human immunodeficiency virus type 1 (HIV-1),24,TNF;TNFRSF1A;RIPK1;TRADD;TRAF2;TRAF5;MAP3K7;TAB1;TAB2;MAP2K3;MAP2K6;MAPK14;RPS6KA4;RPS6KA5;CREB3;CREB1;ATF2;ATF6B;CREB3L4;ATF4;CREB3L2;CREB3L3;CREB3L1;CREB5,,
N00445,HIV Tat/Nef to TNF-p38 signaling pathway,Pathogen,"(Tat,Nef) -> MAPK14",nt06516 TNF signaling; nt06161 Human immunodeficiency virus type 1 (HIV-1),1,MAPK14,H01563,
N00446,TNF-JNK signaling pathway,Reference,TNF -> TNFRSF1A -> (RIPK1+TRADD+TRAF2/5) -> (TAK1+TAB1/2) -> MKK4/7 -> JNK -> AP1,nt06516 TNF signaling; nt06223 TNF signaling; nt06461 Huntington disease; nt06416 TNF signaling; nt06160 Human T-cell leukemia virus 1 (HTLV-1); nt06161 Human immunodeficiency virus type 1 (HIV-1),16,TNF;TNFRSF1A;RIPK1;TRADD;TRAF2;TRAF5;MAP3K7;TAB1;TAB2;MAP2K4;MAP2K7;MAPK8;MAPK9;MAPK10;FOS;JUN,,
N00447,HIV Vpr/Tat to TNF-JNK signaling pathway,Pathogen,"(Vpr,Tat) -> JNK -> AP1",nt06516 TNF signaling; nt06161 Human immunodeficiency virus type 1 (HIV-1),5,MAPK8;MAPK9;MAPK10;FOS;JUN,H01563,
N00448,HIV Tat/Nef to crosstalk between extrinsic and intrinsic apoptotic pathways,Pathogen,"(Tat,Nef) -> FASLG",nt06524 Apoptosis; nt06131 Apoptosis (viruses and bacteria); nt06161 Human immunodeficiency virus type 1 (HIV-1),1,FASLG,H01563,
N00449,HIV Tat/Nef to crosstalk between extrinsic and intrinsic apoptotic pathways,Pathogen,"(Tat,Nef) -> CASP8 -> BID -> (BAX,BAK1) -> CYCS == APAF1 -> CASP9 -> CASP3",nt06131 Apoptosis (viruses and bacteria); nt06161 Human immunodeficiency virus type 1 (HIV-1),8,CASP8;BID;BAX;BAK1;CYCS;APAF1;CASP9;CASP3,H01563,
N00450,HIV Tat to intrinsic apoptotic pathway,Pathogen,Tat -> BAX,nt06524 Apoptosis; nt06131 Apoptosis (viruses and bacteria); nt06161 Human immunodeficiency virus type 1 (HIV-1),1,BAX,H01563,
N00451,HIV Tat to intrinsic apoptotic pathway,Pathogen,"Tat -| (BCL2,BCL2L1)",nt06131 Apoptosis (viruses and bacteria); nt06161 Human immunodeficiency virus type 1 (HIV-1),2,BCL2;BCL2L1,H01563,
N00452,HIV Nef to intrinsic apoptotic pathway,Pathogen,Nef -| BAD,nt06524 Apoptosis; nt06131 Apoptosis (viruses and bacteria); nt06161 Human immunodeficiency virus type 1 (HIV-1),1,BAD,H01563,
N00453,HIV Vpr to intrinsic apoptotic pathway,Pathogen,Vpr -> BCL2,nt06524 Apoptosis; nt06131 Apoptosis (viruses and bacteria); nt06161 Human immunodeficiency virus type 1 (HIV-1),1,BCL2,H01563,
N00454,HIV Vpr to intrinsic apoptotic pathway,Pathogen,Vpr -| BAX,nt06131 Apoptosis (viruses and bacteria); nt06161 Human immunodeficiency virus type 1 (HIV-1),1,BAX,H01563,
N00455,CDC25-Cell cycle G2/M,Reference,"(ATM,ATR) -> CHEK1/2 -| CDC25B/C -> (CCNB+CDK1)",nt06130 Cell cycle (viruses); nt06161 Human immunodeficiency virus type 1 (HIV-1),10,ATM;ATR;CHEK1;CHEK2;CDC25B;CDC25C;CCNB1;CCNB2;CCNB3;CDK1,,
N00456,HIV Vpr to CDC25-cell cycle G2M,Pathogen,Vpr == (DCAF1+DDB1+CUL4) -> ATR -> CHEK1 -| CDC25C -> (CCNB+CDK1),nt06130 Cell cycle (viruses); nt06161 Human immunodeficiency virus type 1 (HIV-1),11,DCAF1;DDB1;CUL4A;CUL4B;ATR;CHEK1;CDC25C;CCNB1;CCNB2;CCNB3;CDK1,H01563,
N00457,HIV Vpr to cell cycle G2M,Pathogen,Vpr -| (CCNB+CDK1),nt06130 Cell cycle (viruses); nt06161 Human immunodeficiency virus type 1 (HIV-1),4,CCNB1;CCNB2;CCNB3;CDK1,H01563,
N00458,HIV Vpr to CDC25-cell cycle G2M,Pathogen,Vpr -| CDC25C,nt06130 Cell cycle (viruses); nt06161 Human immunodeficiency virus type 1 (HIV-1),1,CDC25C,H01563,
N00459,WEE1-Cell cycle G2/M,Reference,ATR -> CHEK1 -> WEE1 -| (CCNB+CDK1),nt06130 Cell cycle (viruses); nt06161 Human immunodeficiency virus type 1 (HIV-1),7,ATR;CHEK1;WEE1;CCNB1;CCNB2;CCNB3;CDK1,,
N00460,HIV Vpr to WEE1-cell cycle G2M,Pathogen,Vpr -> WEE1 -| (CCNB+CDK1),nt06130 Cell cycle (viruses); nt06161 Human immunodeficiency virus type 1 (HIV-1),5,WEE1;CCNB1;CCNB2;CCNB3;CDK1,H01563,
N00461,HIV Nef to antigen processing and presentation by MHC class I molecules,Pathogen,Nef -| MHCI,nt06129 MHC presentation (viruses); nt06161 Human immunodeficiency virus type 1 (HIV-1),6,HLA-A;HLA-B;HLA-C;HLA-E;HLA-F;HLA-G,H01563,
N00462,KSHV vCCL1/2/3 to CCR signaling pathway,Pathogen,"(vCCL1,vCCL2,vCCL3) -> (CCR3,CCR4,CCR8)",nt06124 Chemokine signaling (viruses); nt06164 Kaposi sarcoma-associated herpesvirus (KSHV),3,CCR3;CCR4;CCR8,H00041,
N00465,Deleted DMD to dystrophin-associated protein complex,Variant,"(DAG1+(SNTA1,SNTB1,SNTB2,SNTG1,SNTG2)+DTNA) // DMD* // (ACTB,ACTG1)",,10,DAG1;SNTA1;SNTB1;SNTB2;SNTG1;SNTG2;DTNA;DMD;ACTB;ACTG1,H01963,1756v1
N00466,EBV BPLF1 to TLR2/4-NFKB signaling pathway,Pathogen,"BPLF1 -| (TRAF6+TAK1+(TAB1,TAB2))",nt06517 TLR signaling; nt06165 Epstein-Barr virus (EBV),4,TRAF6;MAP3K7;TAB1;TAB2,H00008;H00007;H00054,
N00467,EBV BPLF1 to TLR2/4-NFKB signaling pathway,Pathogen,BPLF1 -| IKK,nt06165 Epstein-Barr virus (EBV),3,CHUK;IKBKB;IKBKG,H00008;H00007;H00054,
N00468,EBV BPLF1 to TLR2/4-NFKB signaling pathway,Pathogen,BPLF1 -| NFKBIA,nt06165 Epstein-Barr virus (EBV),1,NFKBIA,H00008;H00007;H00054,
N00469,RIG-I-IRF7/3 signaling pathway,Reference,"RNA -> RIGI -> MAVS -> TRAF3 -> (TANK+NAP1+SINTBAD) -> (TBK1+IKBKE) -> (IRF7,IRF3) => (IFNA,IFNB1)",nt06519 RLR signaling; nt06263 Hepatocellular carcinoma; nt06162 Hepatitis B virus (HBV); nt06163 Hepatitis C virus (HCV); nt06171 Severe acute respiratory syndrome coronavirus 2 (SARS-CoV-2); nt06170 Influenza A virus (IAV); nt06169 Measles virus (MV); nt06168 Herpes simplex virus 1 (HSV-1); nt06165 Epstein-Barr virus (EBV),24,RIGI;MAVS;TRAF3;TANK;AZI2;TBKBP1;TBK1;IKBKE;IRF7;IRF3;IFNA1;IFNA2;IFNA4;IFNA5;IFNA6;IFNA7;IFNA8;IFNA10;IFNA13;IFNA14;IFNA16;IFNA17;IFNA21;IFNB1,,
N00470,EBV BGLF4 to RIG-I-like receptor signaling pathway,Pathogen,BGLF4 -| IRF3,nt06519 RLR signaling; nt06165 Epstein-Barr virus (EBV),1,IRF3,H00008;H00007;H00054,
N00471,EBV LMP2A/2B to IFN signaling pathway,Pathogen,"(LMP2A,LMP2B) -| (IFNAR1+IFNAR2)",nt06122 IFN signaling (viruses); nt06165 Epstein-Barr virus (EBV),2,IFNAR1;IFNAR2,H00008;H00007;H00054,
N00472,EBV LMP1 to IFN signaling pathway,Pathogen,LMP1 -| TYK2,nt06122 IFN signaling (viruses); nt06165 Epstein-Barr virus (EBV),1,TYK2,H00008;H00007;H00054,
N00473,EBV BGLF4 to IFN signaling pathway,Pathogen,BGLF4 -| (STAT1+STAT2+IRF9),nt06122 IFN signaling (viruses); nt06165 Epstein-Barr virus (EBV),3,STAT1;STAT2;IRF9,H00008;H00007;H00054,
N00474,EBV BHRF1 to intrinsic apoptotic pathway,Pathogen,BHRF1 -| BCL2L11,nt06131 Apoptosis (viruses and bacteria); nt06165 Epstein-Barr virus (EBV),1,BCL2L11,H00008;H00007;H00054,
N00475,EBV BHRF1 to intrinsic apoptotic pathway,Pathogen,BHRF1 -> BCL2,nt06524 Apoptosis; nt06131 Apoptosis (viruses and bacteria); nt06165 Epstein-Barr virus (EBV),1,BCL2,H00008;H00007;H00054,
N00476,EBV BHRF1 to intrinsic apoptotic pathway,Pathogen,BHRF1 -| BAK1,nt06131 Apoptosis (viruses and bacteria); nt06165 Epstein-Barr virus (EBV),1,BAK1,H00008;H00007;H00054,
N00477,EBV BHRF1 to crosstalk between extrinsic and intrinsic apoptotic pathways,Pathogen,BHRF1 -| BID,nt06524 Apoptosis; nt06131 Apoptosis (viruses and bacteria); nt06165 Epstein-Barr virus (EBV),1,BID,H00008;H00007;H00054,
N00478,EBV BARF1 to intrinsic apoptotic pathway,Pathogen,"BARF1 -> BCL2 -| (BAX,BAK1) -> CYCS == APAF1 -> CASP9 -> CASP3",nt06131 Apoptosis (viruses and bacteria); nt06165 Epstein-Barr virus (EBV),7,BCL2;BAX;BAK1;CYCS;APAF1;CASP9;CASP3,H00008;H00007;H00054,
N00479,EBV BNLF2a to antigen processing and presentation by MHC class I molecules,Pathogen,BNLF2A -| TAP1/2,nt06129 MHC presentation (viruses); nt06165 Epstein-Barr virus (EBV),2,TAP1;TAP2,H00008;H00007;H00054,
N00480,EBV BILF1 to antigen processing and presentation by MHC class I molecules,Pathogen,BILF1 -| MHCI,nt06129 MHC presentation (viruses); nt06165 Epstein-Barr virus (EBV),6,HLA-A;HLA-B;HLA-C;HLA-E;HLA-F;HLA-G,H00008;H00007;H00054,
N00481,EBV BZLF1 to p53-mediated transcription,Pathogen,"BZLF1 -| TP53 => (CDKN1A,GADD45,BAX,BAK1,DDB2,POLK)",nt06140 Transcription (viruses); nt06165 Epstein-Barr virus (EBV),9,TP53;CDKN1A;GADD45A;GADD45B;GADD45G;BAX;BAK1;DDB2;POLK,H00008;H00007;H00054,
N00482,EBV EBNA3C to p27-Cell cycle G1/S,Pathogen,"EBNA3C -> ((CCNA,CCNE)+CDK2) -> RB1 // E2F",nt06130 Cell cycle (viruses); nt06165 Epstein-Barr virus (EBV),9,CCNA2;CCNA1;CCNE1;CCNE2;CDK2;RB1;E2F1;E2F2;E2F3,H00008;H00007;H00054,
N00483,EBV EBNA3C to cell cycle G1/S,Pathogen,EBNA3C -> (CCND+CDK4/6) -> RB1 // E2F,nt06130 Cell cycle (viruses); nt06165 Epstein-Barr virus (EBV),9,CCND1;CCND2;CCND3;CDK4;CDK6;RB1;E2F1;E2F2;E2F3,H00008;H00007;H00054,
N00484,EBV EBNA3C to cell cycle G1/S,Pathogen,EBNA3C -> SKP2 -> RB1 // E2F,nt06130 Cell cycle (viruses); nt06165 Epstein-Barr virus (EBV),5,SKP2;RB1;E2F1;E2F2;E2F3,H00008;H00007;H00054,
N00485,EBV LMP1 to PI3K signaling pathway,Pathogen,"LMP1 -> (TRAF3,TRAF5) -> PI3K -> PIP3 -> AKT",nt06114 PI3K signaling (viruses); nt06165 Epstein-Barr virus (EBV),8,TRAF3;TRAF5;PIK3CA;PIK3CB;PIK3CD;AKT1;AKT2;AKT3,H00008;H00007;H00054,
N00486,EBV LMP1 to Jak-STAT signaling pathway,Pathogen,LMP1 -> JAK3 -> (STAT3+STAT1),nt06518 JAK-STAT signaling; nt06165 Epstein-Barr virus (EBV),3,JAK3;STAT3;STAT1,H00008;H00007;H00054,
N00487,BCR-PLCG-Calcineurin signaling pathway,Reference,"IGH -> (LYN,SYK) -> (BTK,BLNK) -> PLCG2 -> IP3 -> Ca2+ -> CALM == CN -> NFAT",nt06120 Calcium signaling (viruses and bacteria); nt06220 Calcium signaling; nt06160 Human T-cell leukemia virus 1 (HTLV-1); nt06165 Epstein-Barr virus (EBV),18,IGH;LYN;SYK;BTK;BLNK;PLCG2;CALM1;CALM2;CALM3;PPP3CA;PPP3CB;PPP3CC;PPP3R1;PPP3R2;NFATC1;NFATC2;NFATC3;NFATC4,,
N00488,EBV LMP2A to BCR signaling pathway,Pathogen,"LMP2A == NEDD4 -| (LYN,SYK)",nt06120 Calcium signaling (viruses and bacteria); nt06165 Epstein-Barr virus (EBV),3,NEDD4;LYN;SYK,H00008;H00007;H00054,
N00489,HTLV-1 p30II to c-myc-mediated transcription,Pathogen,P30II -> (MYC+TRRAP+KAT5) => CCND2,nt06160 Human T-cell leukemia virus 1 (HTLV-1),4,MYC;TRRAP;KAT5;CCND2,H00009,
N00490,HTLV-1 p12 to calcineurin signaling pathway,Pathogen,"P12 == (CALR,CANX) -> Ca2+ -> CALM == CN -> NFAT => IL2",nt06120 Calcium signaling (viruses and bacteria); nt06220 Calcium signaling; nt06160 Human T-cell leukemia virus 1 (HTLV-1),15,CALR;CANX;CALM1;CALM2;CALM3;PPP3CA;PPP3CB;PPP3CC;PPP3R1;PPP3R2;NFATC1;NFATC2;NFATC3;NFATC4;IL2,H00009,
N00491,HTLV-1 p12 to Jak-STAT signaling pathway,Pathogen,P12 -> IL2RB/G -> JAK1/3 -> STAT5 => IL2,nt06518 JAK-STAT signaling; nt06219 JAK-STAT signaling; nt06160 Human T-cell leukemia virus 1 (HTLV-1),7,IL2RB;IL2RG;JAK1;JAK3;STAT5A;STAT5B;IL2,H00009,
N00492,HTLV-1 p12 to antigen processing and presentation by MHC class I molecules,Pathogen,P12 -| (MHCI+B2M),nt06129 MHC presentation (viruses); nt06229 MHC presentation; nt06160 Human T-cell leukemia virus 1 (HTLV-1),7,HLA-A;HLA-B;HLA-C;HLA-E;HLA-F;HLA-G;B2M,H00009,
N00493,Spindle assembly checkpoint signaling,Reference,MAD1L1 -> (MAD2L1/2+BUB1B+BUB3) -| (ANAPC+CDC20) -| PTTG -| ESPL1,nt06130 Cell cycle (viruses); nt06230 Cell cycle; nt06160 Human T-cell leukemia virus 1 (HTLV-1),21,MAD1L1;MAD2L1;MAD2L2;BUB1B;BUB3;ANAPC1;ANAPC2;CDC27;ANAPC4;ANAPC5;CDC16;ANAPC7;ANAPC10;ANAPC11;CDC26;ANAPC13;CDC23;CDC20;PTTG1;PTTG2;ESPL1,,
N00494,HTLV-1 Tax to p16-cell cycle G1/S,Pathogen,TAX -| CDKN2A,nt06130 Cell cycle (viruses); nt06230 Cell cycle; nt06160 Human T-cell leukemia virus 1 (HTLV-1),1,CDKN2A,H00009,
N00495,HTLV-1 Tax to p15-cell cycle G1/S,Pathogen,TAX -| CDKN2B,nt06130 Cell cycle (viruses); nt06230 Cell cycle; nt06160 Human T-cell leukemia virus 1 (HTLV-1),1,CDKN2B,H00009,
N00497,HTLV-1 Tax to p21-cell cycle G1/S,Pathogen,TAX -| TP53 => CDKN1A -| (CDK2+CCNE) -> RB1 // E2F,nt06160 Human T-cell leukemia virus 1 (HTLV-1),9,TP53;CDKN1A;CDK2;CCNE1;CCNE2;RB1;E2F1;E2F2;E2F3,H00009,
N00498,HTLV-1 Tax to p21-cell cycle G1/S,Pathogen,TAX -| CDKN1A -| (CDK2+CCNE) -> RB1 // E2F,nt06160 Human T-cell leukemia virus 1 (HTLV-1),8,CDKN1A;CDK2;CCNE1;CCNE2;RB1;E2F1;E2F2;E2F3,H00009,
N00499,ATR-p21-Cell cycle G2/M,Reference,"(ATM,ATR) -> CHEK1 -> TP53 => CDKN1A -| (CDK1+CCNB)",nt06130 Cell cycle (viruses); nt06230 Cell cycle; nt06160 Human T-cell leukemia virus 1 (HTLV-1),9,ATM;ATR;CHEK1;TP53;CDKN1A;CDK1;CCNB1;CCNB2;CCNB3,,
N00500,HTLV-1 Tax to p21-cell cycle G2/M,Pathogen,TAX -| CHEK1,nt06130 Cell cycle (viruses); nt06230 Cell cycle; nt06160 Human T-cell leukemia virus 1 (HTLV-1),1,CHEK1,H00009,
N00501,HTLV-1 Tax to EGFR-PI3K-NFKB signaling pathway,Pathogen,TAX -> PI3K -> PIP3 -> AKT -> IKK -> NFKBIA -> NFKB,nt06114 PI3K signaling (viruses); nt06214 PI3K signaling; nt06160 Human T-cell leukemia virus 1 (HTLV-1),12,PIK3CA;PIK3CB;PIK3CD;AKT1;AKT2;AKT3;CHUK;IKBKB;IKBKG;NFKBIA;NFKB1;RELA,H00009,
N00502,HTLV-1 Tax to PTEN-PIP3-AKT signaling pathway,Pathogen,TAX -| DLG1 -> PTEN,nt06114 PI3K signaling (viruses); nt06214 PI3K signaling; nt06160 Human T-cell leukemia virus 1 (HTLV-1),2,DLG1;PTEN,H00009,
N00503,HTLV-1 Tax to TNF-JNK signaling pathway,Pathogen,"TAX -> (MAPK8,MAPK9,MAPK10) -> JUN => MMP7",nt06516 TNF signaling; nt06223 TNF signaling; nt06160 Human T-cell leukemia virus 1 (HTLV-1),5,MAPK8;MAPK9;MAPK10;JUN;MMP7,H00009,
N00504,HTLV-1 Tax to NFKB signaling pathway,Pathogen,TAX -> IKK -> NFKBIA -> NFKB,nt06516 TNF signaling; nt06223 TNF signaling; nt06160 Human T-cell leukemia virus 1 (HTLV-1),6,CHUK;IKBKB;IKBKG;NFKBIA;NFKB1;RELA,H00009,
N00505,CD40-NFKB signaling pathway,Reference,CD40LG -> CD40 -> (TRAF2+TRAF3) -> NIK -> IKKA -> (NFKB2+RELB),nt06516 TNF signaling; nt06223 TNF signaling; nt06160 Human T-cell leukemia virus 1 (HTLV-1),8,CD40LG;CD40;TRAF2;TRAF3;MAP3K14;CHUK;NFKB2;RELB,,
N00506,HTLV-1 Tax to CD40-NFKB signaling pathway,Pathogen,TAX == IKBKG -> IKKA -> (NFKB2+RELB),nt06516 TNF signaling; nt06223 TNF signaling; nt06160 Human T-cell leukemia virus 1 (HTLV-1),4,IKBKG;CHUK;NFKB2;RELB,H00009,
N00507,HTLV-1 Tax to TGF-beta signaling pathway,Pathogen,"TAX -| (SMAD2,SMAD3)",nt06507 TGFB signaling; nt06218 TGFB signaling; nt06160 Human T-cell leukemia virus 1 (HTLV-1),2,SMAD2;SMAD3,H00009,
N00508,HTLV-1 Tax to NFY-mediated transcription,Pathogen,TAX -> NFYB => MHCII,nt06140 Transcription (viruses); nt06160 Human T-cell leukemia virus 1 (HTLV-1),15,NFYB;HLA-DMA;HLA-DMB;HLA-DOA;HLA-DOB;HLA-DPA1;HLA-DPB1;HLA-DQA1;HLA-DQA2;HLA-DQB1;HLA-DRA;HLA-DRB1;HLA-DRB3;HLA-DRB4;HLA-DRB5,H00009,
N00509,HTLV-1 Tax to SRF-mediated transcription,Pathogen,"TAX -> SRF => (FOS,FOSL1,EGR1,EGR2)",nt06140 Transcription (viruses); nt06160 Human T-cell leukemia virus 1 (HTLV-1),5,SRF;FOS;FOSL1;EGR1;EGR2,H00009,
N00510,HTLV-1 Tax to CREB-mediated transcription,Pathogen,TAX -> CREB3 => CCND1,nt06140 Transcription (viruses); nt06160 Human T-cell leukemia virus 1 (HTLV-1),2,CREB3;CCND1,H00009,
N00511,HTLV-1 Tax to E47-mediated transcription,Pathogen,"TAX -| E47 => (POLB,LCK,BAX,CDKN2C)",nt06140 Transcription (viruses); nt06160 Human T-cell leukemia virus 1 (HTLV-1),5,TCF3;POLB;LCK;BAX;CDKN2C,H00009,
N00512,HTLV-1 Tax to c-myc-mediated transcription,Pathogen,TAX -| MYC => TERT,nt06140 Transcription (viruses); nt06160 Human T-cell leukemia virus 1 (HTLV-1),2,MYC;TERT,H00009,
N00513,Mutation-activated EGFR to RAS-ERK signaling pathway,Variant,EGFR* -> GRB2 -> SOS -> RAS -> RAF -> MEK -> ERK -> CCND1,nt06273 Glioma; nt06210 ERK signaling,15,EGFR;GRB2;SOS1;SOS2;HRAS;KRAS;NRAS;ARAF;BRAF;RAF1;MAP2K1;MAP2K2;MAPK1;MAPK3;CCND1,H00042,1956v5
N00514,Mutation-activated EGFR to PI3K signaling pathway,Variant,EGFR* -> PI3K -> PIP3 -> AKT -| BAD,nt06273 Glioma; nt06214 PI3K signaling,8,EGFR;PIK3CA;PIK3CB;PIK3CD;AKT1;AKT2;AKT3;BAD,H00042,1956v5
N00515,Oligoadenylate synthetase (OAS)/RNase L pathway,Reference,OAS -> 2-5A -> RNASEL,nt06137 OAS/RNase L pathway (viruses); nt06263 Hepatocellular carcinoma; nt06163 Hepatitis C virus (HCV); nt06170 Influenza A virus (IAV); nt06168 Herpes simplex virus 1 (HSV-1),4,OAS1;OAS2;OAS3;RNASEL,,
N00516,HCV NS3/4A to TLR3-IRF3 signaling pathway,Pathogen,"(NS3,NS4A) -| TICAM1",nt06517 TLR signaling; nt06263 Hepatocellular carcinoma; nt06163 Hepatitis C virus (HCV),1,TICAM1,H00048,
N00517,HCV NS3/4A to TLR3-IRF3 signaling pathway,Pathogen,"(NS3,NS4A) -| IRF3",nt06163 Hepatitis C virus (HCV),1,IRF3,H00048,
N00518,HCV Core to ERK signaling pathway,Pathogen,Core -| YWHA -| RAF -> MEK -> ERK,nt06263 Hepatocellular carcinoma; nt06163 Hepatitis C virus (HCV),13,YWHAQ;YWHAB;YWHAE;YWHAG;YWHAH;YWHAZ;ARAF;BRAF;RAF1;MAP2K1;MAP2K2;MAPK1;MAPK3,H00048,
N00519,HCV Core to ERK signaling pathway,Pathogen,Core -> MEK,nt06526 MAPK signaling; nt06263 Hepatocellular carcinoma; nt06163 Hepatitis C virus (HCV),2,MAP2K1;MAP2K2,H00048,
N00520,HCV NS5A to p21-cell cycle G1/S,Pathogen,NS5A -| TP53,nt06130 Cell cycle (viruses); nt06263 Hepatocellular carcinoma; nt06163 Hepatitis C virus (HCV),1,TP53,H00048,
N00521,HCV Core to p21-cell cycle G1/S,Pathogen,Core -| TP53,nt06130 Cell cycle (viruses); nt06263 Hepatocellular carcinoma; nt06163 Hepatitis C virus (HCV),1,TP53,H00048,
N00522,HCV NS3 to p21-cell cycle G1/S,Pathogen,NS3 -| TP53,nt06130 Cell cycle (viruses); nt06263 Hepatocellular carcinoma; nt06163 Hepatitis C virus (HCV),1,TP53,H00048,
N00523,HCV Core to p21-cell cycle G1/S,Pathogen,Core -| CDKN1A,nt06130 Cell cycle (viruses); nt06263 Hepatocellular carcinoma; nt06163 Hepatitis C virus (HCV),1,CDKN1A,H00048,
N00524,HCV NS5A to extrinsic apoptotic pathway,Pathogen,NS5A -| TRADD,nt06524 Apoptosis; nt06131 Apoptosis (viruses and bacteria); nt06263 Hepatocellular carcinoma; nt06163 Hepatitis C virus (HCV),1,TRADD,H00048,
N00525,HCV NS5A to TNF-NFKB signaling pathway,Pathogen,NS5A -| (TRADD+TRAF2),nt06516 TNF signaling; nt06263 Hepatocellular carcinoma; nt06163 Hepatitis C virus (HCV),2,TRADD;TRAF2,H00048,
N00526,HCV NS3 to crosstalk between extrinsic and intrinsic apoptotic pathways,Pathogen,NS3 -> CASP8,nt06524 Apoptosis; nt06131 Apoptosis (viruses and bacteria); nt06263 Hepatocellular carcinoma; nt06163 Hepatitis C virus (HCV),1,CASP8,H00048,
N00527,HCV Core to crosstalk between extrinsic and intrinsic apoptotic pathways,Pathogen,Core -> FAS,nt06524 Apoptosis; nt06131 Apoptosis (viruses and bacteria); nt06263 Hepatocellular carcinoma; nt06163 Hepatitis C virus (HCV),1,FAS,H00048,
N00528,HCV core to extrinsic apoptotic pathway,Pathogen,Core -> CFLAR -| CASP8,nt06524 Apoptosis; nt06131 Apoptosis (viruses and bacteria); nt06263 Hepatocellular carcinoma; nt06163 Hepatitis C virus (HCV),2,CFLAR;CASP8,H00048,
N00529,HCV core to RXRA/PPARA-mediated transcription,Pathogen,"Core -> (RXRA+PPARA) => (CCND1,CDK4,MYC)",nt06140 Transcription (viruses); nt06263 Hepatocellular carcinoma; nt06163 Hepatitis C virus (HCV),5,RXRA;PPARA;CCND1;CDK4;MYC,H00048,
N00530,HCV core to RXRA/LXRA-mediated transcription,Pathogen,"(Core+PSME3) -> (RXRA+NR1H3) => (CCND1,CDK4,MYC)",nt06140 Transcription (viruses); nt06263 Hepatocellular carcinoma; nt06163 Hepatitis C virus (HCV),6,PSME3;RXRA;NR1H3;CCND1;CDK4;MYC,H00048,
N00531,HBV HBx to TGF-beta signaling pathway,Pathogen,"X -> TGFB -> (TGFBR2+TGFBR1) -> (SMAD2,SMAD3) == SMAD4",nt06507 TGFB signaling; nt06263 Hepatocellular carcinoma; nt06162 Hepatitis B virus (HBV),8,TGFB1;TGFB2;TGFB3;TGFBR2;TGFBR1;SMAD2;SMAD3;SMAD4,H00048,
N00532,HBV HBx to Egr-mediated transcription,Pathogen,"X -> (EGR2,EGR3) == EP300 => FASLG",nt06140 Transcription (viruses); nt06263 Hepatocellular carcinoma; nt06162 Hepatitis B virus (HBV),4,EGR2;EGR3;EP300;FASLG,H00048,
N00533,HBV HBx to Crosstalk between extrinsic and intrinsic apoptotic pathways,Pathogen,X -> BIRC5 -| CASP9,nt06131 Apoptosis (viruses and bacteria); nt06263 Hepatocellular carcinoma; nt06162 Hepatitis B virus (HBV),2,BIRC5;CASP9,H00048,
N00534,HBV HBx to Crosstalk between extrinsic and intrinsic apoptotic pathways,Pathogen,X -> BAX,nt06524 Apoptosis; nt06131 Apoptosis (viruses and bacteria); nt06263 Hepatocellular carcinoma; nt06162 Hepatitis B virus (HBV),1,BAX,H00048,
N00535,HBV HBx to p53-mediated transcription,Pathogen,"X -| TP53 => (CDKN1A,BAX,FAS)",nt06140 Transcription (viruses); nt06263 Hepatocellular carcinoma; nt06162 Hepatitis B virus (HBV),4,TP53;CDKN1A;BAX;FAS,H00048,
N00536,MDM2-p21-Cell cycle G1/S,Reference,CDKN2A -| MDM2 -| TP53 => CDKN1A -| (CCNE+CDK2) -> RB1 // E2F,nt06130 Cell cycle (viruses); nt06263 Hepatocellular carcinoma; nt06162 Hepatitis B virus (HBV),11,CDKN2A;MDM2;TP53;CDKN1A;CCNE1;CCNE2;CDK2;RB1;E2F1;E2F2;E2F3,,
N00537,HBV HBx to cell cycle G1/S,Pathogen,X -> (CCNE+CDK2) -> RB1 // E2F,nt06130 Cell cycle (viruses); nt06263 Hepatocellular carcinoma; nt06162 Hepatitis B virus (HBV),7,CCNE1;CCNE2;CDK2;RB1;E2F1;E2F2;E2F3,H00048,
N00538,Ca2+-PYK2-RAS-ERK signaling pathway,Reference,Ca2+ -> PTK2B -> SRC -> GRB2 -> SOS -> RAS -> RAF -> MEK -> ERK,nt06526 MAPK signaling; nt06263 Hepatocellular carcinoma; nt06162 Hepatitis B virus (HBV),15,PTK2B;SRC;GRB2;SOS1;SOS2;HRAS;KRAS;NRAS;ARAF;BRAF;RAF1;MAP2K1;MAP2K2;MAPK1;MAPK3,,
N00539,HBV HBx to Ca2+-PYK2-RAS-ERK signaling pathway,Pathogen,X -> VDAC3 -> Ca2+,nt06526 MAPK signaling; nt06263 Hepatocellular carcinoma; nt06162 Hepatitis B virus (HBV),1,VDAC3,H00048,
N00540,HBV HBx to RAS-ERK signaling pathway,Pathogen,X -> SRC -> GRB2 -> SOS -> RAS -> RAF -> MEK -> ERK -> ELK1,nt06263 Hepatocellular carcinoma; nt06162 Hepatitis B virus (HBV),15,SRC;GRB2;SOS1;SOS2;HRAS;KRAS;NRAS;ARAF;BRAF;RAF1;MAP2K1;MAP2K2;MAPK1;MAPK3;ELK1,H00048,
N00541,HBV HBx to RAS-ERK signaling pathway,Pathogen,X -> RAS,nt06526 MAPK signaling; nt06263 Hepatocellular carcinoma; nt06162 Hepatitis B virus (HBV),3,HRAS;KRAS;NRAS,H00048,
N00542,EGF-EGFR-RAS-JNK signaling pathway,Reference,EGF -> EGFR -> GRB2 -> SOS -> RAS -> MEKK1 -> MKK4 -> JNK,nt06526 MAPK signaling; nt06263 Hepatocellular carcinoma; nt06162 Hepatitis B virus (HBV),13,EGF;EGFR;GRB2;SOS1;SOS2;HRAS;KRAS;NRAS;MAP3K1;MAP2K4;MAPK8;MAPK9;MAPK10,,
N00543,HBV HBx to JNK signaling pathway,Pathogen,X -> JNK -> JUN,nt06526 MAPK signaling; nt06263 Hepatocellular carcinoma; nt06162 Hepatitis B virus (HBV),4,MAPK8;MAPK9;MAPK10;JUN,H00048,
N00544,HBV HBx to CREB-mediated transcription,Pathogen,"X -> CREBBP == (CREB+ATF2) => (CXCL8,PCNA)",nt06140 Transcription (viruses); nt06263 Hepatocellular carcinoma; nt06162 Hepatitis B virus (HBV),13,CREBBP;CREB3;CREB1;ATF2;ATF6B;CREB3L4;ATF4;CREB3L2;CREB3L3;CREB3L1;CREB5;CXCL8;PCNA,H00048,
N00545,HBV HBx to ERK signaling pathway,Pathogen,X -> ERK -> AP1 => MMP9,nt06263 Hepatocellular carcinoma; nt06162 Hepatitis B virus (HBV),5,MAPK1;MAPK3;FOS;JUN;MMP9,H00048,
N00546,CXCL12-CXCR4-PKC-ERK signaling pathaway,Reference,"CXCL12 -> CXCR4 -> GNAQ -> (PLCB,PLCG) -> IP3 -> Ca2+ -> PKC -> RAF -> MEK -> ERK",nt06124 Chemokine signaling (viruses); nt06263 Hepatocellular carcinoma; nt06162 Hepatitis B virus (HBV),19,CXCL12;CXCR4;GNAQ;PLCB1;PLCB2;PLCB3;PLCB4;PLCG1;PLCG2;PRKCA;PRKCB;PRKCG;ARAF;BRAF;RAF1;MAP2K1;MAP2K2;MAPK1;MAPK3,,
N00547,HBV LHBs to PKC-ERK signaling pathway,Pathogen,S -> PKC -> RAF -> MEK -> ERK -> AP1,nt06124 Chemokine signaling (viruses); nt06263 Hepatocellular carcinoma; nt06162 Hepatitis B virus (HBV),12,PRKCA;PRKCB;PRKCG;ARAF;BRAF;RAF1;MAP2K1;MAP2K2;MAPK1;MAPK3;FOS;JUN,H00048,
N00548,HBV HBx to Jak-STAT signaling pathway,Pathogen,X -> STAT3,nt06518 JAK-STAT signaling; nt06263 Hepatocellular carcinoma; nt06162 Hepatitis B virus (HBV),1,STAT3,H00048,
N00549,HBV HBeAg to TLR2/4-NFKB signaling pathway,Pathogen,C -| MYD88,nt06263 Hepatocellular carcinoma; nt06162 Hepatitis B virus (HBV),1,MYD88,H00048,
N00550,HBV HBeAg to TLR2/4-NFKB signaling pathway,Pathogen,C -| NFKB,nt06263 Hepatocellular carcinoma; nt06162 Hepatitis B virus (HBV),2,NFKB1;RELA,H00048,
N00551,HBV HBs to TLR2/4-MAPK signaling pathway,Pathogen,S -| JNK,nt06517 TLR signaling; nt06263 Hepatocellular carcinoma; nt06162 Hepatitis B virus (HBV),3,MAPK8;MAPK9;MAPK10,H00048,
N00552,HBV pol to TLR3-IRF3 signaling pathway,Pathogen,P -| DDX3X == (IKBKE+TBK1),nt06517 TLR signaling; nt06263 Hepatocellular carcinoma; nt06162 Hepatitis B virus (HBV),3,DDX3X;IKBKE;TBK1,H00048,
N00553,TLR4-IRF3/7 signaling pathway,Reference,"TLR4 -> TICAM2 -> TICAM1 -> TRAF3 -> (IKBKE+TBK1) -> (IRF3,IRF7) => IFNB1",nt06517 TLR signaling; nt06263 Hepatocellular carcinoma; nt06162 Hepatitis B virus (HBV),9,TLR4;TICAM2;TICAM1;TRAF3;IKBKE;TBK1;IRF3;IRF7;IFNB1,,
N00554,HBV HBe to TLR4-IRF3/7 signaling pathway,Pathogen,C -| TICAM2,nt06517 TLR signaling; nt06263 Hepatocellular carcinoma; nt06162 Hepatitis B virus (HBV),1,TICAM2,H00048,
N00555,HBV HBe to TLR4-IRF3/7 signaling pathway,Pathogen,C -| TICAM1,nt06263 Hepatocellular carcinoma; nt06162 Hepatitis B virus (HBV),1,TICAM1,H00048,
N00556,HBV HBe to TLR2/4-NFKB signaling pathway,Pathogen,C -| TLR2,nt06517 TLR signaling; nt06263 Hepatocellular carcinoma; nt06162 Hepatitis B virus (HBV),1,TLR2,H00048,
N00557,HBV HBe to TLR2/4-NFKB signaling pathway,Pathogen,C -| TIRAP,nt06263 Hepatocellular carcinoma; nt06162 Hepatitis B virus (HBV),1,TIRAP,H00048,
N00558,HBV pol to IFN signaling pathway,Pathogen,P -| (STAT1+STAT2),nt06122 IFN signaling (viruses); nt06263 Hepatocellular carcinoma; nt06162 Hepatitis B virus (HBV),2,STAT1;STAT2,H00048,
N00559,LIGHT-HVEM-NFKB signaling pathway,Reference,TNFSF14 -> TNFRSF14 -> TRAF2/5 -> IKK -> NFKBIA -> NFKB,nt06516 TNF signaling; nt06168 Herpes simplex virus 1 (HSV-1),10,TNFSF14;TNFRSF14;TRAF2;TRAF5;CHUK;IKBKB;IKBKG;NFKBIA;NFKB1;RELA,,
N00560,HSV gD to HVEM-NFKB signaling pathway,Pathogen,"GD -> TNFRSF14 -> TRAF2/5 -> IKK -> NFKBIA -> NFKB => (BIRC2,BIRC3,NFKB1,RELA,CCL2)",nt06516 TNF signaling; nt06168 Herpes simplex virus 1 (HSV-1),12,TNFRSF14;TRAF2;TRAF5;CHUK;IKBKB;IKBKG;NFKBIA;NFKB1;RELA;BIRC2;BIRC3;CCL2,H00365,
N00561,HSV ICP0 to TLR2/4-NFKB signaling pathway,Pathogen,ICP0 -| MYD88,nt06517 TLR signaling; nt06168 Herpes simplex virus 1 (HSV-1),1,MYD88,H00365,
N00562,HSV US3 to TLR2/4-NFKB signaling pathway,Pathogen,US3 -| (TRAF6+TAK1+TAB2),nt06517 TLR signaling; nt06168 Herpes simplex virus 1 (HSV-1),3,TRAF6;MAP3K7;TAB2,H00365,
N00563,TLR3-NFKB signaling pathway,Reference,TLR3 -> TICAM1 -> TRAF6 -> TAK1 -> IKK -> NFKBIA -> NFKB,nt06168 Herpes simplex virus 1 (HSV-1),10,TLR3;TICAM1;TRAF6;MAP3K7;CHUK;IKBKB;IKBKG;NFKBIA;NFKB1;RELA,,
N00564,HSV US3 to TLR3-NFKB signaling pathway,Pathogen,US3 -| TLR3,nt06168 Herpes simplex virus 1 (HSV-1),1,TLR3,H00365,
N00565,HSV US11 to RIG-I-like receptor signaling pathway,Pathogen,"US11 -| (RIGI,MDA5)",nt06519 RLR signaling; nt06168 Herpes simplex virus 1 (HSV-1),2,RIGI;IFIH1,H00365,
N00566,HSV UL36USP to RIG-I-like receptor signaling pathway,Pathogen,UL36USP -| TRAF3,nt06519 RLR signaling; nt06168 Herpes simplex virus 1 (HSV-1),1,TRAF3,H00365,
N00567,HSV ICP34.5 to TBK1 signaling pathway,Pathogen,ICP34.5 -| (TBK1+IKBKE),nt06519 RLR signaling; nt06168 Herpes simplex virus 1 (HSV-1),2,TBK1;IKBKE,H00365,
N00568,HSV US3 to IRF3 signaling pathway,Pathogen,US3 -| IRF3,nt06519 RLR signaling; nt06168 Herpes simplex virus 1 (HSV-1),1,IRF3,H00365,
N00569,HSV UL41 to cGAS-STING signaling pathway,Pathogen,UL41 -| CGAS,nt06520 CGAS-STING signaling; nt06168 Herpes simplex virus 1 (HSV-1),1,CGAS,H00365,
N00570,HSV ICP0 to cGAS-STING signaling pathway,Pathogen,ICP0 -| STING1,nt06520 CGAS-STING signaling; nt06168 Herpes simplex virus 1 (HSV-1),1,STING1,H00365,
N00571,PKR-eIF2alpha signaling pathway,Reference,EIF2AK2 -> EIF2S1 -| EIF2B,nt06138 PKR-eIF2alpha signaling (viruses); nt06170 Influenza A virus (IAV); nt06169 Measles virus (MV); nt06168 Herpes simplex virus 1 (HSV-1),7,EIF2AK2;EIF2S1;EIF2B1;EIF2B2;EIF2B3;EIF2B4;EIF2B5,,
N00572,HSV ICP34.5 to PKR-eIF2alpha signaling pathway,Pathogen,ICP34.5 == PPP1C -| EIF2S1,nt06138 PKR-eIF2alpha signaling (viruses); nt06168 Herpes simplex virus 1 (HSV-1),4,PPP1CA;PPP1CB;PPP1CC;EIF2S1,H00365,
N00573,HSV US11 to PKR-eIF2alpha signaling pathway,Pathogen,US11 -| EIF2AK2,nt06138 PKR-eIF2alpha signaling (viruses); nt06168 Herpes simplex virus 1 (HSV-1),1,EIF2AK2,H00365,
N00574,HSV US11 to oligoadenylate synthetase (OAS)/RNase L pathway,Pathogen,US11 -| OAS,nt06137 OAS/RNase L pathway (viruses); nt06168 Herpes simplex virus 1 (HSV-1),3,OAS1;OAS2;OAS3,H00365,
N00575,HSV ICP27 to IFN signaling pathway,Pathogen,ICP27 -| (STAT1+STAT2+IRF9),nt06122 IFN signaling (viruses); nt06168 Herpes simplex virus 1 (HSV-1),3,STAT1;STAT2;IRF9,H00365,
N00576,HSV UL41/UL13 to IFN signaling pathway,Pathogen,"(UL41,UL13) -> SOCS3 -| JAK1",nt06122 IFN signaling (viruses); nt06168 Herpes simplex virus 1 (HSV-1),2,SOCS3;JAK1,H00365,
N00577,HSV UL41 to IFN signaling pathway,Pathogen,UL41 -| JAK1,nt06122 IFN signaling (viruses); nt06168 Herpes simplex virus 1 (HSV-1),1,JAK1,H00365,
N00578,HSV UL41 to IFN signaling pathway,Pathogen,UL41 -| (STAT1+STAT2+IRF9),nt06122 IFN signaling (viruses); nt06168 Herpes simplex virus 1 (HSV-1),3,STAT1;STAT2;IRF9,H00365,
N00579,HSV ICP6 to extrinsic apoptotic pathway,Pathogen,ICP6 -| CASP8,nt06524 Apoptosis; nt06131 Apoptosis (viruses and bacteria); nt06168 Herpes simplex virus 1 (HSV-1),1,CASP8,H00365,
N00580,HSV ICP0 to crosstalk between extrinsic and intrinsic apoptotic pathways,Pathogen,ICP0 -> CASP3,nt06524 Apoptosis; nt06131 Apoptosis (viruses and bacteria); nt06168 Herpes simplex virus 1 (HSV-1),1,CASP3,H00365,
N00581,HSV ICP47 to antigen processing and presentation by MHC class I molecules,Pathogen,ICP47 -| TAP1/2,nt06129 MHC presentation (viruses); nt06168 Herpes simplex virus 1 (HSV-1),2,TAP1;TAP2,H00365,
N00582,IGF-IGF1R-PI3K signaling pathway,Reference,IGF1 -> IGF1R -> PI3K -> PIP3 -> AKT -| (TSC1+TSC2) -| RHEB -> MTOR -| EIF4EBP1,nt06114 PI3K signaling (viruses); nt06168 Herpes simplex virus 1 (HSV-1); nt06167 Human cytomegalovirus (HCMV); nt06166 Human papillomavirus (HPV),13,IGF1;IGF1R;PIK3CA;PIK3CB;PIK3CD;AKT1;AKT2;AKT3;TSC1;TSC2;RHEB;MTOR;EIF4EBP1,,
N00583,HSV VP11/12 to PI3K signaling pathway,Pathogen,VP11/12 -> PI3K -> PIP3 -> AKT -| (TSC1+TSC2) -| RHEB -> MTOR -| EIF4EBP1,nt06114 PI3K signaling (viruses); nt06168 Herpes simplex virus 1 (HSV-1),11,PIK3CA;PIK3CB;PIK3CD;AKT1;AKT2;AKT3;TSC1;TSC2;RHEB;MTOR;EIF4EBP1,H00365,
N00584,HSV US3 to MTOR signaling pathway,Pathogen,US3 -| (TSC1+TSC2) -| RHEB -> MTOR -| EIF4EBP1,nt06114 PI3K signaling (viruses); nt06168 Herpes simplex virus 1 (HSV-1),5,TSC1;TSC2;RHEB;MTOR;EIF4EBP1,H00365,
N00585,HSV US3 to intrinsic apoptotic pathway,Pathogen,US3 -| BAD,nt06524 Apoptosis; nt06131 Apoptosis (viruses and bacteria); nt06168 Herpes simplex virus 1 (HSV-1),1,BAD,H00365,
N00586,Nuclear export of mRNA,Reference,SRPK1 -> SRSF1 == NXF1,nt06170 Influenza A virus (IAV); nt06168 Herpes simplex virus 1 (HSV-1),3,SRPK1;SRSF1;NXF1,,
N00587,HSV ICP27 to Nuclear export of mRNA,Pathogen,ICP27 -| SRPK1 -> SRSF1 == NXF1,nt06168 Herpes simplex virus 1 (HSV-1),3,SRPK1;SRSF1;NXF1,H00365,
N00588,HSV VP16 to Oct-1-mediated transcription,Pathogen,"(VP16+HCF+POU2F1) => (ICP0,ICP4,ICP22,ICP27,ICP47)",nt06140 Transcription (viruses); nt06168 Herpes simplex virus 1 (HSV-1),3,HCFC1;HCFC2;POU2F1,H00365,
N00589,HSV gC to alternative pathway of complement cascade,Pathogen,GC -| C3b,nt06513 Complement cascade; nt06168 Herpes simplex virus 1 (HSV-1),0,,H00365,
N00590,Antigen processing and presentation by MHC class II molecules,Reference,CD74 -> MHCII,nt06129 MHC presentation (viruses); nt06168 Herpes simplex virus 1 (HSV-1),15,CD74;HLA-DMA;HLA-DMB;HLA-DOA;HLA-DOB;HLA-DPA1;HLA-DPB1;HLA-DQA1;HLA-DQA2;HLA-DQB1;HLA-DRA;HLA-DRB1;HLA-DRB3;HLA-DRB4;HLA-DRB5,,
N00591,HSV gB to antigen processing and presentation by MHC class II molecules,Pathogen,GB -| CD74,nt06129 MHC presentation (viruses); nt06168 Herpes simplex virus 1 (HSV-1),1,CD74,H00365,
N00592,HSV ICP0 to p53-mediated transcription,Pathogen,ICP0 -| TP53,nt06140 Transcription (viruses); nt06168 Herpes simplex virus 1 (HSV-1),1,TP53,H00365,
N00593,Urea cycle,Reference,NH3 -- CPS1 >> OTC >> ASS1 >> ASL >> ARG1/2 -> Urea+Ornithine,nt06010 Urea cycle,6,CPS1;OTC;ASS1;ASL;ARG1;ARG2,,
N00599,Obligate allosteric activation of CPS1 by NAG,Reference,Glu -- NAGS -> NAG == CPS1,nt06010 Urea cycle,2,NAGS;CPS1,,
N00600,NAGS deficiency in urea cycle,Variant,Glu -- NAGS* // NAG // CPS1,nt06010 Urea cycle,2,NAGS;CPS1,H01398;H01032,162417v1
N00601,Heme biosynthesis,Reference,Gly -- ALAS1/2 >> ALAD >> HMBS >> UROS >> UROD >> CPOX >> PPOX >> FECH -> Heme,nt06011 Heme biosynthesis,9,ALAS1;ALAS2;ALAD;HMBS;UROS;UROD;CPOX;PPOX;FECH,,
N00610,Dermatan sulfate degradation,Reference,DS -- IDS >> IDUA >> ARSB >> HYAL -> G00872,nt06012 Glycosaminoglycan degradation,8,IDS;IDUA;ARSB;HYAL1;HYAL2;HYAL3;HYAL4;SPAM1,,
N00615,Heparan sulfate degradation,Reference,HS -- IDS >> IDUA >> SGSH >> HGSNAT >> NAGLU >> GUSB >> GNS -> G02632,nt06012 Glycosaminoglycan degradation,7,IDS;IDUA;SGSH;HGSNAT;NAGLU;GUSB;GNS,,
N00623,Keratan sulfate degradation,Reference,KS -- GALNS >> GLB1 >> GNS >> HEXA/B -> G01391,nt06012 Glycosaminoglycan degradation,5,GALNS;GLB1;GNS;HEXA;HEXB,,
N00627,"Mannose type O-glycan biosynthesis, POMT to POMK",Reference,Ser/Thr+Man-P-Dol -- POMT1/2 >> POMGNT2 >> B3GALNT2 >> POMK -> G13092,nt06013 O-Glycan biosynthesis,5,POMT1;POMT2;POMGNT2;B3GALNT2;POMK,,
N00640,Hydrolysis of lactosylceramide,Reference,LacSer -- GLB1 -> GlcCer -- GBA -> Ceramide,nt06014 Sphingolipid degradation,3,GLB1;GBA;GBA2,,
N00642,Saposin stimulation of GBA and GALC,Reference,"PSAP -> (GBA,GALC)",nt06014 Sphingolipid degradation,4,PSAP;GBA;GBA2;GALC,,
N00643,Loss of saposin stimulation,Variant,"PSAP* // (GBA,GALC)",nt06014 Sphingolipid degradation,4,PSAP;GBA;GBA2;GALC,H00423;H00126;H00135,5660v1
N00644,Hydrolysis of galabiosylceramide,Reference,Ga2Cer -- GLA -> GalCer -- GALC -> Ceramide,nt06014 Sphingolipid degradation,2,GLA;GALC,,
N00647,Hydrolysis of galactosylceramide sulfate,Reference,Sulfatide -- ARSA -> GalCer,nt06014 Sphingolipid degradation,1,ARSA,,
N00649,Hydrolysis of sphingomyelin,Reference,Sphingomyelin -- SMPD -> Ceramide -- ASAH -> Sphingosine,nt06014 Sphingolipid degradation,8,SMPD1;SMPD2;SMPD3;SMPD4;ASAH1;ASAH2;ACER1;ACER2,,
N00653,"N-Glycan precursor biosynthesis, ALG7 to ALG11",Reference,P-Dol -- ALG7 >> (ALG13+ALG14) >> ALG1 >> ALG2 >> ALG11 -> G00006,nt06015 N-Glycan biosynthesis,6,DPAGT1;ALG13;ALG14;ALG1;ALG2;ALG11,,
N00667,"N-Glycan precursor biosynthesis, Glc-6P to Man-P-Dol",Reference,Glc-6P -- GPI >> MPI >> PMM1/2 >> GMPP >> DPM1/2/3 -> Man-P-Dol,nt06015 N-Glycan biosynthesis,9,GPI;MPI;PMM1;PMM2;GMPPB;GMPPA;DPM1;DPM2;DPM3,,
N00673,"N-Glycan precursor biosynthesis, Glc-6P to UDP-Glu",Reference,Glc-6P -- PGM1/2 >> UGP2 -> UDP-Glc,nt06015 N-Glycan biosynthesis,3,PGM1;PGM2;UGP2,,
N00675,"N-Glycan precursor biosynthesis, farnesy-PP to P-Dol",Reference,F-PP -- (DHDDS+NUS1) >> SRD5A3 >> DOLK -> P-Dol,nt06015 N-Glycan biosynthesis,4,DHDDS;NUS1;SRD5A3;DOLK,,
N00679,Glucosylceramide synthesis in GBA deficiency,Variant,Ceramide -- UGCG -> GlcCer // GBA*,nt06014 Sphingolipid degradation,2,UGCG;GBA,H00423;H00126,2629v1
N00680,"N-Glycan precursor biosynthesis, ALG3 to ALG9",Reference,G00006+Man-P-Dol -- ALG3 >> ALG9 >> ALG12 >> ALG9 -> G00007,nt06015 N-Glycan biosynthesis,3,ALG3;ALG9;ALG12,,
N00681,"N-Glycan precursor biosynthesis, ALG6 to OST",Reference,G00007+Glc-P-Dol -- ALG6 >> ALG8 >> ALG10 >> (STT+OST) -> G00009,nt06015 N-Glycan biosynthesis,11,ALG6;ALG8;ALG10;ALG10B;STT3B;STT3A;DAD1;DDOST;RPN1;RPN2;TUSC3,,
N00682,"N-Glycan precursor biosynthesis, P-Dol to Glc-P-Dol",Reference,UDP-Glc+P-Dol -- ALG5 -> Glc-P-Dol,nt06015 N-Glycan biosynthesis,1,ALG5,,
N00683,CD80/CD86-CD28-PI3K signaling pathway,Reference,"(CD80,CD86) -> CD28 -> PI3K -> PIP3 -> AKT -| GSK3B",nt06114 PI3K signaling (viruses); nt06169 Measles virus (MV),10,CD80;CD86;CD28;PIK3CA;PIK3CB;PIK3CD;AKT1;AKT2;AKT3;GSK3B,,
N00684,MV F/H to CD28-PI3K signaling pathway,Pathogen,"(F,H) -> CBLB -| PI3K -> PIP3 -> AKT",nt06114 PI3K signaling (viruses); nt06169 Measles virus (MV),7,CBLB;PIK3CA;PIK3CB;PIK3CD;AKT1;AKT2;AKT3,H00394,
N00685,MV V to RIG-I-IRF7/3 signaling pathway,Pathogen,V -| MDA5 -> MAVS,nt06519 RLR signaling; nt06169 Measles virus (MV),2,IFIH1;MAVS,H00394,
N00686,MV N to RIG-I-IRF7/3 signaling pathway,Pathogen,N -> IRF3 => IFNB1,nt06519 RLR signaling; nt06169 Measles virus (MV),2,IRF3;IFNB1,H00394,
N00687,MV V/C to RIG-I-IRF7/3 signaling pathway,Pathogen,"(V,C) -| IRF3",nt06519 RLR signaling; nt06169 Measles virus (MV),1,IRF3,H00394,
N00688,RIG-I-NFKB signaling pathway,Reference,"RNA -> RIGI -> MAVS -> IKK -> NFKBIA -> NFKB => (IFNA,IFNB1)",nt06519 RLR signaling; nt06170 Influenza A virus (IAV); nt06169 Measles virus (MV),22,RIGI;MAVS;CHUK;IKBKB;IKBKG;NFKBIA;NFKB1;RELA;IFNA1;IFNA2;IFNA4;IFNA5;IFNA6;IFNA7;IFNA8;IFNA10;IFNA13;IFNA14;IFNA16;IFNA17;IFNA21;IFNB1,,
N00689,MV V/P/C to RIG-I-NFKB signaling pathway,Pathogen,"(V,P,C) -| NFKB",nt06519 RLR signaling; nt06169 Measles virus (MV),2,NFKB1;RELA,H00394,
N00690,TLR7/9-IRF7 signaling pathway,Reference,"(TLR7,TLR9) -> MYD88 -> (IRAK4+IRAK1) -> IRF7 => (IFNA,IFNB1)",nt06517 TLR signaling; nt06169 Measles virus (MV),20,TLR7;TLR9;MYD88;IRAK4;IRAK1;IRF7;IFNA1;IFNA2;IFNA4;IFNA5;IFNA6;IFNA7;IFNA8;IFNA10;IFNA13;IFNA14;IFNA16;IFNA17;IFNA21;IFNB1,,
N00691,MV V to TLR7/9-IRF7 signaling pathway,Pathogen,V -| IRF7,nt06517 TLR signaling; nt06169 Measles virus (MV),1,IRF7,H00394,
N00692,MV P to TLR2/4-NFKB signaling pathway,Pathogen,P -> TNFAIP3 -| (TRAF6+TAK1+TAB2),nt06517 TLR signaling; nt06169 Measles virus (MV),4,TNFAIP3;TRAF6;MAP3K7;TAB2,H00394,
N00693,MV V/P to IFN signaling pathway,Pathogen,"(V,P) -| JAK1",nt06122 IFN signaling (viruses); nt06169 Measles virus (MV),1,JAK1,H00394,
N00694,MV V/P/C to IFN signaling pathway,Pathogen,"(V,P,C) -| (STAT1+STAT2+IRF9)",nt06122 IFN signaling (viruses); nt06169 Measles virus (MV),3,STAT1;STAT2;IRF9,H00394,
N00695,MV V to p73-mediated transcription,Pathogen,V -| TP73 => BBC3,nt06140 Transcription (viruses); nt06169 Measles virus (MV),2,TP73;BBC3,H00394,
N00696,MV C to PKR-eIF2alpha signaling pathway,Pathogen,C -| EIF2AK2,nt06138 PKR-eIF2alpha signaling (viruses); nt06169 Measles virus (MV),1,EIF2AK2,H00394,
N00697,HV P to p53-mediated transcription,Pathogen,P -> RCHY1 -| TP53,nt06140 Transcription (viruses); nt06169 Measles virus (MV),2,RCHY1;TP53,H00394,
N00698,"Mannose type O-glycan biosynthesis, Rib-ol-5P to CDP-Rib-ol",Reference,CTP+Rib-ol-5P -- ISPD -> CDP-Rib-ol,nt06013 O-Glycan biosynthesis,1,ISPD,,
N00699,"Mannose type O-glycan biosynthesis, FKTN to LARGE",Reference,G13092+CDP-Rib-ol -- FKTN >> FKRP >> TMEM5 >> B4GAT1 >> LARGE1/2 -> G13099,nt06013 O-Glycan biosynthesis,6,FKTN;FKRP;TMEM5;B4GAT1;LARGE1;LARGE2,,
N00700,Tyrosine biosynthesis,Reference,Phe+BH4 -- PAH -> Tyr+BH4OH,nt06016 Phenylalanine and tyrosine metabolism,1,PAH,,
N00702,"Tetrahydrobiopterin biosynthesis, GTP to BH4",Reference,GTP -- GCH1 >> PTS >> SPR -> BH4,nt06016 Phenylalanine and tyrosine metabolism; nt06028 Dopamine and serotonin metabolism,3,GCH1;PTS;SPR,,
N00705,"Tetrahydrobiopterin biosynthesis, BH4OH to BH4",Reference,BH4OH -- PCBD1/2 >> QDPR -> BH4,nt06016 Phenylalanine and tyrosine metabolism,3,PCBD1;PCBD2;QDPR,,
N00708,Tyrosine degradation,Reference,Tyr -- TAT >> HPD >> HGD >> GSTZ1 >> FAH -> Fumarate+Acetoacetate,nt06016 Phenylalanine and tyrosine metabolism,5,TAT;HPD;HGD;GSTZ1;FAH,,
N00713,Glycogen biosynthesis,Reference,Glc-1P -- UGP2 >> (GYG1/2+GYS1/2) >> GBE1 -> Glycogen,nt06017 Glycogen metabolism,6,UGP2;GYG1;GYG2;GYS1;GYS2;GBE1,,
N00718,Glycogen degradation,Reference,Glycogen -- (PYG+AGL) >> PGM1/2 -> Glc-6P -- G6PC1/2/3 -> Glc,nt06017 Glycogen metabolism,9,PYGB;PYGL;PYGM;AGL;PGM1;PGM2;G6PC;G6PC2;G6PC3,,
N00720,Glycogen degradation (amylase),Reference,"Glycogen -- AMY >> (MGAM,GAA,GANC) -> Glc",nt06017 Glycogen metabolism,9,AMY1A;AMY1B;AMY1C;AMY2A;AMY2B;MGAM;MGAM2;GAA;GANC,,
N00724,IAV NS1 to oligoadenylate synthetase (OAS)/RNase L pathway,Pathogen,NS1 -| OAS,nt06137 OAS/RNase L pathway (viruses); nt06170 Influenza A virus (IAV),3,OAS1;OAS2;OAS3,H00398,
N00725,IAV NS1 to PKR-eIF2alpha signaling pathway,Pathogen,NS1 -| EIF2AK2,nt06138 PKR-eIF2alpha signaling (viruses); nt06170 Influenza A virus (IAV),1,EIF2AK2,H00398,
N00726,IAV NP to PKR-eIF2alpha signaling pathway,Pathogen,NP -| DNAJB1 -| DNAJC3 -| EIF2AK2,nt06138 PKR-eIF2alpha signaling (viruses); nt06170 Influenza A virus (IAV),3,DNAJB1;DNAJC3;EIF2AK2,H00398,
N00727,IAV NS1 to RIG-I-like receptor signaling pathway,Pathogen,NS1 -| TRIM25 -> RIGI,nt06170 Influenza A virus (IAV),2,TRIM25;RIGI,H00398,
N00728,IAV NS1 to RIG-I-like receptor signaling pathway,Pathogen,NS1 -| RIGI,nt06519 RLR signaling; nt06170 Influenza A virus (IAV),1,RIGI,H00398,
N00729,IAV NS1 to RIG-I-like receptor signaling pathway,Pathogen,NS1 -| IRF3,nt06170 Influenza A virus (IAV),1,IRF3,H00398,
N00730,IAV NS1 to RIG-I-like receptor signaling pathway,Pathogen,NS1 -| NFKB,nt06519 RLR signaling; nt06170 Influenza A virus (IAV),2,NFKB1;RELA,H00398,
N00731,Glycolysis,Reference,"Glc-6P -- GPI >> PFK >> ALDO >> GAPDH >> PGK1/2 >> (PGAM,BPGM) >> ENO1/2/3/4 >> (PKLR,PKM) >> (LDH,LDHAL6) -> Lactate",nt06017 Glycogen metabolism,25,GPI;PFKL;PFKM;PFKP;ALDOA;ALDOB;ALDOC;GAPDH;PGK1;PGK2;PGAM4;PGAM1;PGAM2;BPGM;ENO1;ENO2;ENO3;ENO4;PKLR;PKM;LDHA;LDHB;LDHC;LDHAL6A;LDHAL6B,,
N00732,IAV PB1-F2/PB2 to RIG-I-like receptor signaling pathway,Pathogen,"(PB1F2,PB2) -| MAVS",nt06519 RLR signaling; nt06170 Influenza A virus (IAV),1,MAVS,H00398,
N00734,IAV PB1-F2/PB2 to RIG-I-like receptor signaling pathway,Pathogen,(PB1F2+CALCOCO2) -| (TBK1+IKBKE),nt06519 RLR signaling; nt06170 Influenza A virus (IAV),3,CALCOCO2;TBK1;IKBKE,H00398,
N00736,IAV NS1 to PI3K signaling pathway,Pathogen,NS1 -> PI3K -> PIP3 -> AKT,nt06114 PI3K signaling (viruses); nt06170 Influenza A virus (IAV),6,PIK3CA;PIK3CB;PIK3CD;AKT1;AKT2;AKT3,H00398,
N00738,IAV NS1 to IFN signaling pathway,Pathogen,NS1 -> SOCS3 -| (STAT1+STAT2+IRF9),nt06122 IFN signaling (viruses); nt06170 Influenza A virus (IAV),4,SOCS3;STAT1;STAT2;IRF9,H00398,
N00741,IAV M2 to cell cycle G1/S,Pathogen,M2 -| CCND3,nt06130 Cell cycle (viruses); nt06170 Influenza A virus (IAV),1,CCND3,H00398,
N00742,NLRP3 inflammasome signaling pathway,Reference,"(NLRP3+PYCARD) -> CASP1 -> (IL1B,IL18,IL33)",nt06521 NLR signaling; nt06170 Influenza A virus (IAV),6,NLRP3;PYCARD;CASP1;IL1B;IL18;IL33,,
N00743,IAV NS1 to NLRP3 inflammasome signaling pathway,Pathogen,NS1 -| (NLRP3+PYCARD),nt06521 NLR signaling; nt06170 Influenza A virus (IAV),2,NLRP3;PYCARD,H00398,
N00744,IAV HA to ERK signaling pathway,Pathogen,HA -> PRKCA -> RAF,nt06526 MAPK signaling; nt06170 Influenza A virus (IAV),4,PRKCA;ARAF;BRAF;RAF1,H00398,
N00745,IAV PB1-F2 to intrinsic apoptotic pathway,Pathogen,PB1F2 == (VDAC1+SLC25A6) -> CYCS,nt06524 Apoptosis; nt06131 Apoptosis (viruses and bacteria); nt06170 Influenza A virus (IAV),3,VDAC1;SLC25A6;CYCS,H00398,
N00746,IAV NS1 to nuclear export of mRNA,Pathogen,NS1 -| (NXF1+NXT1+HNRNPUL1+RAE1),nt06170 Influenza A virus (IAV),4,NXF1;NXT1;HNRNPUL1;RAE1,H00398,
N00748,GPI-anchor biosynthesis,Reference,PI+UDP-GlcNAc -- (PIGA+PIGC+PIGH+PIGP+PIGQ+PIGY+DPM2) >> PIGL >> PIGW >> (PIGM+PIGX) >> PIGV >> PIGN >> PIGB >> (PIGO+PIGF) >> (PIGG+PIGF) >> (GPAA1+PIGK+PIGS+PIGT+PIGU) >> PGAP1 >> PGAP5 -> G13046,nt06018 GPI-anchor biosynthesis,24,PIGA;PIGC;PIGH;PIGP;PIGQ;PIGY;DPM2;PIGL;PIGW;PIGM;PIGX;PIGV;PIGN;PIGB;PIGO;PIGF;PIGG;GPAA1;PIGK;PIGS;PIGT;PIGU;PGAP1;PGAP5,,
N00759,"Steroid hormone biosynthesis, cholesterol to pregnenolone/progesterone",Reference,Cholesterol -- CYP11A1 -> Pregnenolone -- HSD3B1/2 -> Progesterone,nt06019 Steroid hormone biosynthesis,3,CYP11A1;HSD3B1;HSD3B2,,
N00765,"beta-Oxidation, acyl-CoA synthesis",Reference,"Palmitate -- (ACSL,ACSBG) >> CPT1A/B/C >> CPT2 -> Palmitoyl-CoA",nt06020 beta-Oxidation in mitochondria,11,ACSL1;ACSL3;ACSL4;ACSL5;ACSL6;ACSBG1;ACSBG2;CPT1A;CPT1B;CPT1C;CPT2,,
N00776,"beta-Oxidation, peroxisome, VLCFA",Reference,"Very-long-chain-acyl-CoA(n) -- ACOX1/3 >> HSD17B4 >> (ACAA1,SCP2) -> Very-long-chain-acyl-CoA(n-2)",nt06021 beta-Oxidation in peroxisome,5,ACOX1;ACOX3;HSD17B4;ACAA1;SCP2,,
N00779,"beta-Oxidation, peroxisome, bile acid",Reference,Trihydroxycholestanoyl-CoA -- AMACR >> ACOX2 >> HSD17B4 >> SCP2 -> Choloyl-CoA,nt06021 beta-Oxidation in peroxisome,4,AMACR;ACOX2;HSD17B4;SCP2,,
N00782,TSH-TG signaling pathway,Reference,"TSHB -> TSHR -> GNAS -> ADCY -> cAMP -> PKA -> (TTF1,TTF2,PAX8,CREB) => TG",nt06322 TRH-TSH-TH signaling,29,TSHB;TSHR;GNAS;ADCY1;ADCY2;ADCY3;ADCY4;ADCY5;ADCY6;ADCY7;ADCY8;ADCY9;PRKACA;PRKACB;PRKACG;TTF1;TTF2;PAX8;CREB3;CREB1;ATF2;ATF6B;CREB3L4;ATF4;CREB3L2;CREB3L3;CREB3L1;CREB5;TG,,
N00786,Transport of iodide,Reference,"Iodide(blood) -- (SLC5A5,SLC26A4) -> Iodide",nt06322 TRH-TSH-TH signaling,2,SLC5A5;SLC26A4,,
N00789,Mutation-inactivated TPO to iodide organification/coupling reactions,Variant,"TG+(Iodide+Tyr) -- TPO* // TG+(MIT,DIT) -- TPO* // TG+(T3,T4)",nt06322 TRH-TSH-TH signaling,2,TG;TPO,H00251,7173v1
N00791,Deiodination of MIT and DIT,Reference,"(MIT,DIT) -- IYD -> Iodide",nt06322 TRH-TSH-TH signaling,1,IYD,,
N00793,TSH-DUOX2-TG signaling pathway,Reference,"TSHB -> TSHR -> GNAQ -> PLCB -> (Ca2+,DAG) -> PKC -> DUOX2 -> H2O2 -> TG",nt06322 TRH-TSH-TH signaling,12,TSHB;TSHR;GNAQ;PLCB1;PLCB2;PLCB3;PLCB4;PRKCA;PRKCB;PRKCG;DUOX2;TG,,
N00795,DUOX2-generated H2O2 production,Reference,DUOXA2 -> DUOX2 -> H2O2,nt06322 TRH-TSH-TH signaling,2,DUOXA2;DUOX2,,
N00798,Thyroid hormone signaling pathway,Reference,"(SLC16A10,SLC16A2) -> T3 -> (THRB,THRA) == RXR => (MYH6,ATP2A2)",nt06322 TRH-TSH-TH signaling,9,SLC16A10;SLC16A2;THRB;THRA;RXRA;RXRB;RXRG;MYH6;ATP2A2,,
N00803,Iodide organification/coupling reactions,Reference,"TG+(Iodide+Tyr) -- TPO -> TG+(MIT,DIT) -- TPO -> TG+(T3,T4)",nt06322 TRH-TSH-TH signaling,2,TG;TPO,,
N00804,beta-Oxidation,Reference,"Acyl-CoA(n) -- (ACADM,ACADL,ACADVL,ACADS,ACADSB) >> ((ECHS1+HADH),HADHA) >> (ACAA2,HADHB,ACAT1) -> Acyl-CoA(n-2)",nt06020 beta-Oxidation in mitochondria,11,ACADM;ACADL;ACADVL;ACADS;ACADSB;ECHS1;HADH;HADHA;ACAA2;HADHB;ACAT1,,
N00805,Bile acid biosynthesis,Reference,"Cholesterol -- (CYP7A1,CYP7B1,CYP39A1) >> HSD3B7 >> CYP8B1 >> AKR1D1 >> AKR1C4 >> CYP27A1 >> SLC27A5 >> AMACR >> ACOX2 >> HSD17B4 >> SCP2 >> ACOT8 -> Cholate",nt06022 Bile acid biosynthesis,14,CYP7A1;CYP7B1;CYP39A1;HSD3B7;CYP8B1;AKR1D1;AKR1C4;CYP27A1;SLC27A5;AMACR;ACOX2;HSD17B4;SCP2;ACOT8,,
N00812,Transport of carnitine,Reference,Carnitine(blood) -- SLC22A5 -> Carnitine,nt06020 beta-Oxidation in mitochondria,1,SLC22A5,,
N00814,Transport of L-palmitoylcarnitine,Reference,Palmitoylcarnitine(out) -- SLC25A20 -> Palmitoylcarnitine(in),nt06020 beta-Oxidation in mitochondria,1,SLC25A20,,
N00816,Transport of glucose 6-phosphate,Reference,Glc-6P -- SLC37A4 -> Glc-6P(ER),nt06017 Glycogen metabolism,1,SLC37A4,,
N00818,Transport of glucose,Reference,Glc -- SLC2A2 -> Glc(blood),nt06017 Glycogen metabolism,1,SLC2A2,,
N00820,N-Glycan biosynthesis,Reference,G00009 -- MOGS >> GANAB >> MAN1 >> MGAT1 >> MAN2 >> MGAT2 >> FUT8 >> B4GALT >> ST6GAL -> G00018,nt06015 N-Glycan biosynthesis,16,MOGS;GANAB;MAN1A2;MAN1B1;MAN1A1;MAN1C1;MGAT1;MAN2A2;MAN2A1;MGAT2;FUT8;B4GALT1;B4GALT3;B4GALT2;ST6GAL1;ST6GAL2,,
N00824,Transport of GDP-fucose,Reference,GDP-Fuc -- SLC35C1 -> GDP-Fuc(Golgi),nt06015 N-Glycan biosynthesis,1,SLC35C1,,
N00826,Transport of UDP-galactose,Reference,UDP-Gal -- SLC35A2 -> UDP-Gal(Golgi),nt06015 N-Glycan biosynthesis,1,SLC35A2,,
N00828,Transport of CMP-N-acetylneuraminate,Reference,CMP-Neu5Ac -- SLC35A1 -> CMP-Neu5Ac(Golgi),nt06015 N-Glycan biosynthesis,1,SLC35A1,,
N00830,Transport of Man5GlcNAc2-PP-dolichol,Reference,G00006 -- RFT1 -> G00006(ER),nt06015 N-Glycan biosynthesis,1,RFT1,,
N00832,Branched-chain amino acids degradation 1,Reference,"[Leu,Val,Ile] -- BCAT1/2 -> [KIC,KIV,KMV]","nt06024 Valine, leucine and isoleucine degradation",2,BCAT1;BCAT2,,
N00842,Propanoyl-CoA metabolism,Reference,Propanoyl-CoA -- (PCCA+PCCB) >> MCEE >> MMUT -> Succinyl-CoA,"nt06024 Valine, leucine and isoleucine degradation",4,PCCA;PCCB;MCEE;MMUT,,
N00847,Galactose degradation,Reference,Gal -- GALM >> GALK1 >> GALT >> GALE -> UDP-Glc,nt06023 Galactose degradation,4,GALM;GALK1;GALT;GALE,,
N00851,Leucine degradation,Reference,"IV-CoA -- (IVD,ACADM) >> MCCC1/2 >> AUH >> (HMGCL,HMGCLL1) -> AcCoA","nt06024 Valine, leucine and isoleucine degradation",7,IVD;ACADM;MCCC1;MCCC2;AUH;HMGCL;HMGCLL1,,
N00852,Valine degradation,Reference,"IB-CoA -- (ACADS,ACAD8,ACADM) >> (ECHS1,HADHA) >> HIBCH >> HIBADH >> ALDH6A1 -> Propanoyl-CoA","nt06024 Valine, leucine and isoleucine degradation",8,ACADS;ACAD8;ACADM;ECHS1;HADHA;HIBCH;HIBADH;ALDH6A1,,
N00856,Isoleucine degradation,Reference,"2-MB-CoA -- (ACADS,ACADSB,ACADM) >> (ECHS1,HADHA) >> (HSD17B10,HADH) >> (ACAA1/2,HADHB) -> Propanoyl-CoA","nt06024 Valine, leucine and isoleucine degradation",10,ACADS;ACADSB;ACADM;ECHS1;HADHA;HSD17B10;HADH;ACAA1;ACAA2;HADHB,,
N00859,Yersinia YopP/J to TLR2/4-NFKB signaling pathway,Pathogen,YopP/J -| (TRAF6+TRAF2+TAK1+TAB2),nt06517 TLR signaling,4,TRAF6;TRAF2;MAP3K7;TAB2,H00297;H00298,
N00862,Yersinia YopP/J to TLR2/4-MAPK signaling pathway,Pathogen,"YopP/J -| (MEK,MKK3/6,MKK4/7)",nt06517 TLR signaling,6,MAP2K1;MAP2K2;MAP2K3;MAP2K6;MAP2K4;MAP2K7,H00297;H00298,
N00863,Yersinia YopM to NLRP3 Inflammasome signaling pathway,Pathogen,YopM -| CASP1,nt06521 NLR signaling,1,CASP1,H00297;H00298,
N00864,Yersinia YopK to NLRP3 Inflammasome signaling pathway,Pathogen,YopK -| (NLRP3+PYCARD),nt06521 NLR signaling,2,NLRP3;PYCARD,H00297;H00298,
N00865,Yersinia YopK to NLRC4 Inflammasome signaling pathway,Pathogen,YopK -| (NLRC4+PYCARD),nt06521 NLR signaling,2,NLRC4;PYCARD,H00297;H00298,
N00866,Yersinia YopM to Pyrin Inflammasome signaling pathway,Pathogen,"YopM -> (PKN1,PKN2) -| (MEFV+PYCARD)",nt06521 NLR signaling,4,PKN2;PKN1;MEFV;PYCARD,H00297;H00298,
N00867,NLRC4 inflammasome signaling pathway,Reference,"(NLRC4+PYCARD) -> CASP1 -> (IL1B,IL18)",nt06521 NLR signaling,5,NLRC4;PYCARD;CASP1;IL1B;IL18,,
N00868,Pyrin inflammasome signaling pathway,Reference,"(MEFV+PYCARD) -> CASP1 -> (IL1B,IL18)",nt06521 NLR signaling,5,MEFV;PYCARD;CASP1;IL1B;IL18,,
N00869,KISS1-KISS1R-PLCB-PKC signaling pathway,Reference,"KISS1 -> KISS1R -> (GNAQ,GNA11) -> PLCB -> (Ca2+,DAG) -> PKC",nt06323 KISS1-GnRH-LH/FSH-E2 signaling; nt06361 Hypogonadotropic hypogonadism,11,KISS1;KISS1R;GNAQ;GNA11;PLCB1;PLCB2;PLCB3;PLCB4;PRKCA;PRKCB;PRKCG,,
N00870,Mutation-inactivated KISS1 to KISS1-KISS1R-PLCB-PKC signaling pathway,Variant,"KISS1* // KISS1R -> (GNAQ,GNA11) -> PLCB -> (Ca2+,DAG) -> PKC",nt06361 Hypogonadotropic hypogonadism,11,KISS1;KISS1R;GNAQ;GNA11;PLCB1;PLCB2;PLCB3;PLCB4;PRKCA;PRKCB;PRKCG,H00255,3814v1
N00871,Mutation-inactivated KISS1R to KISS1-KISS1R-PLCB-PKC signaling pathway,Variant,"KISS1 -> KISS1R* // (GNAQ,GNA11) -> PLCB -> (Ca2+,DAG) -> PKC",nt06361 Hypogonadotropic hypogonadism,11,KISS1;KISS1R;GNAQ;GNA11;PLCB1;PLCB2;PLCB3;PLCB4;PRKCA;PRKCB;PRKCG,H00255,84634v1
N00873,GnRH-GnRHR-PLCB-PKC signaling pathway,Reference,"GNRH1/2 -> GNRHR -> (GNAQ,GNA11) -> PLCB -> (Ca2+,DAG) -> PKC -> RAF1 -> MEK -> ERK -> ELK1 => (LHB,CGA,FSHB)",nt06323 KISS1-GnRH-LH/FSH-E2 signaling; nt06361 Hypogonadotropic hypogonadism,21,GNRH1;GNRH2;GNRHR;GNAQ;GNA11;PLCB1;PLCB2;PLCB3;PLCB4;PRKCA;PRKCB;PRKCG;RAF1;MAP2K1;MAP2K2;MAPK1;MAPK3;ELK1;LHB;CGA;FSHB,,
N00874,Mutation-inactivated GnRH to GnRH-GnRHR-PLCB-PKC signaling pathway,Variant,GNRH1* // GNRHR,nt06361 Hypogonadotropic hypogonadism,2,GNRH1;GNRHR,H00255,2796v1
N00875,Mutation-inactivated GnRHR to GnRH-GnRHR-PLCB-PKC signaling pathway,Variant,"GNRH1/2 // GNRHR* // (GNAQ,GNA11) -> PLCB -> (Ca2+,DAG) -> PKC -> RAF1 -> MEK -> ERK -> ELK1 => (LHB,CGA,FSHB)",nt06361 Hypogonadotropic hypogonadism,21,GNRH1;GNRH2;GNRHR;GNAQ;GNA11;PLCB1;PLCB2;PLCB3;PLCB4;PRKCA;PRKCB;PRKCG;RAF1;MAP2K1;MAP2K2;MAPK1;MAPK3;ELK1;LHB;CGA;FSHB,H00255,2798v1
N00876,Mutation-inactivated FGF8 to RAS-ERK signaling pathway,Variant,FGF8* // FGFR1 -> GRB2 -> SOS -> RAS -> RAF -> MEK -> ERK,nt06361 Hypogonadotropic hypogonadism,15,FGF8;FGFR1;GRB2;SOS1;SOS2;HRAS;KRAS;NRAS;ARAF;BRAF;RAF1;MAP2K1;MAP2K2;MAPK1;MAPK3,H00255,2253v1
N00877,Mutation-inactivated FGF17 to RAS-ERK signaling pathway,Variant,FGF17* // FGFR1 -> GRB2 -> SOS -> RAS -> RAF -> MEK -> ERK,nt06361 Hypogonadotropic hypogonadism,15,FGF17;FGFR1;GRB2;SOS1;SOS2;HRAS;KRAS;NRAS;ARAF;BRAF;RAF1;MAP2K1;MAP2K2;MAPK1;MAPK3,H00255,8822v1
N00878,Mutation-inactivated FGFR1 to RAS-ERK signaling pathway,Variant,FGF8 // FGFR1* -> GRB2 -> SOS -> RAS -> RAF -> MEK -> ERK,nt06361 Hypogonadotropic hypogonadism,15,FGF8;FGFR1;GRB2;SOS1;SOS2;HRAS;KRAS;NRAS;ARAF;BRAF;RAF1;MAP2K1;MAP2K2;MAPK1;MAPK3,H00255,2260v2
N00879,PROK-PRKR-Gi-ERK signaling pathway,Reference,PROK1/2 -> PROKR1/2 -> GNAI -> ERK,nt06361 Hypogonadotropic hypogonadism,9,PROK1;PROK2;PROKR1;PROKR2;GNAI1;GNAI2;GNAI3;MAPK1;MAPK3,,
N00880,Mutation-inactivated PROK2 to PROK-PRKR-Gi-ERK signaling pathway,Variant,PROK2* -> PROKR1/2 -> GNAI -> ERK,nt06361 Hypogonadotropic hypogonadism,8,PROK2;PROKR1;PROKR2;GNAI1;GNAI2;GNAI3;MAPK1;MAPK3,H00255,60675v1
N00881,Mutation-inactivated PROKR2 to PROK-PRKR-Gi-ERK signaling pathway,Variant,PROK1/2 -> PROKR2* -> GNAI -> ERK,nt06361 Hypogonadotropic hypogonadism,8,PROK1;PROK2;PROKR2;GNAI1;GNAI2;GNAI3;MAPK1;MAPK3,H00255,128674v1
N00882,TAC3-TACR3-PLC-PKC signaling pathway,Reference,"TAC3 -> TACR3 -> GNAQ -> PLCB -> (Ca2+,DAG) -> PKC",nt06323 KISS1-GnRH-LH/FSH-E2 signaling; nt06361 Hypogonadotropic hypogonadism,10,TAC3;TACR3;GNAQ;PLCB1;PLCB2;PLCB3;PLCB4;PRKCA;PRKCB;PRKCG,,
N00883,Mutation-inactivated TAC3 to TAC3-TACR3-PLC-PKC signaling pathway,Variant,TAC3* // TACR3,nt06361 Hypogonadotropic hypogonadism,2,TAC3;TACR3,H00255,6866v1
N00884,Mutation-inactivated TACR3 to TAC3-TACR3-PLC-PKC signaling pathway,Variant,"TAC3 // TACR3* // GNAQ -> PLCB -> (Ca2+,DAG) -> PKC",nt06361 Hypogonadotropic hypogonadism,10,TAC3;TACR3;GNAQ;PLCB1;PLCB2;PLCB3;PLCB4;PRKCA;PRKCB;PRKCG,H00255,6870v1
N00885,LHCGR-GNAS-PKA signaling pathway,Reference,(LHB+CGA) -> LHCGR -> GNAS -> ADCY -> cAMP -> PKA,nt06323 KISS1-GnRH-LH/FSH-E2 signaling,16,LHB;CGA;LHCGR;GNAS;ADCY1;ADCY2;ADCY3;ADCY4;ADCY5;ADCY6;ADCY7;ADCY8;ADCY9;PRKACA;PRKACB;PRKACG,,
N00888,Hypoxanthine oxidation,Reference,Hypoxanthine -- XDH -> Urate,nt06025 Molybdenum cofactor biosynthesis,1,XDH,,
N00890,Molybdenum cofactor biosynthesis,Reference,GTP -- MOCS1 -> cPMP -- MOCS2 >> GPHN -> Moco -- MOCOS -> Moco(sulfide),nt06025 Molybdenum cofactor biosynthesis,4,MOCS1;MOCS2;GPHN;MOCOS,,
N00899,5-Oxoproline metabolism,Reference,5-Oxoproline -- OPLAH -> Glu,nt06026 Glutathione biosynthesis,1,OPLAH,,
N00904,Glutathione reduction,Reference,GSSG+NADPH -- GSR -> GSH+NADP+,nt06026 Glutathione biosynthesis,1,GSR,,
N00905,NADP+ reduction,Reference,"NADP+ -- (IDH1/2,PGD,G6PD) -> NADPH",nt06026 Glutathione biosynthesis,4,IDH1;IDH2;PGD;G6PD,,
N00907,GH-Jak-STAT signaling pathway,Reference,GH -> GHR -> JAK2 -> STAT5 => IGF1,nt06324 GHRH-GH-IGF signaling,7,GH1;GH2;GHR;JAK2;STAT5A;STAT5B;IGF1,,
N00910,GHRHR-PKA-GH signaling pathway,Reference,"GHRH -> GHRHR -> GNAS -> ADCY -> cAMP -> PKA -> CREB => POU1F1 => (GH1,GH2)",nt06324 GHRH-GH-IGF signaling,28,GHRH;GHRHR;GNAS;ADCY1;ADCY2;ADCY3;ADCY4;ADCY5;ADCY6;ADCY7;ADCY8;ADCY9;PRKACA;PRKACB;PRKACG;CREB3;CREB1;ATF2;ATF6B;CREB3L4;ATF4;CREB3L2;CREB3L3;CREB3L1;CREB5;POU1F1;GH1;GH2,,
N00915,AVP-V2R-PKA signaling pathway,Reference,AVP -> AVPR2 -> GNAS -> ADCY3/6/9 -> cAMP -> PKA -> AQP2,nt06326 AVP signaling,10,AVP;AVPR2;GNAS;ADCY3;ADCY6;ADCY9;PRKACA;PRKACB;PRKACG;AQP2,,
N00918,TRH-TRHR-PLCB-PKC signaling pathway,Reference,"TRH -> TRHR -> GNAQ/11 -> PLCB -> (Ca2+,DAG) -> PKC -> TSHB",nt06322 TRH-TSH-TH signaling,12,TRH;TRHR;GNAQ;GNA11;PLCB1;PLCB2;PLCB3;PLCB4;PRKCA;PRKCB;PRKCG;TSHB,,
N00920,PRL-JAK-STAT signaling pathway,Reference,PRL -> PRLR -> JAK2 -> STAT5,nt06325 PRL signaling,5,PRL;PRLR;JAK2;STAT5A;STAT5B,,
N00922,FSHR-GNAS-PKA signaling pathway,Reference,(CGA+FSHB) -> FSHR -> GNAS -> ADCY -> cAMP -> PKA,nt06323 KISS1-GnRH-LH/FSH-E2 signaling,16,CGA;FSHB;FSHR;GNAS;ADCY1;ADCY2;ADCY3;ADCY4;ADCY5;ADCY6;ADCY7;ADCY8;ADCY9;PRKACA;PRKACB;PRKACG,,
N00924,Glucocorticoid receptor signaling pathway,Reference,"GC -> NR3C1 == MED14 => (IGFBP1,IRF8)",nt06310 CRH-ACTH-cortisol signaling,4,NR3C1;MED14;IGFBP1;IRF8,,
N00926,Escherichia Tir to TLR2/4-MAPK signaling pathway,Pathogen,Tir -> SHP1/2 -| (TRAF6+TAK1+TAB2),nt06517 TLR signaling,5,PTPN6;PTPN11;TRAF6;MAP3K7;TAB2,H00277;H00278,
N00927,Escherichia/Shigella NleE/OspZ to TNF-NFKB signaling pathway,Pathogen,NleE -| (TAB2/3),nt06516 TNF signaling,2,TAB2;TAB3,H00277;H00278;H00299,
N00928,Escherichia NleB to TNF-NFKB signaling pathway,Pathogen,NleB -| GAPDH -> (RIPK1+TRAF2),nt06516 TNF signaling,3,GAPDH;RIPK1;TRAF2,H00277;H00278,
N00929,Escherichia NleC to TNF-NFKB signaling pathway,Pathogen,NleC -| RELA,nt06516 TNF signaling,1,RELA,H00277;H00278,
N00930,Escherichia NleD to TNF-JNK signaling pathway,Pathogen,NleD -| JNK,nt06516 TNF signaling,3,MAPK8;MAPK9;MAPK10,H00277;H00278,
N00931,Escherichia NleD to TNF-p38 signaling pathway,Pathogen,NleD -| MAPK14,nt06516 TNF signaling,1,MAPK14,H00277;H00278,
N00932,Escherichia NleH1 to TNF-NFKB signaling pathway,Pathogen,NleH1 -| RPS3 -> NFKB,nt06516 TNF signaling,3,RPS3;NFKB1;RELA,H00277;H00278,
N00933,Escherichia NleA to NLRP3 inflammasome signaling pathway,Pathogen,NleA -| (NLRP3+PYCARD),nt06521 NLR signaling,2,NLRP3;PYCARD,H00277;H00278,
N00934,Non-canonical inflammasome signaling pathway,Reference,"LPS -> CASP4/5 -> (NLRP3+PYCARD+CASP1) -> (IL1B,IL18)",nt06521 NLR signaling,7,CASP4;CASP5;NLRP3;PYCARD;CASP1;IL1B;IL18,,
N00935,Escherichia NleF to non-canonical inflammasome signaling pathway,Pathogen,NleF -| CASP4,nt06521 NLR signaling,1,CASP4,H00277;H00278,
N00936,Escherichia NleB1 to crosstalk between extrinsic and intrinsic apoptotic pathways,Pathogen,NleB1 -| FADD,nt06524 Apoptosis; nt06131 Apoptosis (viruses and bacteria),1,FADD,H00277;H00278,
N00937,Escherichia NleF to extrinsic apoptotic pathway,Pathogen,NleF -| CASP8,nt06524 Apoptosis; nt06131 Apoptosis (viruses and bacteria),1,CASP8,H00277;H00278,
N00938,Escherichia NleH to intrinsic apoptotic pathway,Pathogen,NleH -> TMBIM6 -| BAX,nt06524 Apoptosis; nt06131 Apoptosis (viruses and bacteria),2,TMBIM6;BAX,H00277;H00278,
N00939,Escherichia EspF to intrinsic apoptotic pathway,Pathogen,EspF -| ABCF2 -| CASP9,nt06524 Apoptosis; nt06131 Apoptosis (viruses and bacteria),2,ABCF2;CASP9,H00277;H00278,
N00940,NOD-NFKB signaling pathway,Reference,"(NOD1,NOD2) -> RIPK2 -> IKK -> NFKBIA -> NFKB",nt06521 NLR signaling,9,NOD1;NOD2;RIPK2;CHUK;IKBKB;IKBKG;NFKBIA;NFKB1;RELA,,
N00941,Shigella IpaH9.8 to NOD-NFKB signaling pathway,Pathogen,(IpaH9.8+TNIP1) -| IKBKG,nt06521 NLR signaling,2,TNIP1;IKBKG,H00299,
N00942,Shigella OspG to TNF-NFKB signaling pathway,Pathogen,OspG -| (UBE2D2+(RBX1+CUL1+SKP1)+FBXW1/11) -> NFKBIA,nt06516 TNF signaling,7,UBE2D2;RBX1;CUL1;SKP1;FBXW11;BTRC;NFKBIA,H00299,
N00943,Shigella IpaH4.5 to TNF-NFKB signaling pathway,Pathogen,IpaH4.5 -| RELA,nt06516 TNF signaling,1,RELA,H00299,
N00944,Shigella OspI to TNF-NFKB signaling pathway,Pathogen,OspI -| UBC13 -> TRAF2,nt06516 TNF signaling,3,UBE2NL;UBE2N;TRAF2,H00299,
N00945,Shigella IpaH1.4/2.5 to TNF-NFKB signaling pathway,Pathogen,IpaH1.4/2.5 -| RFN31 -> RIPK1,nt06516 TNF signaling,2,RNF31;RIPK1,H00299,
N00946,Shigella IpaJ to cGAS-STING signaling pathway,Pathogen,IpaJ -| ARF1 -> STING1,nt06520 CGAS-STING signaling,2,ARF1;STING1,H00299,
N00947,Shigella Ipa4.5 to cGAS-STING signaling pathway,Pathogen,Ipa4.5 -| TBK1,nt06520 CGAS-STING signaling,1,TBK1,H00299,
N00948,Shigella IpaH7.8 to NLRP3 Inflammasome signaling pathway,Pathogen,IpaH7.8 -| GLMN -| (NLRP3+PYCARD) -> CASP1 -> IL1B,nt06521 NLR signaling,5,GLMN;NLRP3;PYCARD;CASP1;IL1B,H00299,
N00949,Shigella IpaB to NLRC4 Inflammasome signaling pathway,Pathogen,IpaB -> K+ -> (NLRC4+PYCARD) -> CASP1 -> IL1B,nt06521 NLR signaling,4,NLRC4;PYCARD;CASP1;IL1B,H00299,
N00950,Shigella FimA to crosstalk between extrinsic and intrinsic apoptotic pathways,Pathogen,FimA -> VDAC1 == HK -| BAX,nt06524 Apoptosis; nt06131 Apoptosis (viruses and bacteria),6,VDAC1;HK1;HK2;HK3;HKDC1;BAX,H00299,
N00951,ITGA/B-RHOG-RAC signaling pathway,Reference,FN1 -> (ITGA+ITGB) -> RHOG -> (DOCK1+ELMO) -> RAC,nt06135 Cytoskeletal regulation (viruses and bacteria),28,FN1;ITGA1;ITGA2;ITGA2B;ITGA3;ITGA4;ITGA5;ITGA7;ITGA8;ITGA9;ITGA10;ITGA11;ITGAV;ITGB1;ITGB3;ITGB4;ITGB5;ITGB6;ITGB7;ITGB8;RHOG;DOCK1;ELMO1;ELMO2;ELMO3;RAC1;RAC2;RAC3,,
N00952,Shigella IpgB1 to ITGA/B-RHOG-RAC signaling pathway,Pathogen,IpgB1 -> (DOCK1+ELMO) -> RAC1,nt06135 Cytoskeletal regulation (viruses and bacteria),5,DOCK1;ELMO1;ELMO2;ELMO3;RAC1,H00299,
N00953,mGluR1-TRPC3 signaling pathway,Reference,Glutamate -> GRM1 -> GNAQ -> PLCB -> IP3 -> ITPR -> Ca2+ -> PKC -| TRPC3 -> Ca2+,nt06463 Parkinson disease; nt06462 Spinocerebellar ataxia; nt06410 Calcium signaling,13,GRM1;GNAQ;PLCB1;PLCB2;PLCB3;PLCB4;ITPR1;ITPR2;ITPR3;PRKCA;PRKCB;PRKCG;TRPC3,,
N00954,Mutation-activated GRM1 to mGluR1-TRPC3 signaling pathway,Variant,Glutamate -> GRM1* -> GNAQ -> PLCB -> IP3 -> ITPR -> Ca2+,nt06462 Spinocerebellar ataxia; nt06410 Calcium signaling,9,GRM1;GNAQ;PLCB1;PLCB2;PLCB3;PLCB4;ITPR1;ITPR2;ITPR3,H00063,2911v1
N00955,Mutation-inactivated PRKCG to mGluR1-TRPC3 signaling pathway,Variant,Glutamate -> GRM1 -> GNAQ -> PLCB -> IP3 -> ITPR -> Ca2+ -> PRKCG* // TRPC3,nt06462 Spinocerebellar ataxia; nt06410 Calcium signaling,11,GRM1;GNAQ;PLCB1;PLCB2;PLCB3;PLCB4;ITPR1;ITPR2;ITPR3;PRKCG;TRPC3,H00063,5582v1
N00956,Mutation-activated PRKCG to mGluR1-TRPC3 signaling pathway,Variant,Glutamate -> GRM1 -> GNAQ -> PLCB -> IP3 -> ITPR -> Ca2+ -> PRKCG* -| TRPC3,nt06462 Spinocerebellar ataxia; nt06410 Calcium signaling,11,GRM1;GNAQ;PLCB1;PLCB2;PLCB3;PLCB4;ITPR1;ITPR2;ITPR3;PRKCG;TRPC3,H00063,5582v2
N00957,Mutation-caused abberant ATXN2/3 to mGluR5-Ca2+ -apoptotic pathway,Variant,"Glutamate -> GRM1 -> GNAQ -> PLCB -> IP3 -> (ITPR1+(ATXN2*,ATXN3*)) -> Ca2+ -- MCU -> Ca2+(mito) -- MPTP -> CYCS",nt06462 Spinocerebellar ataxia; nt06410 Calcium signaling,18,GRM1;GNAQ;PLCB1;PLCB2;PLCB3;PLCB4;ITPR1;ATXN2;ATXN3;MCU;VDAC1;VDAC2;VDAC3;SLC25A4;SLC25A5;SLC25A6;SLC25A31;CYCS,H00063,6311v1;4287v1
N00958,Mutation-activated ITPR1 to mGluR1-TRPC3 signaling pathway,Variant,Glutamate -> GRM1 -> GNAQ -> PLCB -> IP3 -> ITPR1* -> Ca2+,nt06462 Spinocerebellar ataxia; nt06410 Calcium signaling,7,GRM1;GNAQ;PLCB1;PLCB2;PLCB3;PLCB4;ITPR1,H00063,3708v1
N00959,ITPR1-reduced expression to mGluR1-TRPC3 signaling pathway,Variant,Glutamate -> GRM1 -> GNAQ -> PLCB -> IP3 -> ITPR1* // Ca2+,nt06462 Spinocerebellar ataxia; nt06410 Calcium signaling,7,GRM1;GNAQ;PLCB1;PLCB2;PLCB3;PLCB4;ITPR1,H00063,3708v2
N00960,Mutation-caused aberrant SPTBN2 to mGluR1-TRPC3 signaling pathway,Variant,SPTBN2* -| GRM1 -> GNAQ -> PLCB -> IP3 -> ITPR -> Ca2+,nt06462 Spinocerebellar ataxia; nt06410 Calcium signaling,10,SPTBN2;GRM1;GNAQ;PLCB1;PLCB2;PLCB3;PLCB4;ITPR1;ITPR2;ITPR3,H00063,6712v1
N00961,Mutation-activated TRPC3 to mGluR1-TRPC3 signaling pathway,Variant,TRPC3* -> Ca2+,nt06462 Spinocerebellar ataxia; nt06410 Calcium signaling,1,TRPC3,H00063,7222v1
N00962,Mutation-inactivated ATXN3 to autophagy-vesicle nucleation,Variant,ATXN3* // (BECN1+PIK3C3+ATG14+PIK3R4+AMBRA1) -> PI3P,nt06462 Spinocerebellar ataxia; nt06413 Autophagy,6,ATXN3;BECN1;PIK3C3;ATG14;PIK3R4;AMBRA1,H00063,4287v1
N00963,RELN-VLDLR-PI3K signaling pathway,Reference,RELN -> VLDLR == DAB1 -> PI3K -> PIP3 -> AKT -| (TSC1+TSC2) -| RHEB -> MTOR -> S6K,nt06462 Spinocerebellar ataxia; nt06415 PI3K signaling,15,RELN;VLDLR;DAB1;PIK3CA;PIK3CB;PIK3CD;AKT1;AKT2;AKT3;TSC1;TSC2;RHEB;MTOR;RPS6KB1;RPS6KB2,,
N00964,DAB1-overexpression to RELN-VLDLR-PI3K signaling pathway,Variant,RELN -> VLDLR == DAB1* -> PI3K -> PIP3 -> AKT,nt06462 Spinocerebellar ataxia; nt06415 PI3K signaling,9,RELN;VLDLR;DAB1;PIK3CA;PIK3CB;PIK3CD;AKT1;AKT2;AKT3,H00063,1600v1
N00965,RORA-mediated transcription,Reference,"(RORA+KAT5) => (ITPR1,SLC1A6,GRM1)",nt06462 Spinocerebellar ataxia,5,RORA;KAT5;ITPR1;SLC1A6;GRM1,,
N00966,Mutation-caused aberrant ATXN1 to RORA-mediated transcription,Variant,"ATXN1* -| (RORA+KAT5) => (ITPR1,SLC1A6,GRM1)",nt06462 Spinocerebellar ataxia; nt06440 Transcription,6,ATXN1;RORA;KAT5;ITPR1;SLC1A6;GRM1,H00063,6310v1
N00967,VGCC-Ca2+ -apoptotic pathway,Reference,"Ca2+(extracellular) -- VGCC -> Ca2+ -- MCU -> Ca2+(mito) -- MPTP -> CYCS == APAF1 -> CASP9 -> (CASP3,CASP7)",nt06460 Alzheimer disease; nt06463 Parkinson disease; nt06461 Huntington disease; nt06462 Spinocerebellar ataxia; nt06465 Prion disease; nt06410 Calcium signaling,23,CACNA1S;CACNA1C;CACNA1D;CACNA1F;CACNA1A;CACNA1B;CACNA1E;CACNA1G;CACNA1H;CACNA1I;MCU;VDAC1;VDAC2;VDAC3;SLC25A4;SLC25A5;SLC25A6;SLC25A31;CYCS;APAF1;CASP9;CASP3;CASP7,,
N00968,Mutation-activated CACNA1A to VGCC-Ca2+ -apoptotic pathway,Variant,Ca2+(extracellular) -- CACNA1A* -> Ca2+,nt06462 Spinocerebellar ataxia; nt06410 Calcium signaling,1,CACNA1A,H00063,773v1
N00969,Mutation-inactivated CACNA1A to VGCC-Ca2- -apoptotic pathway,Variant,Ca2+(extracellular) // CACNA1A* // Ca2+,nt06462 Spinocerebellar ataxia; nt06410 Calcium signaling,1,CACNA1A,H00063,773v1
N00970,Transport of calcium,Reference,Glutamate -> NMDAR -> Ca2+,nt06460 Alzheimer disease; nt06461 Huntington disease; nt06462 Spinocerebellar ataxia; nt06465 Prion disease; nt06410 Calcium signaling,5,GRIN1;GRIN2A;GRIN2B;GRIN2C;GRIN2D,,
N00971,Mutation-caused aberrant PDYN to transport of calcium,Variant,PDYN* -> NMDAR -> Ca2+,nt06462 Spinocerebellar ataxia; nt06410 Calcium signaling,6,PDYN;GRIN1;GRIN2A;GRIN2B;GRIN2C;GRIN2D,H00063,5173v1
N00972,Transport of potassium,Reference,K+ -- KCNC -> K+(extracellular),nt06462 Spinocerebellar ataxia; nt06411 Potassium transport,4,KCNC1;KCNC2;KCNC3;KCNC4,,
N00973,Mutation-inactivated KCNC3 to transport of potassium,Variant,K+ // KCNC3* // K+(extracellular),nt06462 Spinocerebellar ataxia; nt06411 Potassium transport,1,KCNC3,H00063,3748v1
N00974,Transport of potassium,Reference,K+ -- KCND -> K+(extracellular),nt06462 Spinocerebellar ataxia; nt06411 Potassium transport,3,KCND1;KCND2;KCND3,,
N00975,Mutation-inactivated KCND3 to transport of potassium,Variant,K+ // KCND3* // K+(extracellular),nt06462 Spinocerebellar ataxia; nt06411 Potassium transport,1,KCND3,H00063,3752v1
N00976,Retrograde axonal transport,Reference,(DCTN+DNAH+DNAI+DNALI1+DNAL) == (TUBA+TUBB),nt06463 Parkinson disease; nt06464 Amyotrophic lateral sclerosis; nt06461 Huntington disease; nt06419 Microtubule-based transport,43,DCTN1;DCTN2;DCTN3;DCTN4;DCTN5;DCTN6;ACTR1A;ACTR1B;ACTR10;DNAH1;DNAH2;DNAH3;DNAH5;DNAH6;DNAH7;DNAH8;DNAH9;DNAH10;DNAH11;DNAH12;DNAH17;DNAI1;DNAI2;DNALI1;DNAL1;DNAL4;TUBA1A;TUBA1B;TUBA1C;TUBA3C;TUBA3D;TUBA3E;TUBA4A;TUBA8;TUBB;TUBB1;TUBB2A;TUBB2B;TUBB3;TUBB4A;TUBB4B;TUBB6;TUBB8,,
N00977,Mutation-caused aberrant Htt to retrograde axonal transport,Variant,(HTT*+HAP1) -| (DCTN+DNAH+DNAI+DNALI1+DNAL) == (TUBA+TUBB),nt06461 Huntington disease; nt06419 Microtubule-based transport,45,HTT;HAP1;DCTN1;DCTN2;DCTN3;DCTN4;DCTN5;DCTN6;ACTR1A;ACTR1B;ACTR10;DNAH1;DNAH2;DNAH3;DNAH5;DNAH6;DNAH7;DNAH8;DNAH9;DNAH10;DNAH11;DNAH12;DNAH17;DNAI1;DNAI2;DNALI1;DNAL1;DNAL4;TUBA1A;TUBA1B;TUBA1C;TUBA3C;TUBA3D;TUBA3E;TUBA4A;TUBA8;TUBB;TUBB1;TUBB2A;TUBB2B;TUBB3;TUBB4A;TUBB4B;TUBB6;TUBB8,H00059,3064v1
N00978,Anterograde axonal transport,Reference,(KIF5+KLC) == (TUBA+TUBB),nt06460 Alzheimer disease; nt06461 Huntington disease; nt06465 Prion disease; nt06419 Microtubule-based transport,24,KIF5A;KIF5B;KIF5C;KLC1;KLC2;KLC3;KLC4;TUBA1A;TUBA1B;TUBA1C;TUBA3C;TUBA3D;TUBA3E;TUBA4A;TUBA8;TUBB;TUBB1;TUBB2A;TUBB2B;TUBB3;TUBB4A;TUBB4B;TUBB6;TUBB8,,
N00979,Mutation-caused aberrant Htt to anterograde axonal transport,Variant,HTT* -> JNK3 -| (KIF5+KLC) == (TUBA+TUBB),nt06461 Huntington disease; nt06419 Microtubule-based transport,26,HTT;MAPK10;KIF5A;KIF5B;KIF5C;KLC1;KLC2;KLC3;KLC4;TUBA1A;TUBA1B;TUBA1C;TUBA3C;TUBA3D;TUBA3E;TUBA4A;TUBA8;TUBB;TUBB1;TUBB2A;TUBB2B;TUBB3;TUBB4A;TUBB4B;TUBB6;TUBB8,H00059,3064v1
N00980,Mutation-caused aberrant Htt to REST-mediated transcriptional repression,Variant,"HTT* // REST == (SIN3A+RCOR1+(HDAC1,HDAC2)) =| BDNF",nt06461 Huntington disease; nt06440 Transcription,7,HTT;REST;SIN3A;RCOR1;HDAC1;HDAC2;BDNF,H00059,3064v1
N00981,Mutation-caused aberrant Htt to CREB-mediated transcription,Variant,HTT* -| (CREB+TAF4) => PPARGC1A,nt06461 Huntington disease; nt06440 Transcription,13,HTT;CREB3;CREB1;ATF2;ATF6B;CREB3L4;ATF4;CREB3L2;CREB3L3;CREB3L1;CREB5;TAF4;PPARGC1A,H00059,3064v1
N00982,Mutation-caused aberrant Htt to p53-mediated transcription,Variant,"HTT* -> TP53 => (BAX,BBC3)",nt06461 Huntington disease; nt06440 Transcription,4,HTT;TP53;BAX;BBC3,H00059,3064v1
N00983,Mutation-caused aberrant Htt to extrinsic apoptotic pathway,Variant,HTT* // (HIP1+IFT57) -> CASP8 -> CASP3,nt06461 Huntington disease; nt06414 Apoptosis,5,HTT;HIP1;IFT57;CASP8;CASP3,H00059,3064v1
N00984,mGluR5-Ca2+ -apoptotic pathway,Reference,"Glutamate -> GRM5 -> GNAQ -> PLCB -> IP3 -> ITPR -> Ca2+ -- MCU -> Ca2+(mito) -- MPTP -> CYCS == APAF1 -> CASP9 -> (CASP3,CASP7)",nt06460 Alzheimer disease; nt06464 Amyotrophic lateral sclerosis; nt06461 Huntington disease; nt06462 Spinocerebellar ataxia; nt06465 Prion disease; nt06410 Calcium signaling,22,GRM5;GNAQ;PLCB1;PLCB2;PLCB3;PLCB4;ITPR1;ITPR2;ITPR3;MCU;VDAC1;VDAC2;VDAC3;SLC25A4;SLC25A5;SLC25A6;SLC25A31;CYCS;APAF1;CASP9;CASP3;CASP7,,
N00985,Mutation-caused aberrant Htt to mGluR5-Ca2+ -apoptotic pathway,Variant,"Glutamate -> GRM5 -> GNAQ -> PLCB -> IP3 -> (ITPR+HTT*) -> Ca2+ -- MCU -> Ca2+(mito) -- MPTP -> CYCS == APAF1 -> CASP9 -> (CASP3,CASP7)",nt06461 Huntington disease; nt06410 Calcium signaling,23,GRM5;GNAQ;PLCB1;PLCB2;PLCB3;PLCB4;ITPR1;ITPR2;ITPR3;HTT;MCU;VDAC1;VDAC2;VDAC3;SLC25A4;SLC25A5;SLC25A6;SLC25A31;CYCS;APAF1;CASP9;CASP3;CASP7,H00059,3064v1
N00986,Mutation-caused aberrant Htt to VGCC-Ca2+ -apoptotic pathway,Variant,HTT* -| STX1A -| VGCC(N-type) -> Ca2+,nt06461 Huntington disease; nt06410 Calcium signaling,3,HTT;STX1A;CACNA1B,H00059,3064v1
N00987,Mutation-caused aberrant Htt to transport of calcium,Variant,HTT* // DLG4 -> NMDAR -> Ca2+ -- MCU -> Ca2+(mito) -- MPTP -> CYCS == APAF1 -> CASP9 -> CASP3,nt06461 Huntington disease; nt06410 Calcium signaling,19,HTT;DLG4;GRIN1;GRIN2A;GRIN2B;GRIN2C;GRIN2D;MCU;VDAC1;VDAC2;VDAC3;SLC25A4;SLC25A5;SLC25A6;SLC25A31;CYCS;APAF1;CASP9;CASP3,H00059,3064v1
N00988,Electron transfer in Complex II,Reference,Succinate -- CxII -> QH2,nt06252 Mitochondrial ROS formation; nt06460 Alzheimer disease; nt06463 Parkinson disease; nt06461 Huntington disease; nt06418 Oxidative phosphorylation,4,SDHA;SDHB;SDHC;SDHD,,
N00989,Mutation-caused aberrant Htt to electron transfer in Complex II,Variant,HTT* -| CxII -> QH2,nt06461 Huntington disease; nt06418 Oxidative phosphorylation,5,HTT;SDHA;SDHB;SDHC;SDHD,H00059,3064v1
N00990,Electron transfer in Complex III,Reference,QH2 -- CxIII -> CytC,nt06252 Mitochondrial ROS formation; nt06463 Parkinson disease; nt06461 Huntington disease; nt06418 Oxidative phosphorylation,11,UQCRFS1;CYTB;CYC1;UQCRC1;UQCRC2;UQCRHL;UQCRH;UQCRB;UQCRQ;UQCR10;UQCR11,,
N00991,Mutation-caused aberrant Htt to electron transfer in Complex III,Variant,HTT* -| CxIII -> CytC,nt06461 Huntington disease; nt06418 Oxidative phosphorylation,12,HTT;UQCRFS1;CYTB;CYC1;UQCRC1;UQCRC2;UQCRHL;UQCRH;UQCRB;UQCRQ;UQCR10;UQCR11,H00059,3064v1
N00992,Mutation-caused aberrant Htt to TNF-JNK signaling pathway,Variant,HTT* -> MLK2 -> MKK7 -> JNK,nt06461 Huntington disease; nt06416 TNF signaling,6,HTT;MAP3K10;MAP2K7;MAPK8;MAPK9;MAPK10,H00059,3064v1
N00993,Mutation-caused aberrant Htt to autophagy-vesicle nucleation,Variant,HTT* -| (BECN1+PIK3C3+ATG14+PIK3R4+AMBRA1) -> PI3P,nt06461 Huntington disease; nt06413 Autophagy,6,HTT;BECN1;PIK3C3;ATG14;PIK3R4;AMBRA1,H00059,3064v1
N00994,AGE-RAGE signaling pathway,Reference,"AGE -> AGER -> RAS -> RAF -> MEK -> ERK -> NFKB => (TNF,IL6,NOS2)",nt06460 Alzheimer disease; nt06417 AGE-RAGE signaling,16,AGER;HRAS;KRAS;NRAS;ARAF;BRAF;RAF1;MAP2K1;MAP2K2;MAPK1;MAPK3;NFKB1;RELA;TNF;IL6;NOS2,,
N00995,Electron transfer in Complex I,Reference,NADH -- CxI -> Q,nt06460 Alzheimer disease; nt06463 Parkinson disease; nt06464 Amyotrophic lateral sclerosis; nt06418 Oxidative phosphorylation,44,ND1;ND2;ND3;ND4;ND5;ND6;NDUFS1;NDUFS2;NDUFS3;NDUFS4;NDUFS5;NDUFS6;NDUFS7;NDUFS8;NDUFV1;NDUFV2;NDUFV3;NDUFA1;NDUFA2;NDUFA3;NDUFA4;NDUFA5;NDUFA6;NDUFA7;NDUFA8;NDUFA9;NDUFA10;NDUFAB1;NDUFA11;NDUFA12;NDUFA13;NDUFB1;NDUFB2;NDUFB3;NDUFB4;NDUFB5;NDUFB6;NDUFB7;NDUFB8;NDUFB9;NDUFB10;NDUFB11;NDUFC1;NDUFC2,,
N00996,Mutation-caused aberrant Abeta to AGE-RAGE signaling pathway,Variant,"APP* -> Abeta -> AGER -> RAS -> RAF -> MEK -> ERK -> NFKB => (TNF,IL6,NOS2)",nt06460 Alzheimer disease; nt06417 AGE-RAGE signaling,17,APP;AGER;HRAS;KRAS;NRAS;ARAF;BRAF;RAF1;MAP2K1;MAP2K2;MAPK1;MAPK3;NFKB1;RELA;TNF;IL6;NOS2,H00056,351v1
N00997,Mutation-caused aberrant Abeta to electron transfer in Complex I,Variant,APP* -> Abeta -> CHRNA7 -> Ca2+ -> CAPN -> CDK5R1 == CDK5 -> MAPT -| CxI -> Q,nt06460 Alzheimer disease; nt06418 Oxidative phosphorylation,51,APP;CHRNA7;CAPN1;CAPN2;CDK5R1;CDK5;MAPT;ND1;ND2;ND3;ND4;ND5;ND6;NDUFS1;NDUFS2;NDUFS3;NDUFS4;NDUFS5;NDUFS6;NDUFS7;NDUFS8;NDUFV1;NDUFV2;NDUFV3;NDUFA1;NDUFA2;NDUFA3;NDUFA4;NDUFA5;NDUFA6;NDUFA7;NDUFA8;NDUFA9;NDUFA10;NDUFAB1;NDUFA11;NDUFA12;NDUFA13;NDUFB1;NDUFB2;NDUFB3;NDUFB4;NDUFB5;NDUFB6;NDUFB7;NDUFB8;NDUFB9;NDUFB10;NDUFB11;NDUFC1;NDUFC2,H00056,351v1
N00998,Electron transfer in Complex IV,Reference,CytC -- CxIV -> H2O,nt06252 Mitochondrial ROS formation; nt06460 Alzheimer disease; nt06418 Oxidative phosphorylation,19,COX3;COX1;COX2;COX4I1;COX4I2;COX5A;COX5B;COX6A1;COX6A2;COX6B1;COX6B2;COX6C;COX7A1;COX7A2;COX7A2L;COX7B;COX7C;COX8A;COX8C,,
N00999,Mutation-caused aberrant Abeta to electron transfer in Complex IV,Variant,APP* -> Abeta -| CxIV -> H2O,nt06460 Alzheimer disease; nt06418 Oxidative phosphorylation,20,APP;COX3;COX1;COX2;COX4I1;COX4I2;COX5A;COX5B;COX6A1;COX6A2;COX6B1;COX6B2;COX6C;COX7A1;COX7A2;COX7A2L;COX7B;COX7C;COX8A;COX8C,H00056,351v1
N01000,mAChR-Ca2+ -apoptotic pathway,Reference,ACh -> mAChR -> GNAQ -> PLCB -> IP3 -> ITPR -> Ca2+ -- MCU -> Ca2+(mito) -- MPTP -> CYCS,nt06460 Alzheimer disease; nt06410 Calcium signaling,20,CHRM1;CHRM3;CHRM5;GNAQ;PLCB1;PLCB2;PLCB3;PLCB4;ITPR1;ITPR2;ITPR3;MCU;VDAC1;VDAC2;VDAC3;SLC25A4;SLC25A5;SLC25A6;SLC25A31;CYCS,,
N01001,Mutation-caused aberrant Abeta to mAchR-Ca2+ -apoptotic pathway,Variant,APP* -> Abeta -> mAChR -> GNAQ -> PLCB -> IP3 -> ITPR -> Ca2+ -- MCU -> Ca2+(mito) -- MPTP -> CYCS,nt06460 Alzheimer disease; nt06410 Calcium signaling,21,APP;CHRM1;CHRM3;CHRM5;GNAQ;PLCB1;PLCB2;PLCB3;PLCB4;ITPR1;ITPR2;ITPR3;MCU;VDAC1;VDAC2;VDAC3;SLC25A4;SLC25A5;SLC25A6;SLC25A31;CYCS,H00056,351v1
N01002,Mutation-caused aberrant Abeta to mGluR5-Ca2+ -apoptotic pathway,Variant,APP* -> Abeta -> GRM5 -> GNAQ -> PLCB -> IP3 -> ITPR -> Ca2+ -- MCU -> Ca2+(mito) -- MPTP -> CYCS == APAF1 -> CASP9 -> CASP3,nt06460 Alzheimer disease; nt06410 Calcium signaling,22,APP;GRM5;GNAQ;PLCB1;PLCB2;PLCB3;PLCB4;ITPR1;ITPR2;ITPR3;MCU;VDAC1;VDAC2;VDAC3;SLC25A4;SLC25A5;SLC25A6;SLC25A31;CYCS;APAF1;CASP9;CASP3,H00056,351v1
N01003,Mutation-caused aberrant Abeta to transport of calcium,Variant,APP* -> Abeta -> NMDAR -> Ca2+ -- MCU -> Ca2+(mito) -- MPTP -> CYCS,nt06460 Alzheimer disease; nt06410 Calcium signaling,15,APP;GRIN1;GRIN2A;GRIN2B;GRIN2C;GRIN2D;MCU;VDAC1;VDAC2;VDAC3;SLC25A4;SLC25A5;SLC25A6;SLC25A31;CYCS,H00056,351v1
N01004,Mutation-caused aberrant Abeta to VGCC-Ca2+ -apoptotic pathway,Variant,APP* -> Abeta -> VGCC(L-type) -> Ca2+ -- MCU -> Ca2+(mito) -- MPTP -> CYCS,nt06460 Alzheimer disease; nt06410 Calcium signaling,14,APP;CACNA1C;CACNA1D;CACNA1F;CACNA1S;MCU;VDAC1;VDAC2;VDAC3;SLC25A4;SLC25A5;SLC25A6;SLC25A31;CYCS,H00056,351v1
N01005,Mutation-caused aberrant Abeta to crosstalk between extrinsic and intrinsic apoptotic pathways,Variant,"APP* -> Abeta -> FAS -> FADD -> CASP8 -> BID -> (BAX,BAK1) -> CYCS == APAF1 -> CASP9 -> CASP3",nt06460 Alzheimer disease; nt06414 Apoptosis,11,APP;FAS;FADD;CASP8;BID;BAX;BAK1;CYCS;APAF1;CASP9;CASP3,H00056,351v1
N01006,Mutation-caused aberrant Abeta to VGCC-Ca2+ -apoptotic pathway,Variant,APP* -> Abeta -> PPID -> MPTP -> CYCS,nt06460 Alzheimer disease; nt06410 Calcium signaling,10,APP;PPID;VDAC1;VDAC2;VDAC3;SLC25A4;SLC25A5;SLC25A6;SLC25A31;CYCS,H00056,351v1
N01007,Mutation-caused aberrant PSEN to mGluR5-Ca2+ -apoptotic pathway,Variant,"(PSEN1*,PSEN2*) -> RYR3 -> Ca2+ -- MCU -> Ca2+(mito) -- MPTP -> CYCS == APAF1 -> CASP9 -> (CASP3,CASP7)",nt06460 Alzheimer disease; nt06410 Calcium signaling,16,PSEN1;PSEN2;RYR3;MCU;VDAC1;VDAC2;VDAC3;SLC25A4;SLC25A5;SLC25A6;SLC25A31;CYCS;APAF1;CASP9;CASP3;CASP7,H00056,5663v1;5664v1
N01008,Mutation-caused aberrant PSEN1 to mGluR5-Ca2+ -apoptotic pathway,Variant,PSEN1* -> ITPR -> Ca2+ -- MCU -> Ca2+(mito) -- MPTP -> CYCS,nt06460 Alzheimer disease; nt06410 Calcium signaling,13,PSEN1;ITPR1;ITPR2;ITPR3;MCU;VDAC1;VDAC2;VDAC3;SLC25A4;SLC25A5;SLC25A6;SLC25A31;CYCS,H00056,5663v1
N01009,PERK-ATF4 signaling pathway,Reference,EIF2AK3 -> EIF2S1 -> ATF4 => DDIT3,nt06460 Alzheimer disease; nt06463 Parkinson disease; nt06464 Amyotrophic lateral sclerosis; nt06465 Prion disease; nt06412 Unfolded protein response (UPR) signaling,4,EIF2AK3;EIF2S1;ATF4;DDIT3,,
N01010,Mutation-caused aberrant PSEN1 to PERK-ATF4 signaling pathway,Variant,PSEN1* -| EIF2AK3 -> EIF2S1 -> ATF4 => DDIT3,nt06460 Alzheimer disease; nt06412 Unfolded protein response (UPR) signaling,5,PSEN1;EIF2AK3;EIF2S1;ATF4;DDIT3,H00056,5663v1
N01011,IRE1a-XBP1 signaling pathway,Reference,ERN1 -> XBP1 => DDIT3,nt06460 Alzheimer disease; nt06463 Parkinson disease; nt06464 Amyotrophic lateral sclerosis; nt06412 Unfolded protein response (UPR) signaling,3,ERN1;XBP1;DDIT3,,
N01012,Mutation-caused aberrant PSEN1 to IRE1a-XBP1 signaling pathway,Variant,PSEN1* -| ERN1 -> XBP1,nt06460 Alzheimer disease; nt06412 Unfolded protein response (UPR) signaling,3,PSEN1;ERN1;XBP1,H00056,5663v1
N01013,IRE1a-JNK signaling pathway,Reference,ERN1 -> TRAF2 -> MAP3K5 -> MAP2K7 -> JNK,nt06460 Alzheimer disease; nt06412 Unfolded protein response (UPR) signaling,7,ERN1;TRAF2;MAP3K5;MAP2K7;MAPK8;MAPK9;MAPK10,,
N01014,Mutation-caused aberrant Abeta to IRE1a-JNK signaling pathway,Variant,APP* -> Abeta -> MAP3K5 -> MAP2K7 -> JNK,nt06460 Alzheimer disease; nt06412 Unfolded protein response (UPR) signaling,6,APP;MAP3K5;MAP2K7;MAPK8;MAPK9;MAPK10,H00056,351v1
N01015,ATF6-mediated transcription,Reference,"ATF6 => (DDIT3,XBP1,HSPA5)",nt06460 Alzheimer disease; nt06463 Parkinson disease; nt06464 Amyotrophic lateral sclerosis; nt06412 Unfolded protein response (UPR) signaling,4,ATF6;DDIT3;XBP1;HSPA5,,
N01016,Mutation-caused aberrant PSEN1 to ATF6-mediated transcription,Variant,"PSEN1* -| ATF6 => (DDIT3,XBP1)",nt06460 Alzheimer disease; nt06412 Unfolded protein response (UPR) signaling,4,PSEN1;ATF6;DDIT3;XBP1,H00056,5663v1
N01017,Mutation-caused aberrant PSEN1 to anterograde axonal transport,Variant,PSEN1* -> GSK3B -| (KIF5+KLC),nt06460 Alzheimer disease; nt06419 Microtubule-based transport,9,PSEN1;GSK3B;KIF5A;KIF5B;KIF5C;KLC1;KLC2;KLC3;KLC4,H00056,5663v1
N01018,Mutation-caused aberrant Abeta to anterograde axonal transport,Variant,APP* -> Abeta -> CHRNA7 -> Ca2+ -> CAPN -> CDK5R1 == CDK5 -> MAPT -| (TUBA+TUBB),nt06460 Alzheimer disease; nt06419 Microtubule-based transport,24,APP;CHRNA7;CAPN1;CAPN2;CDK5R1;CDK5;MAPT;TUBA1A;TUBA1B;TUBA1C;TUBA3C;TUBA3D;TUBA3E;TUBA4A;TUBA8;TUBB;TUBB1;TUBB2A;TUBB2B;TUBB3;TUBB4A;TUBB4B;TUBB6;TUBB8,H00056,351v1
N01019,Parkin-mediated ubiquitination,Reference,UBCH7/8 == PRKN -| alphaSp22,nt06463 Parkinson disease; nt06420 Ubiquitin-proteasome system,4,UBE2L3;UBE2L6;PRKN;SNCA,,
N01020,Mutation-inactivated PRKN to Parkin-mediated ubiquitination,Variant,UBCH7/8 // PRKN* // alphaSp22,nt06463 Parkinson disease; nt06420 Ubiquitin-proteasome system,4,UBE2L3;UBE2L6;PRKN;SNCA,H00057,5071v1
N01021,Parkin-mediated ubiquitination,Reference,UBCH7/8 == PRKN -| PAELR,nt06463 Parkinson disease; nt06420 Ubiquitin-proteasome system,4,UBE2L3;UBE2L6;PRKN;GPR37,,
N01022,Mutation-inactivated PRKN to Parkin-mediated ubiquitination,Variant,UBCH7/8 // PRKN* // PAELR,nt06463 Parkinson disease; nt06420 Ubiquitin-proteasome system,4,UBE2L3;UBE2L6;PRKN;GPR37,H00057,5071v1
N01023,Parkin-mediated ubiquitination,Reference,UBCH7/8 == PRKN -| CDCREL1,nt06463 Parkinson disease; nt06420 Ubiquitin-proteasome system,4,UBE2L3;UBE2L6;PRKN;SEPTIN5,,
N01024,Mutation-inactivated PRKN to Parkin-mediated ubiquitination,Variant,UBCH7/8 // PRKN* // CDCREL1,nt06463 Parkinson disease; nt06420 Ubiquitin-proteasome system,4,UBE2L3;UBE2L6;PRKN;SEPTIN5,H00057,5071v1
N01025,Parkin-mediated ubiquitination,Reference,UBCH7/8 == PRKN -| SYPH1,nt06463 Parkinson disease; nt06420 Ubiquitin-proteasome system,4,UBE2L3;UBE2L6;PRKN;SNCAIP,,
N01026,Mutation-inactivated PRKN to Parkin-mediated ubiquitination,Variant,UBCH7/8 // PRKN* // SYPH1,nt06463 Parkinson disease; nt06420 Ubiquitin-proteasome system,4,UBE2L3;UBE2L6;PRKN;SNCAIP,H00057,5071v1
N01027,UCHL1-mediated hydrolysis,Reference,UB(chain) -- UCHL1 -> UB(free),nt06463 Parkinson disease; nt06420 Ubiquitin-proteasome system,5,RPS27A;UBA52;UBB;UBC;UCHL1,,
N01028,Mutation-inactivated UCHL1 to UCHL1-mediated hydrolysis,Variant,UB(chain) // UCHL1* // UB(free),nt06463 Parkinson disease; nt06420 Ubiquitin-proteasome system,5,RPS27A;UBA52;UBB;UBC;UCHL1,H00057,7345v1
N01029,26S proteasome-mediated protein degradation,Reference,(Protein+UB) -- 26S -> Peptide,nt06460 Alzheimer disease; nt06463 Parkinson disease; nt06464 Amyotrophic lateral sclerosis; nt06461 Huntington disease; nt06465 Prion disease; nt06420 Ubiquitin-proteasome system,39,RPS27A;UBA52;UBB;UBC;PSMA6;PSMA2;PSMA4;PSMA7;PSMA8;PSMA5;PSMA1;PSMA3;PSMB6;PSMB7;PSMB3;PSMB2;PSMB5;PSMB1;PSMB4;PSMC2;PSMC1;PSMC4;PSMC6;PSMC3;PSMC5;PSMD2;PSMD1;PSMD3;PSMD9;PSMD12;PSMD11;PSMD6;PSMD7;PSMD13;PSMD4;PSMD14;PSMD8;ADRM1;SEM1,,
N01030,Mutation-caused aberrant SNCA to 26S proteasome-mediated protein degradation,Variant,SNCA* -| 26S,nt06463 Parkinson disease; nt06420 Ubiquitin-proteasome system,36,SNCA;PSMA6;PSMA2;PSMA4;PSMA7;PSMA8;PSMA5;PSMA1;PSMA3;PSMB6;PSMB7;PSMB3;PSMB2;PSMB5;PSMB1;PSMB4;PSMC2;PSMC1;PSMC4;PSMC6;PSMC3;PSMC5;PSMD2;PSMD1;PSMD3;PSMD9;PSMD12;PSMD11;PSMD6;PSMD7;PSMD13;PSMD4;PSMD14;PSMD8;ADRM1;SEM1,H00057,6622v1
N01031,Mutation-caused aberrant SNCA to VGCC-Ca2+ -apoptotic pathway,Variant,Ca2+(extracellular) -- SNCA* -> Ca2+ -- MCU -> Ca2+(mito) -- MPTP -> CYCS == APAF1 -> CASP9 -> CASP3,nt06463 Parkinson disease; nt06410 Calcium signaling,13,SNCA;MCU;VDAC1;VDAC2;VDAC3;SLC25A4;SLC25A5;SLC25A6;SLC25A31;CYCS;APAF1;CASP9;CASP3,H00057,6622v1
N01032,Mutation-inactivated PRKN to mGluR1 signaling pathway,Variant,PRKN* -> PLCG1 -> IP3 -> ITPR -> Ca2+,nt06463 Parkinson disease; nt06410 Calcium signaling,5,PRKN;PLCG1;ITPR1;ITPR2;ITPR3,H00057,5071v1
N01033,Mutation-caused aberrant SNCA to ATF6-mediated transcription,Variant,SNCA* -| BIP -| ATF6 => DDIT3,nt06463 Parkinson disease; nt06412 Unfolded protein response (UPR) signaling,4,SNCA;HSPA5;ATF6;DDIT3,H00057,6622v1
N01034,Mutation-caused aberrant SNCA to IRE1a-XBP1 signaling pathway,Variant,SNCA* -| BIP -| ERN1 -> XBP1,nt06463 Parkinson disease; nt06412 Unfolded protein response (UPR) signaling,4,SNCA;HSPA5;ERN1;XBP1,H00057,6622v1
N01035,Mutation-caused aberrant SNCA to PERK-ATF4 signaling pathway,Variant,SNCA* -| BIP -| EIF2AK3 -> EIF2S1 -> ATF4 => DDIT3,nt06463 Parkinson disease; nt06412 Unfolded protein response (UPR) signaling,6,SNCA;HSPA5;EIF2AK3;EIF2S1;ATF4;DDIT3,H00057,6622v1
N01037,Mutation-caused aberrant SNCA to L-DOPA generation,Variant,SNCA* // TH -> L-Dopa,nt06463 Parkinson disease; nt06422 Dopamine metabolism,2,SNCA;TH,H00057,6622v1
N01039,Mutation-inactivated PRKN to DOPAL generation,Variant,PRKN* // MAO -> DOPAL,nt06463 Parkinson disease; nt06422 Dopamine metabolism,3,PRKN;MAOA;MAOB,H00057,5071v1
N01040,Transport of dopamine to synaptic vesicle,Reference,DA -- VMAT -> DA(SV),nt06463 Parkinson disease; nt06422 Dopamine metabolism,2,SLC18A1;SLC18A2,,
N01041,Mutation-caused aberrant SNCA to transport of dopamine,Variant,SNCA* -| VMAT2,nt06463 Parkinson disease; nt06422 Dopamine metabolism,2,SNCA;SLC18A2,H00057,6622v1
N01042,Mutation-caused aberrant SNCA to electron transfer in Complex I,Variant,SNCA* -| CxI -> Q,nt06463 Parkinson disease; nt06418 Oxidative phosphorylation,45,SNCA;ND1;ND2;ND3;ND4;ND5;ND6;NDUFS1;NDUFS2;NDUFS3;NDUFS4;NDUFS5;NDUFS6;NDUFS7;NDUFS8;NDUFV1;NDUFV2;NDUFV3;NDUFA1;NDUFA2;NDUFA3;NDUFA4;NDUFA5;NDUFA6;NDUFA7;NDUFA8;NDUFA9;NDUFA10;NDUFAB1;NDUFA11;NDUFA12;NDUFA13;NDUFB1;NDUFB2;NDUFB3;NDUFB4;NDUFB5;NDUFB6;NDUFB7;NDUFB8;NDUFB9;NDUFB10;NDUFB11;NDUFC1;NDUFC2,H00057,6622v1
N01043,Mutation-inactivated PINK1 to electron transfer in Complex I,Variant,PINK1* -| CxI -> Q,nt06463 Parkinson disease; nt06418 Oxidative phosphorylation,45,PINK1;ND1;ND2;ND3;ND4;ND5;ND6;NDUFS1;NDUFS2;NDUFS3;NDUFS4;NDUFS5;NDUFS6;NDUFS7;NDUFS8;NDUFV1;NDUFV2;NDUFV3;NDUFA1;NDUFA2;NDUFA3;NDUFA4;NDUFA5;NDUFA6;NDUFA7;NDUFA8;NDUFA9;NDUFA10;NDUFAB1;NDUFA11;NDUFA12;NDUFA13;NDUFB1;NDUFB2;NDUFB3;NDUFB4;NDUFB5;NDUFB6;NDUFB7;NDUFB8;NDUFB9;NDUFB10;NDUFB11;NDUFC1;NDUFC2,H00057,65018v1
N01044,MPP+ to electron transfer in Complex I,Env factor,MPP+ -| CxI -> Q,nt06463 Parkinson disease; nt06418 Oxidative phosphorylation,44,ND1;ND2;ND3;ND4;ND5;ND6;NDUFS1;NDUFS2;NDUFS3;NDUFS4;NDUFS5;NDUFS6;NDUFS7;NDUFS8;NDUFV1;NDUFV2;NDUFV3;NDUFA1;NDUFA2;NDUFA3;NDUFA4;NDUFA5;NDUFA6;NDUFA7;NDUFA8;NDUFA9;NDUFA10;NDUFAB1;NDUFA11;NDUFA12;NDUFA13;NDUFB1;NDUFB2;NDUFB3;NDUFB4;NDUFB5;NDUFB6;NDUFB7;NDUFB8;NDUFB9;NDUFB10;NDUFB11;NDUFC1;NDUFC2,H00057,
N01045,Rotenone to electron transfer in Complex I,Env factor,Rotenone -| CxI -> Q,nt06463 Parkinson disease; nt06418 Oxidative phosphorylation,44,ND1;ND2;ND3;ND4;ND5;ND6;NDUFS1;NDUFS2;NDUFS3;NDUFS4;NDUFS5;NDUFS6;NDUFS7;NDUFS8;NDUFV1;NDUFV2;NDUFV3;NDUFA1;NDUFA2;NDUFA3;NDUFA4;NDUFA5;NDUFA6;NDUFA7;NDUFA8;NDUFA9;NDUFA10;NDUFAB1;NDUFA11;NDUFA12;NDUFA13;NDUFB1;NDUFB2;NDUFB3;NDUFB4;NDUFB5;NDUFB6;NDUFB7;NDUFB8;NDUFB9;NDUFB10;NDUFB11;NDUFC1;NDUFC2,H00057,
N01046,Maneb to electron transfer in Complex III,Env factor,Maneb -| CxIII -> CytC,nt06463 Parkinson disease; nt06418 Oxidative phosphorylation,11,UQCRFS1;CYTB;CYC1;UQCRC1;UQCRC2;UQCRHL;UQCRH;UQCRB;UQCRQ;UQCR10;UQCR11,H00057,
N01047,Mutation-activated LRRK2 to intrinsic apoptotic pathway,Variant,LRRK2* -> CYCS == APAF1 -> CASP9 -> CASP3,nt06463 Parkinson disease; nt06414 Apoptosis,5,LRRK2;CYCS;APAF1;CASP9;CASP3,H00057,120892v1
N01048,Mutation-inactivated PINK1 to intrinsic apoptotic pathway,Variant,"PINK1* // (HTRA2,TRAP1) // CYCS == APAF1 -> CASP9 -> CASP3",nt06463 Parkinson disease; nt06414 Apoptosis,7,PINK1;HTRA2;TRAP1;CYCS;APAF1;CASP9;CASP3,H00057,65018v1
N01049,Mutation-inactivated PRKN to intrinsic apoptotic pathway,Variant,PRKN* // BAX -> CYCS == APAF1 -> CASP9 -> CASP3,nt06463 Parkinson disease; nt06414 Apoptosis,6,PRKN;BAX;CYCS;APAF1;CASP9;CASP3,H00057,5071v1
N01050,Mutation-inactivated PINK1 to intrinsic apoptotic pathway,Variant,PINK1* // PRKN // BAX -> CYCS == APAF1 -> CASP9 -> CASP3,nt06463 Parkinson disease; nt06414 Apoptosis,7,PINK1;PRKN;BAX;CYCS;APAF1;CASP9;CASP3,H00057,65018v1
N01051,Mutation-inactivated DJ1 to intrinsic apoptotic pathway,Variant,DJ1* // BCL2L1 // BAX,nt06463 Parkinson disease; nt06414 Apoptosis,3,PARK7;BCL2L1;BAX,H00057,11315v1
N01052,PINK1-Parkin-mediated MFN2 degradation,Reference,PINK1 -> PRKN -| MFN1/2,nt06463 Parkinson disease; nt06421 Mitophagy,4,PINK1;PRKN;MFN1;MFN2,,
N01053,Mutation-inactivated PINK1 to PINK1-Parkin-mediated MFN2 degradation,Variant,PINK1* // PRKN // MFN1/2,nt06463 Parkinson disease; nt06421 Mitophagy,4,PINK1;PRKN;MFN1;MFN2,H00057,65018v1
N01054,Mutation-inactivated PRKN to PINK1-Parkin-mediated MFN2 degradation,Variant,PRKN* // MFN1/2,nt06463 Parkinson disease; nt06421 Mitophagy,3,PRKN;MFN1;MFN2,H00057,5071v1
N01055,Mutation-caused aberrant SNCA to anterograde axonal transport,Variant,SNCA* -| (KIF5+KLC) // (TUBA+TUBB),nt06463 Parkinson disease; nt06419 Microtubule-based transport,25,SNCA;KIF5A;KIF5B;KIF5C;KLC1;KLC2;KLC3;KLC4;TUBA1A;TUBA1B;TUBA1C;TUBA3C;TUBA3D;TUBA3E;TUBA4A;TUBA8;TUBB;TUBB1;TUBB2A;TUBB2B;TUBB3;TUBB4A;TUBB4B;TUBB6;TUBB8,H00057,6622v1
N01056,FAS-JNK signaling pathway,Reference,FASLG -> FAS -> (DAXX+ASK1) -> JNK,nt06463 Parkinson disease; nt06414 Apoptosis,7,FASLG;FAS;DAXX;MAP3K5;MAPK8;MAPK9;MAPK10,,
N01057,Mutation-inactivated DJ1 to FAS-JNK signaling patwhay,Variant,DJ1* // (DAXX+ASK1) -> JNK,nt06463 Parkinson disease; nt06414 Apoptosis,6,PARK7;DAXX;MAP3K5;MAPK8;MAPK9;MAPK10,H00057,11315v1
N01058,Mutation-inactivated DJ1 to to p53-mediated transcription,Variant,DJ1* // TP53 => DUSP1,nt06463 Parkinson disease; nt06440 Transcription,3,PARK7;TP53;DUSP1,H00057,11315v1
N01059,Mutation-inactivated DJ1 to KEAP1-NRF2 signaling pathway,Variant,DJ1* // NRF2 // TRX1,nt06463 Parkinson disease; nt06440 Transcription,3,PARK7;NFE2L2;TXN,H00057,11315v1
N01060,Mutation-caused aberrant Abeta to 26S proteasome-mediated protein degradation,Variant,APP* -> Abeta -| 26S,nt06460 Alzheimer disease; nt06420 Ubiquitin-proteasome system,36,APP;PSMA6;PSMA2;PSMA4;PSMA7;PSMA8;PSMA5;PSMA1;PSMA3;PSMB6;PSMB7;PSMB3;PSMB2;PSMB5;PSMB1;PSMB4;PSMC2;PSMC1;PSMC4;PSMC6;PSMC3;PSMC5;PSMD2;PSMD1;PSMD3;PSMD9;PSMD12;PSMD11;PSMD6;PSMD7;PSMD13;PSMD4;PSMD14;PSMD8;ADRM1;SEM1,H00056,351v1
N01061,Mutation-caused aberrant Htt to 26S proteasome-mediated protein degradation,Variant,HTT* -| 26S,nt06461 Huntington disease; nt06420 Ubiquitin-proteasome system,36,HTT;PSMA6;PSMA2;PSMA4;PSMA7;PSMA8;PSMA5;PSMA1;PSMA3;PSMB6;PSMB7;PSMB3;PSMB2;PSMB5;PSMB1;PSMB4;PSMC2;PSMC1;PSMC4;PSMC6;PSMC3;PSMC5;PSMD2;PSMD1;PSMD3;PSMD9;PSMD12;PSMD11;PSMD6;PSMD7;PSMD13;PSMD4;PSMD14;PSMD8;ADRM1;SEM1,H00059,3064v1
N01062,Mutation-activated MET to RAS-ERK signaling pathway,Variant,MET* -> GRB2 -> SOS -> RAS -> RAF -> MEK -> ERK,nt06266 Non-small cell lung cancer; nt06210 ERK signaling,14,MET;GRB2;SOS1;SOS2;HRAS;KRAS;NRAS;ARAF;BRAF;RAF1;MAP2K1;MAP2K2;MAPK1;MAPK3,H00014,4233v4
N01063,Mutation-activated MET to PI3K signaling pathway,Variant,MET* -> GAB1 -> PI3K -> PIP3 -> AKT -> MTOR,nt06266 Non-small cell lung cancer; nt06214 PI3K signaling,9,MET;GAB1;PIK3CA;PIK3CB;PIK3CD;AKT1;AKT2;AKT3;MTOR,H00014,4233v4
N01064,Mutation-activated RET to RAS-ERK signaling pathway,Variant,RET* -> RAS -> RAF -> MEK -> ERK,nt06210 ERK signaling,11,RET;HRAS;KRAS;NRAS;ARAF;BRAF;RAF1;MAP2K1;MAP2K2;MAPK1;MAPK3,H00032,5979v2
N01065,Mutation-activated RET to PI3K signaling pathway,Variant,RET* -> PI3K -> PIP3 -> AKT -> MTOR,nt06214 PI3K signaling,8,RET;PIK3CA;PIK3CB;PIK3CD;AKT1;AKT2;AKT3;MTOR,H00032,5979v2
N01066,ARNO-ARF-ACTB_G signaling pathway,Reference,"ARNO -> ARF6 -> ARF1 -> (WASF+ABI1+HSPC300+CYFIP+NCKAP1) -> ARP2/3 -> (ACTB,ACTG1)",nt06135 Cytoskeletal regulation (viruses and bacteria),25,CYTH4;CYTH3;CYTH2;CYTH1;ARF6;ARF1;WASF2;WASF3;WASF1;ABI1;BRK1;CYFIP1;CYFIP2;NCKAP1;ACTR2;ACTR3;ARPC1A;ARPC1B;ARPC2;ARPC3;ARPC4;ARPC5;ARPC5L;ACTB;ACTG1,,
N01067,Shigella IpgD to ARNO-ARF-ACTB_G signaling pathway,Pathogen,"IpgD -> PI(5)P -> PI3K -> PIP3 -> ARNO -> ARF6 -> ARF1 -> (WASF+ABI1+HSPC300+CYFIP+NCKAP1) -> ARP2/3 -> (ACTB,ACTG1)",nt06135 Cytoskeletal regulation (viruses and bacteria),29,PIK3CA;PIK3CB;PIK3CD;CYTH4;CYTH3;CYTH2;CYTH1;ARF6;ARF1;WASF2;WASF3;WASF1;ABI1;BRK1;CYFIP1;CYFIP2;NCKAP1;NCKAP1L;ACTR2;ACTR3;ARPC1A;ARPC1B;ARPC2;ARPC3;ARPC4;ARPC5;ARPC5L;ACTB;ACTG1,H00299,
N01068,ITGA/B-FAK-RAC signaling pathway,Reference,"FN1 -> (ITGA+ITGB) -> (SRC,PTK2) -> (PXN,CRK+BCAR1) -> (DOCK1+ELMO1) -> RAC",nt06135 Cytoskeletal regulation (viruses and bacteria),30,FN1;ITGA1;ITGA2;ITGA2B;ITGA3;ITGA4;ITGA5;ITGA7;ITGA8;ITGA9;ITGA10;ITGA11;ITGAV;ITGB1;ITGB3;ITGB4;ITGB5;ITGB6;ITGB7;ITGB8;SRC;PTK2;PXN;CRK;BCAR1;DOCK1;ELMO1;RAC1;RAC2;RAC3,,
N01069,Shigella IpgB1 to ITGA/B-FAK-RAC signaling pathway,Pathogen,IpgB1 -> RAC1,nt06135 Cytoskeletal regulation (viruses and bacteria),1,RAC1,H00299,
N01070,ITGA/B-FAK-CDC42 signaling pathway,Reference,"FN1 -> (ITGA+ITGB) -> (SRC,PTK2) -> PXN -> (GIT2+ARHGEF7) -> CDC42",nt06135 Cytoskeletal regulation (viruses and bacteria),26,FN1;ITGA1;ITGA2;ITGA2B;ITGA3;ITGA4;ITGA5;ITGA7;ITGA8;ITGA9;ITGA10;ITGA11;ITGAV;ITGB1;ITGB3;ITGB4;ITGB5;ITGB6;ITGB7;ITGB8;SRC;PTK2;PXN;GIT2;ARHGEF7;CDC42,,
N01071,Shigella IpgB1 to ITGA/B-FAK-CDC42 signaling pathway,Pathogen,IpgB1 -> CDC42,nt06135 Cytoskeletal regulation (viruses and bacteria),1,CDC42,H00299,
N01072,ITGA/B-RhoGEF-RhoA signaling pathway,Reference,FN1 -> (ITGA+ITGB) -> PTK2 -> ARHGEF28 -> RHOA,nt06135 Cytoskeletal regulation (viruses and bacteria),23,FN1;ITGA1;ITGA2;ITGA2B;ITGA3;ITGA4;ITGA5;ITGA7;ITGA8;ITGA9;ITGA10;ITGA11;ITGAV;ITGB1;ITGB3;ITGB4;ITGB5;ITGB6;ITGB7;ITGB8;PTK2;ARHGEF28;RHOA,,
N01073,Shigella IpgB2 to ITGA/B-RhoGEF-RhoA signaling pathway,Pathogen,IpgB2 -> RHOA,nt06135 Cytoskeletal regulation (viruses and bacteria),1,RHOA,H00299,
N01074,Shigella IpaA to ITGA/B-RhoGEF-RhoA signaling pathway,Pathogen,IpaA -> RHOA -> ROCK1/2 -> MLC,nt06135 Cytoskeletal regulation (viruses and bacteria),11,RHOA;ROCK1;ROCK2;MYL12B;MYL9;MYL12A;MYLPF;MYL2;MYL5;MYL7;MYL10,H00299,
N01075,Shigella IcsB to ITGA/B-RhoGEF-RhoA signaling pathway,Pathogen,IcsB -| RHOA,nt06135 Cytoskeletal regulation (viruses and bacteria),1,RHOA,H00299,
N01076,Shigella IcsB to ITGA/B-FAK-CDC42 signaling pathway,Pathogen,IcsB -| CDC42,nt06135 Cytoskeletal regulation (viruses and bacteria),1,CDC42,H00299,
N01077,Shigella IcsB to ITGA/B-FAK-RAC signaling pathway,Pathogen,IcsB -| RAC1,nt06135 Cytoskeletal regulation (viruses and bacteria),1,RAC1,H00299,
N01078,EGF-EGFR-Actin signaling pathway,Reference,"EGF -> EGFR -> SRC -> CTTN -> NCK -> (WASL+WIPF) -> ARP2/3 -> (ACTB,ACTG1)",nt06135 Cytoskeletal regulation (viruses and bacteria),21,EGF;EGFR;SRC;CTTN;NCK1;NCK2;WASL;WIPF1;WIPF2;WIPF3;ACTR2;ACTR3;ARPC1A;ARPC1B;ARPC2;ARPC3;ARPC4;ARPC5;ARPC5L;ACTB;ACTG1,,
N01079,Shigella IpaC to Actin signaling pathway,Pathogen,"IpaC -> SRC -> CTTN -> ARP2/3 -> (ACTB,ACTG1)",nt06135 Cytoskeletal regulation (viruses and bacteria),13,SRC;CTTN;ACTR2;ACTR3;ARPC1A;ARPC1B;ARPC2;ARPC3;ARPC4;ARPC5;ARPC5L;ACTB;ACTG1,H00299,
N01080,ITGA/B-TALIN/VINCULIN signaling pathway,Reference,"FN1 -> (ITGA+ITGB) -> (PTK2+PXN+ILK) -> (TLN+ACTN1/4+VCN) -> (ACTB,ACTG1)",nt06135 Cytoskeletal regulation (viruses and bacteria),30,FN1;ITGA1;ITGA2;ITGA2B;ITGA3;ITGA4;ITGA5;ITGA7;ITGA8;ITGA9;ITGA10;ITGA11;ITGAV;ITGB1;ITGB3;ITGB4;ITGB5;ITGB6;ITGB7;ITGB8;PTK2;PXN;ILK;TLN1;TLN2;ACTN1;ACTN4;VCL;ACTB;ACTG1,,
N01081,Shigella IpaB/C/D to ITGA/B-TALIN/VINCULIN signaling pathway,Pathogen,"(IpaB+IpaC,IpaD) -> (ITGA5+ITGB1) -> (PTK2+PXN) -> (TLN+VCN) -> (ACTB,ACTG1)",nt06135 Cytoskeletal regulation (viruses and bacteria),9,ITGA5;ITGB1;PTK2;PXN;TLN1;TLN2;VCL;ACTB;ACTG1,H00299,
N01082,Shigella IpaA to ITGA/B-TALIN/VINCULIN signaling pathway,Pathogen,IpaA -> (ACTN1/4+VCN),nt06135 Cytoskeletal regulation (viruses and bacteria),3,ACTN1;ACTN4;VCL,H00299,
N01083,Shigella OspE to ITGA/B-TALIN/VINCULIN signaling pathway,Pathogen,OspE -| (PTK2+PXN+ILK),nt06135 Cytoskeletal regulation (viruses and bacteria),3,PTK2;PXN;ILK,H00299,
N01084,Escherichia EspG to ARNO-ARF-ACTB/G signaling pathway,Pathogen,"(EspG,EspG2) -| ARF6",nt06135 Cytoskeletal regulation (viruses and bacteria),1,ARF6,H00277;H00278,
N01085,Escherichia EspG to ARNO-ARF-ACTB/G signaling pathway,Pathogen,"(EspG,EspG2) -| ARF1",nt06135 Cytoskeletal regulation (viruses and bacteria),1,ARF1,H00277;H00278,
N01086,Escherichia EspT to RAC signaling pathway,Pathogen,"EspT -> RAC1 -> (WASF2+ABI1) -> ARP2/3 -> (ACTB,ACTG1)",nt06135 Cytoskeletal regulation (viruses and bacteria),14,RAC1;WASF2;ABI1;ACTR2;ACTR3;ARPC1A;ARPC1B;ARPC2;ARPC3;ARPC4;ARPC5;ARPC5L;ACTB;ACTG1,H00277;H00278,
N01087,Escherichia EspW to RAC signaling pathway,Pathogen,EspW -> RAC1,nt06135 Cytoskeletal regulation (viruses and bacteria),1,RAC1,H00277;H00278,
N01088,Escherichia EspH to LPA-GNA12/13-RhoA signaling pathway,Pathogen,"EspH -| (ARHGEF12,ARHGEF1)",nt06135 Cytoskeletal regulation (viruses and bacteria),2,ARHGEF12;ARHGEF1,H00277;H00278,
N01089,Escherichia EspM to LPA-GNA12/13-Rho signaling pathway,Pathogen,EspM -> RHOA -> ROCK1/2,nt06135 Cytoskeletal regulation (viruses and bacteria),3,RHOA;ROCK1;ROCK2,H00277;H00278,
N01090,IGG-FCGR-RAC signaling pathway,Reference,IGG -> FCGR -> CRK -> DOCK1 -> RAC,nt06135 Cytoskeletal regulation (viruses and bacteria),10,IGH;FCGR1A;FCGR2A;FCGR3A;FCGR3B;CRK;DOCK1;RAC1;RAC2;RAC3,,
N01091,Escherichia EspJ to IGG-FCGR-RAC signaling pathway,Pathogen,EspJ -| SRC -> FCGR,nt06135 Cytoskeletal regulation (viruses and bacteria),5,SRC;FCGR1A;FCGR2A;FCGR3A;FCGR3B,H00277;H00278,
N01092,Escherichia Eae/Tir to Actin signaling pathway,Pathogen,"Eae -> Tir -> NCK -> (WASL+WIPF) -> ARP2/3 -> (ACTB,ACTG1)",nt06135 Cytoskeletal regulation (viruses and bacteria),17,NCK1;NCK2;WASL;WIPF1;WIPF2;WIPF3;ACTR2;ACTR3;ARPC1A;ARPC1B;ARPC2;ARPC3;ARPC4;ARPC5;ARPC5L;ACTB;ACTG1,H00277;H00278,
N01093,Escherichia EspJ/Tir to Actin signaling pathway,Pathogen,"EspJ -| (FYN,ABL) -> Tir -> NCK",nt06135 Cytoskeletal regulation (viruses and bacteria),4,FYN;ABL1;NCK1;NCK2,H00277;H00278,
N01094,Escherichia Eae/Tir/TccP to Actin signaling pathway,Pathogen,"Eae -> Tir -> (IRTKS,IRSp53) -> TccP -> WASL -> ARP2/3 -> (ACTB,ACTG1)",nt06135 Cytoskeletal regulation (viruses and bacteria),14,BAIAP2L1;BAIAP2;WASL;ACTR2;ACTR3;ARPC1A;ARPC1B;ARPC2;ARPC3;ARPC4;ARPC5;ARPC5L;ACTB;ACTG1,H00277;H00278,
N01095,Escherichia Map to LPA-GNA12/13-RhoA signaling pathway,Pathogen,Map -> NHERF1 -> EZR -> RHOA -> ROCK1/2,nt06135 Cytoskeletal regulation (viruses and bacteria),5,SLC9A3R1;EZR;RHOA;ROCK1;ROCK2,H00277;H00278,
N01096,Escherichia Map to CDC42 signaling pathway,Pathogen,"Map -> CDC42 -> WASL -> ARP2/3 -> (ACTB,ACTG1)",nt06135 Cytoskeletal regulation (viruses and bacteria),13,CDC42;WASL;ACTR2;ACTR3;ARPC1A;ARPC1B;ARPC2;ARPC3;ARPC4;ARPC5;ARPC5L;ACTB;ACTG1,H00277;H00278,
N01097,LPA-GNA12/13-RhoA signaling pathway,Reference,"LPA -> LPAR -> GNA12/13 -> (ARHGEF12,ARHGEF1,ARHGEF11) -> RHOA -> ROCK1/2",nt06135 Cytoskeletal regulation (viruses and bacteria),13,LPAR1;LPAR2;LPAR3;LPAR4;LPAR5;GNA12;GNA13;ARHGEF12;ARHGEF1;ARHGEF11;RHOA;ROCK1;ROCK2,,
N01098,Yersinia YopT to ITGA/B-RhoGEF-RhoA signaling pathway,Pathogen,YopT -| RHOA,nt06135 Cytoskeletal regulation (viruses and bacteria),1,RHOA,H00297;H00298,
N01099,Yersinia YopE to RhoA signaling pathway,Pathogen,YopE -| RHOA,nt06135 Cytoskeletal regulation (viruses and bacteria),1,RHOA,H00297;H00298,
N01100,Yersinia YopE to ITGA/B-RHOG-RAC signaling pathway,Pathogen,YopE -| RHOG,nt06135 Cytoskeletal regulation (viruses and bacteria),1,RHOG,H00297;H00298,
N01101,Yersinia YopT to ITGA/B-RHOG-RAC signaling pathway,Pathogen,YopT -| RHOG,nt06135 Cytoskeletal regulation (viruses and bacteria),1,RHOG,H00297;H00298,
N01102,Yersinia YopE to ITGA/B-RHOG-RAC signaling pathway,Pathogen,YopE -| RAC1,nt06135 Cytoskeletal regulation (viruses and bacteria),1,RAC1,H00297;H00298,
N01103,Yersinia YpkA to IGG-FCGR-RAC signaling pathway,Pathogen,YpkA -| RAC,nt06135 Cytoskeletal regulation (viruses and bacteria),3,RAC1;RAC2;RAC3,H00297;H00298,
N01104,LPA-GNAQ/11-RhoA signaling pathway,Reference,"LPA -> LPAR -> (GNAQ,GNA11) -> ARHGEF12 -> RHOA",nt06135 Cytoskeletal regulation (viruses and bacteria),9,LPAR1;LPAR2;LPAR3;LPAR4;LPAR5;GNAQ;GNA11;ARHGEF12;RHOA,,
N01105,Yersinia YpkA to LPA-GNAQ-RhoA signaling pathway,Pathogen,YpkA -| GNAQ,nt06135 Cytoskeletal regulation (viruses and bacteria),1,GNAQ,H00297;H00298,
N01106,TCR-NFAT signaling pathway,Reference,"(CD4,CD8) -> LCK -> (TCR+ZAP70) -> (SLP76,GADS,LAT,VAV) -> PLCG -> IP3 -> Ca2+ -> CALM == CN -> NFAT",nt06120 Calcium signaling (viruses and bacteria),25,CD4;CD8A;CD8B;LCK;ZAP70;LCP2;GRAP2;LAT;VAV1;VAV2;VAV3;PLCG1;PLCG2;CALM1;CALM2;CALM3;PPP3CA;PPP3CB;PPP3CC;PPP3R1;PPP3R2;NFATC1;NFATC2;NFATC3;NFATC4,,
N01107,Yersinia YopH to TCR-NFAT signaling pathway,Pathogen,YopH -| LCK,nt06120 Calcium signaling (viruses and bacteria),1,LCK,H00297;H00298,
N01108,Yersinia YopH to TCR-NFAT signaling pathway,Pathogen,"YopH -| (SLP76,LAT,VAV)",nt06120 Calcium signaling (viruses and bacteria),5,LCP2;LAT;VAV1;VAV2;VAV3,H00297;H00298,
N01109,Yersinia YopH to ITGA/B-FAK-RAC signaling pathway,Pathogen,YopH -| PXN,nt06135 Cytoskeletal regulation (viruses and bacteria),1,PXN,H00297;H00298,
N01110,Yersinia YopH to ITGA/B-FAK-RAC signaling pathway,Pathogen,YopH -| BCAR1,nt06135 Cytoskeletal regulation (viruses and bacteria),1,BCAR1,H00297;H00298,
N01111,Yersinia YopH to ITGA/B-FAK-RAC signaling pathway,Pathogen,YopH -| PTK2,nt06135 Cytoskeletal regulation (viruses and bacteria),1,PTK2,H00297;H00298,
N01112,Salmonella SopE/E2 to NOD-NFKB signaling pathway,Pathogen,SopE/E2 -> CDC42 -> NOD1 -> RIPK2 -> IKK -> NFKBIA -> NFKB,nt06521 NLR signaling,9,CDC42;NOD1;RIPK2;CHUK;IKBKB;IKBKG;NFKBIA;NFKB1;RELA,H00113,
N01113,Salmonella SseK1 to TNF-NFKB signaling pathway,Pathogen,SseK1 -| (RIPK1+TRADD+TRAF2/5),nt06516 TNF signaling,4,RIPK1;TRADD;TRAF2;TRAF5,H00113,
N01114,Salmonella SseK3 to TNF-NFKB signaling pathway,Pathogen,SseK3 -| TNFRSF1A,nt06516 TNF signaling,1,TNFRSF1A,H00113,
N01116,Salmonella SseL to TNF-NFKB signaling pathway,Pathogen,SseL -| NFKBIA,nt06516 TNF signaling,1,NFKBIA,H00113,
N01117,Salmonella GogB to TNF-NFKB signaling pathway,Pathogen,GogB -| SKP1 -> NFKBIA,nt06516 TNF signaling,2,SKP1;NFKBIA,H00113,
N01118,Salmonella SpvD to TNF-NFKB signaling pathway,Pathogen,SpvD -| XPO2 -> (KPNA1+KPNA3) -> NFKB,nt06516 TNF signaling,5,CSE1L;KPNA1;KPNA3;NFKB1;RELA,H00113,
N01119,RAC/CDC42-PAK-ERK signaling pathway,Reference,"(RAC1,CDC42) -> PAK1 -> RAF -> MEK -> ERK",nt06526 MAPK signaling,10,RAC1;CDC42;PAK1;ARAF;BRAF;RAF1;MAP2K1;MAP2K2;MAPK1;MAPK3,,
N01120,Salmonella SptP to RAC/CDC42-PAK-ERK signaling pathway,Pathogen,"SptP -| (RAC1,CDC42)",nt06526 MAPK signaling,2,RAC1;CDC42,H00113,
N01121,Salmonella SpvC to ERK signaling pathway,Pathogen,SpvC -| ERK,nt06526 MAPK signaling,2,MAPK1;MAPK3,H00113,
N01122,Salmonella PipA/GogA/GtgA to TNF-NFKB signaling pathway,Pathogen,PipA -| RELA,nt06516 TNF signaling,1,RELA,H00113,
N01123,Salmonella AvrA to TNF-NFKB signaling pathway,Pathogen,AvrA -| NFKBIA,nt06516 TNF signaling,1,NFKBIA,H00113,
N01124,Salmonella AvrA to beta-catenin signaling pathway,Pathogen,AvrA -> CTNNB1 -> TCF/LEF => MYC,nt06505 WNT signaling,6,CTNNB1;TCF7;TCF7L1;TCF7L2;LEF1;MYC,H00113,
N01125,Salmonella AvrA to TNF-JNK signaling pathway,Pathogen,AvrA -| MAP2K7,nt06516 TNF signaling,1,MAP2K7,H00113,
N01126,Salmonella SipB to Inflammasome signaling pathway,Pathogen,"SipB -> CASP1 -> (IL1B,IL18)",nt06521 NLR signaling,3,CASP1;IL1B;IL18,H00113,
N01127,Salmonella SopE to Inflammasome signaling pathway,Pathogen,"SopE -> RAC1 -> CASP1 -> (IL1B,IL18)",nt06521 NLR signaling,4,RAC1;CASP1;IL1B;IL18,H00113,
N01128,Salmonella SopE to RAC signaling pathway,Pathogen,"SopE -> RAC1 -> (WASF+ABI1+HSPC300+CYFIP+NCKAP1) -> ARP2/3 -> (ACTB,ACTG1)",nt06135 Cytoskeletal regulation (viruses and bacteria),20,RAC1;WASF2;WASF3;WASF1;ABI1;BRK1;CYFIP1;CYFIP2;NCKAP1;ACTR2;ACTR3;ARPC1A;ARPC1B;ARPC2;ARPC3;ARPC4;ARPC5;ARPC5L;ACTB;ACTG1,H00113,
N01129,Salmonella SopB to ARNO-ARF-ACTB/G signaling pathway,Pathogen,"SopB -> (PIK3CA/B/G/D,PIK3C2B) -> PIP3 -> ARNO -> ARF6 -> ARF1 -> (WASF+ABI1+HSPC300+CYFIP+NCKAP1) -> ARP2/3 -> (ACTB,ACTG1)",nt06135 Cytoskeletal regulation (viruses and bacteria),30,PIK3CA;PIK3CB;PIK3CG;PIK3CD;PIK3C2B;CYTH4;CYTH3;CYTH2;CYTH1;ARF6;ARF1;WASF2;WASF3;WASF1;ABI1;BRK1;CYFIP1;CYFIP2;NCKAP1;ACTR2;ACTR3;ARPC1A;ARPC1B;ARPC2;ARPC3;ARPC4;ARPC5;ARPC5L;ACTB;ACTG1,H00113,
N01130,Salmonella SopB to RhoA signaling pathway,Pathogen,SopB -> RHOA -> ROCK2 -> MLC,nt06135 Cytoskeletal regulation (viruses and bacteria),10,RHOA;ROCK2;MYL12B;MYL9;MYL12A;MYLPF;MYL2;MYL5;MYL7;MYL10,H00113,
N01131,Salmonella SopE/E2 to RhoA signaling pathway,Pathogen,SopE/E2 -> RHOA -> ROCK2 -> FHOD1,nt06135 Cytoskeletal regulation (viruses and bacteria),3,RHOA;ROCK2;FHOD1,H00113,
N01132,Salmonella SopE/E2 to RhoG signaling pathway,Pathogen,SopE/E2 -> RHOG -> ELMO,nt06135 Cytoskeletal regulation (viruses and bacteria),4,RHOG;ELMO1;ELMO2;ELMO3,H00113,
N01133,Salmonella SopB to RhoG signaling pathway,Pathogen,SopB -> ARHGEF26 -> RHOG -> ELMO,nt06135 Cytoskeletal regulation (viruses and bacteria),5,ARHGEF26;RHOG;ELMO1;ELMO2;ELMO3,H00113,
N01134,Salmonella SopB to CDC42 signaling pathway,Pathogen,SopB -> CDC42,nt06526 MAPK signaling,1,CDC42,H00113,
N01135,Mutation-caused aberrant SOD1 to intrinsic apoptotic pathway,Variant,"SOD1* -| BCL2 -| (BAX,BAK1) -> CYCS == APAF1 -> CASP9 -> CASP3",nt06464 Amyotrophic lateral sclerosis; nt06414 Apoptosis,8,SOD1;BCL2;BAX;BAK1;CYCS;APAF1;CASP9;CASP3,H00058,6647v1
N01136,Mutation-caused aberrant TDP43 to electron transfer in Complex I,Variant,TARDBP* -| CxI -> Q,nt06464 Amyotrophic lateral sclerosis; nt06418 Oxidative phosphorylation,45,TARDBP;ND1;ND2;ND3;ND4;ND5;ND6;NDUFS1;NDUFS2;NDUFS3;NDUFS4;NDUFS5;NDUFS6;NDUFS7;NDUFS8;NDUFV1;NDUFV2;NDUFV3;NDUFA1;NDUFA2;NDUFA3;NDUFA4;NDUFA5;NDUFA6;NDUFA7;NDUFA8;NDUFA9;NDUFA10;NDUFAB1;NDUFA11;NDUFA12;NDUFA13;NDUFB1;NDUFB2;NDUFB3;NDUFB4;NDUFB5;NDUFB6;NDUFB7;NDUFB8;NDUFB9;NDUFB10;NDUFB11;NDUFC1;NDUFC2,H00058,23435v1
N01137,PINK-Parkin-mediated autophagosome formation,Reference,"PINK1 -> PRKN -> (CISD1,CISD2,FAF2,FKBP8,TOMM70,HK1) == (SQSTM1,OPTN,NDP52,TAX1BP1,NBR1) == LC3",nt06464 Amyotrophic lateral sclerosis; nt06421 Mitophagy,17,PINK1;PRKN;CISD1;CISD2;FAF2;FKBP8;TOMM70;HK1;SQSTM1;OPTN;CALCOCO2;TAX1BP1;NBR1;MAP1LC3A;MAP1LC3B;MAP1LC3B2;MAP1LC3C,,
N01138,Mutation-inactivated OPTN to PINK-Parkin-mediated autophagosome formation,Variant,"PINK1 -> PRKN -> (CISD1,CISD2,FAF2,FKBP8,TOMM70,HK1) // OPTN*",nt06464 Amyotrophic lateral sclerosis; nt06421 Mitophagy,9,PINK1;PRKN;CISD1;CISD2;FAF2;FKBP8;TOMM70;HK1;OPTN,H00058,10133v1
N01139,Mutation-inactivated p62 to PINK-Parkin-mediated autophagosome formation,Variant,"PINK1 -> PRKN -> (CISD1,CISD2,FAF2,FKBP8,TOMM70,HK1) // SQSTM1* // LC3",nt06464 Amyotrophic lateral sclerosis; nt06421 Mitophagy,13,PINK1;PRKN;CISD1;CISD2;FAF2;FKBP8;TOMM70;HK1;SQSTM1;MAP1LC3A;MAP1LC3B;MAP1LC3B2;MAP1LC3C,H00058,8878v1
N01140,TBK1-mediated autophagosome formation,Reference,"TBK1 -> (SQSTM1,OPTN,NDP52,TAX1BP1,NBR1) == LC3",nt06464 Amyotrophic lateral sclerosis; nt06421 Mitophagy,10,TBK1;SQSTM1;OPTN;CALCOCO2;TAX1BP1;NBR1;MAP1LC3A;MAP1LC3B;MAP1LC3B2;MAP1LC3C,,
N01141,Mutation-inactivated TBK1 to TBK1-mediated autophagosome formation,Variant,"TBK1* // (SQSTM1,OPTN,NDP52,TAX1BP1,NBR1) == LC3",nt06464 Amyotrophic lateral sclerosis; nt06421 Mitophagy,10,TBK1;SQSTM1;OPTN;CALCOCO2;TAX1BP1;NBR1;MAP1LC3A;MAP1LC3B;MAP1LC3B2;MAP1LC3C,H00058,29110v1
N01142,C9orf72-mediated autophagy initiation,Reference,RAB1A -> (C9orf72+WDR41+SMCR8) -> (ULK1+RB1CC1+ATG101+ATG13),nt06464 Amyotrophic lateral sclerosis; nt06413 Autophagy,8,RAB1A;C9orf72;WDR41;SMCR8;ULK1;RB1CC1;ATG101;ATG13,,
N01143,Mutation-inactivated C9orf72 to C9orf72-mediated autophagy initiation,Variant,RAB1A // (C9orf72*+WDR41+SMCR8) // (ULK1+RB1CC1+ATG101+ATG13),nt06464 Amyotrophic lateral sclerosis; nt06413 Autophagy,8,RAB1A;C9orf72;WDR41;SMCR8;ULK1;RB1CC1;ATG101;ATG13,H00058,203228v1
N01144,Mutation-caused aberrant SOD1 to 26S proteasome-mediated protein degradation,Variant,SOD1* -| DERL1 -> (Protein+UB) -- 26S -> Peptide,nt06464 Amyotrophic lateral sclerosis; nt06420 Ubiquitin-proteasome system,41,SOD1;DERL1;RPS27A;UBA52;UBB;UBC;PSMA6;PSMA2;PSMA4;PSMA7;PSMA8;PSMA5;PSMA1;PSMA3;PSMB6;PSMB7;PSMB3;PSMB2;PSMB5;PSMB1;PSMB4;PSMC2;PSMC1;PSMC4;PSMC6;PSMC3;PSMC5;PSMD2;PSMD1;PSMD3;PSMD9;PSMD12;PSMD11;PSMD6;PSMD7;PSMD13;PSMD4;PSMD14;PSMD8;ADRM1;SEM1,H00058,6647v1
N01145,Mutation-inactivated VCP to 26S proteasome-mediated protein degradation,Variant,VCP* -| (Protein+UB) -- 26S -> Peptide,nt06464 Amyotrophic lateral sclerosis; nt06420 Ubiquitin-proteasome system,40,VCP;RPS27A;UBA52;UBB;UBC;PSMA6;PSMA2;PSMA4;PSMA7;PSMA8;PSMA5;PSMA1;PSMA3;PSMB6;PSMB7;PSMB3;PSMB2;PSMB5;PSMB1;PSMB4;PSMC2;PSMC1;PSMC4;PSMC6;PSMC3;PSMC5;PSMD2;PSMD1;PSMD3;PSMD9;PSMD12;PSMD11;PSMD6;PSMD7;PSMD13;PSMD4;PSMD14;PSMD8;ADRM1;SEM1,H00058,7415v1
N01146,Mutation-inactivated UBQLN2 to 26S proteasome-mediated protein degradation,Variant,UBQLN2* -| (Protein+UB) -- 26S -> Peptide,nt06464 Amyotrophic lateral sclerosis; nt06420 Ubiquitin-proteasome system,40,UBQLN2;RPS27A;UBA52;UBB;UBC;PSMA6;PSMA2;PSMA4;PSMA7;PSMA8;PSMA5;PSMA1;PSMA3;PSMB6;PSMB7;PSMB3;PSMB2;PSMB5;PSMB1;PSMB4;PSMC2;PSMC1;PSMC4;PSMC6;PSMC3;PSMC5;PSMD2;PSMD1;PSMD3;PSMD9;PSMD12;PSMD11;PSMD6;PSMD7;PSMD13;PSMD4;PSMD14;PSMD8;ADRM1;SEM1,H00058,29978v1
N01147,Mutation-caused aberrant SOD1 to ATF6-mediated transcription,Variant,SOD1* -| BIP -| ATF6 => DDIT3,nt06464 Amyotrophic lateral sclerosis; nt06412 Unfolded protein response (UPR) signaling,4,SOD1;HSPA5;ATF6;DDIT3,H00058,6647v1
N01148,Mutation-caused aberrant SOD1 to IRE1a-XBP1 signaling pathway,Variant,SOD1* -| BIP -| ERN1 -> XBP1,nt06464 Amyotrophic lateral sclerosis; nt06412 Unfolded protein response (UPR) signaling,4,SOD1;HSPA5;ERN1;XBP1,H00058,6647v1
N01149,Mutation-caused aberrant SOD1 to PERK-ATF4 signaling pathway,Variant,SOD1* -| BIP -| EIF2AK3 -> EIF2S1 -> ATF4 => DDIT3,nt06464 Amyotrophic lateral sclerosis; nt06412 Unfolded protein response (UPR) signaling,6,SOD1;HSPA5;EIF2AK3;EIF2S1;ATF4;DDIT3,H00058,6647v1
N01150,Mutation-inactivated VAPB to ATF6-mediated transcription,Variant,VAPB* -| ATF6,nt06464 Amyotrophic lateral sclerosis; nt06412 Unfolded protein response (UPR) signaling,2,VAPB;ATF6,H00058,9217v1
N01151,Mutation-inactivated SIGMAR1 to Ca2+ -apoptotic pathway,Variant,SIGMAR1* -> ITPR -> Ca2+ -- MCU -> Ca2+(mito) -- MPTP -> CYCS,nt06464 Amyotrophic lateral sclerosis; nt06410 Calcium signaling,13,SIGMAR1;ITPR1;ITPR2;ITPR3;MCU;VDAC1;VDAC2;VDAC3;SLC25A4;SLC25A5;SLC25A6;SLC25A31;CYCS,H00058,10280v1
N01152,Nuclear export of mRNA,Reference,"(mRNA(nuclear)+CBP+ALY+SR+TAP+p15) -- (NPC+GLE1+DDX19B) -> (mRNA(cytoplasmic),CBP,ALY,SR,TAP,p15)",nt06464 Amyotrophic lateral sclerosis; nt06424 RNA processing,30,NCBP1;ALYREF;SRSF3;SRSF7;NXF1;NXT1;NXT2;SEH1L;NUP133;NUP107;NUP37;NUP160;NUP85;NUP43;NUP62;NUP58;NUP54;NUP93;NUP205;NUP188;NUP155;NUP35;NUP210;NDC1;POM121;NUP214;NUP88;RANBP2;GLE1;DDX19B,,
N01153,Mutation-caused aberrant GLE1 to nuclear export of mRNA,Variant,"(mRNA(nuclear)+CBP+ALY+SR+TAP+p15) // (NPC+GLE1*+DDX19B) // (mRNA(cytoplasmic),CBP,ALY,SR,TAP,p15)",nt06464 Amyotrophic lateral sclerosis; nt06424 RNA processing,30,NCBP1;ALYREF;SRSF3;SRSF7;NXF1;NXT1;NXT2;SEH1L;NUP133;NUP107;NUP37;NUP160;NUP85;NUP43;NUP62;NUP58;NUP54;NUP93;NUP205;NUP188;NUP155;NUP35;NUP210;NDC1;POM121;NUP214;NUP88;RANBP2;GLE1;DDX19B,H00058,2733v1
N01154,TDP-43-regulated splicing,Reference,mRNA(pre) -- TARDBP -> mRNA,nt06464 Amyotrophic lateral sclerosis; nt06424 RNA processing,1,TARDBP,,
N01155,Mutation-caused aberrant TDP43 to TDP-43-regulated splicing,Variant,mRNA(pre) // TARDBP* // mRNA,nt06464 Amyotrophic lateral sclerosis; nt06424 RNA processing,1,TARDBP,H00058,23435v1
N01156,FUS-regulated splicing,Reference,mRNA(pre) -- FUS -> mRNA,nt06464 Amyotrophic lateral sclerosis; nt06424 RNA processing,1,FUS,,
N01157,Mutation-caused aberrant FUS to FUS-regulated splicing,Variant,mRNA(pre) -- FUS* // mRNA,nt06464 Amyotrophic lateral sclerosis; nt06424 RNA processing,1,FUS,H00058,2521v1
N01158,Mutation-caused aberrant DCTN1 to retrograde axonal transport,Variant,DCTN1* // (TUBA+TUBB),nt06464 Amyotrophic lateral sclerosis; nt06419 Microtubule-based transport,18,DCTN1;TUBA1A;TUBA1B;TUBA1C;TUBA3C;TUBA3D;TUBA3E;TUBA4A;TUBA8;TUBB;TUBB1;TUBB2A;TUBB2B;TUBB3;TUBB4A;TUBB4B;TUBB6;TUBB8,H00058,1639v1
N01159,Mutation-caused aberrant TUBA4A to retrograde axonal transport,Variant,(DCTN+DNAH+DNAI+DNALI1+DNAL) // TUBA4A*,nt06464 Amyotrophic lateral sclerosis; nt06419 Microtubule-based transport,27,DCTN1;DCTN2;DCTN3;DCTN4;DCTN5;DCTN6;ACTR1A;ACTR1B;ACTR10;DNAH1;DNAH2;DNAH3;DNAH5;DNAH6;DNAH7;DNAH8;DNAH9;DNAH10;DNAH11;DNAH12;DNAH17;DNAI1;DNAI2;DNALI1;DNAL1;DNAL4;TUBA4A,H00058,7277v1
N01160,Mutation-caused aberrant SOD1 to retrograde axonal transport,Variant,SOD1* -| (DCTN+DNAH+DNAI+DNALI1+DNAL),nt06464 Amyotrophic lateral sclerosis; nt06419 Microtubule-based transport,27,SOD1;DCTN1;DCTN2;DCTN3;DCTN4;DCTN5;DCTN6;ACTR1A;ACTR1B;ACTR10;DNAH1;DNAH2;DNAH3;DNAH5;DNAH6;DNAH7;DNAH8;DNAH9;DNAH10;DNAH11;DNAH12;DNAH17;DNAI1;DNAI2;DNALI1;DNAL1;DNAL4,H00058,6647v1
N01161,Actin polymerization,Reference,Actin(monomeric) == PFN1 -> Actin(filamentous),nt06464 Amyotrophic lateral sclerosis; nt06423 Cytoskeletal regulation,3,ACTB;ACTG1;PFN1,,
N01162,Mutation-caused aberrant PFN1 to actin polymerization,Variant,Actin(monomeric) // PFN1* // Actin(filamentous),nt06464 Amyotrophic lateral sclerosis; nt06423 Cytoskeletal regulation,3,ACTB;ACTG1;PFN1,H00058,5216v1
N01163,NRG-ERBB4-PI3K signaling pathway,Reference,NRG -> ERBB4 -> PI3K -> PIP3 -> AKT,nt06464 Amyotrophic lateral sclerosis; nt06415 PI3K signaling,11,NRG1;NRG2;NRG3;NRG4;ERBB4;PIK3CA;PIK3CB;PIK3CD;AKT1;AKT2;AKT3,,
N01164,Mutation-inactivated ERBB4 to NRG-ERBB4-PI3K signaling pathway,Variant,NRG // ERBB4*,nt06464 Amyotrophic lateral sclerosis; nt06415 PI3K signaling,5,NRG1;NRG2;NRG3;NRG4;ERBB4,H00058,2066v1
N01197,Scrapie conformation PrPSc to 26S proteasome-mediated protein degradation,Variant,PRNP* -| 26S,nt06465 Prion disease; nt06420 Ubiquitin-proteasome system,36,PRNP;PSMA6;PSMA2;PSMA4;PSMA7;PSMA8;PSMA5;PSMA1;PSMA3;PSMB6;PSMB7;PSMB3;PSMB2;PSMB5;PSMB1;PSMB4;PSMC2;PSMC1;PSMC4;PSMC6;PSMC3;PSMC5;PSMD2;PSMD1;PSMD3;PSMD9;PSMD12;PSMD11;PSMD6;PSMD7;PSMD13;PSMD4;PSMD14;PSMD8;ADRM1;SEM1,H00061,5621v1
N01198,Scrapie conformation PrPSc to PERK-ATF4 signaling pathway,Variant,PRNP* -| BIP -| EIF2AK3 -> EIF2S1 -> ATF4 => DDIT3,nt06465 Prion disease; nt06412 Unfolded protein response (UPR) signaling,6,PRNP;HSPA5;EIF2AK3;EIF2S1;ATF4;DDIT3,H00061,5621v1
N01199,Scrapie conformation PrPSc to mGluR5-Ca2+ -apoptotic pathway,Variant,"PRNP* -> (RYR,ITPR) -> Ca2+ -- MCU -> Ca2+(mito) -- MPTP -> CYCS == APAF1 -> CASP9 -> CASP3",nt06465 Prion disease; nt06410 Calcium signaling,19,PRNP;RYR1;RYR2;RYR3;ITPR1;ITPR2;ITPR3;MCU;VDAC1;VDAC2;VDAC3;SLC25A4;SLC25A5;SLC25A6;SLC25A31;CYCS;APAF1;CASP9;CASP3,H00061,5621v1
N01200,Scrapie conformation PrPSc to transport of calcium,Variant,PRNP* -> NMDAR -> Ca2+ -- MCU -> Ca2+(mito) -- MPTP -> CYCS == APAF1 -> CASP9 -> CASP3,nt06465 Prion disease; nt06410 Calcium signaling,18,PRNP;GRIN1;GRIN2A;GRIN2B;GRIN2C;GRIN2D;MCU;VDAC1;VDAC2;VDAC3;SLC25A4;SLC25A5;SLC25A6;SLC25A31;CYCS;APAF1;CASP9;CASP3,H00061,5621v1
N01201,Scrapie conformation PrPSc to VGCC-Ca2+ -apoptotic pathway,Variant,"PRNP* -| VGCC(N,L-type) -> Ca2+",nt06465 Prion disease; nt06410 Calcium signaling,6,PRNP;CACNA1B;CACNA1C;CACNA1D;CACNA1F;CACNA1S,H00061,5621v1
N01202,Oligomeric conformation PrPc to anterograde axonal transport,Variant,"PRNP* -> (GSK3B,CK2) -| (KIF5+KLC)",nt06465 Prion disease; nt06419 Microtubule-based transport,13,PRNP;GSK3B;CSNK2A1;CSNK2A2;CSNK2B;CSNK2A3;KIF5A;KIF5B;KIF5C;KLC1;KLC2;KLC3;KLC4,H00061,5621v2
N01203,Scrapie conformation PrPSc to Notch singling pathway,Variant,PRNP* -> NOTCH1,nt06465 Prion disease,2,PRNP;NOTCH1,H00061,5621v1
N01204,PRNP-PI3K-NOX2 signaling pathway,Reference,PRNP -> CAV -> FYN -> PI3K -> PRKCD -> NOX2 -> ERK -> CREB => EGR1,nt06465 Prion disease; nt06415 PI3K signaling,29,PRNP;CAV1;CAV2;CAV3;FYN;PIK3CA;PIK3CB;PIK3CD;PRKCD;CYBB;CYBA;NCF4;NCF1;NCF2;RAC1;RAC2;MAPK1;MAPK3;CREB3;CREB1;ATF2;ATF6B;CREB3L4;ATF4;CREB3L2;CREB3L3;CREB3L1;CREB5;EGR1,,
N01205,Scrapie conformation PrPSc to PRNP-PI3K-NOX2 signaling pathway,Variant,PRNP* -> CAV -> FYN -> PI3K -> PRKCD -> NOX2 -> ROS,nt06465 Prion disease; nt06415 PI3K signaling,16,PRNP;CAV1;CAV2;CAV3;FYN;PIK3CA;PIK3CB;PIK3CD;PRKCD;CYBB;CYBA;NCF4;NCF1;NCF2;RAC1;RAC2,H00061,5621v1
N01283,Shigella OspF to TLR2/4-MAPK signaling pathway,Pathogen,"OspF -| (ERK,p38)",nt06517 TLR signaling,6,MAPK1;MAPK3;MAPK14;MAPK11;MAPK13;MAPK12,H00299,
N01284,Shigella IcsP to Autophagy-vesicle elongation,Pathogen,IcsP -| C3 == ATG16L,nt06128 Autophagy (viruses and bacteria),3,C3;ATG16L1;ATG16L2,H00299,
N01285,Microtubule-RHOA signaling pathway,Reference,(TUBA+TUBB) -| ARHGEF2 -> RHOA -> ROCK1/2,nt06135 Cytoskeletal regulation (viruses and bacteria),21,TUBA1A;TUBA1B;TUBA1C;TUBA3C;TUBA3D;TUBA3E;TUBA4A;TUBA8;TUBB;TUBB1;TUBB2A;TUBB2B;TUBB3;TUBB4A;TUBB4B;TUBB6;TUBB8;ARHGEF2;RHOA;ROCK1;ROCK2,,
N01286,Escherichia EspG to Microtubule-RHOA signaling pathway,Pathogen,"(EspG,EspG2) -| (TUBA+TUBB)",nt06135 Cytoskeletal regulation (viruses and bacteria),17,TUBA1A;TUBA1B;TUBA1C;TUBA3C;TUBA3D;TUBA3E;TUBA4A;TUBA8;TUBB;TUBB1;TUBB2A;TUBB2B;TUBB3;TUBB4A;TUBB4B;TUBB6;TUBB8,H00277;H00278,
N01287,Tight junction-Actin signaling pathway,Reference,"(OCLN,CLDN) == TJP1 == CTTN == ARP2/3 == (ACTB,ACTG1)",nt06135 Cytoskeletal regulation (viruses and bacteria),37,OCLN;CLDN1;CLDN2;CLDN3;CLDN4;CLDN5;CLDN6;CLDN7;CLDN8;CLDN9;CLDN10;CLDN11;CLDN14;CLDN15;CLDN16;CLDN17;CLDN18;CLDN19;CLDN20;CLDN22;CLDN23;CLDN24;CLDN25;CLDN34;TJP1;CTTN;ACTR2;ACTR3;ARPC1A;ARPC1B;ARPC2;ARPC3;ARPC4;ARPC5;ARPC5L;ACTB;ACTG1,,
N01288,Escherichia EspF to Tight junction-Actin signaling pathway,Pathogen,EspF -| TJP1,nt06135 Cytoskeletal regulation (viruses and bacteria),1,TJP1,H00277;H00278,
N01289,COPII vesicle formation,Reference,SEC12 -> SAR1 == (SEC23+SEC24) == (SEC13+SEC31),nt06125 Membrane trafficking (bacteria),12,PREB;SAR1A;SAR1B;SEC23A;SEC23B;SEC24A;SEC24B;SEC24C;SEC24D;SEC13;SEC31A;SEC31B,,
N01290,Escherichia NleA to COPII vesicle formation,Pathogen,NleA -| SEC24,nt06125 Membrane trafficking (bacteria),4,SEC24A;SEC24B;SEC24C;SEC24D,H00277;H00278,
N01291,TRAPPI-RAB1 signaling pathway,Reference,TRAPPI -> RAB1,nt06125 Membrane trafficking (bacteria),9,TRAPPC1;TRAPPC2;TRAPPC3;TRAPPC4;TRAPPC5;TRAPPC6A;TRAPPC6B;RAB1A;RAB1B,,
N01292,Escherichia EspG to RAB1 signaling pathway,Pathogen,"(EspG,EspG2) -| RAB1",nt06125 Membrane trafficking (bacteria),2,RAB1A;RAB1B,H00277;H00278,
N01293,COPI vesicle formation,Reference,GBF1 -> ARF1 == (KDELR+TMED2+TMED10) == (COPI+TMED4/9+TMED1/3/5/6/7),nt06125 Membrane trafficking (bacteria),23,GBF1;ARF1;KDELR1;KDELR2;KDELR3;TMED2;TMED10;COPA;COPB2;COPE;COPB1;ARCN1;COPG1;COPG2;COPZ1;COPZ2;TMED4;TMED9;TMED1;TMED3;TMED5;TMED6;TMED7,,
N01294,Escherichia NleF to COPI vesicle formation,Pathogen,NleF -| TMED10,nt06125 Membrane trafficking (bacteria),1,TMED10,H00277;H00278,
N01295,Rab7-regulated microtubule minus-end directed transport,Reference,RAB7 == RILP == OSBPL1A == (DYNC+DYNL+DCTN+ACTR1+ACTR10) == (TUBA+TUBB),nt06125 Membrane trafficking (bacteria),43,RAB7A;RAB7B;RILP;OSBPL1A;DYNC1H1;DYNC2H1;DYNC1I1;DYNC1I2;DYNC1LI1;DYNC1LI2;DYNC2LI1;DYNLL1;DYNLL2;DYNLRB1;DYNLRB2;DYNLT1;DYNLT3;DCTN1;DCTN2;DCTN3;DCTN4;DCTN5;DCTN6;ACTR1A;ACTR1B;ACTR10;TUBA1A;TUBA1B;TUBA1C;TUBA3C;TUBA3D;TUBA3E;TUBA4A;TUBA8;TUBB;TUBB1;TUBB2A;TUBB2B;TUBB3;TUBB4A;TUBB4B;TUBB6;TUBB8,,
N01296,Salmonella SopD2 to Rab7-regulated microtubule minus-end directed transport,Pathogen,SopD2 -| RAB7,nt06125 Membrane trafficking (bacteria),2,RAB7A;RAB7B,H00113,
N01297,Arl8-regulated microtubule plus-end directed transport,Reference,BORCS == ARL8 == PLEKHM2 == (KIF5+KLC) == (TUBA+TUBB),nt06125 Membrane trafficking (bacteria),35,BLOC1S1;BLOC1S2;SNAPIN;KXD1;BORCS5;BORCS6;BORCS7;BORCS8;ARL8A;ARL8B;PLEKHM2;KIF5A;KIF5B;KIF5C;KLC1;KLC2;KLC3;KLC4;TUBA1A;TUBA1B;TUBA1C;TUBA3C;TUBA3D;TUBA3E;TUBA4A;TUBA8;TUBB;TUBB1;TUBB2A;TUBB2B;TUBB3;TUBB4A;TUBB4B;TUBB6;TUBB8,,
N01298,Salmonella SifA to microtubule plus-end directed transport,Pathogen,SifA -> PLEKHM2 == (KIF5+KLC) == (TUBA+TUBB),nt06125 Membrane trafficking (bacteria),25,PLEKHM2;KIF5A;KIF5B;KIF5C;KLC1;KLC2;KLC3;KLC4;TUBA1A;TUBA1B;TUBA1C;TUBA3C;TUBA3D;TUBA3E;TUBA4A;TUBA8;TUBB;TUBB1;TUBB2A;TUBB2B;TUBB3;TUBB4A;TUBB4B;TUBB6;TUBB8,H00113,
N01299,Salmonella PipB2 to microtubule plus-end directed transport,Pathogen,PipB2 -> (KIF5+KLC) == (TUBA+TUBB),nt06125 Membrane trafficking (bacteria),24,KIF5A;KIF5B;KIF5C;KLC1;KLC2;KLC3;KLC4;TUBA1A;TUBA1B;TUBA1C;TUBA3C;TUBA3D;TUBA3E;TUBA4A;TUBA8;TUBB;TUBB1;TUBB2A;TUBB2B;TUBB3;TUBB4A;TUBB4B;TUBB6;TUBB8,H00113,
N01300,Tethering of late endosomes and lysosomes,Reference,ARL8B == PLEKHM1 == RAB7 == HOPS,nt06125 Membrane trafficking (bacteria),10,ARL8B;PLEKHM1;RAB7A;RAB7B;VPS39;VPS41;VPS11;VPS18;VPS16;VPS33A,,
N01301,Salmonella SifA to Tethering of late endosomes and lysosomes,Pathogen,SifA == PLEKHM1 == RAB7 == HOPS,nt06125 Membrane trafficking (bacteria),9,PLEKHM1;RAB7A;RAB7B;VPS39;VPS41;VPS11;VPS18;VPS16;VPS33A,H00113,
N01302,Early endosomal fusion,Reference,(RABGEF1+RABEP1) -> RAB5 -> (PIK3C3+PIK3R4) -> PI3P -> EEA1,nt06125 Membrane trafficking (bacteria),8,RABGEF1;RABEP1;RAB5A;RAB5B;RAB5C;PIK3C3;PIK3R4;EEA1,,
N01303,Salmonella SopB to Early endosomal fusion,Pathogen,SopB -> RAB5 -> PIK3C3 -> PI3P,nt06125 Membrane trafficking (bacteria),4,RAB5A;RAB5B;RAB5C;PIK3C3,H00113,
N01304,ANXA2-S100A10-regulated actin cytoskeleton,Reference,"(ANXA2+S100A10) == AHNAK == (ACTB,ACTG1)",nt06135 Cytoskeletal regulation (viruses and bacteria),5,ANXA2;S100A10;AHNAK;ACTB;ACTG1,,
N01305,Salmonella SopB to ANXA2-S100A10-regulated actin cytoskeleton,Pathogen,"(SopB,SopE) -> (ANXA2+S100A10) == AHNAK == (ACTB,ACTG1)",nt06135 Cytoskeletal regulation (viruses and bacteria),5,ANXA2;S100A10;AHNAK;ACTB;ACTG1,H00113,
N01306,AngII-AT1R-NOX2 signaling pathway,Reference,"AngII -> AGTR1 -> NOX2 -> ROS -> NFKB -> (VCAM1,IL6,MMP2,MMP9)",nt06171 Severe acute respiratory syndrome coronavirus 2 (SARS-CoV-2),8,AGTR1;CYBB;NFKB1;RELA;VCAM1;IL6;MMP2;MMP9,,
N01307,SARS-CoV-2 S to AngII-AT1R-NOX2 signaling pathway,Pathogen,"S -| ACE2 -| AngII -> AGTR1 -> NOX2 -> ROS -> NFKB -> (TNF,IL6,IL1B,IL12,MMP3,MMP1,CCL2,CXCL8)",nt06171 Severe acute respiratory syndrome coronavirus 2 (SARS-CoV-2),14,ACE2;AGTR1;CYBB;NFKB1;RELA;TNF;IL6;IL1B;IL12A;IL12B;MMP3;MMP1;CCL2;CXCL8,H02398,
N01308,MDA5-IRF7/3 signaling pathway,Reference,"RNA -> MDA5 -> MAVS -> TRAF3 -> (TANK+NAP1+SINTBAD) -> (TBK1+IKBKE) -> (IRF7,IRF3) => (IFNA,IFNB1)",nt06519 RLR signaling; nt06171 Severe acute respiratory syndrome coronavirus 2 (SARS-CoV-2),24,IFIH1;MAVS;TRAF3;TANK;AZI2;TBKBP1;TBK1;IKBKE;IRF7;IRF3;IFNA1;IFNA2;IFNA4;IFNA5;IFNA6;IFNA7;IFNA8;IFNA10;IFNA13;IFNA14;IFNA16;IFNA17;IFNA21;IFNB1,,
N01309,SARS-CoV-2 nsp3 to MDA5-IRF7/3 signaling pathway,Pathogen,nsp3 -| ISG15 == MDA5,nt06519 RLR signaling; nt06171 Severe acute respiratory syndrome coronavirus 2 (SARS-CoV-2),2,ISG15;IFIH1,H02398,
N01310,SARS-CoV-2 nsp13 to RIG-I-IRF7/3 signaling pathway,Pathogen,nsp13 -| TBK1,nt06519 RLR signaling; nt06171 Severe acute respiratory syndrome coronavirus 2 (SARS-CoV-2),1,TBK1,H02398,
N01312,SARS-CoV-2 S to lectin pathway of complement cascade,Pathogen,S -> (MBL2+MASP1/2),nt06513 Complement cascade; nt06171 Severe acute respiratory syndrome coronavirus 2 (SARS-CoV-2),3,MBL2;MASP1;MASP2,H02398,
N01314,SARS-CoV-2 S to classical pathway of complement cascade,Pathogen,"S -> (IgG,IgM) -> ((C1QA,C1QB,C1QC)+C1R+C1S))",nt06513 Complement cascade; nt06171 Severe acute respiratory syndrome coronavirus 2 (SARS-CoV-2),6,IGH;C1QA;C1QB;C1QC;C1R;C1S,H02398,
N01315,"Lectin pathway of coagulation cascade, prothrombin to thrombin",Reference,"F2 -- ((MBL2,COLEC10/11,FCN)+MASP2) -> F2a",nt06171 Severe acute respiratory syndrome coronavirus 2 (SARS-CoV-2),8,F2;MBL2;COLEC10;COLEC11;FCN1;FCN2;FCN3;MASP2,,
N01316,SARS-CoV-2 S/N to lectin pathway of coagulation cascade,Pathogen,"(S,N) -> (MBL2,COLEC10/11,FCN)",nt06171 Severe acute respiratory syndrome coronavirus 2 (SARS-CoV-2),6,MBL2;COLEC10;COLEC11;FCN1;FCN2;FCN3,H02398,
N01317,Translation initiation,Reference,40S == mRNA == 60S,nt06141 Translation (viruses); nt06171 Severe acute respiratory syndrome coronavirus 2 (SARS-CoV-2),81,RPS2;RPS3;RPS3A;RPS4Y2;RPS4X;RPS4Y1;RPS5;RPS6;RPS7;RPS8;RPS9;RPS10;RPS11;RPS12;RPS13;RPS14;RPS15;RPS15A;RPS16;RPS17;RPS18;RPS19;RPS20;RPS21;RPS23;RPS24;RPS25;RPS26;RPS27;RPS27A;RPS28;RPS29;FAU;RPSA;RPL3;RPL4;RPL5;RPL6;RPL7;RPL7A;RPL8;RPL9;RPL10;RPL10A;RPL11;RPL12;RPL13;RPL13A;RPL14;RPL15;RPL17;RPL18;RPL18A;RPL19;RPL21;RPL22;RPL23;RPL23A;RPL24;RPL26;RPL27;RPL27A;RPL28;RPL29;RPL30;RPL31;RPL32;RPL34;RPL35;RPL35A;RPL36;RPL37;RPL37A;RPL38;RPL39;UBA52;RPL41;RPL36A;RPLP0;RPLP1;RPLP2,,
N01318,SARS-CoV-2 nsp1 to translation initiation,Pathogen,nsp1 -| 40S,nt06141 Translation (viruses); nt06171 Severe acute respiratory syndrome coronavirus 2 (SARS-CoV-2),34,RPS2;RPS3;RPS3A;RPS4Y2;RPS4X;RPS4Y1;RPS5;RPS6;RPS7;RPS8;RPS9;RPS10;RPS11;RPS12;RPS13;RPS14;RPS15;RPS15A;RPS16;RPS17;RPS18;RPS19;RPS20;RPS21;RPS23;RPS24;RPS25;RPS26;RPS27;RPS27A;RPS28;RPS29;FAU;RPSA,H02398,
N01319,SARS-CoV-2 nsp6 and ORF6 to RIG-I-IRF7/3 signaling pathway,Pathogen,"(nsp6,ORF6) -| IRF3",nt06519 RLR signaling; nt06171 Severe acute respiratory syndrome coronavirus 2 (SARS-CoV-2),1,IRF3,H02398,
N01320,SARS-CoV-2 nsp3 to RIG-I-IRF7/3 signaling pathway,Pathogen,nsp3 -| ISG15 == IRF3,nt06519 RLR signaling; nt06171 Severe acute respiratory syndrome coronavirus 2 (SARS-CoV-2),2,ISG15;IRF3,H02398,
N01321,"SARS-CoV-2 nsp1/6/13, ORF3a/6/7b and M to IFN signaling pathway",Pathogen,"(nsp1,nsp6,nsp13,ORF3a,ORF6,ORF7b,M) -| STAT1",nt06122 IFN signaling (viruses); nt06171 Severe acute respiratory syndrome coronavirus 2 (SARS-CoV-2),1,STAT1,H02398,
N01322,SARS-CoV-2 nsp6/13 and ORF7a/7b to IFN signaling pathway,Pathogen,"(nsp6,nsp13,ORF7a,ORF7b) -| STAT2",nt06122 IFN signaling (viruses); nt06171 Severe acute respiratory syndrome coronavirus 2 (SARS-CoV-2),1,STAT2,H02398,
N01336,CHRNA7-E2F signaling pathway,Reference,ACh -> CHRNA7 -> ARRB1 -> SRC -> RAF1 -> RB1 // E2F1,nt06230 Cell cycle,6,CHRNA7;ARRB1;SRC;RAF1;RB1;E2F1,,
N01337,NNK/NNN to CHRNA7-E2F signaling pathway,Env factor,"(NNK,NNN) -> CHRNA7 -> ARRB1 -> SRC -> RAF1 -> RB1 // E2F1 => (BIRC5,XIAP,CDC6,CDC25A)",nt06230 Cell cycle,10,CHRNA7;ARRB1;SRC;RAF1;RB1;E2F1;BIRC5;XIAP;CDC6;CDC25A,H00014,
N01338,ACH-CHRN-PI3K signaling pathway,Reference,ACh -> CHRNA7 -> Ca2+ -> PI3K -> PIP3 -> AKT,nt06214 PI3K signaling,7,CHRNA7;PIK3CA;PIK3CB;PIK3CD;AKT1;AKT2;AKT3,,
N01339,NNK/NNN to PI3K signaling pathway,Env factor,"(NNK,NNN) -> CHRNA7 -> Ca2+ -> PI3K -> PIP3 -> AKT -> (MTOR,NFKB,BIRC5)",nt06214 PI3K signaling,11,CHRNA7;PIK3CA;PIK3CB;PIK3CD;AKT1;AKT2;AKT3;MTOR;NFKB1;RELA;BIRC5,H00014,
N01340,ACH-CHRN-JAK-STAT signaling pathway,Reference,ACh -> CHRNA7 -> JAK2 -> STAT3,nt06219 JAK-STAT signaling,3,CHRNA7;JAK2;STAT3,,
N01341,NNK/NNN to Jak-STAT signaling pathway,Env factor,"(NNK,NNN) -> CHRNA7 -> JAK2 -> STAT3 => IKBKE",nt06219 JAK-STAT signaling,4,CHRNA7;JAK2;STAT3;IKBKE,H00014,
N01342,Nicotine to Jak-STAT signaling pathway,Env factor,Nicotine -> (CHRNA4+CHRNB2) -> JAK2 -> STAT3 => CCND1,nt06219 JAK-STAT signaling,5,CHRNA4;CHRNB2;JAK2;STAT3;CCND1,H00022,
N01343,ACH-CHRN-RAS-ERK signaling pathway,Reference,ACh -> CHRNA7 -> Ca2+ -> RAS -> RAF -> MEK -> ERK -> CREB,nt06210 ERK signaling,21,CHRNA7;HRAS;KRAS;NRAS;ARAF;BRAF;RAF1;MAP2K1;MAP2K2;MAPK1;MAPK3;CREB3;CREB1;ATF2;ATF6B;CREB3L4;ATF4;CREB3L2;CREB3L3;CREB3L1;CREB5,,
N01344,NNK/NNN to RAS-ERK signaling pathway,Env factor,"(NNK,NNN) -> CHRN -> Ca2+ -> RAS -> RAF -> MEK -> ERK -> (FOS,JUN,MYC,BCL2)",nt06210 ERK signaling,19,CHRNA7;CHRNA4;CHRNB2;CHRNA3;CHRNB4;HRAS;KRAS;NRAS;ARAF;BRAF;RAF1;MAP2K1;MAP2K2;MAPK1;MAPK3;FOS;JUN;MYC;BCL2,H00014;H00013,
N01345,EP/NE-ADRB-cAMP signaling pathway,Reference,"(EP,NE) -> ADRB2 -> GNAS -> ADCY -> cAMP -> PKA -> PLN",nt06234 cAMP signaling,15,ADRB2;GNAS;ADCY1;ADCY2;ADCY3;ADCY4;ADCY5;ADCY6;ADCY7;ADCY8;ADCY9;PRKACA;PRKACB;PRKACG;PLN,,
N01346,Nicotine/NNK to cAMP signaling pathway,Env factor,"(Nicotine,NNK) -> ADRB2 -> GNAS -> ADCY -> cAMP -> PKA",nt06234 cAMP signaling,14,ADRB2;GNAS;ADCY1;ADCY2;ADCY3;ADCY4;ADCY5;ADCY6;ADCY7;ADCY8;ADCY9;PRKACA;PRKACB;PRKACG,H00014;H00013,
N01347,EP/NE-ADRB-PI3K signaling pathway,Reference,"(EP,NE) -> ADRB2 -> GNAI -> PI3K -> PIP3 -> AKT",nt06214 PI3K signaling,10,ADRB2;GNAI1;GNAI2;GNAI3;PIK3CA;PIK3CB;PIK3CD;AKT1;AKT2;AKT3,,
N01348,Nicotine/NNK to PI3K signaling pathway,Env factor,"(Nicotine,NNK) -> ADRB2 -> GNAI -> PI3K -> PIP3 -> AKT -| BAD",nt06214 PI3K signaling,11,ADRB2;GNAI1;GNAI2;GNAI3;PIK3CA;PIK3CB;PIK3CD;AKT1;AKT2;AKT3;BAD,H00014;H00013,
N01349,ACH-CHRN-PI3K signaling pathway,Reference,ACh -> CHRNA7 -> PI3K -> PIP3 -> AKT,nt06214 PI3K signaling,7,CHRNA7;PIK3CA;PIK3CB;PIK3CD;AKT1;AKT2;AKT3,,
N01350,NNK/NNN to PI3K signaling pathway,Env factor,"(NNK,NNN) -> CHRNA9 -> PI3K -> PIP3 -> AKT -> (ESR1/2,AP1) => (CHRNA9,CCND3)",nt06214 PI3K signaling,12,CHRNA9;PIK3CA;PIK3CB;PIK3CD;AKT1;AKT2;AKT3;ESR1;ESR2;FOS;JUN;CCND3,H00031,
N01351,E2-ER-RAS-ERK signaling pathway,Reference,E2 -> ESR1/2 -> SRC -> RAS -> RAF -> MEK -> ERK -> CREB,nt06210 ERK signaling,23,ESR1;ESR2;SRC;HRAS;KRAS;NRAS;ARAF;BRAF;RAF1;MAP2K1;MAP2K2;MAPK1;MAPK3;CREB3;CREB1;ATF2;ATF6B;CREB3L4;ATF4;CREB3L2;CREB3L3;CREB3L1;CREB5,,
N01352,BPA to RAS-ERK signaling pathway,Env factor,BPA -> ESR1/2 -> SRC -> RAS -> RAF -> MEK -> ERK,nt06210 ERK signaling,13,ESR1;ESR2;SRC;HRAS;KRAS;NRAS;ARAF;BRAF;RAF1;MAP2K1;MAP2K2;MAPK1;MAPK3,H00031,
N01353,E2 to RAS-ERK signaling pathway,Env factor,"E2 -> ESR1/2 -> SRC -> RAS -> RAF -> MEK -> ERK -> (ESR1/2,AP1) => CHRNA9",nt06210 ERK signaling,16,ESR1;ESR2;SRC;HRAS;KRAS;NRAS;ARAF;BRAF;RAF1;MAP2K1;MAP2K2;MAPK1;MAPK3;FOS;JUN;CHRNA9,H00031,
N01354,BPA to RAS-ERK signaling pathway,Env factor,BPA -> EGFR -> GRB2 -> SOS -> RAS -> RAF -> MEK -> ERK,nt06210 ERK signaling,14,EGFR;GRB2;SOS1;SOS2;HRAS;KRAS;NRAS;ARAF;BRAF;RAF1;MAP2K1;MAP2K2;MAPK1;MAPK3,H00031,
N01355,Arsenic to PI3K signaling pathway,Env factor,Arsenic -> EGFR -> PI3K -> PIP3 -> AKT -> MTOR -> S6K,nt06214 PI3K signaling,10,EGFR;PIK3CA;PIK3CB;PIK3CD;AKT1;AKT2;AKT3;MTOR;RPS6KB1;RPS6KB2,H00014;H00013,
N01356,Membrane-initiated progesterone signaling pathway,Reference,P4 -> mPR -> PI3K -> PIP3 -> AKT,nt06214 PI3K signaling,9,PAQR7;PAQR8;PAQR5;PIK3CA;PIK3CB;PIK3CD;AKT1;AKT2;AKT3,,
N01357,P4/MPA to membrane-initiated progesterone signaling pathway,Env factor,"(P4,MPA) -> mPR -> PI3K -> PIP3 -> AKT",nt06214 PI3K signaling,9,PAQR7;PAQR8;PAQR5;PIK3CA;PIK3CB;PIK3CD;AKT1;AKT2;AKT3,H00031,
N01358,P4-PR-PI3K signaling pathway,Reference,P4 -> (PGR+SRC) -> PI3K -> PIP3 -> AKT,nt06214 PI3K signaling,8,PGR;SRC;PIK3CA;PIK3CB;PIK3CD;AKT1;AKT2;AKT3,,
N01359,P4/MPA to PR-PI3K signaling pathway,Env factor,"(P4,MPA) -> (PGR+SRC) -> PI3K -> PIP3 -> AKT",nt06214 PI3K signaling,8,PGR;SRC;PIK3CA;PIK3CB;PIK3CD;AKT1;AKT2;AKT3,H00031,
N01360,P4-PR-RAS-ERK signaling pathway,Reference,P4 -> (PGR+SRC) -> GRB2 -> SOS -> RAS -> RAF -> MEK -> ERK -> CCND1,nt06210 ERK signaling,16,PGR;SRC;GRB2;SOS1;SOS2;HRAS;KRAS;NRAS;ARAF;BRAF;RAF1;MAP2K1;MAP2K2;MAPK1;MAPK3;CCND1,,
N01361,P4/MPA to PR-RAS-ERK signaling pathway,Env factor,"(P4,MPA) -> (PGR+SRC) -> GRB2 -> SOS -> RAS -> RAF -> MEK -> ERK -> CCND1",nt06210 ERK signaling,16,PGR;SRC;GRB2;SOS1;SOS2;HRAS;KRAS;NRAS;ARAF;BRAF;RAF1;MAP2K1;MAP2K2;MAPK1;MAPK3;CCND1,H00031,
N01362,Nuclear-initiated progesterone signaling pathway,Reference,"P4 -> PGR => (CCND1,TNFSF11,WNT4,CXCL12)",nt06227 Nuclear receptor signaling,5,PGR;CCND1;TNFSF11;WNT4;CXCL12,,
N01363,P4/MPA to nuclear-initiated progesterone signaling pathway,Env factor,"(P4,MPA) -> PGR => (WNT1,NOTCH2,JAG1)",nt06227 Nuclear receptor signaling,4,PGR;WNT1;NOTCH2;JAG1,H00031,
N01364,E2 to nuclear-initiated estrogen signaling pathway,Env factor,"E2 -> ESR1/2 => (EGF,FGF9,DLL)",nt06227 Nuclear receptor signaling,7,ESR1;ESR2;EGF;FGF9;DLL1;DLL3;DLL4,H00031,
N01365,TCDD to Ahr signaling pathway,Env factor,"TCDD -> (AHR+ARNT) => (CYP1A1,CYP1B1,GST)",nt06227 Nuclear receptor signaling,23,AHR;ARNT;CYP1A1;CYP1B1;GSTO2;GSTA5;GSTA1;GSTA2;GSTA3;GSTA4;GSTM1;GSTM2;GSTM3;GSTM4;GSTM5;GSTP1;GSTT1;GSTT2;MGST1;MGST2;MGST3;GSTT2B;GSTO1,H00048;H00014,
N01366,BaP to Ahr signaling pathway,Env factor,"BaP -> (AHR+ARNT) => (CYP1A1,CYP1B1)",nt06227 Nuclear receptor signaling,4,AHR;ARNT;CYP1A1;CYP1B1,H00048;H00014,
N01367,PCB to Ahr signaling pathway,Env factor,"PCB -> (AHR+ARNT) => (CYP1A1,CYP1B1)",nt06227 Nuclear receptor signaling,4,AHR;ARNT;CYP1A1;CYP1B1,H00031,
N01368,HCB to Ahr signaling pathway,Env factor,HCB -> (AHR+ARNT) => CYP1A1,nt06227 Nuclear receptor signaling,3,AHR;ARNT;CYP1A1,H00031,
N01369,4-ABP to DNA adducts,Env factor,4-ABP -- CYP1A2 >> NAT1 -> N-OAc-ABP == DNA,nt06250 DNA adduct formation,2,CYP1A2;NAT1,H00022,
N01370,PhIP to DNA adducts,Env factor,PhIP -- CYP1A2 >> NAT2 -> N-OAc-PhIP == DNA,nt06250 DNA adduct formation,2,CYP1A2;NAT2,H00031;H00020,
N01371,PhIP to DNA adducts,Env factor,PhIP -- CYP1A2 >> SULT1A -> N-sulfonyloxy-PhIP == DNA,nt06250 DNA adduct formation,5,CYP1A2;SULT1A1;SULT1A2;SULT1A3;SULT1A4,H00031;H00020,
N01372,IQ to DNA adducts,Env factor,"IQ -- CYP1A2 >> (NAT1,NAT2) -> N-Acetoxy-IQ == DNA",nt06250 DNA adduct formation,3,CYP1A2;NAT1;NAT2,H00031,
N01373,MeIQx to DNA adducts,Env factor,MeIQx -- CYP1A2 >> NAT2 -> N-Acetoxy-MeIQx == DNA,nt06250 DNA adduct formation,2,CYP1A2;NAT2,H00020;H00014;H00013;H00019,
N01374,BaP to DNA adducts,Env factor,"BaP -- (CYP1A1,CYP1B1) >> EPHX1 >> (CYP1A1,CYP1B1) -> BPDE == DNA",nt06250 DNA adduct formation,3,CYP1A1;CYP1B1;EPHX1,H00040;H00014;H00013;H00018,
N01375,DMBA to DNA adducts,Env factor,DMBA -- CYP1A1 >> EPHX1 >> CYP1A1 -> DMBADE == DNA,nt06250 DNA adduct formation,2,CYP1A1;EPHX1,H00031,
N01376,Melphalan to DNA adducts/cross-links,Env factor,Melphalan == DNA,nt06250 DNA adduct formation,0,,H00003,
N01377,Thiotepa to DNA adducts/cross-links,Env factor,Thiotepa == DNA,nt06250 DNA adduct formation,0,,H00003,
N01378,AFB1 to DNA adducts,Env factor,"AFB1 -- (CYP3A4,CYP1A2) -> AFB1-exo-8,9-epoxide == DNA",nt06250 DNA adduct formation,2,CYP3A4;CYP1A2,H00048;H00014;H00013,
N01379,NNK to DNA adducts,Env factor,"NNK -- (CYP2A6,CYP2A13) -> C19563 -> C19564 == DNA",nt06250 DNA adduct formation,2,CYP2A6;CYP2A13,H00014;H00013,
N01380,NNK to DNA adducts,Env factor,"NNK -- (CYP2A6,CYP2A13) -> C19566 -> C19568 -> C20302 == DNA",nt06250 DNA adduct formation,2,CYP2A6;CYP2A13,H00014;H00013,
N01381,NNK to DNA adducts,Env factor,"NNK -- (AKR1C2,CBR1,HSD11B1) >> (CYP2A6,CYP2A13) -> C19577 -> C19568 -> C20302 == DNA",nt06250 DNA adduct formation,5,AKR1C2;CBR1;HSD11B1;CYP2A6;CYP2A13,H00014;H00013,
N01382,NNK to DNA adducts,Env factor,"NNK -- (AKR1C2,CBR1,HSD11B1) >> (CYP2A6,CYP2A13) -> C19580 -> C19581 == DNA",nt06250 DNA adduct formation,5,AKR1C2;CBR1;HSD11B1;CYP2A6;CYP2A13,H00014;H00013,
N01383,NDMA to DNA adducts,Env factor,NMDA -- CYP2E1 -> C20301 -> C20302 == DNA,nt06250 DNA adduct formation,1,CYP2E1,H00048,
N01384,EO to DNA adducts,Env factor,EO == DNA,nt06250 DNA adduct formation,0,,H00003;H00004;H02418;H00018,
N01385,VC to DNA adducts,Env factor,VC -- CYP2E1 -> CEO == DNA,nt06250 DNA adduct formation,1,CYP2E1,H01557,
N01386,DCE to DNA adducts,Env factor,DCE -- GST -> C20304 -> C14874 == DNA,nt06250 DNA adduct formation,19,GSTO2;GSTA5;GSTA1;GSTA2;GSTA3;GSTA4;GSTM1;GSTM2;GSTM3;GSTM4;GSTM5;GSTP1;GSTT1;GSTT2;MGST1;MGST2;MGST3;GSTT2B;GSTO1,H01557;H00031,
N01387,SM to DNA adducts/cross-links,Env factor,SM == DNA,nt06250 DNA adduct formation,0,,H00014;H00013,
N01388,SOD/Cat-mediated ROS neutralization,Reference,"(Superoxide+Hydron) -- SOD1 >> CAT -> (H2O,O2)",nt06253 Antioxidant system,2,SOD1;CAT,,
N01389,Lead to SOD/Cat-mediated ROS neutralization,Env factor,Pb -| SOD1,nt06253 Antioxidant system,1,SOD1,H00018,
N01390,"p,p'-DDT to SOD/Cat-mediated ROS neutralization",Env factor,DDT -| SOD1,nt06253 Antioxidant system,1,SOD1,H00048;H00020,
N01391,Lead to SOD/Cat-mediated ROS neutralization,Env factor,Pb -| CAT,nt06253 Antioxidant system,1,CAT,H00018,
N01392,Arsenic to electron transfer in complex II,Pathogen,As -- AS3MT >> GSTO1 -> MMA -| CxII,nt06252 Mitochondrial ROS formation,6,AS3MT;GSTO1;SDHA;SDHB;SDHC;SDHD,H00022;H00014;H00013,
N01393,Arsenic to electron transfer in complex II,Env factor,As -- AS3MT >> GSTO1 >> AS3MT -> DMA -| CxII,nt06252 Mitochondrial ROS formation,6,AS3MT;GSTO1;SDHA;SDHB;SDHC;SDHD,H00022;H00014;H00013,
N01394,Arsenic to electron transfer in complex IV,Env factor,As -- AS3MT >> GSTO1 -> MMA -| CxIV,nt06252 Mitochondrial ROS formation,21,AS3MT;GSTO1;COX3;COX1;COX2;COX4I1;COX4I2;COX5A;COX5B;COX6A1;COX6A2;COX6B1;COX6B2;COX6C;COX7A1;COX7A2;COX7A2L;COX7B;COX7C;COX8A;COX8C,H00022;H00014;H00013,
N01395,Cadmium to electron transfer in complex III,Env factor,Cd -| CxIII,nt06252 Mitochondrial ROS formation,11,UQCRFS1;CYTB;CYC1;UQCRC1;UQCRC2;UQCRHL;UQCRH;UQCRB;UQCRQ;UQCR10;UQCR11,H00014;H00013;H00021;H00024,
N01396,4-Aminobiphenyl to CYP-mediated metabolism,Env factor,4-ABP -- CYP1A2 -> C03622 -> Cu -> Superoxide,nt06251 CYP-mediated ROS formation,1,CYP1A2,H00022,
N01397,4-Aminobiphenyl to CYP-mediated metabolism,Env factor,4-ABP -- CYP1A2 -> C03622 -> C20319 -> Superoxide,nt06251 CYP-mediated ROS formation,1,CYP1A2,H00022,
N01398,Pentachlorophenol to CYP-mediated metabolism,Env factor,PCP -- CYP1A2 -> TCHQ -> Superoxide,nt06251 CYP-mediated ROS formation,1,CYP1A2,H02418;H00010,
N01399,Benzene to CYP-mediated metabolism,Env factor,"BZ -- (CYP2E1,CYP2F1) -> C01782 -> Phenol -- CYP2E1 -> HQ -> Cu -> Superoxide",nt06251 CYP-mediated ROS formation,2,CYP2E1;CYP2F1,H00003,
N01400,Benzene to CYP-mediated metabolism,Env factor,"BZ -- (CYP2E1,CYP2F1) -> C01782 -> Phenol -- CYP2E1 -> HQ -> C02389 -> Superoxide",nt06251 CYP-mediated ROS formation,2,CYP2E1;CYP2F1,H00003,
N01401,Benzo[a]pyrenre to CYP-mediated metabolism,Env factor,"B[a]P -- (CYP1A1,CYP1B1) >> EH >> AKR -> C22355 -> Semiquinone -> Superoxide",nt06251 CYP-mediated ROS formation,11,CYP1A1;CYP1B1;EPHX1;EPHX2;EPHX4;EPHX3;AKR1A1;AKR1C4;AKR1C1;AKR1C2;AKR1C3,H00014;H00013;H00031,
N01402,Manganese to electron transfer in Complex II,Env factor,Mn2+ -| CxII -> QH2,nt06460 Alzheimer disease; nt06463 Parkinson disease; nt06418 Oxidative phosphorylation,4,SDHA;SDHB;SDHC;SDHD,H00056;H00057,
N01403,Zn to anterograde axonal transport,Env factor,Zn2+ -> GSK3B -> MAPT -| (TUBA+TUBB),nt06460 Alzheimer disease; nt06419 Microtubule-based transport,19,GSK3B;MAPT;TUBA1A;TUBA1B;TUBA1C;TUBA3C;TUBA3D;TUBA3E;TUBA4A;TUBA8;TUBB;TUBB1;TUBB2A;TUBB2B;TUBB3;TUBB4A;TUBB4B;TUBB6;TUBB8,H00056,
N01404,17beta-estradiol to CYP-mediated metabolism,Env factor,E2 -- CYP1A1 >> LPO -> C05309 -> Superoxide,nt06251 CYP-mediated ROS formation,2,CYP1A1;LPO,H00031,
N01405,17beta-estradiol to CYP-mediated metabolism,Env factor,E2 -- CYP1B1 >> LPO -> C05309 -> Superoxide,nt06251 CYP-mediated ROS formation,2,CYP1B1;LPO,H00031,
N01406,Ethanol to CYP-mediated metabolism,Env factor,"Ethanol -- CYP2E1 -> (superoxide,OH,H2O2)",nt06251 CYP-mediated ROS formation,1,CYP2E1,H00048,
N01407,Metals to JNK signaling pathway,Env factor,Metals -> ROS -> MAP3K5 -> MKK4/7 -> JNK -> AP1,nt06211 Other MAPK signaling,8,MAP3K5;MAP2K4;MAP2K7;MAPK8;MAPK9;MAPK10;FOS;JUN,H00021;H00024;H00014;H00013;H00048;H00054,
N01408,Metals to RAS-ERK signaling pathway,Env factor,Metals -> ROS -> RAS -> RAF -> MEK -> ERK -> AP1,nt06210 ERK signaling,12,HRAS;KRAS;NRAS;ARAF;BRAF;RAF1;MAP2K1;MAP2K2;MAPK1;MAPK3;FOS;JUN,H00021;H00024;H00014;H00013;H00048;H00054,
N01409,Metals to PI3K signaling pathway,Env factor,Metals -> ROS -| PTEN -| PIP3 -> AKT,nt06214 PI3K signaling,4,PTEN;AKT1;AKT2;AKT3,H00021;H00024;H00014;H00013;H00048;H00054,
N01410,Metals to NFKB signaling pathway,Env factor,Metals -> ROS -> IKK -> NFKBIA -> NFKB,nt06223 TNF signaling,6,CHUK;IKBKB;IKBKG;NFKBIA;NFKB1;RELA,H00021;H00024;H00014;H00013;H00048;H00054,
N01411,Metals to NFKB signaling pathway,Env factor,Metals -> ROS -| PTP -| SRC -> ABL -> PKD -> IKK -> NFKBIA -> NFKB,nt06223 TNF signaling,15,ACP1;PTPN11;PTPRJ;SRC;ABL1;ABL2;PRKD3;PRKD2;PRKD1;CHUK;IKBKB;IKBKG;NFKBIA;NFKB1;RELA,H00021;H00024;H00014;H00013;H00048;H00054,
N01412,Metals to HTF-1 signaling pathway,Env factor,Metals -> ROS -> HIF1A == ARNT => VEGFA,nt06225 HIF-1 signaling,3,HIF1A;ARNT;VEGFA,H00021;H00024;H00014;H00013;H00048;H00054,
N01413,Metals to KEAP1-NRF2 signalig pathway,Env factor,"Metals -> ROS -| KEAP1 -| NRF2 => (HMOX1,NQO1,AKR)",nt06226 KEAP1-NRF2 signaling,9,KEAP1;NFE2L2;HMOX1;NQO1;AKR1A1;AKR1C4;AKR1C1;AKR1C2;AKR1C3,H00021;H00024;H00014;H00013;H00048;H00054,
N01414,Iron to anterograde axonal transport,Env factor,Fe2+ -> CDK5 -> MAPT -| (TUBA+TUBB),nt06460 Alzheimer disease; nt06419 Microtubule-based transport,19,CDK5;MAPT;TUBA1A;TUBA1B;TUBA1C;TUBA3C;TUBA3D;TUBA3E;TUBA4A;TUBA8;TUBB;TUBB1;TUBB2A;TUBB2B;TUBB3;TUBB4A;TUBB4B;TUBB6;TUBB8,H00056,
N01415,NEP-mediated Abeta degradation,Reference,NEP -| Abeta,nt06460 Alzheimer disease,1,MME,,
N01416,Mercury to NEP-mediated Abeta degradation,Env factor,Hg -| NEP,nt06460 Alzheimer disease,1,MME,H00056,
N01417,Paraquat to FAS-JNK signaling pathway,Env factor,PQ -> ROS -| TRX1 -| ASK1 -> JNK,nt06463 Parkinson disease; nt06414 Apoptosis,5,TXN;MAP3K5;MAPK8;MAPK9;MAPK10,H00057,
N01418,"Purine salvage pathway, adenine to AMP",Reference,"AMP -- NT >> (PNP,LACC1) -> Adenine -- APRT -> AMP",nt06027 Purine salvage pathway,11,NT5C1B-RDH14;NT5C2;NT5DC4;NT5C;NT5M;NT5C1A;NT5C1B;NT5E;PNP;LACC1;APRT,,
N01419,APRT deficiency in purine salvage pathway,Variant,Adenine // APRT*,nt06027 Purine salvage pathway,1,APRT,H00195,353v1
N01420,APRT deficiency in adenine metabolism,Reference,"Adenine -- XDH -> 2,8-DHA",nt06027 Purine salvage pathway,1,XDH,,
N01421,"Purine salvage pathway, hypoxanthine/guanine to IMP/GMP",Reference,"[IMP,GMP] -- NT >> (PNP,LACC1) -> [Hypoxanthine,Guanine] -- HPRT1 -> [IMP,GMP]",nt06027 Purine salvage pathway,11,NT5C1B-RDH14;NT5C2;NT5DC4;NT5C;NT5M;NT5C1A;NT5C1B;NT5E;PNP;LACC1;HPRT1,,
N01422,HPRT1 deficiency in purine salvage pathway,Variant,"(Hypoxanthine,Guanine) // HPRT1*",nt06027 Purine salvage pathway,1,HPRT1,H00194,3251v1
N01423,HPRT1 deficiency in hypoxanthine metabolism,Reference,Hypoxanthine -- XDH -> Urate,nt06027 Purine salvage pathway,1,XDH,,
N01424,HPRT1 deficiency in guanine metabolism,Reference,Guanine -- GDA >> XDH -> Urate,nt06027 Purine salvage pathway,2,GDA;XDH,,
N01425,Global genome NER,Reference,"(CRL4+DDB2) == (XPC+RAD23A,RAD23B+CETN2) -> (XPC+CETN2) == (ERCC3+ERCC2) == (GTF2H) == (CAK)",nt06502 Nucleotide excision repair,18,RBX1;CUL4A;DDB1;DDB2;XPC;RAD23A;RAD23B;CETN2;ERCC3;ERCC2;GTF2H1;GTF2H2;GTF2H3;GTF2H4;GTF2H5;CDK7;CCNH;MNAT1,,
N01426,BMP9/10 signaling pathway,Reference,"BMP9/10 -> ((BMPR2,ACVR2A)+ACVRL1) -> (SMAD1,SMAD5,SMAD9) == SMAD4",nt06507 TGFB signaling,9,GDF2;BMP10;BMPR2;ACVR2A;ACVRL1;SMAD1;SMAD5;SMAD9;SMAD4,,
N01427,WNT5A-ROR signaling pathway,Reference,"WNT5A -> (FZD,(ROR1,ROR2)) -> DVL",nt06505 WNT signaling,16,WNT5A;FZD1;FZD2;FZD3;FZD4;FZD5;FZD6;FZD7;FZD8;FZD9;FZD10;ROR1;ROR2;DVL1;DVL2;DVL3,,
N01428,"BMP signaling pathway, BMP antagonist",Reference,"(NOG,GREM,CHRD,NBL1) -| BMP",nt06507 TGFB signaling,15,NOG;GREM1;GREM2;CHRD;NBL1;BMP2;BMP4;BMP5;BMP6;BMP7;BMP8A;BMP8B;GDF5;GDF6;GDF7,,
N01430,Transcription-coupled NER,Reference,(POLR2+UVSSA) == (ERCC6+ERCC8+CRL4) -> (POLR2+UVSSA+ERCC6+ERCC8+CRL4) == (ERCC3+ERCC2) == (GTF2H) == (CAK),nt06502 Nucleotide excision repair,31,POLR2A;POLR2B;POLR2C;POLR2D;POLR2E;POLR2F;POLR2G;POLR2H;POLR2I;POLR2J;POLR2J2;POLR2J3;POLR2K;POLR2L;POLR2M;UVSSA;ERCC6;ERCC8;RBX1;CUL4A;DDB1;ERCC3;ERCC2;GTF2H1;GTF2H2;GTF2H3;GTF2H4;GTF2H5;CDK7;CCNH;MNAT1,,
N01431,Core NER reaction,Reference,"(ERCC3+ERCC2+GTF2H) == ERCC5 == XPA == RPA -> (ERCC1+ERCC4) == XPA == RPA == ERCC5 -> PCNA == POLD,POLE,POLK,POLH -> LIG1,(LIG3+XRCC1)",nt06502 Nucleotide excision repair,29,ERCC3;ERCC2;GTF2H1;GTF2H2;GTF2H3;GTF2H4;GTF2H5;ERCC5;XPA;RPA1;RPA2;RPA3;RPA4;ERCC1;ERCC4;PCNA;POLD1;POLD2;POLD3;POLD4;POLE;POLE2;POLE3;POLE4;POLK;POLH;LIG1;LIG3;XRCC1,,
N01432,Mismatch repair,Reference,"(MSH2+MSH6,MSH3) == (MLH1+PMS2,PMS1,MLH3) == PCNA == RFC -> RPA == EXO1 -> POLD,POLE -> LIG1",nt06503 Mismatch repair,26,MSH2;MSH6;MSH3;MLH1;PMS2;PMS1;MLH3;PCNA;RFC1;RFC2;RFC3;RFC4;RFC5;RPA1;RPA2;RPA3;EXO1;POLD1;POLD2;POLD3;POLD4;POLE;POLE2;POLE3;POLE4;LIG1,,
N01433,Base excision and strand cleavage by monofunctional glycosylase,Reference,glycosylase -> APEX == POLB,nt06504 Base excision repair,8,UNG;MUTYH;SMUG1;MPG;MBD4;TDG;APEX1;POLB,,
N01434,Base excision and strand cleavage by bifunctional glycosylase,Reference,"glycosylase -> APEX == POLB+XRCC1 == PARP,PARG,ADPRS",nt06504 Base excision repair,9,OGG1;NTHL1;APEX1;POLB;XRCC1;PARP1;PARP2;PARG;ADPRS,,
N01435,Base excision and strand cleavage by NEIL glycosylase,Reference,glycosylase -> TDP1+PNKP == POLB+XRCC1 == PARP,nt06504 Base excision repair,9,NEIL1;NEIL2;NEIL3;TDP1;PNKP;POLB;XRCC1;PARP1;PARP2,,
N01436,Long patch BER,Reference,"POLB == (POLD,POLE) == PCNA == RFC -> PCNA+FEN1 -> PCNA+LIG1",nt06504 Base excision repair,17,POLB;POLD1;POLD2;POLD3;POLD4;POLE;POLE2;POLE3;POLE4;PCNA;RFC1;RFC2;RFC3;RFC4;RFC5;FEN1;LIG1,,
N01437,Short patch BER,Reference,POLB == XRCC1 == APTX -> XRCC1+LIG3,nt06504 Base excision repair,4,POLB;XRCC1;APTX;LIG3,,
N01438,Mitochondrial BER,Reference,POLG -> LIG3,nt06504 Base excision repair,3,POLG;POLG2;LIG3,,
N01439,Double-strand break signaling,Reference,MRN == ATM == H2AX -> MRN+ATM+MDC1+H2AX == RNF8+HERC2+UBE2V2+UBE2N -> MRN+ATM+RNF8+MDC1+H2AX == L3MBTL2 == RNF168+UBE2V2+UBE2N+HERC2 == PIAS4,nt06506 Double-strand break repair,13,MRE11;RAD50;NBN;ATM;H2AX;MDC1;RNF8;HERC2;UBE2V2;UBE2N;L3MBTL2;RNF168;PIAS4,,
N01440,"Wnt signaling modulation, LGR/RSPO",Reference,"(RSPO+LGR4/5/6)) -| (ZNRF3,RNF43) -| FZD",nt06505 WNT signaling,19,RSPO1;RSPO2;RSPO3;RSPO4;LGR4;LGR5;LGR6;ZNRF3;RNF43;FZD1;FZD2;FZD3;FZD4;FZD5;FZD6;FZD7;FZD8;FZD9;FZD10,,
N01441,"Wnt signaling modulation, SOST/LRP4",Reference,(SOST+LRP4) -| (FZD+LRP5/6),nt06505 WNT signaling,14,SOST;LRP4;FZD1;FZD2;FZD3;FZD4;FZD5;FZD6;FZD7;FZD8;FZD9;FZD10;LRP5;LRP6,,
N01442,"Wnt signaling modulation, Wnt inhibitor",Reference,"(SFRP,WIF1,CER1,NOTUM,TRABD2) -| WNT",nt06505 WNT signaling,28,SFRP1;SFRP2;FRZB;SFRP4;SFRP5;WIF1;CER1;NOTUM;TRABD2A;TRABD2B;WNT1;WNT2;WNT2B;WNT3;WNT3A;WNT4;WNT5A;WNT5B;WNT6;WNT7A;WNT7B;WNT8A;WNT8B;WNT9A;WNT9B;WNT10A;WNT10B;WNT16,,
N01443,"Wnt signaling modulation, Wnt acylation",Reference,PORCN -> WNT,nt06505 WNT signaling,19,PORCN;WNT1;WNT2;WNT2B;WNT3;WNT3A;WNT4;WNT5A;WNT5B;WNT6;WNT7A;WNT7B;WNT8A;WNT8B;WNT9A;WNT9B;WNT10A;WNT10B;WNT16,,
N01444,NXN mutation to WNT5A-ROR signaling pathway,Variant,NXN* -| DVL,nt06505 WNT signaling,4,NXN;DVL1;DVL2;DVL3,H00485,64359v1
N01445,Non-homologous end-joining,Reference,TP53BP1+RIF1+PAXIP1 -> Ku == DNAPKC -> DNAPK+ARTEMIS -> DNAPK+POLX -> DNAPK == LIG4+XRCC4+XLF,nt06506 Double-strand break repair,13,TP53BP1;RIF1;PAXIP1;XRCC6;XRCC5;PRKDC;DCLRE1C;POLL;POLM;DNTT;LIG4;XRCC4;NHEJ1,,
N01446,DNA end resection and RPA loading,Reference,"MRN == CtIP == BRCA1+BARD1 == UIMC1+ABRAXAS+BABAM1+BRE+BRCC3 -> BLM,WRN+DNA2+MRN == RPA",nt06506 Double-strand break repair,18,MRE11;RAD50;NBN;RBBP8;BRCA1;BARD1;UIMC1;ABRAXAS1;BABAM1;BABAM2;BRCC3;BLM;WRN;DNA2;RPA1;RPA2;RPA3;RPA4,,
N01447,Double Holliday junction dissolution,Reference,BLM == TOP3A == RMI,nt06506 Double-strand break repair,4,BLM;TOP3A;RMI1;RMI2,,
N01448,Double Holliday junction resolution,Reference,SLX == MUS81+EME1 == GEN1,nt06506 Double-strand break repair,6,SLX1A;SLX1B;SLX4;MUS81;EME1;GEN1,,
N01449,Synthesis-dependent strand annealing,Reference,"BLM,RECQL5,RTEL1 -> RAD52",nt06506 Double-strand break repair,4,BLM;RECQL5;RTEL1;RAD52,,
N01450,Break induced replication,Reference,"POLD3 == PIF1,MCM",nt06506 Double-strand break repair,8,POLD3;PIF1;MCM2;MCM3;MCM4;MCM5;MCM6;MCM7,,
N01451,ATR signaling,Reference,RPA == RAD17+9-1-1 == TOPBP1 == ATR+ATRIP -> CHEK1,nt06506 Double-strand break repair,12,RPA1;RPA2;RPA3;RPA4;RAD17;RAD9A;RAD1;HUS1;TOPBP1;ATR;ATRIP;CHEK1,,
N01452,Homologous recombination,Reference,"RPA == BRCA1+BARD1 == BRCA2+PALB2+DSS1 == RAD51 == BCDX2,CX3 -> RAD54 -> PCNA+RFC == POLD,POLE,POLK,POLH",nt06506 Double-strand break repair,33,RPA1;RPA2;RPA3;RPA4;BRCA1;BARD1;BRCA2;PALB2;SEM1;RAD51;RAD51B;RAD51C;RAD51D;XRCC2;XRCC3;RAD54L;RAD54B;PCNA;RFC1;RFC2;RFC3;RFC4;RFC5;POLD1;POLD2;POLD3;POLD4;POLE;POLE2;POLE3;POLE4;POLK;POLH,,
N01453,BMP signaling pathway,Reference,"BMP -> ((ACVR2A,ACVR2B,BMPR2)+(BMPR1A,BMPR1B,ACVR1)) -> (SMAD1,SMAD5,SMAD9) == SMAD4",nt06507 TGFB signaling,20,BMP2;BMP4;BMP5;BMP6;BMP7;BMP8A;BMP8B;GDF5;GDF6;GDF7;ACVR2A;ACVR2B;BMPR2;BMPR1A;BMPR1B;ACVR1;SMAD1;SMAD5;SMAD9;SMAD4,,
N01454,AMH signaling pathway,Reference,"AMH -> (AMHR2+(ACVR1,BMPR1A,BMPR1B)) -> (SMAD1,SMAD5,SMAD9) == SMAD4",nt06507 TGFB signaling,9,AMH;AMHR2;ACVR1;BMPR1A;BMPR1B;SMAD1;SMAD5;SMAD9;SMAD4,,
N01455,BMP15 signaling pathway,Reference,"BMP15 -> (BMPR2+BMPR1B) -> (SMAD1,SMAD5,SMAD9) == SMAD4",nt06507 TGFB signaling,7,BMP15;BMPR2;BMPR1B;SMAD1;SMAD5;SMAD9;SMAD4,,
N01456,Activin signaling pathway,Reference,"INHBA -> ((ACVR2A,ACVR2B)+(ACVR1B,ACVR1C)) -> (SMAD2,SMAD3) == SMAD4",nt06507 TGFB signaling,8,INHBA;ACVR2A;ACVR2B;ACVR1B;ACVR1C;SMAD2;SMAD3;SMAD4,,
N01457,Myostatin signaling pathway,Reference,"MSTN -> (ACVR2B+(ACVR1B,TGFBR1)) -> (SMAD1,SMAD5,SMAD9) == SMAD4",nt06507 TGFB signaling,8,MSTN;ACVR2B;ACVR1B;TGFBR1;SMAD1;SMAD5;SMAD9;SMAD4,,
N01458,BMP-HAMP signaling pathway,Reference,"BMP2/6 -> ((ACVR2B,BMPR2)+(ACVR1,BMPR1A) -> (SMAD1,SMAD5,SMAD9) == SMAD4 => HAMP",nt06507 TGFB signaling,11,BMP2;BMP6;ACVR2B;BMPR2;ACVR1;BMPR1A;SMAD1;SMAD5;SMAD9;SMAD4;HAMP,,
N01459,Nodal signaling pathway,Reference,"NODAL -> ((ACVR2A,ACVR2B)+(ACVR1B,ACVR1C)) -> (SMAD2,SMAD3) == SMAD4",nt06507 TGFB signaling,8,NODAL;ACVR2A;ACVR2B;ACVR1B;ACVR1C;SMAD2;SMAD3;SMAD4,,
N01460,Plasmin mediated activation of latent TGF-beta,Reference,PLG -> FBN1 == LTBP1/3/4 // TGFB,nt06507 TGFB signaling,8,PLG;FBN1;LTBP1;LTBP3;LTBP4;TGFB1;TGFB2;TGFB3,,
N01461,"BMP-HAMP signaling pathway, auxiliary factor",Reference,"(HJV,HFE,TFR2) -> ((ACVR2B,BMPR2)+(ACVR1,BMPR1A))",nt06507 TGFB signaling,7,HJV;HFE;TFR2;ACVR2B;BMPR2;ACVR1;BMPR1A,,
N01462,"BMP9/10 signaling pathway, BMP9/10 coreceptor",Reference,"ENG -> ((BMPR2,ACVR2A)+ACVRL1)",nt06507 TGFB signaling,4,ENG;BMPR2;ACVR2A;ACVRL1,,
N01464,Fanconi anemia pathway,Reference,FANCM+TOPBP1+MHF+FAAP24 -> ATR -> FAcore == FANCL+UBE2T -> FANCD2+FANCI+Ub,nt06508 Interstrand crosslink repair,19,FANCM;TOPBP1;CENPS;CENPX;FAAP24;ATR;FANCA;FANCB;FANCC;FANCE;FANCF;FANCG;FAAP20;FAAP100;FANCL;UBE2T;FANCD2;FANCI;UBB,,
N01465,Lesion bypass by TLS and DSB formation,Reference,"FANCD2+FANCI+Ub -> FAN1 == SLX+MUS81+EME1 == ERCC4+ERCC1+SNM1A -> REV1,REV3L,REV7",nt06508 Interstrand crosslink repair,15,FANCD2;FANCI;UBB;FAN1;SLX4;SLX1A;SLX1B;MUS81;EME1;ERCC4;ERCC1;DCLRE1A;REV1;REV3L;MAD2L2,,
N01466,Homologous recombination in ICLR,Reference,FANCD2+FANCI+Ub -> BRCA1+BARD1 == BRIP1 == BRCA2+PALB2+DSS1 == RPA == HROB+MCM8+MCM9,nt06508 Interstrand crosslink repair,16,FANCD2;FANCI;UBB;BRCA1;BARD1;BRIP1;BRCA2;PALB2;SEM1;RPA1;RPA2;RPA3;RPA4;HROB;MCM8;MCM9,,
N01467,V(D)J recombination,Reference,RAG1+RAG2 -> Ku == DNAPKC -> DNAPK+ARTEMIS -> DNAPK+POLX -> DNAPK == LIG4+XRCC4+XLF,nt06506 Double-strand break repair,12,RAG1;RAG2;XRCC6;XRCC5;PRKDC;DCLRE1C;POLL;POLM;DNTT;LIG4;XRCC4;NHEJ1,,
N01468,DNA replication licensing,Reference,ORC == CDC6 == CDT1 == MCM -> pre-RC+DDK == CDC45+TICRR+MTBP == CDK,nt06509 DNA replication,24,ORC1;ORC2;ORC3;ORC4;ORC5;ORC6;CDC6;CDT1;MCM2;MCM3;MCM4;MCM5;MCM6;MCM7;DBF4;CDC7;CDC45;TICRR;MTBP;CDK2;CCNA1;CCNA2;CCNE1;CCNE2,,
N01469,Cdt1 downregulation,Reference,MCIDAS -| GMNN -| CDT1,nt06509 DNA replication,3,MCIDAS;GMNN;CDT1,,
N01470,Pre-IC formation,Reference,TOPBP1+RECQL4 == POLE == GINS -> ORC+CDC6+CDT1 == CDC45+MCM+GINS == POLE+TOPBP1+TICRR+MTBP+RECQL4,nt06509 DNA replication,27,TOPBP1;RECQL4;POLE;POLE2;POLE3;POLE4;GINS1;GINS2;GINS3;GINS4;ORC1;ORC2;ORC3;ORC4;ORC5;ORC6;CDC6;CDT1;CDC45;MCM2;MCM3;MCM4;MCM5;MCM6;MCM7;TICRR;MTBP,,
N01471,Origin unwinding and elongation,Reference,CMG+POLE+MCM10 == POLA+PRIM == RPA -> CMG+MCM10+CTF4+POLA+POLE == RFC+PCNA,nt06509 DNA replication,30,CDC45;MCM2;MCM3;MCM4;MCM5;MCM6;MCM7;GINS1;GINS2;GINS3;GINS4;POLE;POLE2;POLE3;POLE4;MCM10;POLA1;POLA2;PRIM1;PRIM2;RPA1;RPA2;RPA3;WDHD1;RFC1;RFC2;RFC3;RFC4;RFC5;PCNA,,
N01472,Okazaki fragment maturation,Reference,POLD+PCNA -> DNA2 == RNaseH2 == FEN1 -> LIG1,nt06509 DNA replication,11,POLD1;POLD2;POLD3;POLD4;PCNA;DNA2;RNASEH2A;RNASEH2B;RNASEH2C;FEN1;LIG1,,
N01473,DNA replication termination,Reference,CMG+PIF1 -> CMG+CRL2-LRR1 -> CMG == MCM7+Ub -> MCM7+VCP+UFD1+NPL4,nt06509 DNA replication,21,CDC45;MCM2;MCM3;MCM4;MCM5;MCM6;MCM7;GINS1;GINS2;GINS3;GINS4;PIF1;CUL2;RBX1;ELOB;ELOC;LRR1;UBB;VCP;UFD1;NPLOC4,,
N01474,TRAIP-dependent replisome disassembly,Reference,CMG+TRAIP -> CMG == MCM7+Ub -> MCM7+VCP+UFD1+NPL4,nt06509 DNA replication,16,CDC45;MCM2;MCM3;MCM4;MCM5;MCM6;MCM7;GINS1;GINS2;GINS3;GINS4;TRAIP;UBB;VCP;UFD1;NPLOC4,,
N01475,Telomerase RNA maturation,Reference,TERC+TGS1 -> TERC+PAPD5 -> TERC+PARN+ZCCHC8,nt06510 Telomere length regulation,5,TERC;TGS1;TENT4B;PARN;ZCCHC8,,
N01476,Assembly and trafficking of telomerase,Reference,TERC+TERT+Pontin+Reptin == DKC1+NOP10+NHP2+GAR1+NAF1 -> TERC+TERT+Pontin+Reptin+Dyskerins == WRAP53+TriC,nt06510 Telomere length regulation,19,TERC;TERT;RUVBL1;RUVBL2;DKC1;NOP10;NHP2;GAR1;NAF1;WRAP53;TCP1;CCT2;CCT3;CCT4;CCT5;CCT6A;CCT6B;CCT7;CCT8,,
N01477,Telomere elongation,Reference,RTEL1+RAP1+TRF2+TIN2+TRF1+POT1+ACD == telomerase -> Shelterin == CTC1+STN1+TEN1,nt06510 Telomere length regulation,19,RTEL1;TERF2IP;TERF2;TINF2;TERF1;POT1;ACD;TERT;TERC;RUVBL1;RUVBL2;DKC1;NOP10;NHP2;GAR1;WRAP53;CTC1;STN1;TEN1,,
N01478,Notch proteolytic activation,Reference,NOTCH -- ADAM17 >> (PSEN+PSENEN+NCSTN+APH1) -> NICD,nt06511 NOTCH signaling,11,NOTCH1;NOTCH2;NOTCH3;NOTCH4;ADAM17;PSEN1;PSEN2;PSENEN;NCSTN;APH1A;APH1B,,
N01479,Notch ligand ubiquitylation,Reference,"(MIB,NEUR) -> (DLL,JAG)",nt06511 NOTCH signaling,9,MIB1;MIB2;NEURL1;NEURL1B;DLL1;DLL3;DLL4;JAG1;JAG2,,
N01480,Notch-HES7 signaling,Reference,(NICD+RBPJ) => HES7 -| LFNG,nt06511 NOTCH signaling,4,RBPJ;RBPJL;HES7;LFNG,,
N01481,Notch-MESP2 signaling,Reference,"(NICD+RBPJ+TBX6) => MESP2 => (RIPPLY2,LFNG,EPHA4)",nt06511 NOTCH signaling,6,RBPJ;TBX6;MESP2;RIPPLY2;LFNG;EPHA4,,
N01482,Cohesin loading,Reference,Cohesin -> ATRX == Cohesin == NIPBL+MAU2 -> DDX11 == Cohesin+NIPBL+MAU2,nt06512 Chromosome cohesion and segregation,9,SMC1A;SMC3;RAD21;STAG1;STAG2;ATRX;NIPBL;MAU2;DDX11,,
N01483,Cohesin acetylation,Reference,"HDAC8 -| ESCO1,ESCO2 -- SMC3 -> CDCA5",nt06512 Chromosome cohesion and segregation,5,HDAC8;ESCO1;ESCO2;SMC3;CDCA5,,
N01484,Establishment of cohesion,Reference,"STAG1,STAG2 == PDS5+WAPL -> CDCA5,CTCF == STAG+PDS5+WAPL",nt06512 Chromosome cohesion and segregation,7,STAG1;STAG2;PDS5A;PDS5B;WAPL;CDCA5;CTCF,,
N01485,Cohesin dissociation in prophase,Reference,"SGO1+PP2A -| PLK1,AURKB,CDK1 -- STAG+CDCA5",nt06512 Chromosome cohesion and segregation,16,SGO1;PPP2CA;PPP2CB;PPP2R1A;PPP2R1B;PPP2R5A;PPP2R5B;PPP2R5C;PPP2R5D;PPP2R5E;PLK1;AURKB;CDK1;STAG1;STAG2;CDCA5,,
N01486,Cohesin dissociation in anaphase,Reference,ANAPC+CDC20 -| PTTG1 -| ESPL1 -| RAD21,nt06512 Chromosome cohesion and segregation,16,ANAPC1;ANAPC2;CDC27;ANAPC4;ANAPC5;CDC16;ANAPC7;CDC23;ANAPC10;ANAPC11;CDC26;ANAPC13;CDC20;PTTG1;ESPL1;RAD21,,
N01487,"Classical pathway of complement cascade, C4/C2 to C3 convertase formation",Reference,"[C4,C2] -- ((C1QA,C1QB,C1QC)+C1R+C1S) -> [C4b,C2a] -> (C4b+C2a)",nt06513 Complement cascade; nt06171 Severe acute respiratory syndrome coronavirus 2 (SARS-CoV-2); nt06164 Kaposi sarcoma-associated herpesvirus (KSHV),8,C4A;C4B;C2;C1QA;C1QB;C1QC;C1R;C1S,,
N01489,"Classical/Lectin pathway of complement cascade, C5 convertase formation",Reference,C3 -- (C4b+C2a) -> C3b -> (C4b+C2a+C3b),nt06513 Complement cascade; nt06168 Herpes simplex virus 1 (HSV-1),1,C3,,
N01490,"Common pathway of complement cascade, MAC formation",Reference,"C5 -- ((C4b+C2a+C3b),(C3b+Bb+C3b)) -> C5b -> (C5b+C6+C7+C8+C9)",nt06513 Complement cascade,7,C5;C6;C7;C8A;C8B;C8G;C9,,
N01491,"Lectin pathway of complement cascade, C4/C2 to C3 convertase formation",Reference,"[C4,C2] -- ((MBL2,COLEC10/11,FCN)+MASP1/2) -> [C4b,C2a] -> (C4b+C2a)",nt06513 Complement cascade; nt06171 Severe acute respiratory syndrome coronavirus 2 (SARS-CoV-2),11,C4A;C4B;C2;MBL2;COLEC10;COLEC11;FCN1;FCN2;FCN3;MASP1;MASP2,,
N01493,"Alternative pathway of complement cascade, C3 convertase formation",Reference,C3 -> C3H2O -> (C3H2O+CFB) -- CFD -> (C3H2O+Bb),nt06513 Complement cascade,3,C3;CFB;CFD,,
N01494,"Alternative pathway of complement cascade, C3/5 convertase formation",Reference,"C3 -- ((C3H2O+Bb),(C3b+Bb)) -> C3b -> (C3b+CFB) -- CFD -> (C3b+Bb) -> ((C3b+Bb)+CFP) -> ((C3b+Bb+C3b)+CFP)",nt06513 Complement cascade,4,C3;CFB;CFD;CFP,,
N01495,"Classical/Lectin pathway of complement cascade, C4b breakdown",Reference,"(C4b+C2a) -- C4BP -> C4b -- (CFI+C4BP) -> (C4c,C4d)",nt06513 Complement cascade,3,C4BPA;C4BPB;CFI,,
N01496,"Alternative pathway of complement cascade, C3b breakdown",Reference,"(C3b+Bb) -- (CFH,(CD55+CR1)) -> C3b -- (CFI+(CFH,CR1,CD46)) -> iC3b -- (CFI+CR1) -> C3dg -- Plasmin -> C3d",nt06513 Complement cascade,5,CFH;CD55;CR1;CFI;CD46,,
N01497,Condensin loading,Reference,PP2A == Condensin_II -> TOP2A+KIF4A+DNMT3B == Condensin_I,nt06512 Chromosome cohesion and segregation,20,PPP2CA;PPP2CB;PPP2R1A;PPP2R1B;PPP2R5A;PPP2R5B;PPP2R5C;PPP2R5D;PPP2R5E;SMC2;SMC4;NCAPH2;NCAPD3;NCAPG2;TOP2A;KIF4A;DNMT3B;NCAPH;NCAPD2;NCAPG,,
N01498,Inhibition of condensin II association,Reference,MCPH1 -> NCAPG2 // SMC2,nt06512 Chromosome cohesion and segregation,3,MCPH1;NCAPG2;SMC2,,
N01499,Modifying of condensin II subunits,Reference,"PLK1,AURKB,CDK1 -- NCAPD3,NCAPG2,NCAPH2",nt06512 Chromosome cohesion and segregation,6,PLK1;AURKB;CDK1;NCAPD3;NCAPG2;NCAPH2,,
N01500,Modifying of condensin I subunits,Reference,"AURKB,CDK1 -- NCAPD2,NCAPG,NCAPH",nt06512 Chromosome cohesion and segregation,5,AURKB;CDK1;NCAPD2;NCAPG;NCAPH,,
N01501,Inactivation of condensin I,Reference,"CK2 -| SMC4,NCAPD2,NCAPG,NCAPH",nt06512 Chromosome cohesion and segregation,6,CSNK2A1;CSNK2A2;SMC4;NCAPD2;NCAPG;NCAPH,,
N01502,"Lectin pathway of coagulation cascade, fibrinogen to fibrin",Reference,"FG -- (F2a,((MBL2,COLEC10/11,FCN)+MASP1)) -> Fibrin",nt06171 Severe acute respiratory syndrome coronavirus 2 (SARS-CoV-2),10,FGA;FGB;FGG;MBL2;COLEC10;COLEC11;FCN1;FCN2;FCN3;MASP1,,
N01503,"Extrinsic pathway of coagulation cascade, F7 activation",Reference,F7 -- Protease -> F7a -> (F7a+F3),nt06514 Coagulation cascade,2,F7;F3,,
N01504,"Regulation of complement cascade, CFHR",Reference,CFHR -| CFH,nt06513 Complement cascade,6,CFHR1;CFHR2;CFHR3;CFHR4;CFHR5;CFH,,
N01505,"Regulation of complement cascade, MAC inhibition",Reference,"(CD59,CLU,VTN) -| (C5b+C6+C7+C8+C9)",nt06513 Complement cascade,9,CD59;CLU;VTN;C6;C7;C8A;C8B;C8G;C9,,
N01506,"Intrinsic pathway of coagulation cascade, F12 activation",Reference,F12 -- Kallikrein -> F12a,nt06514 Coagulation cascade,1,F12,,
N01507,"Intrinsic pathway of coagulation cascade, F11 activation",Reference,F11 -- F12a -> F11a,nt06514 Coagulation cascade,1,F11,,
N01508,"Intrinsic pathway of coagulation cascade, F9 activation",Reference,F9 -- F11a -> F9a -> (F9a+F8a),nt06514 Coagulation cascade,1,F9,,
N01509,"Intrinsic pathway of coagulation cascade, F8 activation",Reference,"(F8+VWF) -- (F10a,F2a) -> F8a -> (F9a+F8a)",nt06514 Coagulation cascade,2,F8;VWF,,
N01510,"Common pathway of coagulation cascade, F10 activation",Reference,"F10 -- ((F9a+F8a),(F7a+F3)) -> F10a -> (F10a+F5a)",nt06514 Coagulation cascade,2,F10;F3,,
N01511,"Common pathway of coagulation cascade, F5 activation",Reference,F5 -- F2a -> F5a -> (F10a+F5a),nt06514 Coagulation cascade,1,F5,,
N01512,"Common pathway of coagulation cascade, prothrombin activation",Reference,F2 -- (F10a+F5a) -> F2a,nt06514 Coagulation cascade,1,F2,,
N01513,"Common pathway of coagulation cascade, fibrinogen to fibrin",Reference,FG -- F2a -> Fibrin,nt06514 Coagulation cascade,3,FGA;FGB;FGG,,
N01514,"Common pathway of coagulation cascade, F13 activation",Reference,F13 -- F2a -> F13a,nt06514 Coagulation cascade,2,F13A1;F13B,,
N01515,"Regulation of coagulation cascade, protein C system",Reference,"PROC -- (F2a+THBD+PROCR) -> APC -> (APC+PROS1) -| (F5a,F8a)",nt06514 Coagulation cascade,4,PROC;THBD;PROCR;PROS1,,
N01516,"Kallikrein-kinin system, prekallikrein activation",Reference,KLKB1 -- F12a -> Kallikrein,nt06514 Coagulation cascade,1,KLKB1,,
N01517,"Kallikrein-kinin system, HMWK to bradykinin",Reference,KNG1 -- Kallikrein -> Bradykinin -> BDKRB,nt06514 Coagulation cascade,3,KNG1;BDKRB1;BDKRB2,,
N01518,Fibrinolytic system,Reference,"PLG -- (PLAU,PLAT) -> Plasmin",nt06514 Coagulation cascade,3,PLG;PLAU;PLAT,,
N01519,"Regulation of coagulation cascade, AT3",Reference,"SERPINC1 -| (F2a,F9a,F10a,F11a,F12a)",nt06514 Coagulation cascade,1,SERPINC1,,
N01520,"Regulation of fibrinolytic system, C1INH",Reference,"SERPING1 -| (F11a,F12a,Kallikrein,Plasmin,PLAU,C1R,C1S,MASP1/2)",nt06513 Complement cascade; nt06514 Coagulation cascade,6,SERPING1;PLAU;C1R;C1S;MASP1;MASP2,,
N01521,"Regulation of coagulation cascade, HCF2",Reference,SERPIND1 -| F2a,nt06514 Coagulation cascade,1,SERPIND1,,
N01522,"Regulation of fibrinolytic system, AAP",Reference,SERPINF2 -| Plasmin,nt06514 Coagulation cascade,1,SERPINF2,,
N01523,"Regulation of fibrinolytic system, AAT",Reference,"SERPINA1 -| (Plasmin,PLAU)",nt06514 Coagulation cascade,2,SERPINA1;PLAU,,
N01524,"Regulation of fibrinolytic system, PAI",Reference,"PAI -| (PLAU,PLAT)",nt06514 Coagulation cascade,6,SERPINE1;SERPINB2;SERPINA5;SERPINE2;PLAU;PLAT,,
N01525,Organization of the inner kinetochore,Reference,CENPA == CENPC == CENP-LN+CENP-HIKM+CENP-OPQUR == CENP-TWSX,nt06515 Regulation of kinetochore-microtubule interactions,17,CENPA;CENPC;CENPL;CENPN;CENPH;CENPI;CENPK;CENPM;CENPO;CENPP;CENPQ;CENPU;ITGB3BP;CENPT;CENPW;CENPS;CENPX,,
N01526,Organization of the outer kinetochore,Reference,CPC == CENPC == MIS12C+KNL1C+CENP-TWSX -> CPC+CENPC+MIS12C+KNLC == CENP-TWSX == NDC80C,nt06515 Regulation of kinetochore-microtubule interactions,19,AURKB;INCENP;CDCA8;BIRC5;CENPC;MIS12;DSN1;PMF1;NSL1;KNL1;ZWINT;CENPT;CENPW;CENPS;CENPX;NDC80;NUF2;SPC24;SPC25,,
N01527,"KSHV Kaposin to classical/Lectin pathway of complement cascade, C4b breakdown",Pathogen,C4b -- (CFI+KCP) -> C4d,nt06513 Complement cascade,1,CFI,H00041,
N01528,"KSHV Kaposin to alternative pathway of complement cascade, C3b breakdown",Pathogen,C3b -- (CFI+KCP) -> iC3b -- (CFI+KCP) -> C3dg,nt06513 Complement cascade,1,CFI,H00041,
N01529,Recruitment and formation of the MCC,Reference,AURKB -- NDC80 == MPS1 -- KNL1 == (BUB1+BUB3+BUBR1) == (MAD1+MAD2) -> KNL1+MCC,nt06515 Regulation of kinetochore-microtubule interactions,10,AURKB;NDC80;TTK;KNL1;BUB1;BUB3;BUB1B;MAD1L1;MAD2L1;CDC20,,
N01530,Dopamine metabolism,Reference,Tyr+BH4 -- TH -> L-Dopa -- DDC -> Dopamine -- MAO -> DOPAL,nt06028 Dopamine and serotonin metabolism; nt06463 Parkinson disease; nt06422 Dopamine metabolism,4,TH;DDC;MAOA;MAOB,,
N01531,CENPE interaction with NDC80 complex,Reference,"(AURKA,AURKB) -| PP1 -- CENPE+(SKAP+Astrin) == NDC80C",nt06515 Regulation of kinetochore-microtubule interactions,12,AURKA;AURKB;PPP1CA;PPP1CB;PPP1CC;CENPE;KNSTRN;SPAG5;NDC80;NUF2;SPC24;SPC25,,
N01532,Kinetochore targeting of MAD1-MAD2,Reference,MIS12 == CEP57 == (MAD1+MAD2),nt06515 Regulation of kinetochore-microtubule interactions,4,MIS12;CEP57;MAD1L1;MAD2L1,,
N01533,Disassembly of MCC,Reference,TRIP13+MAD2L1BP -| MCC -| ANAPC,nt06515 Regulation of kinetochore-microtubule interactions,17,TRIP13;MAD2L1BP;MAD2L1;BUB1B;BUB3;CDC20;ANAPC1;ANAPC2;CDC27;ANAPC4;ANAPC5;CDC16;ANAPC7;CDC23;ANAPC10;ANAPC11;CDC26,,
N01534,Dynein recruitment to the kinetochore,Reference,"BUB1+CENPF == RZZ == (NDE1+NDEL1+LIS1),SPDL1,Dynactin == Dynein",nt06515 Regulation of kinetochore-microtubule interactions,30,BUB1;CENPF;KNTC1;ZW10;ZWILCH;NDE1;NDEL1;PAFAH1B1;SPDL1;DCTN1;DCTN2;DCTN3;DCTN4;DCTN5;DCTN6;ACTR1A;ACTR10;DYNC1H1;DYNC2H1;DYNC1I1;DYNC1I2;DYNC1LI1;DYNC1LI2;DYNC2LI1;DYNLL1;DYNLL2;DYNLRB1;DYNLRB2;DYNLT1;DYNLT3,,
N01535,Kinetochore microtubule attachment,Reference,"(CENPF,BUBR1) == CENPE == microtubule",nt06515 Regulation of kinetochore-microtubule interactions,20,CENPF;BUB1B;CENPE;TUBA1A;TUBA1B;TUBA1C;TUBA3C;TUBA3D;TUBA3E;TUBA4A;TUBA8;TUBB;TUBB1;TUBB2A;TUBB2B;TUBB3;TUBB4A;TUBB4B;TUBB6;TUBB8,,
N01536,Dephosphorylation of kinetochore,Reference,"NDC80C == (SKA1+SKA2+SKA3) == PP1 -| (MPS1,AURKB)",nt06515 Regulation of kinetochore-microtubule interactions,12,NDC80;NUF2;SPC24;SPC25;SKA1;SKA2;SKA3;PPP1CA;PPP1CB;PPP1CC;TTK;AURKB,,
N01537,"Hedgehog signaling pathway, HH ligand secretion",Reference,HHAT -> HH -- DISP1 >> SCUBE2 -> HH(extracellular),nt06501 HH signaling,6,HHAT;SHH;IHH;DHH;DISP1;SCUBE2,,
N01538,"Hedgehog signaling pathway, PTCH coreceptor",Reference,"((CDON,BOC),GAS1,LRP2) -> (HH+PTCH)",nt06501 HH signaling,9,CDON;BOC;GAS1;LRP2;SHH;IHH;DHH;PTCH1;PTCH2,,
N01539,RAD51 -dsDNA destabilization,Reference,"RFWD3 -| RPA,RAD51 == BCDX2+HELQ",nt06508 Interstrand crosslink repair,11,RFWD3;RPA1;RPA2;RPA3;RPA4;RAD51;RAD51B;RAD51C;RAD51D;XRCC2;HELQ,,
N01540,Estrogen biosynthesis,Reference,"[Androstenedione,T] -- CYP19A1 -> [E1,E2]",nt06019 Steroid hormone biosynthesis,1,CYP19A1,,
N01541,Testosterone biosynthesis,Reference,"Pregnenolone -- CYP17A1 >> HSD3B1/2 -> Androstenedione -- (AKR1C3,HSD17B) -> T -- SRD5A -> DHT",nt06019 Steroid hormone biosynthesis,11,CYP17A1;HSD3B1;HSD3B2;AKR1C3;HSD17B3;HSD17B2;HSD17B8;HSD17B6;SRD5A1;SRD5A2;SRD5A3,,
N01542,PKA holoenzyme,Reference,PRKAR -| PKA,nt06310 CRH-ACTH-cortisol signaling,7,PRKAR1A;PRKAR2A;PRKAR1B;PRKAR2B;PRKACA;PRKACB;PRKACG,,
N01543,TLR7/8/9-IRF5 signaling pathway,Reference,"(TLR7+TLR8+TLR9) -> MYD88 -> (IRAK4+IRAK1) -> TRAF6 -> IRF5 => (IFNA,IFNB1)",nt06517 TLR signaling,22,TLR7;TLR8;TLR9;MYD88;IRAK4;IRAK1;TRAF6;IRF5;IFNA1;IFNA2;IFNA4;IFNA5;IFNA6;IFNA7;IFNA8;IFNA10;IFNA13;IFNA14;IFNA16;IFNA17;IFNA21;IFNB1,,
N01544,Microtubule nucleation,Reference,CDK5RAP2 == gamma-TuRC+TPX2 == ch-TOG == microtubule,nt06515 Regulation of kinetochore-microtubule interactions,28,CDK5RAP2;TUBGCP2;TUBGCP3;TUBGCP4;TUBGCP5;TUBGCP6;MZT2A;MZT2B;NEDD1;TPX2;CKAP5;TUBA1A;TUBA1B;TUBA1C;TUBA3C;TUBA3D;TUBA3E;TUBA4A;TUBA8;TUBB;TUBB1;TUBB2A;TUBB2B;TUBB3;TUBB4A;TUBB4B;TUBB6;TUBB8,,
N01545,"Regulation of TNF-NFKB signaling pathway, LUBAC-mediated linear ubiquitination",Reference,"(RBCK1+RNF31+SHARPIN) -> (RIPK1,IKBKG,TNFRSF1A)",nt06516 TNF signaling,6,RBCK1;RNF31;SHARPIN;RIPK1;IKBKG;TNFRSF1A,,
N01546,"Regulation of TNF-NFKB signaling pathway, OTULIN/TNFAIP3-mediated deubiquitination",Reference,"(OTULIN,TNFAIP3) -| (RIPK1,IKBKG)",nt06516 TNF signaling,4,OTULIN;TNFAIP3;RIPK1;IKBKG,,
N01547,Kinetochore fiber organization,Reference,AURKA -- (TACC3+ch-TOG) -> (TACC3+ch-TOG) == microtubule -> clathrin == (TACC3+ch-TOG) == microtubule,nt06515 Regulation of kinetochore-microtubule interactions,23,AURKA;TACC3;CKAP5;TUBA1A;TUBA1B;TUBA1C;TUBA3C;TUBA3D;TUBA3E;TUBA4A;TUBA8;TUBB;TUBB1;TUBB2A;TUBB2B;TUBB3;TUBB4A;TUBB4B;TUBB6;TUBB8;CLTA;CLTB;CLTC,,
N01548,Kinetochore-fiber stabilization,Reference,CLTC+PIK3C2A == TACC3,nt06515 Regulation of kinetochore-microtubule interactions,3,CLTC;PIK3C2A;TACC3,,
N01549,Branching microtubule nucleation,Reference,gamma-TuRC == Augumin == TPX2+microtubule,nt06515 Regulation of kinetochore-microtubule interactions,33,TUBGCP2;TUBGCP3;TUBGCP4;TUBGCP5;TUBGCP6;MZT2A;MZT2B;NEDD1;HAUS2;HAUS3;HAUS4;HAUS5;HAUS6;HAUS7;HAUS8;TPX2;TUBA1A;TUBA1B;TUBA1C;TUBA3C;TUBA3D;TUBA3E;TUBA4A;TUBA8;TUBB;TUBB1;TUBB2A;TUBB2B;TUBB3;TUBB4A;TUBB4B;TUBB6;TUBB8,,
N01550,Adrenaline metabolism,Reference,Dopamine -- DBH -> Noradrenaline -- PNMT -> Adrenaline -- MAO -> DOPEGAL,nt06028 Dopamine and serotonin metabolism,4,DBH;PNMT;MAOA;MAOB,,
N01551,Serotonin metabolism,Reference,Trp -- TPH1/2 >> DDC -> Serotonin -- MAO -> 5-HIAL,nt06028 Dopamine and serotonin metabolism,5,TPH1;TPH2;DDC;MAOA;MAOB,,
N01552,Eumelanin biosynthesis,Reference,Tyr -- TYR -> Dopaquinone -- DCT >> TYRP1 -> Eumelanin,nt06028 Dopamine and serotonin metabolism,3,TYR;DCT;TYRP1,,
N01553,Promotion of microtubule growth,Reference,"(CLIP1,CLIP2)+(CLASP1,CLASP2) == EB1 == microtubule",nt06515 Regulation of kinetochore-microtubule interactions,22,CLIP1;CLIP2;CLASP1;CLASP2;MAPRE1;TUBA1A;TUBA1B;TUBA1C;TUBA3C;TUBA3D;TUBA3E;TUBA4A;TUBA8;TUBB;TUBB1;TUBB2A;TUBB2B;TUBB3;TUBB4A;TUBB4B;TUBB6;TUBB8,,
N01554,IL2 family to Jak-STAT signaling pathway,Reference,"(IL2,IL4,IL7,IL9,IL15,IL21,TSLP) -> ((IL2RG+IL2RB+(IL2RA,IL15RA),(IL2RG+(IL4R,IL7R,IL9R,IL21R),(IL7R+CRLF2)) -> (JAK1+JAK3) -> (STAT1,STAT3,STAT5,STAT6)",nt06518 JAK-STAT signaling,23,IL2;IL4;IL7;IL9;IL15;IL21;TSLP;IL2RG;IL2RB;IL2RA;IL15RA;IL4R;IL7R;IL9R;IL21R;CRLF2;JAK1;JAK3;STAT1;STAT3;STAT5A;STAT5B;STAT6,,
N01555,Hormone-like-cytokine to Jak-STAT signaling pathway,Reference,"(EPO,GH,PRL,THPO,CSF3,LEP) -> (EPOR,GHR,PRLR,MPL,CSF3R,LEPR) -> JAK2 -> (STAT5A,STAT5B,STAT3)",nt06518 JAK-STAT signaling,17,EPO;GH1;GH2;PRL;THPO;CSF3;LEP;EPOR;GHR;PRLR;MPL;CSF3R;LEPR;JAK2;STAT5A;STAT5B;STAT3,,
N01556,IL6 family to Jak-STAT signaling pathway,Reference,"(IL6,IL11,IL13,IL27,IL31,OSM,LIF,CNTF,CTF1,CLCF1) -> ((IL6ST+(IL6R,IL11RA,IL27RA,OSMR,LIFR,CNTFR)),(IL4R+IL13RA),(IL31RA+OSMR)) -> (JAK1+JAK2+TYK2) -> (STAT1,STAT3,STAT6)",nt06518 JAK-STAT signaling,27,IL6;IL11;IL13;IL27;IL31;OSM;LIF;CNTF;CTF1;CLCF1;IL6ST;IL6R;IL11RA;IL27RA;OSMR;LIFR;CNTFR;IL4R;IL13RA1;IL13RA2;IL31RA;JAK1;JAK2;TYK2;STAT1;STAT3;STAT6,,
N01557,IL12/23 to Jak-STAT signaling pathway,Reference,"(IL12,IL23A) -> ((IL12RB1+IL12RB2),(IL12RB1+IL23R)) -> (JAK2+TYK2) -> (STAT3,STAT4)",nt06518 JAK-STAT signaling,10,IL12A;IL12B;IL23A;IL12RB1;IL12RB2;IL23R;JAK2;TYK2;STAT3;STAT4,,
N01558,Type I interferon to Jak-STAT signaling pathway,Reference,"(IFNA,IFNB1,IFNW1,IFNK,IFNE) -> (IFNAR1+IFNAR2) -> (JAK1+TYK2) -> (STAT1+STAT2) == IRF9",nt06518 JAK-STAT signaling,24,IFNA1;IFNA2;IFNA4;IFNA5;IFNA6;IFNA7;IFNA8;IFNA10;IFNA13;IFNA14;IFNA16;IFNA17;IFNA21;IFNB1;IFNW1;IFNK;IFNE;IFNAR1;IFNAR2;JAK1;TYK2;STAT1;STAT2;IRF9,,
N01559,Type II interferon to Jak-STAT signaling pathway,Reference,"IFNG -> (IFNGR1,IFNGR2) -> (JAK1+JAK2) -> (STAT1,STAT3) => (IL27,IFNA,IFNG)",nt06518 JAK-STAT signaling,21,IFNG;IFNGR1;IFNGR2;JAK1;JAK2;STAT1;STAT3;IL27;IFNA1;IFNA2;IFNA4;IFNA5;IFNA6;IFNA7;IFNA8;IFNA10;IFNA13;IFNA14;IFNA16;IFNA17;IFNA21,,
N01560,"Regulation of type I interferon to Jak-STAT signaling pathway, USP18",Reference,"USP18 -| (IFNAR2,STAT2)",nt06518 JAK-STAT signaling,3,USP18;IFNAR2;STAT2,,
N01561,Microtubule depolymerization,Reference,"(AURKA,AURKB) -| (MCAK+KIF18B) == EB1,EB3 == microtubule",nt06515 Regulation of kinetochore-microtubule interactions,23,AURKA;AURKB;KIF2C;KIF18B;MAPRE1;MAPRE3;TUBA1A;TUBA1B;TUBA1C;TUBA3C;TUBA3D;TUBA3E;TUBA4A;TUBA8;TUBB;TUBB1;TUBB2A;TUBB2B;TUBB3;TUBB4A;TUBB4B;TUBB6;TUBB8,,
N01562,Microtubule depolymerization at the minus ends,Reference,PLK1 -> KIF2A == DDA3 == microtubule,nt06515 Regulation of kinetochore-microtubule interactions,20,PLK1;KIF2A;PSRC1;TUBA1A;TUBA1B;TUBA1C;TUBA3C;TUBA3D;TUBA3E;TUBA4A;TUBA8;TUBB;TUBB1;TUBB2A;TUBB2B;TUBB3;TUBB4A;TUBB4B;TUBB6;TUBB8,,
N01563,Inhibition of Kif2A,Reference,"(AURKA,AURKB) -| KIF2A",nt06515 Regulation of kinetochore-microtubule interactions,3,AURKA;AURKB;KIF2A,,
N01564,Post-translational modifications of RIG-I and MDA5,Reference,"RNF125 -| (RIGI,MDA5)",nt06519 RLR signaling,3,RNF125;RIGI;IFIH1,,
N01565,Adenosine-to-inosine RNA editing by ADAR,Reference,ADAR -| RNA,nt06519 RLR signaling,1,ADAR,,
N01566,TLR5-NFKB signaling pathway,Reference,"TLR5 -> (MYD88) -> (IRAK4+IRAK1) -> (TRAF6+TAK1+TAB2) -> IKK -> NFKBIA -> NFKB => (TNF,IL6,IL12A,IL12B)",nt06517 TLR signaling,17,TLR5;MYD88;IRAK4;IRAK1;TRAF6;MAP3K7;TAB2;CHUK;IKBKB;IKBKG;NFKBIA;NFKB1;RELA;TNF;IL6;IL12A;IL12B,,
N01567,NLRP1 inflammasome signaling pathway,Reference,"(NLRP1+PYCARD) -> CASP1 -> (IL1B,IL18)",nt06521 NLR signaling,5,NLRP1;PYCARD;CASP1;IL1B;IL18,,
N01568,"Regulation of NLRP3 inflammasome signaling pathway, NLRP3 inhibition",Reference,"(CARD8,GPSM3,IRGM,NO) -| (NLRP3+PYCARD)",nt06521 NLR signaling,5,CARD8;GPSM3;IRGM;NLRP3;PYCARD,,
N01569,NALP12 inflammasome signaling pathway,Reference,"(NLRP12+PYCARD) -> CASP1 -> (IL1B,IL18)",nt06521 NLR signaling,5,NLRP12;PYCARD;CASP1;IL1B;IL18,,
N01570,"Regulation of Pyrin inflammasome signaling pathway, PSTPIP1",Reference,PSTPIP1 -> MEFV,nt06521 NLR signaling,2,PSTPIP1;MEFV,,
N01571,DNA degradation by extracellular/endolysosomal DNAse,Reference,"(TREX1,DNASE1,DNASE2) -| DNA",nt06520 CGAS-STING signaling,7,TREX1;DNASE1;DNASE1L1;DNASE1L2;DNASE1L3;DNASE2;DNASE2B,,
N01572,RNASEH2-mediated RNA degradation in RNA-DNA hybrids,Reference,RNASEH2 -| DNA,nt06520 CGAS-STING signaling,3,RNASEH2A;RNASEH2B;RNASEH2C,,
N01573,SAMHD1-mediated dNTP degradation,Reference,SAMHD1 -| dNTP,nt06520 CGAS-STING signaling,1,SAMHD1,,
N01574,"Glycosaminoglycan biosynthesis, linkage tetrasaccharide",Reference,Protein-Ser -- XYLT1/2 >> B4GALT7 >> B3GALT6 >> B3GAT3 -> G00157,nt06029 Glycosaminoglycan biosynthesis,5,XYLT1;XYLT2;B4GALT7;B3GALT6;B3GAT3,,
N01575,TSC1/2-mTORC1 signaling pathway,Reference,(TSC1+TSC2+TBC1D7) -| RHEB -> mTORC1,nt06522 mTOR signaling,11,TSC1;TSC2;TBC1D7;RHEB;MTOR;RPTOR;AKT1S1;DEPTOR;MLST8;TELO2;TTI1,,
N01576,STRAD/STK11- TSC signaling pathway,Reference,(STRADA+STRADB+STK11) -> (PRKAA1+PPKAA2) -> (TSC1+TSC2+TBC1D7),nt06522 mTOR signaling,8,STRADA;STRADB;STK11;PRKAA1;PRKAA2;TSC1;TSC2;TBC1D7,,
N01578,GATOR1-mTORC1 signaling pathway,Reference,(NPRL2+NPRL3+DEPDC5) -| (RRAGA+RRAGB+RRAGC+RRAGD) -> mTORC1,nt06522 mTOR signaling,14,NPRL2;NPRL3;DEPDC5;RRAGA;RRAGB;RRAGC;RRAGD;MTOR;RPTOR;AKT1S1;DEPTOR;MLST8;TELO2;TTI1,,
N01580,Chondroitin sulfate biosynthesis,Reference,"G00157 -- CSGALNACT1/2 >> CHSY1/3,CHPF -> Chondroitin -- CHST3/7 -> Chondroitin_6-sulfate",nt06029 Glycosaminoglycan biosynthesis,8,CSGALNACT1;CSGALNACT2;CHSY1;CHSY3;CHPF;CHPF2;CHST3;CHST7,,
N01581,Dermatan sulfate biosynthesis,Reference,Chondroitin -- DSE -> Dermatan -- CHST14 -> Dermatan_4-sulfate,nt06029 Glycosaminoglycan biosynthesis,2,DSE;CHST14,,
N01582,Heparan sulfate biosynthesis,Reference,G00157 -- EXTL2/3 >> EXT1/2 >> EXTL1/3 >> NDST >> GLCE >> HS6ST1 -> Heparan_sulfate,nt06029 Glycosaminoglycan biosynthesis,11,EXTL2;EXTL3;EXT1;EXT2;EXTL1;NDST1;NDST2;NDST3;NDST4;GLCE;HS6ST1,,
N01583,"Regulation of extrinsic apoptotic pathway, XIAP",Reference,XIAP -| (RIPK1+RIPK3+FADD+CASP8),nt06516 TNF signaling,5,XIAP;RIPK1;RIPK3;FADD;CASP8,,
N01584,FLCN-mTORC1 signaling pathway,Reference,(SLC7A5+SLC3A2) -> FLCN -> (RRAGA+RRAGB+RRAGC+RRAGD) -> mTORC1,nt06522 mTOR signaling,14,SLC7A5;SLC3A2;FLCN;RRAGA;RRAGB;RRAGC;RRAGD;MTOR;RPTOR;AKT1S1;DEPTOR;MLST8;TELO2;TTI1,,
N01587,Fe-TF transport,Reference,"Fe2+ -- CP -> Fe3+ -- (TF+TFR1) -> Fe3+(endosome) -- STEAP3 -> Fe2+ -- (DMT1,ZIP8/14) -> Fe2+",nt06525 Ferroptosis,7,CP;TF;TFRC;STEAP3;SLC11A2;SLC39A14;SLC39A8,,
N01588,Fe3+ Ferritin transport,Reference,ATG5/7 -> NCOA4 -- (Fe3++(FTH1+FTL)),nt06525 Ferroptosis,5,ATG5;ATG7;NCOA4;FTH1;FTL,,
N01589,Glutathione biosynthesis,Reference,Cys+Glu -- (GCLC+GCLM) >> GSS -> GSH -- GPX -> GSSG,nt06026 Glutathione biosynthesis; nt06525 Ferroptosis,11,GCLC;GCLM;GSS;GPX1;GPX2;GPX3;GPX4;GPX5;GPX6;GPX7;GPX8,,
N01590,Arachidonate/Adrenic acid metabolism,Reference,AA+CoA -- ACSL4 >> LPCAT3 >> ALOX15 -> PE-AA-O-OH,nt06525 Ferroptosis,3,ACSL4;LPCAT3;ALOX15,,
N01591,Fe2+ Ferroportin transport,Reference,(Fe2++PCBP2) -- Ferroportin -> Fe2+(extracellular),nt06525 Ferroptosis,2,PCBP2;SLC40A1,,
N01592,GF-RTK-RAS-ERK signaling pathway,Reference,GF -> RTK -> GRB2 -> SOS -> RAS -> RAF -> MEK -> ERK,nt06526 MAPK signaling,92,EGF;TGFA;EREG;AREG;FGF1;FGF2;FGF3;FGF4;FGF17;FGF6;FGF7;FGF8;FGF9;FGF10;FGF16;FGF5;FGF18;FGF20;FGF22;FGF19;FGF21;FGF23;NGF;BDNF;NTF3;NTF4;INS;IGF1;IGF2;PDGFA;PDGFB;PDGFC;PDGFD;CSF1;KITLG;FLT3LG;VEGFA;VEGFB;PGF;VEGFC;VEGFD;HGF;ANGPT1;ANGPT2;ANGPT4;EFNA1;EFNA2;EFNA3;EFNA4;EFNA5;GDNF;NRTN;ARTN;PSPN;EGFR;ERBB2;ERBB3;ERBB4;FGFR1;FGFR2;FGFR3;FGFR4;NGFR;NTRK1;NTRK2;INSR;IGF1R;PDGFRA;PDGFRB;CSF1R;KIT;FLT3;FLT1;FLT4;KDR;MET;TEK;EPHA2;RET;GRB2;SOS1;SOS2;HRAS;KRAS;NRAS;ARAF;BRAF;RAF1;MAP2K1;MAP2K2;MAPK1;MAPK3,,
N01593,"Regulation of GF-RTK-RAS-ERK signaling, PTP",Reference,"(PTP,MKP) -| (ERK,JNK,MAPK14)",nt06526 MAPK signaling,20,DUSP3;PTPN7;PTPRR;PTPN5;DUSP10;DUSP1;DUSP2;DUSP4;DUSP5;DUSP6;DUSP7;DUSP8;DUSP9;DUSP16;MAPK1;MAPK3;MAPK8;MAPK9;MAPK10;MAPK14,,
N01594,MLK-JNK signaling pathway,Reference,MLK -> MKK4/7 -> JNK,nt06526 MAPK signaling,12,MAP3K9;MAP3K10;MAP3K11;MAP3K21;MAP3K12;MAP3K13;MAP3K20;MAP2K4;MAP2K7;MAPK8;MAPK9;MAPK10,,
N01595,"Regulation of GF-RTK-RAS-ERK signaling pathway, adaptor proteins",Reference,"(PTPN11,SHC,GAB,GRB2) -> SOS",nt06526 MAPK signaling,10,PTPN11;SHC1;SHC2;SHC3;SHC4;GAB1;GAB2;GRB2;SOS1;SOS2,,
N01596,"Regulation of GF-RTK-RAS-ERK signaling, RAS ubiquitination by CUL3 complex",Reference,"(LZTR1+CUL3) -| (RAS,RIT1)",nt06526 MAPK signaling,6,LZTR1;CUL3;HRAS;KRAS;NRAS;RIT1,,
N01597,"Regulation of GF-RTK-RAS-ERK signaling, SPRED and NF1",Reference,(SPRED+NF1) -| RAS,nt06526 MAPK signaling,6,SPRED1;SPRED2;NF1;HRAS;KRAS;NRAS,,
N01598,"Regulation of GF-RTK-RAS-ERK signaling, MRAS-SHOC2-PP1 holophosphatase",Reference,(MRAS+SHOC2+PP1) -> RAF,nt06526 MAPK signaling,8,MRAS;SHOC2;PPP1CA;PPP1CB;PPP1CC;ARAF;BRAF;RAF1,,
N01599,"Regulation of GF-RTK-RAS-ERK signaling, ubiquitination of RTK by CBL",Reference,CBL -| RTK,nt06526 MAPK signaling,25,CBL;EGFR;ERBB2;ERBB3;ERBB4;FGFR1;FGFR2;FGFR3;FGFR4;NGFR;NTRK1;NTRK2;INSR;IGF1R;PDGFRA;PDGFRB;CSF1R;KIT;FLT3;FLT1;FLT4;KDR;MET;TEK;EPHA2,,
N01600,"Regulation of GF-RTK-RAS-ERK signaling, RasGAP",Reference,RasGAP -| RAS,nt06526 MAPK signaling,8,RASA1;RASA2;RASA3;RASA4;RASAL1;HRAS;KRAS;NRAS,,
N01601,ERK-RSK signaling,Reference,ERK -> RSK,nt06526 MAPK signaling,6,MAPK1;MAPK3;RPS6KA6;RPS6KA1;RPS6KA2;RPS6KA3,,
N01602,ERK-MYC signaling pathway,Reference,ERK -> (MAX+MYC),nt06526 MAPK signaling,4,MAPK1;MAPK3;MAX;MYC,,
N01603,Pyruvate oxidation,Reference,Pyruvate+Lipoyl-E2 -- PDH >> DLAT -> AcCoA+Dihydrolipoyl-E2,nt06031 Citrate cycle and pyruvate metabolism,4,PDHA1;PDHA2;PDHB;DLAT,,
N01604,"Citrate cycle, first carbon oxidation",Reference,"OA+AcCoA -- (CS,ACLY) >> ACO1/2 >> IDH -> 2OG",nt06031 Citrate cycle and pyruvate metabolism,9,CS;ACLY;ACO1;ACO2;IDH1;IDH2;IDH3A;IDH3B;IDH3G,,
N01605,Gluconeogenesis,Reference,Pyruvate -- PC -> OA -- MDH1/2 >> PCK1/2 -> PEP,nt06031 Citrate cycle and pyruvate metabolism,5,PC;MDH1;MDH2;PCK1;PCK2,,
N01606,Glycolysis,Reference,"PEP -- (PKLR,PKM) -> Pyruvate",nt06031 Citrate cycle and pyruvate metabolism,2,PKLR;PKM,,
N01608,Serine biosynthesis,Reference,3-PGA -- PHGDH >> PSAT1 >> PSPH -> Ser,"nt06033 Glycine, serine and arginine metabolism",3,PHGDH;PSAT1;PSPH,,
N01609,"Citrate cycle, second carbon oxidation 1",Reference,2OG+Lipoyl-E2 -- OGDH >> DLST -> SucCoA+Dihydrolipoyl-E2,nt06031 Citrate cycle and pyruvate metabolism,3,OGDH;OGDHL;DLST,,
N01610,Dihydrolipoamide dehydrogenase,Reference,Dihydrolipoyl-H -- DLD -> Lipoyl-H,"nt06033 Glycine, serine and arginine metabolism",1,DLD,,
N01611,Glycine cleavage system,Reference,GCSH == (GLDC+AMT+DLD),"nt06033 Glycine, serine and arginine metabolism",4,GCSH;GLDC;AMT;DLD,,
N01612,Creatine pathway,Reference,Arg+Gly -- GATM >> GAMT -> Cr -- CK -> Crn,"nt06033 Glycine, serine and arginine metabolism",7,GATM;GAMT;CKB;CKM;CKMT1B;CKMT2;CKMT1A,,
N01613,"Glycine cleavage system, Gly to MTHF",Reference,Gly+Lipoyl-H -- GLDC >> AMT -> MTHF+Dihydrolipoyl-H,"nt06033 Glycine, serine and arginine metabolism",2,GLDC;AMT,,
N01615,Transport of creatine,Reference,Cr -- SLC6A8 -> Cr(intracellular),"nt06033 Glycine, serine and arginine metabolism",1,SLC6A8,,
N01616,Dihydrolipoamide dehydrogenase,Reference,Dihydrolipoyl-E2 -- DLD -> Lipoyl-E2,"nt06031 Citrate cycle and pyruvate metabolism; nt06024 Valine, leucine and isoleucine degradation",1,DLD,,
N01617,"Citrate cycle, second carbon oxidation 2",Reference,SucCoA -- SUCL >> SDH >> FH >> MDH1/2 -> OA,nt06031 Citrate cycle and pyruvate metabolism,10,SUCLG1;SUCLG2;SUCLA2;SDHA;SDHB;SDHC;SDHD;FH;MDH1;MDH2,,
N01618,Proline biosynthesis,Reference,Orn -- OAT >> PYCR -> Pro,"nt06033 Glycine, serine and arginine metabolism",4,OAT;PYCR2;PYCR1;PYCR3,,
N01619,Branched-chain amino acids degradation 2,Reference,"[KIC,KIV,KMV]+Lipoyl-E2 -- BCKDH >> DBT -> [IV-CoA,IB-CoA,2-MB-CoA]+Dihydrolipoyl-E2","nt06024 Valine, leucine and isoleucine degradation",3,BCKDHA;BCKDHB;DBT,,
N01622,Proline degradation,Reference,Pro -- PRODH >> ALDH4A1 -> Glu,"nt06033 Glycine, serine and arginine metabolism",2,PRODH;ALDH4A1,,
N01623,Spermine biosynthesis,Reference,Orn -- ODC1 -> Put -- SRM >> SMS -> Spm,"nt06033 Glycine, serine and arginine metabolism",3,ODC1;SRM;SMS,,
N01624,Cholesterol biosynthesis,Reference,"Farnesyl-PP -- FDFT1 >> SQLE >> LSS >> CYP51A1 >> (TM7SF2,LBR) >> MSMO1 >> NSDHL >> HSD17B7 >> DHCR24 >> EBP >> SC5D -> 7-DHC -- DHCR7 -> Cholesterol",nt06034 Cholesterol biosynthesis,13,FDFT1;SQLE;LSS;CYP51A1;TM7SF2;LBR;MSMO1;NSDHL;HSD17B7;DHCR24;EBP;SC5D;DHCR7,,
N01626,Cholecalciferol biosynthesis,Reference,7-DHC -- CYP2R1 >> CYP27B1 >> Calcitriol,nt06034 Cholesterol biosynthesis,2,CYP2R1;CYP27B1,,
N01635,Mevalonate pathway,Reference,"Acetyl-CoA -- ACAT >> HMGCS >> HMGCR >> MVK >> PMVK >> MVD >> IDI >> (FDPS,GGPS1) -> Farnesyl-PP",nt06034 Cholesterol biosynthesis,12,ACAT1;ACAT2;HMGCS1;HMGCS2;HMGCR;MVK;PMVK;MVD;IDI1;IDI2;FDPS;GGPS1,,
N10001,First-generation tyrosine kinase inhibitor to BCR-ABL fusion,Drug target,Imatinib -| BCR-ABL1,,1,ABL1,,25v1
N10002,Second/third-generation tyrosine kinase inhibitor to BCR-ABL fusion,Drug target,"(Dasatinib,Nilotinib,Bostinib,Ponatinib,Asciminib) -| BCR-ABL1*",,1,ABL1,,25v2
N10003,First-generation tyrosine kinase inhibitor to ALK fusion,Drug target,"Crizotinib -| (EML4-ALK,CD74/SLC34A2-ROS1)",,2,ALK;ROS1,,238v1;6098v1
N10004,Second/third-generation tyrosine kinase inhibitor to ALK fusion,Drug target,"(Alectinib,Ceritinib,Brigatinib,Lorlatinib) -| EML4-ALK*",,1,ALK,,238v2
N10005,First/second-generation tyrosine kinase inhibitor to EGFR mutation,Drug target,"(Gefitinib,Erlotinib,Afatinib,Dacomitinib) -| EGFR*",,1,EGFR,,1956v2
N10006,Third-generation tyrosine kinase inhibitor to EGFR mutation,Drug target,Osimertinib -| EGFR*,,1,EGFR,,1956v3
N10007,Kinase inhibitor to BRAF mutation,Drug target,"(Vemurafenib,Dabrafenib,Encorafenib) -| BRAF*",,1,BRAF,,673v1
N10008,Kinase inhibitor to MEK downstream of BRAF mutation,Drug target,"[BRAF*->MEK] (Trametinib,Cobimetinib,Binimetinib) -| MEK",nt06268 Melanoma; nt06274 Thyroid cancer; nt06210 ERK signaling,3,BRAF;MAP2K1;MAP2K2,,673v1
N10009,Tyrosine kinase inhibitor to HER2 overexpression/amplification,Drug target,"(Trastuzumab,Trastuzumab_emtansine,Pertuzumab,Lapatinib,Neratinib,Tucatinib,Margetuximab) -| (ERBB2*,ERBB2*)",,1,ERBB2,,2064v1;2064v3
N10010,Replacement of deficient GALNS,Drug target,Elosulfase -> GALNS*,,1,GALNS,,2588v1
N10011,CPS1 activator for deficient NAGS,Drug target,[NAGS*//CPS1] Carglumic_acid -> CPS1,nt06010 Urea cycle,2,NAGS;CPS1,,162417v1
N10012,Replacement of deficient IDUA,Drug target,Laronidase -> IDUA*,,1,IDUA,,3425v1
N10013,Replacement of deficient IDS,Drug target,Idursulfase -> IDS*,,1,IDS,,3423v1
N10014,Replacement of deficient ARSB,Drug target,Galsulfase -> ARSB*,,1,ARSB,,411v1
N10015,Replacement of deficient GLA,Drug target,Agalsidase -> GLA*,,1,GLA,,2717v1
N10016,Pharmacological chaperone of amenable GLA mutation,Drug target,Migalastat -> GLA*,,1,GLA,,2717v2
N10017,Replacement of deficient GBA,Drug target,"(Imiglucerase,Velaglucerase,Taliglucerase) -> GBA*",,1,GBA,,2629v1
N10018,UGCG inhibitor for deficient GBA,Drug target,"[GlcCer//GBA*] (Miglustat,Eliglustat) -| UGCG",nt06014 Sphingolipid degradation,2,GBA;UGCG,,2629v1
N10019,Replacement of cofactor BH4 for deficient QDPR,Drug target,[QDPR*//BH4] Sapropterin -> BH4,,1,QDPR,,5860v1
N10020,HPD inhibitor to downstream of deficient FAH,Drug target,[FAH*] Nitisinone -| HPD,,2,FAH;HPD,,2184v1
N10021,Replacement of deficient GAA,Drug target,Alglucosidase -> GAA*,,1,GAA,,2548v1
N10022,Replacement of deficient GUSB,Drug target,Vestronidase -> GUSB*,,1,GUSB,,2990v1
N10023,PI3K inhibitor to gain-of-function mutated PIK3CA,Drug target,Alpelisib -| PIK3CA*,,1,PIK3CA,,5290v1
N10024,Tyrosine kinase inhibitor to MET exon 14 skipping,Drug target,"(Capmatinib,Tepotinib) -| MET*",,1,MET,,4233v4
N10025,Tyrosine kinase inhibitor to RET fusion,Drug target,"Selpercatinib,Pralsetinib -| RET*",,1,RET,,5979v1
N10026,Replacement of cofactor cPMP for deficient MOCS1,Drug target,[MOCS1*//cPMP] Fosdenopterin -> cPMP,,1,MOCS1,,4337v1
N10027,KRAS mutation inhibitor,Drug target,[Non-small cell lung cancer] Sotorasib -| KRAS*,,1,KRAS,,3845v1
N10028,Gene therapy for DDC deficiency,Drug target,Eladocagene_exuparvovec -> DDC*,,1,DDC,,1644v1
nt06031,Citrate cycle and pyruvate metabolism,,,,0,,H00072;H01022,
nt06017,Glycogen metabolism,,,,0,,H00069,
nt06023,Galactose degradation,,,,0,,H00070,
nt06020,beta-Oxidation in mitochondria,,,,0,,H00525,
nt06021,beta-Oxidation in peroxisome,,,,0,,H00407,
nt06034,Cholesterol biosynthesis,,,,0,,,
nt06019,Steroid hormone biosynthesis,,,,0,,H00216,
nt06022,Bile acid biosynthesis,,,,0,,H00628,
nt06014,Sphingolipid degradation,,,,0,,H00423,
nt06027,Purine salvage pathway,,,,0,,H00195;H00194,
nt06033,"Glycine, serine and arginine metabolism",,,,0,,H00191;H00849;H00190,
nt06024,"Valine, leucine and isoleucine degradation",,,,0,,,
nt06010,Urea cycle,,,,0,,H01398,
nt06016,Phenylalanine and tyrosine metabolism,,,,0,,H00167;H00165;H00163,
nt06028,Dopamine and serotonin metabolism,,,,0,,,
nt06026,Glutathione biosynthesis,,,,0,,H00668,
nt06015,N-Glycan biosynthesis,,,,0,,H00118;H00119,
nt06013,O-Glycan biosynthesis,,,,0,,H02307,
nt06029,Glycosaminoglycan biosynthesis,,,,0,,,
nt06012,Glycosaminoglycan degradation,,,,0,,H00421,
nt06018,GPI-anchor biosynthesis,,,,0,,H01489,
nt06025,Molybdenum cofactor biosynthesis,,,,0,,H00192;H02311,
nt06011,Heme biosynthesis,,,,0,,H01763,
nt06509,DNA replication,,,,0,,H01889,
nt06510,Telomere length regulation,,,,0,,H00507;H02569,
nt06504,Base excision repair,,,,0,,,
nt06502,Nucleotide excision repair,,,,0,,H00403,
nt06503,Mismatch repair,,,,0,,H00876;H00020,
nt06506,Double-strand break repair,,,,0,,H00094,
nt06508,Interstrand crosslink repair,,,,0,,H00238,
nt06526,MAPK signaling,,,,0,,H00523;H02541,
nt06505,WNT signaling,,,,0,,H00485,
nt06511,NOTCH signaling,,,,0,,,
nt06501,HH signaling,,,,0,,H00039;H01835,
nt06507,TGFB signaling,,,,0,,H00800;H00482;H00211;H00533,
nt06518,JAK-STAT signaling,,,,0,,,
nt06516,TNF signaling,,,,0,,,
nt06522,mTOR signaling,,,,0,,H01928,
nt06512,Chromosome cohesion and segregation,,,,0,,H00631;H00773;H02632;H00269,
nt06515,Regulation of kinetochore-microtubule interactions,,,,0,,H01288;H00268;H00269;H01881,
nt06524,Apoptosis,,,,0,,,
nt06525,Ferroptosis,,,,0,,,
nt06513,Complement cascade,,,,0,,H00102;H00105;H00104;H00103;H00106,
nt06514,Coagulation cascade,,,,0,,H00219;H00223;H01006,
nt06517,TLR signaling,,,,0,,H00096,
nt06521,NLR signaling,,,,0,,,
nt06519,RLR signaling,,,,0,,H00290;H01571,
nt06520,CGAS-STING signaling,,,,0,,H00290,
nt06310,CRH-ACTH-cortisol signaling,,,,0,,H01431,
nt06316,Angiotensin-aldosterone signaling,,,,0,,H01603,
nt06322,TRH-TSH-TH signaling,,,,0,,H00250;H00251,
nt06318,CaSR-PTH signaling,,,,0,,H00246;H01862,
nt06323,KISS1-GnRH-LH/FSH-E2 signaling,,,,0,,H00255,
nt06324,GHRH-GH-IGF signaling,,,,0,,H02035,
nt06325,PRL signaling,,,,0,,H01388,
nt06326,AVP signaling,,,,0,,,
nt06320,APOB-LDLR signaling,,,,0,,H01635,
nt06114,PI3K signaling (viruses),,,,0,,,
nt06120,Calcium signaling (viruses and bacteria),,,,0,,,
nt06137,OAS/RNase L pathway (viruses),,,,0,,,
nt06138,PKR-eIF2alpha signaling (viruses),,,,0,,,
nt06122,IFN signaling (viruses),,,,0,,,
nt06124,Chemokine signaling (viruses),,,,0,,,
nt06129,MHC presentation (viruses),,,,0,,,
nt06128,Autophagy (viruses and bacteria),,,,0,,,
nt06130,Cell cycle (viruses),,,,0,,,
nt06131,Apoptosis (viruses and bacteria),,,,0,,,
nt06135,Cytoskeletal regulation (viruses and bacteria),,,,0,,,
nt06125,Membrane trafficking (bacteria),,,,0,,,
nt06140,Transcription (viruses),,,,0,,,
nt06141,Translation (viruses),,,,0,,,
nt06260,Colorectal cancer,,,,0,,H00020,
nt06261,Gastric cancer,,,,0,,H00018,
nt06262,Pancreatic cancer,,,,0,,H00019,
nt06263,Hepatocellular carcinoma,,,,0,,H00048,
nt06264,Renal cell carcinoma,,,,0,,H00021,
nt06265,Bladder cancer,,,,0,,H00022,
nt06266,Non-small cell lung cancer,,,,0,,H00014,
nt06267,Small cell lung cancer,,,,0,,H00013,
nt06268,Melanoma,,,,0,,H00038,
nt06269,Basal cell carcinoma,,,,0,,H00039,
nt06270,Breast cancer,,,,0,,H00031,
nt06271,Endometrial cancer,,,,0,,H00026,
nt06272,Prostate cancer,,,,0,,H00024,
nt06273,Glioma,,,,0,,H00042,
nt06274,Thyroid cancer,,,,0,,H00032,
nt06275,Acute myeloid leukemia,,,,0,,H00003,
nt06276,Chronic myeloid leukemia,,,,0,,H00004,
nt06210,ERK signaling,,,,0,,,
nt06214,PI3K signaling,,,,0,,,
nt06213,Other RAS signaling,,,,0,,,
nt06211,Other MAPK signaling,,,,0,,,
nt06215,WNT signaling,,,,0,,,
nt06216,NOTCH signaling,,,,0,,,
nt06217,HH signaling,,,,0,,,
nt06218,TGFB signaling,,,,0,,,
nt06219,JAK-STAT signaling,,,,0,,,
nt06220,Calcium signaling,,,,0,,,
nt06234,cAMP signaling,,,,0,,,
nt06221,TLR signaling,,,,0,,,
nt06222,IFN signaling,,,,0,,,
nt06223,TNF signaling,,,,0,,,
nt06224,CXCR signaling,,,,0,,,
nt06225,HIF-1 signaling,,,,0,,,
nt06226,KEAP1-NRF2 signaling,,,,0,,,
nt06227,Nuclear receptor signaling,,,,0,,,
nt06229,MHC presentation,,,,0,,,
nt06228,Autophagy,,,,0,,,
nt06230,Cell cycle,,,,0,,,
nt06231,Apoptosis,,,,0,,,
nt06232,Telomerase activity,,,,0,,,
nt06240,Transcription,,,,0,,,
nt06250,DNA adduct formation,,,,0,,,
nt06251,CYP-mediated ROS formation,,,,0,,,
nt06252,Mitochondrial ROS formation,,,,0,,,
nt06253,Antioxidant system,,,,0,,,
nt06460,Alzheimer disease,,,,0,,H00056,
nt06463,Parkinson disease,,,,0,,H00057,
nt06464,Amyotrophic lateral sclerosis,,,,0,,H00058,
nt06461,Huntington disease,,,,0,,H00059,
nt06462,Spinocerebellar ataxia,,,,0,,H00063,
nt06465,Prion disease,,,,0,,H00061,
nt06410,Calcium signaling,,,,0,,,
nt06411,Potassium transport,,,,0,,,
nt06420,Ubiquitin-proteasome system,,,,0,,,
nt06412,Unfolded protein response (UPR) signaling,,,,0,,,
nt06413,Autophagy,,,,0,,,
nt06421,Mitophagy,,,,0,,,
nt06414,Apoptosis,,,,0,,,
nt06415,PI3K signaling,,,,0,,,
nt06416,TNF signaling,,,,0,,,
nt06417,AGE-RAGE signaling,,,,0,,,
nt06422,Dopamine metabolism,,,,0,,,
nt06418,Oxidative phosphorylation,,,,0,,,
nt06419,Microtubule-based transport,,,,0,,,
nt06423,Cytoskeletal regulation,,,,0,,,
nt06424,RNA processing,,,,0,,,
nt06440,Transcription,,,,0,,,
nt06360,Cushing syndrome,,,,0,,H01431,
nt06361,Hypogonadotropic hypogonadism,,,,0,,H00255,
nt06160,Human T-cell leukemia virus 1 (HTLV-1),,,,0,,H00009,
nt06161,Human immunodeficiency virus type 1 (HIV-1),,,,0,,H01563;H00406,
nt06162,Hepatitis B virus (HBV),,,,0,,H00412;H00048,
nt06163,Hepatitis C virus (HCV),,,,0,,H00413;H00048,
nt06171,Severe acute respiratory syndrome coronavirus 2 (SARS-CoV-2),,,,0,,H02398,
nt06170,Influenza A virus (IAV),,,,0,,H00398,
nt06169,Measles virus (MV),,,,0,,H00394,
nt06168,Herpes simplex virus 1 (HSV-1),,,,0,,H00365,
nt06167,Human cytomegalovirus (HCMV),,,,0,,H00368,
nt06164,Kaposi sarcoma-associated herpesvirus (KSHV),,,,0,,H00041,
nt06165,Epstein-Barr virus (EBV),,,,0,,H00367;H00008,
nt06166,Human papillomavirus (HPV),,,,0,,H00030,
